Student_ID,Study_Hours_Per_Day,Extracurricular_Hours_Per_Day,Sleep_Hours_Per_Day,Social_Hours_Per_Day,Physical_Activity_Hours_Per_Day,GPA,Stress_Level,Generation
1,6.9,3.8,8.7,2.8,1.8,2.99,Moderate,Gen Z
2,5.3,3.5,8.0,4.2,3.0,2.75,Low,Gen Z
3,5.1,3.9,9.2,1.2,4.6,2.67,Low,Gen Z
4,6.5,2.1,7.2,1.7,6.5,2.88,Moderate,Gen Z
5,8.1,0.6,6.5,2.2,6.6,3.51,High,Gen Z
6,6.0,2.1,8.0,0.3,7.6,2.85,Moderate,Gen Z
7,8.0,0.7,5.3,5.7,4.3,3.08,High,Gen Z
8,8.4,1.8,5.6,3.0,5.2,3.2,High,Gen Z
9,5.2,3.6,6.3,4.0,4.9,2.82,Low,Gen Z
10,7.7,0.7,9.8,4.5,1.3,2.76,Moderate,Gen Z
11,9.7,3.6,8.0,2.5,0.2,3.43,High,Gen Z
12,6.9,1.1,9.1,2.1,4.8,2.97,Moderate,Gen Z
13,6.4,2.2,5.7,4.8,4.9,2.82,High,Gen Z
14,5.0,3.3,8.5,4.4,2.8,2.87,Low,Gen Z
15,8.9,0.3,6.8,0.7,7.3,3.4,High,Gen Z
16,6.7,0.3,6.6,2.0,8.4,3.2,Moderate,Gen Z
17,8.6,2.6,9.4,1.6,1.8,3.36,High,Gen Z
18,8.8,2.2,8.9,2.0,2.1,3.19,High,Gen Z
19,7.6,1.7,5.1,0.6,9.0,3.16,High,Gen Z
20,6.6,2.0,9.5,1.5,4.4,2.93,Moderate,Gen Z
21,7.1,3.0,6.1,0.5,7.3,2.9,Moderate,Gen Z
22,9.6,3.2,8.2,2.6,0.4,3.34,High,Gen Z
23,9.0,0.7,9.5,2.6,2.2,3.21,High,Gen Z
24,6.1,1.7,9.1,5.2,1.9,2.85,Moderate,Gen Z
25,5.0,2.0,7.1,1.3,8.6,2.68,Low,Gen Z
26,9.7,1.3,7.6,3.8,1.6,3.29,High,Gen Z
27,6.8,3.9,9.8,0.9,2.6,2.64,Moderate,Gen Z
28,6.4,0.1,8.0,3.0,6.5,2.95,Moderate,Gen Z
29,5.3,1.1,9.5,1.4,6.7,2.79,Low,Gen Z
30,9.9,1.0,8.4,3.6,1.1,3.25,High,Gen Z
31,6.2,2.9,6.8,3.8,4.3,3.05,Moderate,Gen Z
32,5.5,3.3,6.6,1.1,7.5,3.26,Low,Gen Z
33,5.2,2.4,8.4,0.1,7.9,2.47,Low,Gen Z
34,8.2,0.7,8.5,2.3,4.3,3.24,High,Gen Z
35,9.7,0.6,6.7,0.7,6.3,3.62,High,Gen Z
36,9.1,2.2,7.6,1.2,3.9,3.12,High,Gen Z
37,5.5,3.6,9.5,3.4,2.0,2.58,Low,Gen Z
38,8.6,3.6,9.4,1.9,0.5,3.03,High,Gen Z
39,8.2,0.3,5.8,5.4,4.3,3.29,High,Gen Z
40,5.0,0.6,7.7,4.2,6.5,2.61,Low,Gen Z
41,8.3,0.9,8.6,1.4,4.8,3.48,High,Gen Z
42,8.2,3.4,8.3,2.3,1.8,3.07,High,Gen Z
43,5.5,1.5,6.3,1.5,9.2,2.81,Low,Gen Z
44,9.5,2.5,9.0,1.5,1.5,3.49,High,Gen Z
45,7.9,2.0,6.0,4.3,3.8,2.97,Moderate,Gen Z
46,9.7,3.8,9.6,0.3,0.6,3.55,High,Gen Z
47,5.1,3.7,7.1,5.8,2.3,2.6,Low,Gen Z
48,9.3,1.3,5.8,3.3,4.3,3.09,High,Gen Z
49,9.7,2.8,7.9,0.3,3.3,3.47,High,Gen Z
50,9.4,3.0,8.5,2.2,0.9,3.18,High,Gen Z
51,6.8,1.2,9.0,4.9,2.1,3.12,Moderate,Gen Z
52,9.0,2.6,8.5,3.1,0.8,4.0,High,Gen Z
53,9.5,1.4,6.9,0.6,5.6,3.33,High,Gen Z
54,7.3,2.2,6.4,3.5,4.6,3.11,Moderate,Gen Z
55,5.2,0.1,9.1,2.2,7.4,2.79,Low,Gen Z
56,8.8,0.9,8.1,0.5,5.7,3.1,High,Gen Z
57,5.3,2.1,7.7,3.8,5.1,2.39,Low,Gen Z
58,9.0,1.1,7.2,0.5,6.2,3.39,High,Gen Z
59,5.1,3.9,9.2,4.0,1.8,2.52,Low,Gen Z
60,5.8,1.0,7.7,4.3,5.2,2.8,Low,Gen Z
61,8.3,1.1,9.8,3.5,1.3,3.67,High,Gen Z
62,7.1,1.0,6.8,4.5,4.6,3.27,Moderate,Gen Z
63,5.1,0.5,5.2,0.2,13.0,2.85,High,Gen Z
64,7.4,0.4,7.5,2.8,5.9,3.26,Moderate,Gen Z
65,5.9,1.7,7.0,3.7,5.7,2.8,Low,Gen Z
66,6.9,2.5,7.5,5.1,2.0,3.06,Moderate,Gen Z
67,8.3,0.7,5.4,3.9,5.7,3.26,High,Gen Z
68,9.7,2.3,6.9,3.3,1.8,3.38,High,Gen Z
69,7.3,2.2,9.7,1.9,2.9,3.15,Moderate,Gen Z
70,5.4,1.3,9.2,0.1,8.0,2.69,Low,Gen Z
71,9.1,1.1,5.6,4.2,4.0,3.54,High,Gen Z
72,8.7,3.2,6.4,1.0,4.7,3.37,High,Gen Z
73,8.8,3.2,10.0,0.8,1.2,3.58,High,Gen Z
74,6.7,3.7,9.3,1.8,2.5,2.89,Moderate,Gen Z
75,8.8,3.0,5.5,5.4,1.3,3.58,High,Gen Z
76,6.6,3.6,6.9,0.1,6.8,2.99,Moderate,Gen Z
77,9.5,0.4,6.6,5.7,1.8,3.44,High,Gen Z
78,8.2,1.8,6.5,2.0,5.5,3.35,High,Gen Z
79,8.4,3.0,9.0,2.8,0.8,3.26,High,Gen Z
80,5.3,2.2,7.2,5.3,4.0,2.62,Low,Gen Z
81,6.8,0.5,5.7,4.6,6.4,2.86,High,Gen Z
82,5.4,2.8,5.4,4.9,5.5,2.86,High,Gen Z
83,8.5,0.3,5.4,5.9,3.9,2.99,High,Gen Z
84,9.1,3.8,9.9,0.9,0.3,3.08,High,Gen Z
85,6.9,0.3,8.9,3.4,4.5,3.21,Moderate,Gen Z
86,5.6,2.0,5.1,2.8,8.5,2.81,High,Gen Z
87,5.3,0.5,5.6,3.9,8.7,2.9,High,Gen Z
88,9.8,1.5,6.4,5.2,1.1,3.78,High,Gen Z
89,6.1,3.9,5.1,5.8,3.1,2.96,High,Gen Z
90,5.4,2.2,9.8,3.1,3.5,2.81,Low,Gen Z
91,8.1,2.8,7.3,3.6,2.2,3.39,High,Gen Z
92,5.2,1.1,9.8,5.3,2.6,2.82,Low,Gen Z
93,7.3,2.5,6.4,1.1,6.7,2.67,Moderate,Gen Z
94,7.9,0.3,9.9,5.8,0.1,3.08,Moderate,Gen Z
95,8.5,2.1,6.5,4.9,2.0,3.1,High,Gen Z
96,9.6,3.3,9.7,1.0,0.4,3.54,High,Gen Z
97,8.1,1.7,9.7,3.9,0.6,3.45,High,Gen Z
98,9.9,0.6,8.0,2.1,3.4,3.39,High,Gen Z
99,9.8,3.4,9.2,0.7,0.9,3.15,High,Gen Z
100,5.3,3.5,9.1,6.0,0.1,2.68,Low,Gen Z
101,10.0,2.2,8.8,2.8,0.2,3.41,High,Gen Z
102,7.3,0.5,9.8,3.6,2.8,3.22,Moderate,Gen Z
103,6.1,2.7,8.1,2.1,5.0,2.98,Moderate,Gen Z
104,7.6,3.1,7.6,4.9,0.8,2.99,Moderate,Gen Z
105,7.8,2.2,9.4,1.9,2.7,3.3,Moderate,Gen Z
106,8.5,0.9,5.7,0.1,8.8,3.55,High,Gen Z
107,6.8,2.4,7.0,2.6,5.2,2.97,Moderate,Gen Z
108,7.6,3.1,7.0,3.7,2.6,3.28,Moderate,Gen Z
109,9.3,3.8,5.7,4.8,0.4,3.05,High,Gen Z
110,7.3,3.9,7.5,1.7,3.6,3.08,Moderate,Gen Z
111,8.2,1.0,5.4,0.8,8.6,3.3,High,Gen Z
112,5.9,1.4,9.5,2.8,4.4,2.7,Low,Gen Z
113,8.3,0.7,6.0,0.2,8.8,3.14,High,Gen Z
114,5.9,0.4,5.6,2.8,9.3,2.73,High,Gen Z
115,6.0,1.5,7.5,4.1,4.9,2.76,Moderate,Gen Z
116,9.4,3.7,5.3,1.6,4.0,3.45,High,Gen Z
117,9.0,3.0,5.9,1.3,4.8,3.29,High,Gen Z
118,8.1,1.5,7.3,4.5,2.6,2.75,High,Gen Z
119,5.2,1.0,8.6,5.4,3.8,3.4,Low,Gen Z
120,5.5,1.8,7.7,1.5,7.5,3.05,Low,Gen Z
121,6.3,1.5,5.1,1.9,9.2,2.82,High,Gen Z
122,5.6,3.6,8.0,4.1,2.7,2.62,Low,Gen Z
123,8.9,2.0,5.4,3.2,4.5,3.64,High,Gen Z
124,7.2,0.5,6.4,2.2,7.7,3.19,Moderate,Gen Z
125,8.2,2.3,6.8,5.9,0.8,2.95,High,Gen Z
126,5.5,0.6,6.2,1.0,10.7,2.94,Low,Gen Z
127,5.9,1.1,5.9,5.4,5.7,2.89,High,Gen Z
128,7.1,3.9,5.6,2.4,5.0,2.9,High,Gen Z
129,9.8,3.5,9.1,0.4,1.2,3.57,High,Gen Z
130,9.6,2.2,7.9,1.2,3.1,3.24,High,Gen Z
131,8.8,0.7,6.6,2.6,5.3,2.99,High,Gen Z
132,5.6,2.4,6.4,3.5,6.1,2.85,Low,Gen Z
133,5.8,1.9,7.7,0.3,8.3,2.7,Low,Gen Z
134,5.3,4.0,6.6,4.9,3.2,2.72,Low,Gen Z
135,6.3,2.7,8.8,3.6,2.6,2.45,Moderate,Gen Z
136,6.7,3.7,9.2,4.2,0.2,2.85,Moderate,Gen Z
137,5.6,2.9,9.7,1.1,4.7,2.86,Low,Gen Z
138,7.9,3.4,5.7,4.8,2.2,3.15,High,Gen Z
139,6.0,0.7,5.8,4.9,6.6,2.96,High,Gen Z
140,6.8,3.5,7.0,4.9,1.8,3.44,Moderate,Gen Z
141,7.2,1.5,7.3,1.8,6.2,3.08,Moderate,Gen Z
142,6.2,3.6,6.9,3.3,4.0,3.27,Moderate,Gen Z
143,9.5,2.5,5.6,5.6,0.8,3.13,High,Gen Z
144,5.7,3.2,8.1,3.2,3.8,3.08,Low,Gen Z
145,9.5,3.2,5.8,1.7,3.8,3.59,High,Gen Z
146,5.2,2.3,8.8,5.3,2.4,2.61,Low,Gen Z
147,6.7,3.3,5.6,5.1,3.3,2.95,High,Gen Z
148,9.0,0.6,6.1,4.3,4.0,3.15,High,Gen Z
149,8.6,2.6,8.5,2.3,2.0,3.14,High,Gen Z
150,5.9,3.6,7.9,2.4,4.2,2.64,Low,Gen Z
151,7.3,3.8,5.8,3.5,3.6,3.58,High,Gen Z
152,5.1,3.5,9.7,3.2,2.5,2.79,Low,Gen Z
153,8.5,3.7,8.5,0.5,2.8,3.65,High,Gen Z
154,7.1,2.9,9.7,4.0,0.3,3.33,Moderate,Gen Z
155,7.3,0.5,9.9,5.0,1.3,3.11,Moderate,Gen Z
156,8.0,1.6,5.3,2.0,7.1,3.42,High,Gen Z
157,9.0,0.0,6.7,2.4,5.9,3.51,High,Gen Z
158,6.7,1.4,8.7,2.7,4.5,3.02,Moderate,Gen Z
159,6.1,1.8,5.7,1.1,9.3,2.38,High,Gen Z
160,9.6,1.4,7.9,3.2,1.9,3.43,High,Gen Z
161,5.1,2.7,5.9,5.8,4.5,2.71,High,Gen Z
162,5.4,4.0,7.5,3.6,3.5,2.59,Low,Gen Z
163,5.3,3.0,6.0,5.4,4.3,2.68,Low,Gen Z
164,5.2,1.9,7.8,0.4,8.7,2.67,Low,Gen Z
165,8.9,1.8,7.6,2.5,3.2,3.58,High,Gen Z
166,5.8,0.7,9.3,5.7,2.5,2.46,Low,Gen Z
167,6.9,1.1,8.2,2.5,5.3,3.22,Moderate,Gen Z
168,5.1,0.9,6.2,4.0,7.8,3.02,Low,Gen Z
169,5.1,0.4,9.0,1.1,8.4,2.52,Low,Gen Z
170,5.5,1.0,8.6,5.1,3.8,2.97,Low,Gen Z
171,9.2,1.6,8.3,1.0,3.9,3.5,High,Gen Z
172,5.1,0.3,6.0,0.2,12.4,2.7,Low,Gen Z
173,5.9,2.3,7.1,5.4,3.3,2.78,Low,Gen Z
174,6.3,1.5,8.0,1.6,6.6,3.15,Moderate,Gen Z
175,8.1,1.6,7.8,2.6,3.9,3.26,High,Gen Z
176,8.8,0.6,9.3,2.6,2.7,3.3,High,Gen Z
177,9.5,3.2,7.1,0.1,4.1,3.49,High,Gen Z
178,8.2,1.0,5.7,5.0,4.1,2.89,High,Gen Z
179,9.9,2.1,5.9,1.6,4.5,3.52,High,Gen Z
180,6.4,2.2,8.3,5.0,2.1,2.76,Moderate,Gen Z
181,6.0,0.0,5.7,5.4,6.9,2.95,High,Gen Z
182,8.0,2.7,5.9,5.5,1.9,3.4,High,Gen Z
183,7.1,1.5,7.6,0.3,7.5,3.17,Moderate,Gen Z
184,5.4,2.4,6.2,2.3,7.7,2.66,Low,Gen Z
185,6.4,1.4,8.6,1.8,5.8,2.77,Moderate,Gen Z
186,8.3,3.7,8.7,0.7,2.6,3.77,High,Gen Z
187,5.2,1.0,8.0,0.3,9.5,3.29,Low,Gen Z
188,6.7,3.1,5.5,0.5,8.2,2.99,High,Gen Z
189,8.6,2.0,8.4,2.2,2.8,3.43,High,Gen Z
190,9.0,2.8,6.4,3.4,2.4,3.24,High,Gen Z
191,6.8,0.4,9.6,0.8,6.4,3.01,Moderate,Gen Z
192,5.9,2.2,9.4,4.4,2.1,3.01,Low,Gen Z
193,9.0,2.6,8.5,3.3,0.6,3.34,High,Gen Z
194,6.1,4.0,9.7,0.2,4.0,2.58,Moderate,Gen Z
195,8.5,3.7,5.9,3.4,2.5,3.06,High,Gen Z
196,9.6,3.9,9.7,0.4,0.4,3.65,High,Gen Z
197,9.3,3.4,6.6,3.9,0.8,3.41,High,Gen Z
198,6.2,0.5,5.4,4.2,7.7,2.84,High,Gen Z
199,6.7,2.9,5.3,1.9,7.2,3.29,High,Gen Z
200,6.6,2.5,9.4,3.4,2.1,3.03,Moderate,Gen Z
201,6.2,0.1,9.4,0.1,8.2,2.95,Moderate,Gen Z
202,9.7,3.2,10.0,0.4,0.7,3.67,High,Gen Z
203,8.8,1.6,7.4,3.8,2.4,3.23,High,Gen Z
204,7.1,3.0,6.2,0.7,7.0,3.36,Moderate,Gen Z
205,6.8,1.1,6.5,1.4,8.2,3.01,Moderate,Gen Z
206,6.9,2.7,6.1,5.7,2.6,3.08,Moderate,Gen Z
207,8.9,0.4,7.1,5.3,2.3,3.33,High,Gen Z
208,8.1,0.7,10.0,1.2,4.0,3.35,High,Gen Z
209,9.7,2.6,8.0,1.9,1.8,3.33,High,Gen Z
210,6.1,0.7,8.9,2.1,6.2,2.81,Moderate,Gen Z
211,5.3,3.9,9.4,5.0,0.4,3.08,Low,Gen Z
212,8.5,0.6,9.1,1.3,4.5,3.16,High,Gen Z
213,6.1,2.1,8.0,3.5,4.3,2.79,Moderate,Gen Z
214,9.4,3.8,9.3,1.2,0.3,3.33,High,Gen Z
215,8.3,2.2,5.4,2.5,5.6,2.97,High,Gen Z
216,8.6,2.0,5.4,1.3,6.7,3.14,High,Gen Z
217,8.4,0.3,9.3,3.0,3.0,3.77,High,Gen Z
218,9.1,1.4,8.4,2.9,2.2,3.26,High,Gen Z
219,6.3,3.5,9.0,3.4,1.8,3.11,Moderate,Gen Z
220,8.5,2.7,8.1,3.5,1.2,3.38,High,Gen Z
221,5.8,3.5,9.4,0.2,5.1,2.84,Low,Gen Z
222,6.7,3.0,5.8,4.9,3.6,3.03,High,Gen Z
223,9.2,2.0,5.0,1.7,6.1,3.42,High,Gen Z
224,8.2,1.0,8.2,3.2,3.4,3.24,High,Gen Z
225,8.9,0.4,8.8,3.2,2.7,3.32,High,Gen Z
226,8.2,3.7,5.5,5.6,1.0,3.29,High,Gen Z
227,8.4,0.3,6.5,4.2,4.6,3.29,High,Gen Z
228,6.7,2.5,5.2,5.2,4.4,2.86,High,Gen Z
229,9.9,3.9,8.7,0.2,1.3,3.8,High,Gen Z
230,8.4,1.8,6.4,6.0,1.4,3.25,High,Gen Z
231,7.1,1.8,5.8,4.8,4.5,2.86,High,Gen Z
232,5.4,2.7,8.3,1.6,6.0,2.95,Low,Gen Z
233,9.8,0.6,7.2,5.7,0.7,3.84,High,Gen Z
234,7.0,1.1,9.9,2.5,3.5,2.84,Moderate,Gen Z
235,9.5,0.9,6.1,0.2,7.3,3.17,High,Gen Z
236,9.3,1.9,9.8,0.6,2.4,3.68,High,Gen Z
237,9.3,3.1,8.9,2.3,0.4,3.52,High,Gen Z
238,5.7,0.1,9.6,3.7,4.9,3.12,Low,Gen Z
239,9.0,1.9,5.6,0.8,6.7,3.21,High,Gen Z
240,6.0,2.0,5.3,3.5,7.2,3.26,High,Gen Z
241,6.3,3.2,6.6,2.7,5.2,2.85,Moderate,Gen Z
242,8.0,1.2,8.5,5.2,1.1,2.72,Moderate,Gen Z
243,8.9,0.2,7.4,0.6,6.9,3.33,High,Gen Z
244,8.1,2.8,7.8,0.1,5.2,2.98,High,Gen Z
245,6.6,2.1,5.4,2.1,7.8,2.79,High,Gen Z
246,7.8,2.8,9.0,0.9,3.5,3.11,Moderate,Gen Z
247,5.8,0.4,8.2,4.2,5.4,2.88,Low,Gen Z
248,8.5,3.5,8.6,2.7,0.7,3.15,High,Gen Z
249,6.7,3.3,5.4,5.4,3.2,3.27,High,Gen Z
250,7.3,2.6,7.6,4.4,2.1,3.13,Moderate,Gen Z
251,5.4,0.2,6.2,1.0,11.2,2.75,Low,Gen Z
252,9.9,1.3,5.9,4.7,2.2,3.57,High,Gen Z
253,8.3,2.0,7.8,4.2,1.7,3.25,High,Gen Z
254,6.0,2.7,5.4,0.2,9.7,2.92,High,Gen Z
255,6.3,1.9,9.3,4.4,2.1,2.85,Moderate,Gen Z
256,6.7,1.5,9.9,0.2,5.7,3.32,Moderate,Gen Z
257,9.3,2.3,7.2,3.8,1.4,3.61,High,Gen Z
258,9.5,1.7,6.4,3.6,2.8,3.42,High,Gen Z
259,9.6,0.8,8.1,3.5,2.0,3.31,High,Gen Z
260,8.6,3.6,5.9,1.4,4.5,3.37,High,Gen Z
261,9.9,0.7,9.3,2.0,2.1,3.59,High,Gen Z
262,7.2,2.1,6.8,3.6,4.3,3.01,Moderate,Gen Z
263,5.8,1.6,9.8,1.5,5.3,2.61,Low,Gen Z
264,8.9,0.5,9.8,2.2,2.6,3.57,High,Gen Z
265,6.2,0.3,5.8,3.1,8.6,3.13,High,Gen Z
266,7.2,1.0,8.1,4.2,3.5,2.98,Moderate,Gen Z
267,5.8,0.7,5.2,4.4,7.9,2.81,High,Gen Z
268,9.2,3.2,7.9,3.2,0.5,3.8,High,Gen Z
269,6.0,0.4,6.3,0.3,11.0,3.05,Moderate,Gen Z
270,5.2,0.5,7.3,5.6,5.4,2.79,Low,Gen Z
271,6.6,2.0,5.2,0.9,9.3,3.17,High,Gen Z
272,7.3,2.1,7.4,4.0,3.2,3.16,Moderate,Gen Z
273,5.7,0.1,6.5,4.2,7.5,2.98,Low,Gen Z
274,9.8,0.4,8.4,2.4,3.0,3.26,High,Gen Z
275,9.3,0.7,8.5,4.6,0.9,3.43,High,Gen Z
276,7.5,2.5,9.3,2.7,2.0,3.2,Moderate,Gen Z
277,5.2,3.7,8.4,4.1,2.6,2.91,Low,Gen Z
278,7.0,2.6,5.5,3.9,5.0,2.82,High,Gen Z
279,10.0,0.2,9.9,1.6,2.3,3.56,High,Gen Z
280,7.8,3.0,9.4,1.5,2.3,3.25,Moderate,Gen Z
281,6.6,2.7,9.0,4.3,1.4,2.93,Moderate,Gen Z
282,9.1,0.5,7.7,0.0,6.7,3.64,High,Gen Z
283,6.6,1.5,7.0,4.2,4.7,2.79,Moderate,Gen Z
284,6.2,1.5,6.1,0.4,9.8,2.5,Moderate,Gen Z
285,8.0,2.7,8.1,2.4,2.8,3.4,Moderate,Gen Z
286,7.6,1.9,5.1,2.0,7.4,3.08,High,Gen Z
287,6.9,1.6,7.9,3.2,4.4,3.31,Moderate,Gen Z
288,9.1,2.9,9.8,0.0,2.2,3.48,High,Gen Z
289,6.0,0.0,8.2,5.4,4.4,2.92,Moderate,Gen Z
290,5.3,3.7,6.8,0.6,7.6,2.78,Low,Gen Z
291,7.4,1.0,6.4,1.8,7.4,3.15,Moderate,Gen Z
292,6.6,2.4,8.6,1.6,4.8,3.27,Moderate,Gen Z
293,7.1,0.5,5.9,4.1,6.4,3.09,High,Gen Z
294,8.5,0.4,7.8,1.5,5.8,3.01,High,Gen Z
295,9.8,1.9,9.0,1.8,1.5,3.5,High,Gen Z
296,9.8,2.4,9.1,2.4,0.3,3.38,High,Gen Z
297,6.1,0.8,8.1,2.5,6.5,2.67,Moderate,Gen Z
298,8.9,1.1,9.1,2.1,2.8,3.2,High,Gen Z
299,8.3,0.4,8.1,2.7,4.5,3.01,High,Gen Z
300,8.7,3.5,6.1,0.5,5.2,3.37,High,Gen Z
301,5.1,2.6,8.0,3.3,5.0,2.65,Low,Gen Z
302,8.0,2.0,9.9,0.6,3.5,2.93,Moderate,Gen Z
303,8.5,1.6,7.1,4.3,2.5,3.39,High,Gen Z
304,6.4,0.3,5.4,5.4,6.5,3.29,High,Gen Z
305,6.0,1.3,6.1,2.1,8.5,2.91,Moderate,Gen Z
306,5.3,3.2,6.2,3.2,6.1,2.64,Low,Gen Z
307,9.4,2.6,7.7,1.4,2.9,3.66,High,Gen Z
308,10.0,2.6,7.8,2.6,1.0,3.26,High,Gen Z
309,7.3,0.2,7.8,5.7,3.0,3.2,Moderate,Gen Z
310,6.0,2.1,5.5,2.7,7.7,2.72,High,Gen Z
311,8.8,1.4,8.3,4.4,1.1,3.1,High,Gen Z
312,10.0,3.7,7.7,2.2,0.4,3.44,High,Gen Z
313,7.6,2.5,5.4,4.5,4.0,3.17,High,Gen Z
314,8.9,2.8,5.2,1.8,5.3,3.3,High,Gen Z
315,6.3,1.4,5.4,5.6,5.3,2.58,High,Gen Z
316,7.0,1.8,8.0,3.1,4.1,3.15,Moderate,Gen Z
317,9.6,2.0,10.0,2.0,0.4,3.46,High,Gen Z
318,6.9,3.5,9.3,3.5,0.8,3.02,Moderate,Gen Z
319,9.0,1.2,5.4,2.4,6.0,3.46,High,Gen Z
320,6.7,3.9,8.2,4.3,0.9,2.83,Moderate,Gen Z
321,5.7,3.4,9.6,2.6,2.7,3.13,Low,Gen Z
322,5.9,2.0,7.0,0.9,8.2,3.0,Low,Gen Z
323,6.8,0.3,5.1,0.8,11.0,3.03,High,Gen Z
324,9.8,1.7,6.6,3.0,2.9,3.58,High,Gen Z
325,7.2,0.4,8.2,1.3,6.9,3.39,Moderate,Gen Z
326,5.8,0.2,8.9,2.8,6.3,3.11,Low,Gen Z
327,5.3,4.0,5.3,4.2,5.2,2.67,High,Gen Z
328,8.5,0.2,7.5,6.0,1.8,3.21,High,Gen Z
329,9.1,2.5,6.5,3.7,2.2,2.85,High,Gen Z
330,5.7,3.5,7.2,1.2,6.4,3.04,Low,Gen Z
331,6.8,1.7,9.1,4.4,2.0,2.9,Moderate,Gen Z
332,5.1,1.0,8.8,0.8,8.3,2.25,Low,Gen Z
333,7.7,0.9,5.1,1.4,8.9,3.15,High,Gen Z
334,5.5,2.2,7.3,5.1,3.9,2.94,Low,Gen Z
335,5.5,2.0,5.8,1.9,8.8,2.79,High,Gen Z
336,6.9,1.6,7.3,4.7,3.5,3.38,Moderate,Gen Z
337,9.5,3.8,8.9,0.6,1.2,3.3,High,Gen Z
338,6.3,3.4,5.2,5.4,3.7,3.31,High,Gen Z
339,7.3,2.5,8.3,5.3,0.6,3.36,Moderate,Gen Z
340,5.3,2.1,5.8,4.4,6.4,3.11,High,Gen Z
341,7.6,2.7,5.2,0.5,8.0,3.07,High,Gen Z
342,5.4,0.0,9.8,4.4,4.4,2.85,Low,Gen Z
343,6.8,1.2,6.7,4.6,4.7,2.81,Moderate,Gen Z
344,5.9,0.4,8.3,4.6,4.8,2.99,Low,Gen Z
345,6.3,0.1,5.4,5.8,6.4,3.14,High,Gen Z
346,8.1,1.5,6.0,0.7,7.7,3.06,High,Gen Z
347,8.1,3.1,8.2,2.4,2.2,3.09,High,Gen Z
348,9.9,2.4,7.9,2.8,1.0,3.67,High,Gen Z
349,9.1,2.6,5.6,2.0,4.7,3.16,High,Gen Z
350,7.2,2.5,9.7,1.1,3.5,2.69,Moderate,Gen Z
351,5.6,0.8,9.4,3.9,4.3,3.01,Low,Gen Z
352,9.3,3.4,9.6,0.4,1.3,3.28,High,Gen Z
353,8.8,1.8,9.2,3.1,1.1,3.45,High,Gen Z
354,5.9,2.2,9.9,5.6,0.4,3.12,Low,Gen Z
355,5.2,0.7,5.7,4.4,8.0,2.67,High,Gen Z
356,7.5,3.4,8.7,2.4,2.0,3.24,Moderate,Gen Z
357,8.0,2.0,6.5,3.4,4.1,3.35,Moderate,Gen Z
358,8.2,3.0,5.8,2.8,4.2,3.31,High,Gen Z
359,5.0,1.0,8.6,6.0,3.4,2.71,Low,Gen Z
360,9.0,0.8,7.8,4.4,2.0,3.18,High,Gen Z
361,8.1,0.8,6.8,4.7,3.6,3.19,High,Gen Z
362,8.8,0.1,8.7,1.2,5.2,3.32,High,Gen Z
363,9.8,1.5,6.6,0.9,5.2,3.61,High,Gen Z
364,10.0,1.5,7.2,3.8,1.5,3.43,High,Gen Z
365,9.4,2.4,7.0,2.1,3.1,3.1,High,Gen Z
366,9.0,0.4,7.9,2.9,3.8,3.6,High,Gen Z
367,8.2,0.3,7.9,3.4,4.2,3.64,High,Gen Z
368,8.4,3.2,6.3,5.0,1.1,3.5,High,Gen Z
369,7.5,0.3,5.3,2.0,8.9,3.26,High,Gen Z
370,8.9,2.1,7.2,0.9,4.9,3.53,High,Gen Z
371,6.6,1.7,5.4,1.3,9.0,3.29,High,Gen Z
372,10.0,3.7,8.2,0.9,1.2,3.63,High,Gen Z
373,8.2,3.1,5.6,2.5,4.6,3.16,High,Gen Z
374,7.9,2.4,5.9,2.2,5.6,3.4,High,Gen Z
375,6.7,0.1,5.1,5.0,7.1,3.03,High,Gen Z
376,6.5,3.8,6.3,2.6,4.8,2.62,Moderate,Gen Z
377,9.4,3.4,5.9,4.3,1.0,3.18,High,Gen Z
378,5.7,0.3,8.6,3.0,6.4,2.28,Low,Gen Z
379,7.2,2.9,8.8,0.8,4.3,2.88,Moderate,Gen Z
380,8.8,2.6,9.8,0.2,2.6,3.38,High,Gen Z
381,5.3,1.1,6.3,1.5,9.8,2.75,Low,Gen Z
382,6.4,3.0,7.2,4.7,2.7,3.03,Moderate,Gen Z
383,5.3,2.0,5.2,0.4,11.1,2.31,High,Gen Z
384,6.7,3.6,5.1,4.0,4.6,3.18,High,Gen Z
385,9.8,2.2,9.7,0.1,2.2,3.16,High,Gen Z
386,8.7,3.9,6.3,3.3,1.8,3.2,High,Gen Z
387,6.0,2.3,7.3,5.8,2.6,2.58,Moderate,Gen Z
388,5.6,0.6,6.1,1.5,10.2,3.07,Low,Gen Z
389,9.3,2.2,7.6,0.6,4.3,3.48,High,Gen Z
390,5.3,2.8,7.7,0.5,7.7,2.93,Low,Gen Z
391,7.3,1.9,5.8,5.7,3.3,3.18,High,Gen Z
392,7.3,1.6,8.3,3.3,3.5,3.28,Moderate,Gen Z
393,5.3,2.1,9.0,2.8,4.8,2.67,Low,Gen Z
394,5.8,1.3,8.8,3.1,5.0,2.71,Low,Gen Z
395,6.0,3.5,9.4,4.4,0.7,2.84,Moderate,Gen Z
396,9.9,3.1,5.1,0.4,5.5,3.17,High,Gen Z
397,7.3,3.6,7.7,2.7,2.7,3.15,Moderate,Gen Z
398,9.1,1.5,8.9,4.3,0.2,3.21,High,Gen Z
399,6.0,2.1,6.4,4.8,4.7,3.27,Moderate,Gen Z
400,9.0,1.6,9.6,2.0,1.8,3.57,High,Gen Z
401,5.8,2.8,9.0,1.9,4.5,2.8,Low,Gen Z
402,5.9,3.6,8.3,0.9,5.3,2.8,Low,Gen Z
403,7.2,2.5,5.4,5.3,3.6,3.08,High,Gen Z
404,9.8,1.7,9.9,1.7,0.9,3.75,High,Gen Z
405,8.2,0.7,9.4,2.4,3.3,3.47,High,Gen Z
406,8.6,3.6,5.4,4.4,2.0,3.81,High,Gen Z
407,5.9,3.4,9.1,3.0,2.6,2.68,Low,Gen Z
408,7.4,3.3,7.3,2.1,3.9,3.34,Moderate,Gen Z
409,7.5,3.3,6.7,1.0,5.5,3.29,Moderate,Gen Z
410,5.5,1.0,5.7,2.1,9.7,2.93,High,Gen Z
411,7.3,3.0,8.3,3.4,2.0,3.29,Moderate,Gen Z
412,7.4,3.9,8.2,0.6,3.9,3.02,Moderate,Gen Z
413,8.4,1.3,8.4,0.4,5.5,3.32,High,Gen Z
414,6.1,3.3,6.4,3.9,4.3,2.86,Moderate,Gen Z
415,8.5,2.1,6.5,1.3,5.6,3.38,High,Gen Z
416,9.4,3.1,8.9,1.7,0.9,3.45,High,Gen Z
417,6.3,3.6,8.4,3.2,2.5,2.92,Moderate,Gen Z
418,7.3,3.5,7.7,2.1,3.4,2.9,Moderate,Gen Z
419,9.9,0.4,7.1,0.3,6.3,3.55,High,Gen Z
420,6.4,3.4,6.5,5.5,2.2,3.0,Moderate,Gen Z
421,8.8,3.2,5.1,5.8,1.1,3.13,High,Gen Z
422,9.1,1.1,9.4,0.5,3.9,3.58,High,Gen Z
423,8.5,2.2,5.5,1.5,6.3,3.27,High,Gen Z
424,6.5,2.4,6.5,1.8,6.8,2.91,Moderate,Gen Z
425,8.7,0.2,9.5,4.8,0.8,3.5,High,Gen Z
426,9.5,0.7,5.4,1.4,7.0,3.77,High,Gen Z
427,9.0,0.1,7.9,6.0,1.0,3.36,High,Gen Z
428,5.3,3.3,8.0,0.7,6.7,3.03,Low,Gen Z
429,5.5,3.6,8.3,5.0,1.6,2.86,Low,Gen Z
430,7.6,1.7,6.6,2.6,5.5,3.34,Moderate,Gen Z
431,8.9,2.4,9.5,1.4,1.8,3.66,High,Gen Z
432,8.0,2.8,6.2,3.1,3.9,3.46,Moderate,Gen Z
433,5.5,1.5,7.4,3.9,5.7,2.85,Low,Gen Z
434,8.7,2.0,8.2,0.4,4.7,3.42,High,Gen Z
435,6.3,1.4,7.4,0.3,8.6,2.86,Moderate,Gen Z
436,9.9,1.3,7.4,1.1,4.3,3.35,High,Gen Z
437,8.1,1.1,6.0,3.1,5.7,3.15,High,Gen Z
438,9.0,2.3,7.6,1.5,3.6,3.2,High,Gen Z
439,9.7,1.6,5.4,3.7,3.6,3.39,High,Gen Z
440,7.5,3.5,7.5,3.9,1.6,2.97,Moderate,Gen Z
441,10.0,0.5,6.4,2.4,4.7,3.14,High,Gen Z
442,9.5,2.9,8.0,1.1,2.5,3.11,High,Gen Z
443,9.1,3.8,9.1,0.0,2.0,3.27,High,Gen Z
444,6.3,0.2,8.0,4.1,5.4,2.97,Moderate,Gen Z
445,5.6,1.5,7.3,2.2,7.4,2.8,Low,Gen Z
446,8.8,0.3,5.4,2.1,7.4,3.12,High,Gen Z
447,9.7,2.7,8.4,1.2,2.0,3.44,High,Gen Z
448,8.2,3.7,8.1,3.5,0.5,3.23,High,Gen Z
449,8.6,0.5,9.5,0.4,5.0,3.06,High,Gen Z
450,5.1,1.7,6.5,2.9,7.8,2.79,Low,Gen Z
451,7.9,0.2,5.6,3.4,6.9,3.44,High,Gen Z
452,8.3,3.4,8.5,1.6,2.2,3.07,High,Gen Z
453,8.4,1.1,6.5,4.7,3.3,3.54,High,Gen Z
454,9.1,3.4,9.6,0.8,1.1,3.31,High,Gen Z
455,6.6,2.3,6.9,3.6,4.6,3.2,Moderate,Gen Z
456,6.9,0.7,7.2,0.9,8.3,3.26,Moderate,Gen Z
457,9.5,1.4,5.8,0.2,7.1,3.69,High,Gen Z
458,6.7,0.3,7.0,1.9,8.1,3.28,Moderate,Gen Z
459,8.4,2.4,6.8,1.3,5.1,3.25,High,Gen Z
460,8.4,0.6,7.4,0.2,7.4,3.32,High,Gen Z
461,7.5,3.9,6.9,0.2,5.5,3.11,Moderate,Gen Z
462,5.8,0.1,8.8,2.8,6.5,2.8,Low,Gen Z
463,6.4,3.6,5.6,5.7,2.7,3.1,High,Gen Z
464,8.0,3.3,9.9,0.8,2.0,3.13,Moderate,Gen Z
465,9.8,1.6,6.9,1.9,3.8,3.23,High,Gen Z
466,7.8,2.2,8.8,4.3,0.9,3.2,Moderate,Gen Z
467,7.2,1.2,6.3,1.2,8.1,3.05,Moderate,Gen Z
468,6.4,3.9,7.8,2.0,3.9,2.87,Moderate,Gen Z
469,7.9,0.6,7.2,3.8,4.5,2.68,Moderate,Gen Z
470,10.0,3.5,8.1,1.4,1.0,3.44,High,Gen Z
471,8.1,0.8,7.0,0.2,7.9,3.74,High,Gen Z
472,6.1,3.9,9.5,3.2,1.3,2.61,Moderate,Gen Z
473,7.7,3.5,5.7,4.7,2.4,3.21,High,Gen Z
474,6.4,3.5,9.7,0.7,3.7,2.89,Moderate,Gen Z
475,7.3,3.9,7.4,4.7,0.7,2.74,Moderate,Gen Z
476,6.4,0.8,8.8,2.3,5.7,3.21,Moderate,Gen Z
477,7.6,2.0,7.9,5.2,1.3,3.13,Moderate,Gen Z
478,9.1,3.1,7.9,3.7,0.2,3.42,High,Gen Z
479,6.0,0.4,9.3,2.6,5.7,3.02,Moderate,Gen Z
480,8.1,3.7,5.1,2.9,4.2,2.63,High,Gen Z
481,8.4,2.9,8.5,0.6,3.6,3.07,High,Gen Z
482,9.0,1.1,6.1,5.7,2.1,3.07,High,Gen Z
483,5.0,4.0,8.4,5.0,1.6,2.9,Low,Gen Z
484,8.7,0.6,8.8,4.5,1.4,3.41,High,Gen Z
485,8.3,3.1,9.2,2.1,1.3,3.24,High,Gen Z
486,5.4,1.6,7.0,0.4,9.6,2.63,Low,Gen Z
487,6.7,0.4,9.0,5.7,2.2,2.63,Moderate,Gen Z
488,5.4,2.0,9.0,4.2,3.4,2.85,Low,Gen Z
489,5.3,0.3,7.0,1.8,9.6,2.64,Low,Gen Z
490,9.0,3.7,7.0,3.9,0.4,3.16,High,Gen Z
491,6.6,1.9,6.1,3.8,5.6,3.0,Moderate,Gen Z
492,6.8,2.6,5.6,5.3,3.7,3.08,High,Gen Z
493,7.5,1.8,7.9,3.7,3.1,3.17,Moderate,Gen Z
494,6.2,2.9,9.1,4.7,1.1,2.83,Moderate,Gen Z
495,7.8,2.1,5.7,4.7,3.7,3.16,High,Gen Z
496,6.4,0.5,8.1,0.3,8.7,2.61,Moderate,Gen Z
497,8.7,1.3,5.0,3.1,5.9,3.24,High,Gen Z
498,9.2,0.0,6.2,4.4,4.2,3.41,High,Gen Z
499,6.6,0.4,6.8,1.6,8.6,2.89,Moderate,Gen Z
500,8.9,3.6,7.2,3.9,0.4,3.51,High,Gen Z
501,6.9,3.9,5.4,4.1,3.7,2.55,High,Gen Z
502,8.2,2.8,5.0,1.0,7.0,3.2,High,Gen Z
503,8.6,2.7,9.8,2.2,0.7,3.31,High,Gen Z
504,6.5,0.4,8.9,3.9,4.3,3.01,Moderate,Gen Z
505,5.2,1.4,9.8,3.0,4.6,2.49,Low,Gen Z
506,6.0,1.5,6.8,0.3,9.4,2.44,Moderate,Gen Z
507,8.8,1.7,9.1,3.7,0.7,3.44,High,Gen Z
508,7.4,3.5,6.1,4.1,2.9,2.88,Moderate,Gen Z
509,8.0,1.2,5.7,3.9,5.2,3.03,High,Gen Z
510,8.2,1.6,8.6,1.1,4.5,3.46,High,Gen Z
511,9.5,1.1,6.8,0.3,6.3,3.43,High,Gen Z
512,6.3,3.3,5.1,2.3,7.0,2.74,High,Gen Z
513,6.7,0.1,5.6,2.5,9.1,2.49,High,Gen Z
514,7.7,2.4,5.0,2.8,6.1,3.12,High,Gen Z
515,9.8,2.1,8.4,1.2,2.5,3.61,High,Gen Z
516,7.6,3.9,5.6,0.1,6.8,3.28,High,Gen Z
517,8.9,3.2,5.6,1.6,4.7,3.36,High,Gen Z
518,6.7,1.5,5.0,1.8,9.0,3.31,High,Gen Z
519,8.2,3.9,9.2,0.1,2.6,3.26,High,Gen Z
520,8.9,1.8,7.0,1.8,4.5,3.38,High,Gen Z
521,5.3,0.9,6.2,2.9,8.7,2.76,Low,Gen Z
522,5.3,3.8,9.7,4.1,1.1,3.13,Low,Gen Z
523,10.0,2.2,9.8,0.2,1.8,3.25,High,Gen Z
524,6.0,0.6,8.1,4.7,4.6,2.78,Moderate,Gen Z
525,7.9,0.6,9.1,3.8,2.6,3.5,Moderate,Gen Z
526,6.3,1.4,9.6,1.7,5.0,2.74,Moderate,Gen Z
527,7.3,3.6,8.5,0.3,4.3,2.93,Moderate,Gen Z
528,5.7,3.8,7.6,1.5,5.4,3.27,Low,Gen Z
529,7.5,2.7,5.4,1.6,6.8,3.09,High,Gen Z
530,7.7,1.7,5.2,1.0,8.4,3.43,High,Gen Z
531,7.2,0.8,5.2,5.1,5.7,2.99,High,Gen Z
532,9.8,0.8,9.8,3.6,0.0,3.59,High,Gen Z
533,8.6,3.9,7.8,1.0,2.7,3.69,High,Gen Z
534,5.4,2.5,9.9,1.1,5.1,2.54,Low,Gen Z
535,9.0,3.6,9.7,1.6,0.1,3.44,High,Gen Z
536,8.8,0.6,7.4,4.3,2.9,3.32,High,Gen Z
537,6.2,2.6,8.3,1.0,5.9,3.23,Moderate,Gen Z
538,7.5,0.0,5.0,2.1,9.4,3.2,High,Gen Z
539,9.6,0.9,8.2,1.2,4.1,3.62,High,Gen Z
540,8.6,0.4,7.1,0.2,7.7,3.2,High,Gen Z
541,7.4,2.6,5.6,1.7,6.7,3.26,High,Gen Z
542,10.0,0.2,8.8,1.9,3.1,3.46,High,Gen Z
543,7.0,3.0,9.6,4.2,0.2,2.68,Moderate,Gen Z
544,8.9,1.0,7.8,2.2,4.1,3.54,High,Gen Z
545,8.3,1.0,6.0,5.5,3.2,3.25,High,Gen Z
546,6.1,0.2,5.2,1.1,11.4,2.72,High,Gen Z
547,9.3,1.1,9.8,2.2,1.6,3.79,High,Gen Z
548,7.6,3.0,6.4,2.1,4.9,2.83,Moderate,Gen Z
549,9.5,3.8,9.5,0.5,0.7,3.4,High,Gen Z
550,7.5,0.8,8.0,1.1,6.6,3.43,Moderate,Gen Z
551,6.7,3.4,6.0,0.4,7.5,2.48,Moderate,Gen Z
552,9.1,3.3,6.7,3.4,1.5,3.4,High,Gen Z
553,8.9,2.6,5.8,5.3,1.4,2.98,High,Gen Z
554,7.1,0.2,5.6,4.6,6.5,3.13,High,Gen Z
555,5.0,1.7,7.6,0.3,9.4,2.53,Low,Gen Z
556,6.2,0.0,8.6,5.8,3.4,2.71,Moderate,Gen Z
557,6.1,2.7,8.7,5.1,1.4,2.57,Moderate,Gen Z
558,6.6,2.9,9.1,1.0,4.4,2.85,Moderate,Gen Z
559,6.9,3.6,9.0,4.4,0.1,2.92,Moderate,Gen Z
560,8.0,2.6,5.4,3.3,4.7,3.48,High,Gen Z
561,8.5,0.7,8.9,3.4,2.5,3.41,High,Gen Z
562,6.5,2.9,8.8,0.6,5.2,2.67,Moderate,Gen Z
563,7.6,2.0,6.8,5.6,2.0,3.25,Moderate,Gen Z
564,8.6,1.8,9.6,2.8,1.2,3.47,High,Gen Z
565,8.6,3.4,6.4,4.5,1.1,3.18,High,Gen Z
566,6.7,3.9,9.3,2.9,1.2,2.78,Moderate,Gen Z
567,8.6,2.2,9.7,1.7,1.8,3.07,High,Gen Z
568,8.9,2.9,6.9,0.1,5.2,3.26,High,Gen Z
569,9.2,0.0,8.5,5.8,0.5,3.08,High,Gen Z
570,8.5,3.3,7.7,4.4,0.1,3.2,High,Gen Z
571,5.3,2.0,8.6,5.2,2.9,2.89,Low,Gen Z
572,7.8,1.6,5.7,5.2,3.7,3.06,High,Gen Z
573,5.8,1.2,6.5,5.2,5.3,3.08,Low,Gen Z
574,6.3,2.5,7.9,5.0,2.3,3.07,Moderate,Gen Z
575,9.5,0.0,8.4,0.3,5.8,3.07,High,Gen Z
576,6.5,1.4,8.1,2.0,6.0,3.06,Moderate,Gen Z
577,8.7,1.6,5.3,4.7,3.7,3.2,High,Gen Z
578,8.4,1.3,5.3,2.2,6.8,2.92,High,Gen Z
579,9.7,2.6,8.4,2.1,1.2,3.38,High,Gen Z
580,8.8,0.4,6.4,1.7,6.7,3.05,High,Gen Z
581,7.2,3.9,5.3,3.1,4.5,3.03,High,Gen Z
582,8.7,2.8,7.1,1.9,3.5,3.12,High,Gen Z
583,7.0,1.1,6.0,2.9,7.0,2.87,Moderate,Gen Z
584,8.3,3.9,8.0,0.3,3.5,3.04,High,Gen Z
585,5.4,3.8,6.5,0.6,7.7,3.14,Low,Gen Z
586,8.2,1.1,5.1,5.8,3.8,3.5,High,Gen Z
587,6.3,2.7,8.5,3.7,2.8,2.72,Moderate,Gen Z
588,8.0,3.5,9.7,0.3,2.5,3.02,Moderate,Gen Z
589,5.8,3.8,8.7,5.0,0.7,2.95,Low,Gen Z
590,8.5,2.7,7.0,0.1,5.7,3.01,High,Gen Z
591,7.9,1.0,7.3,5.7,2.1,3.41,Moderate,Gen Z
592,5.9,2.7,9.9,0.6,4.9,2.82,Low,Gen Z
593,5.0,1.7,5.5,4.5,7.3,2.72,High,Gen Z
594,6.3,1.7,8.6,0.1,7.3,3.11,Moderate,Gen Z
595,7.9,2.5,8.2,1.3,4.1,3.08,Moderate,Gen Z
596,6.0,3.5,8.7,0.1,5.7,2.95,Moderate,Gen Z
597,6.2,0.9,6.4,1.5,9.0,2.92,Moderate,Gen Z
598,8.7,2.4,8.4,0.4,4.1,3.16,High,Gen Z
599,9.8,3.4,9.0,1.5,0.3,3.49,High,Gen Z
600,6.0,2.5,8.7,4.4,2.4,3.05,Moderate,Gen Z
601,7.6,0.3,6.9,5.5,3.7,3.35,Moderate,Gen Z
602,6.3,1.5,9.5,4.0,2.7,3.42,Moderate,Gen Z
603,8.9,1.8,8.2,1.3,3.8,3.21,High,Gen Z
604,7.2,2.6,9.7,0.3,4.2,3.42,Moderate,Gen Z
605,9.1,1.2,7.2,0.1,6.4,3.37,High,Gen Z
606,5.3,2.0,9.6,0.6,6.5,2.41,Low,Gen Z
607,8.8,1.6,8.3,1.4,3.9,3.26,High,Gen Z
608,5.4,0.7,8.3,5.3,4.3,2.75,Low,Gen Z
609,9.1,2.7,5.6,1.7,4.9,3.15,High,Gen Z
610,7.6,2.1,6.8,2.1,5.4,2.97,Moderate,Gen Z
611,9.1,3.2,6.5,4.8,0.4,3.34,High,Gen Z
612,6.8,2.0,9.7,4.8,0.7,3.09,Moderate,Gen Z
613,5.5,1.6,7.8,3.0,6.1,2.9,Low,Gen Z
614,8.4,3.4,9.3,2.2,0.7,3.2,High,Gen Z
615,7.2,2.4,5.8,4.0,4.6,3.19,High,Gen Z
616,6.1,0.5,5.8,0.0,11.6,2.73,High,Gen Z
617,8.6,2.9,7.6,0.8,4.1,3.15,High,Gen Z
618,5.5,0.9,7.6,3.6,6.4,2.57,Low,Gen Z
619,6.2,0.2,7.0,1.4,9.2,3.13,Moderate,Gen Z
620,7.1,1.7,7.7,4.2,3.3,3.48,Moderate,Gen Z
621,8.5,0.7,7.5,2.5,4.8,3.34,High,Gen Z
622,7.7,0.5,8.0,0.7,7.1,3.34,Moderate,Gen Z
623,6.7,0.6,8.5,1.2,7.0,3.18,Moderate,Gen Z
624,6.0,2.0,7.1,0.1,8.8,2.85,Moderate,Gen Z
625,9.0,0.3,7.4,3.4,3.9,3.64,High,Gen Z
626,6.3,0.0,8.6,3.2,5.9,3.14,Moderate,Gen Z
627,9.2,3.3,9.2,1.1,1.2,3.6,High,Gen Z
628,7.3,0.7,9.3,5.3,1.4,2.97,Moderate,Gen Z
629,7.3,0.3,6.9,4.8,4.7,3.09,Moderate,Gen Z
630,5.3,3.5,6.9,3.3,5.0,2.81,Low,Gen Z
631,9.8,0.3,8.2,0.4,5.3,3.71,High,Gen Z
632,7.2,4.0,7.8,1.6,3.4,2.98,Moderate,Gen Z
633,6.1,1.4,6.9,0.4,9.2,2.79,Moderate,Gen Z
634,8.6,2.6,8.5,0.0,4.3,2.85,High,Gen Z
635,6.1,2.6,7.4,0.0,7.9,3.03,Moderate,Gen Z
636,7.7,0.3,8.8,3.5,3.7,3.29,Moderate,Gen Z
637,8.9,3.0,9.0,1.6,1.5,3.42,High,Gen Z
638,8.1,3.0,5.8,1.2,5.9,3.04,High,Gen Z
639,9.5,3.0,9.5,1.5,0.5,3.76,High,Gen Z
640,9.4,2.3,8.2,0.6,3.5,3.62,High,Gen Z
641,7.4,2.9,6.4,1.2,6.1,2.89,Moderate,Gen Z
642,6.1,1.7,9.5,3.0,3.7,2.76,Moderate,Gen Z
643,5.9,0.3,8.5,2.3,7.0,2.99,Low,Gen Z
644,9.0,1.1,8.5,1.4,4.0,3.56,High,Gen Z
645,9.7,2.5,6.6,1.4,3.8,3.57,High,Gen Z
646,6.1,2.4,6.3,4.0,5.2,2.73,Moderate,Gen Z
647,9.1,3.1,8.8,0.6,2.4,3.42,High,Gen Z
648,6.8,1.7,5.2,1.6,8.7,2.91,High,Gen Z
649,5.2,3.5,6.2,3.3,5.8,2.8,Low,Gen Z
650,6.6,3.6,9.4,1.4,3.0,2.94,Moderate,Gen Z
651,9.5,4.0,9.1,1.2,0.2,3.52,High,Gen Z
652,5.3,0.4,10.0,2.0,6.3,2.49,Low,Gen Z
653,8.7,3.2,9.3,2.8,0.0,3.1,High,Gen Z
654,5.1,1.4,8.9,3.4,5.2,2.72,Low,Gen Z
655,6.6,2.6,6.2,0.1,8.5,3.11,Moderate,Gen Z
656,8.8,0.2,9.2,3.6,2.2,3.59,High,Gen Z
657,7.8,2.5,9.3,2.6,1.8,3.2,Moderate,Gen Z
658,8.8,1.8,8.5,1.9,3.0,3.32,High,Gen Z
659,6.1,2.4,9.6,5.5,0.4,2.99,Moderate,Gen Z
660,6.1,4.0,9.9,2.6,1.4,2.49,Moderate,Gen Z
661,9.0,2.9,8.0,0.2,3.9,3.74,High,Gen Z
662,8.4,1.5,9.7,0.7,3.7,3.16,High,Gen Z
663,7.5,2.8,8.5,3.4,1.8,2.98,Moderate,Gen Z
664,8.2,2.4,5.9,4.2,3.3,3.13,High,Gen Z
665,7.3,2.7,9.2,0.8,4.0,3.41,Moderate,Gen Z
666,9.2,3.2,9.8,1.0,0.8,3.55,High,Gen Z
667,7.4,1.6,5.8,3.4,5.8,3.19,High,Gen Z
668,7.9,2.4,6.8,0.3,6.6,3.14,Moderate,Gen Z
669,5.2,1.7,5.4,3.6,8.1,2.55,High,Gen Z
670,9.3,3.5,6.0,3.8,1.4,3.52,High,Gen Z
671,6.4,3.2,10.0,0.1,4.3,3.01,Moderate,Gen Z
672,9.9,1.9,9.2,0.2,2.8,3.65,High,Gen Z
673,6.7,0.3,9.9,4.9,2.2,2.96,Moderate,Gen Z
674,5.4,0.8,6.1,2.8,8.9,2.66,Low,Gen Z
675,6.3,0.4,5.8,0.9,10.6,2.93,High,Gen Z
676,6.4,3.2,6.6,1.8,6.0,3.06,Moderate,Gen Z
677,6.2,0.5,6.3,2.1,8.9,2.84,Moderate,Gen Z
678,6.1,3.2,5.7,2.1,6.9,2.95,High,Gen Z
679,9.3,0.6,5.4,2.9,5.8,3.51,High,Gen Z
680,9.0,0.5,7.9,3.0,3.6,2.99,High,Gen Z
681,5.7,2.5,6.4,2.9,6.5,2.84,Low,Gen Z
682,6.5,3.3,5.3,2.5,6.4,2.81,High,Gen Z
683,7.3,2.9,7.9,3.9,2.0,3.19,Moderate,Gen Z
684,6.6,2.2,9.2,5.9,0.1,3.06,Moderate,Gen Z
685,9.4,1.5,6.0,2.9,4.2,3.4,High,Gen Z
686,7.4,3.4,6.8,5.2,1.2,3.45,Moderate,Gen Z
687,7.0,1.3,7.3,4.6,3.8,3.0,Moderate,Gen Z
688,9.8,0.7,7.8,3.3,2.4,3.41,High,Gen Z
689,7.4,2.6,6.1,3.3,4.6,3.41,Moderate,Gen Z
690,5.7,2.3,5.9,1.7,8.4,2.62,High,Gen Z
691,6.1,0.7,9.1,1.7,6.4,2.69,Moderate,Gen Z
692,6.9,3.2,6.8,0.5,6.6,3.08,Moderate,Gen Z
693,7.8,3.4,9.0,0.7,3.1,2.95,Moderate,Gen Z
694,6.1,3.5,6.2,1.6,6.6,3.05,Moderate,Gen Z
695,5.0,3.5,9.0,3.8,2.7,2.62,Low,Gen Z
696,7.3,1.4,5.5,2.9,6.9,3.19,High,Gen Z
697,9.6,0.2,6.5,1.2,6.5,3.5,High,Gen Z
698,7.3,1.9,8.8,0.9,5.1,3.06,Moderate,Gen Z
699,7.4,1.7,8.0,6.0,0.9,3.0,Moderate,Gen Z
700,9.1,0.7,5.2,1.2,7.8,3.64,High,Gen Z
701,6.7,2.0,8.1,5.5,1.7,3.11,Moderate,Gen Z
702,5.3,0.1,7.8,2.6,8.2,3.58,Low,Gen Z
703,9.2,0.6,5.1,2.7,6.4,3.27,High,Gen Z
704,8.0,1.1,5.9,2.3,6.7,3.27,High,Gen Z
705,9.0,1.6,8.8,0.6,4.0,3.2,High,Gen Z
706,8.4,2.3,9.6,1.4,2.3,3.41,High,Gen Z
707,5.3,0.1,9.1,3.1,6.4,2.65,Low,Gen Z
708,6.7,0.1,9.8,4.0,3.4,3.15,Moderate,Gen Z
709,9.7,1.1,8.1,3.5,1.6,3.63,High,Gen Z
710,9.7,3.5,8.7,0.6,1.5,3.36,High,Gen Z
711,6.4,3.9,5.1,4.3,4.3,3.14,High,Gen Z
712,10.0,1.2,6.7,0.5,5.6,3.79,High,Gen Z
713,7.2,1.0,6.7,5.0,4.1,3.21,Moderate,Gen Z
714,5.3,0.4,5.8,3.6,8.9,2.76,High,Gen Z
715,5.8,3.9,7.2,3.0,4.1,2.83,Low,Gen Z
716,8.3,3.0,8.8,2.3,1.6,2.92,High,Gen Z
717,9.5,3.3,8.8,0.1,2.3,3.24,High,Gen Z
718,7.0,3.5,9.5,3.6,0.4,3.4,Moderate,Gen Z
719,6.6,2.8,6.4,1.1,7.1,2.88,Moderate,Gen Z
720,7.1,3.3,5.6,4.4,3.6,2.85,High,Gen Z
721,7.7,1.2,7.5,1.8,5.8,2.88,Moderate,Gen Z
722,5.8,0.5,7.7,5.4,4.6,3.27,Low,Gen Z
723,6.7,2.9,8.3,5.6,0.5,3.06,Moderate,Gen Z
724,8.3,3.6,7.0,1.7,3.4,3.5,High,Gen Z
725,5.1,3.3,9.0,0.6,6.0,2.54,Low,Gen Z
726,5.6,3.9,6.1,0.4,8.0,3.32,Low,Gen Z
727,8.0,3.0,5.2,4.0,3.8,3.01,High,Gen Z
728,5.9,2.3,6.5,5.6,3.7,2.9,Low,Gen Z
729,9.1,3.9,6.3,4.6,0.1,2.98,High,Gen Z
730,5.3,0.2,8.5,2.7,7.3,2.62,Low,Gen Z
731,6.1,2.5,6.3,3.5,5.6,3.13,Moderate,Gen Z
732,9.1,1.9,6.8,2.2,4.0,3.27,High,Gen Z
733,9.0,1.3,6.0,0.5,7.2,3.05,High,Gen Z
734,9.2,0.9,6.9,4.9,2.1,2.81,High,Gen Z
735,9.1,1.5,7.3,1.8,4.3,3.4,High,Gen Z
736,7.7,0.1,7.4,2.4,6.4,3.24,Moderate,Gen Z
737,5.8,2.6,9.9,3.2,2.5,2.8,Low,Gen Z
738,7.1,0.5,8.1,5.6,2.7,3.1,Moderate,Gen Z
739,8.3,0.3,6.8,3.3,5.3,3.48,High,Gen Z
740,9.1,2.4,6.9,1.4,4.2,3.3,High,Gen Z
741,5.5,1.4,7.1,4.1,5.9,2.71,Low,Gen Z
742,7.0,0.7,5.8,5.0,5.5,3.09,High,Gen Z
743,5.2,1.7,5.8,5.3,6.0,2.48,High,Gen Z
744,7.5,2.9,9.8,0.8,3.0,3.19,Moderate,Gen Z
745,9.4,3.7,9.6,0.8,0.5,3.16,High,Gen Z
746,8.8,2.1,8.4,2.0,2.7,3.66,High,Gen Z
747,8.7,3.3,5.7,5.0,1.3,3.55,High,Gen Z
748,7.2,1.5,9.6,1.4,4.3,3.11,Moderate,Gen Z
749,9.2,1.9,7.6,1.6,3.7,3.02,High,Gen Z
750,5.2,1.1,5.0,5.9,6.8,2.93,High,Gen Z
751,9.8,1.6,8.6,1.4,2.6,3.68,High,Gen Z
752,9.7,1.6,8.9,1.0,2.8,3.57,High,Gen Z
753,10.0,0.1,8.0,3.9,2.0,3.35,High,Gen Z
754,9.7,0.7,8.1,1.2,4.3,3.53,High,Gen Z
755,6.5,2.2,7.1,1.0,7.2,2.91,Moderate,Gen Z
756,8.8,3.6,5.4,2.4,3.8,3.08,High,Gen Z
757,5.5,0.1,8.3,3.6,6.5,2.73,Low,Gen Z
758,5.1,3.3,9.9,0.8,4.9,2.64,Low,Gen Z
759,6.2,3.5,9.6,2.0,2.7,2.55,Moderate,Gen Z
760,5.1,2.3,5.1,4.7,6.8,3.03,High,Gen Z
761,6.5,0.2,7.9,2.4,7.0,2.98,Moderate,Gen Z
762,6.4,2.8,6.4,5.4,3.0,3.05,Moderate,Gen Z
763,6.9,2.2,5.3,2.6,7.0,3.12,High,Gen Z
764,6.1,0.9,9.1,5.6,2.3,3.01,Moderate,Gen Z
765,5.5,1.8,6.7,5.2,4.8,2.24,Low,Gen Z
766,6.7,1.6,7.6,1.0,7.1,2.93,Moderate,Gen Z
767,7.9,3.2,8.8,0.6,3.5,3.09,Moderate,Gen Z
768,6.8,1.6,8.4,0.3,6.9,2.88,Moderate,Gen Z
769,5.2,1.6,8.5,1.2,7.5,2.52,Low,Gen Z
770,9.4,3.6,6.5,1.0,3.5,3.57,High,Gen Z
771,7.1,1.0,8.4,5.0,2.5,3.26,Moderate,Gen Z
772,7.0,0.6,8.7,2.2,5.5,3.15,Moderate,Gen Z
773,8.4,1.1,5.4,6.0,3.1,3.44,High,Gen Z
774,9.3,1.2,7.3,3.7,2.5,3.76,High,Gen Z
775,7.1,1.7,6.7,3.4,5.1,2.99,Moderate,Gen Z
776,9.7,2.8,9.1,1.3,1.1,3.54,High,Gen Z
777,8.9,0.1,9.1,0.2,5.7,3.14,High,Gen Z
778,8.8,1.0,9.3,0.5,4.4,3.18,High,Gen Z
779,5.6,3.9,8.4,5.1,1.0,3.08,Low,Gen Z
780,8.0,2.4,8.4,3.0,2.2,2.96,Moderate,Gen Z
781,7.1,1.1,8.8,1.4,5.6,2.85,Moderate,Gen Z
782,8.1,3.0,6.1,0.4,6.4,3.37,High,Gen Z
783,5.7,2.4,9.2,0.3,6.4,2.69,Low,Gen Z
784,7.4,3.7,6.7,2.8,3.4,3.36,Moderate,Gen Z
785,5.1,0.3,6.3,0.2,12.1,2.55,Low,Gen Z
786,7.7,0.7,6.5,4.0,5.1,3.54,Moderate,Gen Z
787,9.8,0.2,9.5,2.6,1.9,3.47,High,Gen Z
788,5.3,0.4,8.0,2.0,8.3,3.37,Low,Gen Z
789,9.6,1.6,5.7,4.3,2.8,3.49,High,Gen Z
790,8.5,3.6,9.0,2.0,0.9,2.9,High,Gen Z
791,8.4,3.8,6.5,0.0,5.3,3.08,High,Gen Z
792,8.3,2.5,8.0,0.1,5.1,3.1,High,Gen Z
793,8.6,1.3,8.3,3.2,2.6,3.11,High,Gen Z
794,5.5,3.3,9.6,3.6,2.0,2.75,Low,Gen Z
795,5.5,1.6,8.6,4.7,3.6,2.64,Low,Gen Z
796,6.3,0.1,7.7,5.1,4.8,3.22,Moderate,Gen Z
797,9.8,2.3,7.6,0.4,3.9,3.04,High,Gen Z
798,8.0,1.6,6.2,0.6,7.6,3.38,Moderate,Gen Z
799,6.6,0.4,5.9,5.9,5.2,3.27,High,Gen Z
800,9.4,4.0,7.9,2.2,0.5,2.91,High,Gen Z
801,6.6,1.2,7.0,4.0,5.2,2.76,Moderate,Gen Z
802,5.7,2.5,5.6,3.5,6.7,3.08,High,Gen Z
803,8.5,2.8,8.8,3.4,0.5,3.63,High,Gen Z
804,8.1,0.7,5.1,1.7,8.4,3.21,High,Gen Z
805,7.2,2.5,9.2,1.0,4.1,3.07,Moderate,Gen Z
806,7.9,2.2,5.4,0.3,8.2,2.99,High,Gen Z
807,5.5,2.3,7.7,1.4,7.1,3.05,Low,Gen Z
808,5.2,2.0,8.4,1.5,6.9,2.88,Low,Gen Z
809,6.5,2.5,9.5,4.5,1.0,3.29,Moderate,Gen Z
810,6.8,2.6,7.3,1.1,6.2,3.13,Moderate,Gen Z
811,8.5,2.2,6.8,5.5,1.0,3.07,High,Gen Z
812,8.4,1.6,8.8,2.4,2.8,3.51,High,Gen Z
813,7.1,3.7,6.3,0.7,6.2,3.15,Moderate,Gen Z
814,6.9,0.2,6.7,3.0,7.2,3.05,Moderate,Gen Z
815,5.8,2.6,10.0,2.5,3.1,2.64,Low,Gen Z
816,5.6,3.5,7.1,2.3,5.5,2.5,Low,Gen Z
817,8.3,1.8,8.2,0.4,5.3,3.33,High,Gen Z
818,5.8,1.9,8.0,3.5,4.8,2.9,Low,Gen Z
819,7.0,1.4,5.6,2.4,7.6,3.15,High,Gen Z
820,6.0,0.2,7.8,3.6,6.4,2.75,Moderate,Gen Z
821,9.4,2.3,6.7,4.5,1.1,3.25,High,Gen Z
822,7.8,3.6,7.0,1.7,3.9,3.19,Moderate,Gen Z
823,5.7,0.6,7.2,3.6,6.9,2.96,Low,Gen Z
824,9.1,0.3,7.4,3.8,3.4,3.66,High,Gen Z
825,9.1,3.1,6.4,5.1,0.3,3.45,High,Gen Z
826,7.9,3.7,8.4,1.9,2.1,2.68,Moderate,Gen Z
827,9.0,3.8,5.1,5.9,0.2,3.22,High,Gen Z
828,7.2,2.6,6.9,0.3,7.0,3.0,Moderate,Gen Z
829,8.0,3.6,6.9,1.2,4.3,3.08,Moderate,Gen Z
830,9.1,3.3,7.9,1.3,2.4,3.35,High,Gen Z
831,9.0,2.2,9.1,2.3,1.4,3.44,High,Gen Z
832,7.1,3.8,7.7,3.3,2.1,3.33,Moderate,Gen Z
833,6.1,2.5,7.9,1.1,6.4,2.94,Moderate,Gen Z
834,8.8,2.1,6.1,4.0,3.0,3.2,High,Gen Z
835,5.4,1.8,5.8,1.1,9.9,2.71,High,Gen Z
836,5.3,1.6,7.6,2.9,6.6,2.54,Low,Gen Z
837,6.9,3.4,5.7,3.0,5.0,3.37,High,Gen Z
838,9.4,2.2,9.8,0.1,2.5,3.79,High,Gen Z
839,5.5,0.2,5.9,3.2,9.2,2.74,High,Gen Z
840,9.7,3.4,6.5,0.3,4.1,3.48,High,Gen Z
841,5.8,0.5,5.6,3.1,9.0,2.73,High,Gen Z
842,9.9,2.7,9.7,0.2,1.5,3.23,High,Gen Z
843,6.9,2.2,5.4,0.0,9.5,3.27,High,Gen Z
844,7.1,2.0,7.1,0.1,7.7,3.34,Moderate,Gen Z
845,6.7,0.7,5.5,5.7,5.4,3.31,High,Gen Z
846,6.6,1.6,6.2,0.6,9.0,3.12,Moderate,Gen Z
847,5.9,3.2,8.4,3.3,3.2,3.05,Low,Gen Z
848,5.4,1.1,6.7,4.7,6.1,2.8,Low,Gen Z
849,10.0,1.0,9.4,3.0,0.6,3.4,High,Gen Z
850,7.0,3.9,5.9,4.8,2.4,2.78,High,Gen Z
851,6.7,2.9,7.1,3.5,3.8,3.09,Moderate,Gen Z
852,9.3,0.2,8.5,0.8,5.2,3.49,High,Gen Z
853,7.1,2.2,7.0,3.1,4.6,2.87,Moderate,Gen Z
854,5.7,0.6,9.7,5.3,2.7,3.18,Low,Gen Z
855,9.5,4.0,6.0,1.6,2.9,3.39,High,Gen Z
856,7.1,1.4,8.0,3.5,4.0,3.48,Moderate,Gen Z
857,5.8,1.9,7.8,3.4,5.1,3.01,Low,Gen Z
858,5.1,1.4,8.9,3.4,5.2,2.6,Low,Gen Z
859,6.3,2.8,7.8,4.8,2.3,3.08,Moderate,Gen Z
860,7.4,0.5,6.3,2.5,7.3,3.4,Moderate,Gen Z
861,8.0,2.1,6.4,0.0,7.5,2.83,Moderate,Gen Z
862,8.7,0.1,7.9,5.6,1.7,3.3,High,Gen Z
863,5.9,1.9,5.5,3.8,6.9,2.45,High,Gen Z
864,7.6,3.6,6.0,0.1,6.7,3.38,Moderate,Gen Z
865,9.3,2.3,9.5,1.7,1.2,3.34,High,Gen Z
866,8.7,3.7,7.9,0.7,3.0,3.57,High,Gen Z
867,6.3,0.8,6.2,1.8,8.9,3.37,Moderate,Gen Z
868,7.1,2.5,5.4,0.5,8.5,3.33,High,Gen Z
869,5.9,2.1,6.1,1.7,8.2,3.13,Low,Gen Z
870,5.1,2.6,8.3,4.8,3.2,2.69,Low,Gen Z
871,9.7,0.1,5.8,5.3,3.1,3.92,High,Gen Z
872,8.3,2.7,9.7,3.3,0.0,2.95,High,Gen Z
873,8.6,1.1,9.4,0.2,4.7,3.36,High,Gen Z
874,6.3,0.9,5.7,5.2,5.9,2.9,High,Gen Z
875,7.5,2.7,6.2,4.5,3.1,2.97,Moderate,Gen Z
876,7.1,0.8,9.9,3.9,2.3,3.28,Moderate,Gen Z
877,9.7,1.2,8.9,3.2,1.0,3.26,High,Gen Z
878,8.4,2.9,7.9,1.0,3.8,3.2,High,Gen Z
879,7.5,1.2,7.1,3.9,4.3,2.96,Moderate,Gen Z
880,7.0,1.1,6.0,4.7,5.2,3.2,Moderate,Gen Z
881,9.5,1.5,8.8,3.8,0.4,3.36,High,Gen Z
882,9.8,1.5,6.7,0.4,5.6,3.54,High,Gen Z
883,7.4,0.4,6.2,1.9,8.1,3.16,Moderate,Gen Z
884,6.5,3.4,9.3,3.7,1.1,3.02,Moderate,Gen Z
885,5.7,2.8,9.7,4.0,1.8,2.86,Low,Gen Z
886,8.2,2.0,5.6,1.9,6.3,2.81,High,Gen Z
887,9.0,3.4,5.7,5.6,0.3,3.59,High,Gen Z
888,8.8,3.2,9.7,0.7,1.6,3.07,High,Gen Z
889,9.3,0.5,8.5,4.2,1.5,3.17,High,Gen Z
890,9.4,0.7,5.3,4.3,4.3,3.57,High,Gen Z
891,7.4,3.4,6.9,1.0,5.3,3.15,Moderate,Gen Z
892,5.9,2.9,7.6,3.6,4.0,3.13,Low,Gen Z
893,7.3,3.3,9.1,3.1,1.2,3.34,Moderate,Gen Z
894,6.8,3.5,8.6,0.6,4.5,3.23,Moderate,Gen Z
895,7.0,3.5,5.2,5.8,2.5,3.26,High,Gen Z
896,6.4,1.0,9.7,1.8,5.1,3.25,Moderate,Gen Z
897,8.9,1.6,5.7,0.1,7.7,3.42,High,Gen Z
898,6.8,1.4,6.7,3.1,6.0,3.03,Moderate,Gen Z
899,7.2,3.5,7.5,2.9,2.9,3.04,Moderate,Gen Z
900,8.3,2.4,7.1,2.5,3.7,3.22,High,Gen Z
901,8.9,0.8,9.1,3.4,1.8,3.1,High,Gen Z
902,6.3,3.0,7.6,1.9,5.2,2.48,Moderate,Gen Z
903,8.0,4.0,7.2,4.4,0.4,3.11,Moderate,Gen Z
904,6.0,1.7,6.1,0.0,10.2,2.87,Moderate,Gen Z
905,9.6,3.4,8.7,0.4,1.9,3.5,High,Gen Z
906,7.2,0.5,7.6,2.1,6.6,3.11,Moderate,Gen Z
907,6.9,2.5,8.6,0.7,5.3,3.29,Moderate,Gen Z
908,6.7,1.8,8.4,3.1,4.0,2.92,Moderate,Gen Z
909,9.3,3.5,5.0,4.7,1.5,3.45,High,Gen Z
910,7.4,3.9,8.8,1.0,2.9,3.11,Moderate,Gen Z
911,7.7,4.0,9.3,0.3,2.7,2.96,Moderate,Gen Z
912,5.0,1.6,6.2,4.9,6.3,3.01,Low,Gen Z
913,6.7,3.3,5.0,1.8,7.2,2.85,High,Gen Z
914,5.3,0.7,7.8,1.7,8.5,2.64,Low,Gen Z
915,7.1,1.5,9.4,5.4,0.6,2.65,Moderate,Gen Z
916,5.5,3.8,5.3,1.8,7.6,2.81,High,Gen Z
917,6.5,1.3,5.8,4.7,5.7,3.04,High,Gen Z
918,5.6,0.3,9.5,1.1,7.5,2.66,Low,Gen Z
919,9.1,2.2,5.4,5.7,1.6,3.48,High,Gen Z
920,5.8,3.4,5.1,3.1,6.6,2.79,High,Gen Z
921,8.8,3.7,9.5,1.6,0.4,3.29,High,Gen Z
922,6.4,1.2,6.9,2.4,7.1,3.0,Moderate,Gen Z
923,7.7,0.6,8.5,1.0,6.2,3.16,Moderate,Gen Z
924,9.0,3.0,8.2,0.6,3.2,2.96,High,Gen Z
925,7.7,0.3,6.9,2.5,6.6,3.08,Moderate,Gen Z
926,5.9,1.6,9.7,0.8,6.0,2.86,Low,Gen Z
927,8.8,0.4,9.9,1.9,3.0,3.19,High,Gen Z
928,8.1,0.8,5.7,5.6,3.8,3.45,High,Gen Z
929,9.6,3.5,8.1,2.3,0.5,3.4,High,Gen Z
930,6.6,2.5,6.8,0.9,7.2,2.88,Moderate,Gen Z
931,8.0,3.3,6.9,0.8,5.0,3.08,Moderate,Gen Z
932,6.5,2.6,8.0,4.2,2.7,2.83,Moderate,Gen Z
933,6.8,3.3,6.0,2.8,5.1,2.92,Moderate,Gen Z
934,5.5,3.5,6.7,4.1,4.2,2.92,Low,Gen Z
935,5.1,2.8,6.6,0.3,9.2,2.49,Low,Gen Z
936,6.9,0.3,5.7,1.8,9.3,3.15,High,Gen Z
937,5.4,3.6,5.0,2.9,7.1,2.74,High,Gen Z
938,9.6,0.6,9.8,0.8,3.2,3.29,High,Gen Z
939,8.7,2.2,9.4,2.0,1.7,3.03,High,Gen Z
940,5.8,3.7,6.6,2.2,5.7,2.9,Low,Gen Z
941,8.8,1.4,9.8,3.0,1.0,3.51,High,Gen Z
942,5.2,1.0,7.3,1.4,9.1,2.83,Low,Gen Z
943,8.7,3.7,7.1,1.5,3.0,3.29,High,Gen Z
944,7.4,1.4,9.5,3.2,2.5,3.22,Moderate,Gen Z
945,8.8,3.2,6.7,2.3,3.0,3.24,High,Gen Z
946,9.0,3.8,8.1,2.3,0.8,3.55,High,Gen Z
947,9.0,3.4,7.0,0.2,4.4,3.68,High,Gen Z
948,7.3,3.0,6.8,3.8,3.1,2.91,Moderate,Gen Z
949,5.9,3.0,7.7,1.2,6.2,3.09,Low,Gen Z
950,7.4,0.9,9.8,4.2,1.7,2.94,Moderate,Gen Z
951,9.8,1.7,7.4,4.6,0.5,3.84,High,Gen Z
952,6.3,1.8,5.6,1.2,9.1,2.99,High,Gen Z
953,5.0,0.2,9.9,1.5,7.4,2.94,Low,Gen Z
954,7.8,0.6,8.6,3.6,3.4,3.26,Moderate,Gen Z
955,8.7,3.1,9.9,1.3,1.0,3.55,High,Gen Z
956,5.3,3.6,5.6,2.0,7.5,2.53,High,Gen Z
957,9.1,2.4,7.0,2.6,2.9,3.28,High,Gen Z
958,9.3,0.4,8.9,4.6,0.8,3.58,High,Gen Z
959,5.9,1.7,5.8,4.2,6.4,3.32,High,Gen Z
960,6.0,0.8,5.2,1.9,10.1,3.01,High,Gen Z
961,7.8,3.4,8.3,2.0,2.5,3.18,Moderate,Gen Z
962,6.3,0.2,8.6,0.7,8.2,3.1,Moderate,Gen Z
963,6.5,2.1,7.8,3.6,4.0,2.9,Moderate,Gen Z
964,8.1,3.9,8.6,3.1,0.3,2.99,High,Gen Z
965,8.8,2.4,6.0,4.0,2.8,3.59,High,Gen Z
966,7.4,2.1,6.7,3.1,4.7,3.44,Moderate,Gen Z
967,6.0,3.2,5.9,0.5,8.4,3.28,High,Gen Z
968,7.2,1.1,7.8,2.1,5.8,2.93,Moderate,Gen Z
969,9.7,3.7,7.5,1.0,2.1,3.04,High,Gen Z
970,9.6,0.0,7.8,4.4,2.2,3.38,High,Gen Z
971,7.4,0.3,9.9,3.1,3.3,2.84,Moderate,Gen Z
972,7.4,1.7,5.4,0.6,8.9,3.23,High,Gen Z
973,9.2,1.0,6.0,3.0,4.8,3.18,High,Gen Z
974,5.2,0.2,9.2,0.7,8.7,2.82,Low,Gen Z
975,5.2,1.8,9.2,1.6,6.2,2.68,Low,Gen Z
976,7.2,2.3,7.9,2.0,4.6,3.06,Moderate,Gen Z
977,6.6,0.4,6.8,0.6,9.6,3.31,Moderate,Gen Z
978,6.4,2.5,7.3,2.9,4.9,3.12,Moderate,Gen Z
979,8.8,1.1,6.6,5.5,2.0,3.32,High,Gen Z
980,9.6,2.4,7.7,1.1,3.2,3.3,High,Gen Z
981,6.7,3.4,7.8,3.1,3.0,2.98,Moderate,Gen Z
982,8.0,0.3,8.4,5.6,1.7,3.28,Moderate,Gen Z
983,7.9,0.5,7.9,4.6,3.1,3.38,Moderate,Gen Z
984,8.2,3.6,8.1,0.5,3.6,3.18,High,Gen Z
985,6.5,0.8,9.5,4.6,2.6,2.74,Moderate,Gen Z
986,5.9,3.0,7.4,1.4,6.3,3.1,Low,Gen Z
987,8.1,0.2,6.6,2.8,6.3,3.14,High,Gen Z
988,6.0,3.1,7.1,3.4,4.4,2.84,Moderate,Gen Z
989,5.1,0.1,7.2,4.9,6.7,2.94,Low,Gen Z
990,6.9,3.3,5.7,5.6,2.5,3.05,High,Gen Z
991,8.8,3.8,8.4,1.1,1.9,3.3,High,Gen Z
992,6.7,2.8,8.8,5.3,0.4,3.05,Moderate,Gen Z
993,6.0,3.2,8.7,0.4,5.7,2.6,Moderate,Gen Z
994,6.5,3.9,8.2,3.9,1.5,2.82,Moderate,Gen Z
995,9.9,1.5,9.0,1.6,2.0,3.44,High,Gen Z
996,9.7,0.9,6.6,4.5,2.3,3.5,High,Gen Z
997,7.0,2.4,7.2,4.5,2.9,3.0,Moderate,Gen Z
998,5.8,1.4,7.0,0.3,9.5,2.49,Low,Gen Z
999,7.9,3.5,5.8,3.6,3.2,3.01,High,Gen Z
1000,8.5,1.6,7.5,0.0,6.4,3.63,High,Gen Z
1001,8.5,2.6,5.2,2.2,5.5,3.26,High,Gen Z
1002,7.5,3.6,8.6,2.5,1.8,3.19,Moderate,Gen Z
1003,9.0,3.5,7.3,2.0,2.2,3.43,High,Gen Z
1004,8.5,0.3,9.3,2.8,3.1,3.26,High,Gen Z
1005,5.3,2.2,7.1,5.3,4.1,2.9,Low,Gen Z
1006,7.8,0.2,9.9,3.1,3.0,3.07,Moderate,Gen Z
1007,6.5,1.9,9.3,1.8,4.5,2.92,Moderate,Gen Z
1008,6.5,3.1,7.4,1.4,5.6,2.93,Moderate,Gen Z
1009,5.8,1.3,9.7,2.1,5.1,2.87,Low,Gen Z
1010,5.9,3.6,7.3,4.3,2.9,2.95,Low,Gen Z
1011,9.9,0.2,5.5,4.3,4.1,3.32,High,Gen Z
1012,5.2,0.1,8.9,0.8,9.0,2.66,Low,Gen Z
1013,7.3,2.4,7.1,0.2,7.0,3.17,Moderate,Gen Z
1014,7.2,2.1,7.4,2.3,5.0,3.13,Moderate,Gen Z
1015,9.4,3.6,6.7,2.6,1.7,2.81,High,Gen Z
1016,6.4,3.8,5.7,3.5,4.6,3.07,High,Gen Z
1017,6.4,1.1,7.0,6.0,3.5,2.98,Moderate,Gen Z
1018,5.4,0.6,7.2,3.1,7.7,2.68,Low,Gen Z
1019,6.3,1.3,5.4,1.8,9.2,3.1,High,Gen Z
1020,9.5,0.0,9.1,5.1,0.3,3.05,High,Gen Z
1021,5.5,0.6,9.8,3.2,4.9,3.2,Low,Gen Z
1022,8.7,4.0,6.4,2.6,2.3,3.21,High,Gen Z
1023,7.7,1.6,5.8,5.9,3.0,3.15,High,Gen Z
1024,8.0,0.9,7.7,4.2,3.2,3.44,Moderate,Gen Z
1025,7.6,4.0,8.1,1.6,2.7,3.02,Moderate,Gen Z
1026,6.9,1.4,7.2,4.7,3.8,3.14,Moderate,Gen Z
1027,7.4,3.2,7.9,1.9,3.6,2.99,Moderate,Gen Z
1028,6.1,2.0,6.3,0.1,9.5,3.05,Moderate,Gen Z
1029,8.2,2.0,7.2,5.8,0.8,3.45,High,Gen Z
1030,5.7,2.3,9.3,3.5,3.2,2.9,Low,Gen Z
1031,8.6,1.5,5.5,2.7,5.7,3.49,High,Gen Z
1032,6.2,3.9,9.8,1.0,3.1,2.87,Moderate,Gen Z
1033,6.7,3.6,9.8,1.7,2.2,3.06,Moderate,Gen Z
1034,8.4,1.1,8.7,0.3,5.5,2.86,High,Gen Z
1035,5.2,1.5,6.8,1.9,8.6,2.38,Low,Gen Z
1036,6.0,1.2,9.9,2.5,4.4,2.88,Moderate,Gen Z
1037,7.2,2.3,9.9,1.1,3.5,3.31,Moderate,Gen Z
1038,8.0,0.4,8.4,0.4,6.8,3.39,Moderate,Gen Z
1039,8.0,3.0,6.1,5.0,1.9,2.9,Moderate,Gen Z
1040,5.7,3.8,5.4,1.2,7.9,2.81,High,Gen Z
1041,6.7,2.5,7.7,0.8,6.3,2.81,Moderate,Gen Z
1042,6.1,1.6,8.5,1.3,6.5,2.76,Moderate,Gen Z
1043,6.8,1.6,9.9,5.4,0.3,2.89,Moderate,Gen Z
1044,5.3,1.3,6.3,3.0,8.1,2.94,Low,Gen Z
1045,8.9,3.4,9.2,0.9,1.6,3.11,High,Gen Z
1046,5.3,2.8,5.0,2.5,8.4,3.02,High,Gen Z
1047,6.6,2.8,8.8,1.8,4.0,2.87,Moderate,Gen Z
1048,7.2,2.9,8.5,5.3,0.1,3.26,Moderate,Gen Z
1049,6.1,2.6,8.0,5.5,1.8,3.01,Moderate,Gen Z
1050,7.8,1.1,7.4,2.0,5.7,3.04,Moderate,Gen Z
1051,7.9,3.6,7.8,3.0,1.7,3.05,Moderate,Gen Z
1052,6.2,2.0,6.6,1.1,8.1,2.94,Moderate,Gen Z
1053,7.5,1.3,6.3,2.8,6.1,3.21,Moderate,Gen Z
1054,5.5,3.1,9.0,4.6,1.8,2.97,Low,Gen Z
1055,5.6,2.6,9.2,3.5,3.1,2.72,Low,Gen Z
1056,7.6,0.1,8.2,0.5,7.6,3.56,Moderate,Gen Z
1057,7.2,1.2,7.7,0.8,7.1,3.28,Moderate,Gen Z
1058,5.8,0.4,5.7,5.3,6.8,3.0,High,Gen Z
1059,7.6,1.9,5.5,3.9,5.1,3.17,High,Gen Z
1060,8.1,0.3,5.6,0.3,9.7,3.25,High,Gen Z
1061,6.3,0.5,6.3,2.3,8.6,2.97,Moderate,Gen Z
1062,9.2,2.8,5.6,4.4,2.0,3.5,High,Gen Z
1063,6.4,2.6,6.7,6.0,2.3,2.78,Moderate,Gen Z
1064,9.7,0.1,8.5,4.1,1.6,3.26,High,Gen Z
1065,9.2,3.9,9.9,0.1,0.9,3.48,High,Gen Z
1066,8.2,0.5,8.3,5.9,1.1,3.44,High,Gen Z
1067,9.6,1.8,5.2,2.2,5.2,3.55,High,Gen Z
1068,7.3,0.2,7.1,2.8,6.6,3.27,Moderate,Gen Z
1069,9.6,2.6,6.6,2.7,2.5,3.37,High,Gen Z
1070,6.8,2.7,8.3,4.3,1.9,2.58,Moderate,Gen Z
1071,6.3,1.3,5.6,3.9,6.9,2.97,High,Gen Z
1072,9.3,3.6,7.2,1.8,2.1,3.3,High,Gen Z
1073,5.4,2.7,9.1,1.5,5.3,3.04,Low,Gen Z
1074,9.4,1.0,7.8,1.1,4.7,3.36,High,Gen Z
1075,5.5,3.6,9.1,4.4,1.4,2.44,Low,Gen Z
1076,7.7,0.4,8.8,3.5,3.6,3.0,Moderate,Gen Z
1077,5.9,0.8,5.9,0.3,11.1,3.11,High,Gen Z
1078,5.1,0.2,7.9,4.9,5.9,2.82,Low,Gen Z
1079,6.6,1.4,8.0,1.6,6.4,3.23,Moderate,Gen Z
1080,8.7,2.7,6.0,2.1,4.5,3.67,High,Gen Z
1081,5.6,0.5,8.4,5.2,4.3,2.86,Low,Gen Z
1082,5.9,0.4,9.1,3.5,5.1,2.96,Low,Gen Z
1083,8.1,3.1,8.5,3.6,0.7,3.12,High,Gen Z
1084,8.2,1.3,9.8,0.2,4.5,3.38,High,Gen Z
1085,7.9,0.7,8.6,1.1,5.7,3.18,Moderate,Gen Z
1086,9.6,0.8,5.7,4.6,3.3,3.12,High,Gen Z
1087,7.5,3.6,5.7,3.9,3.3,3.01,High,Gen Z
1088,8.4,2.4,8.8,1.4,3.0,3.17,High,Gen Z
1089,7.2,1.6,9.9,1.5,3.8,2.89,Moderate,Gen Z
1090,7.8,1.0,9.6,1.5,4.1,2.9,Moderate,Gen Z
1091,9.5,0.4,8.3,5.3,0.5,3.56,High,Gen Z
1092,8.4,1.2,5.9,1.8,6.7,3.25,High,Gen Z
1093,5.5,0.6,5.5,2.5,9.9,2.74,High,Gen Z
1094,5.7,2.6,6.0,0.6,9.1,2.92,Low,Gen Z
1095,5.8,3.7,9.1,1.9,3.5,2.97,Low,Gen Z
1096,8.4,2.7,8.1,1.3,3.5,3.68,High,Gen Z
1097,5.2,1.8,9.5,3.4,4.1,2.88,Low,Gen Z
1098,8.4,3.9,9.9,1.2,0.6,3.08,High,Gen Z
1099,6.2,3.2,5.5,4.7,4.4,2.89,High,Gen Z
1100,8.2,1.7,7.2,1.9,5.0,3.38,High,Gen Z
1101,8.8,3.7,9.7,0.3,1.5,3.39,High,Gen Z
1102,6.3,0.3,6.3,5.5,5.6,3.06,Moderate,Gen Z
1103,8.2,2.9,6.3,4.3,2.3,3.21,High,Gen Z
1104,8.1,0.6,9.1,1.4,4.8,3.15,High,Gen Z
1105,8.3,1.6,8.0,0.6,5.5,3.4,High,Gen Z
1106,10.0,0.8,6.3,4.0,2.9,3.39,High,Gen Z
1107,9.8,3.7,7.5,2.4,0.6,3.35,High,Gen Z
1108,6.4,3.3,6.9,0.5,6.9,2.9,Moderate,Gen Z
1109,6.7,3.9,8.1,2.2,3.1,2.89,Moderate,Gen Z
1110,5.4,0.2,5.6,3.5,9.3,2.98,High,Gen Z
1111,9.6,2.0,9.2,1.4,1.8,3.64,High,Gen Z
1112,5.9,1.4,8.2,0.4,8.1,3.07,Low,Gen Z
1113,6.8,2.1,10.0,2.4,2.7,2.96,Moderate,Gen Z
1114,9.0,2.4,9.4,1.3,1.9,3.61,High,Gen Z
1115,8.0,2.5,7.1,0.9,5.5,3.13,Moderate,Gen Z
1116,6.1,2.9,6.6,3.0,5.4,3.01,Moderate,Gen Z
1117,5.8,3.8,9.3,4.4,0.7,3.16,Low,Gen Z
1118,5.7,0.0,5.1,3.5,9.7,2.75,High,Gen Z
1119,7.3,2.1,5.0,2.5,7.1,3.0,High,Gen Z
1120,8.7,0.9,9.1,3.1,2.2,3.65,High,Gen Z
1121,6.1,0.9,8.1,5.0,3.9,2.61,Moderate,Gen Z
1122,9.3,2.7,7.2,2.3,2.5,3.29,High,Gen Z
1123,6.0,2.5,6.8,6.0,2.7,2.5,Moderate,Gen Z
1124,7.8,3.7,9.0,1.6,1.9,2.6,Moderate,Gen Z
1125,8.6,2.3,7.5,1.1,4.5,2.97,High,Gen Z
1126,9.6,1.3,9.8,1.8,1.5,3.39,High,Gen Z
1127,8.2,2.2,5.6,2.3,5.7,3.28,High,Gen Z
1128,7.2,3.1,6.1,1.0,6.6,2.92,Moderate,Gen Z
1129,7.0,3.7,8.6,2.0,2.7,2.88,Moderate,Gen Z
1130,9.9,2.7,6.4,2.9,2.1,3.49,High,Gen Z
1131,5.5,3.9,5.9,3.9,4.8,2.99,High,Gen Z
1132,8.9,2.7,8.1,3.8,0.5,3.14,High,Gen Z
1133,5.4,1.3,6.2,5.9,5.2,3.1,Low,Gen Z
1134,8.4,0.8,6.2,1.7,6.9,3.12,High,Gen Z
1135,7.1,0.9,5.1,5.3,5.6,3.05,High,Gen Z
1136,6.7,0.0,8.4,5.0,3.9,3.05,Moderate,Gen Z
1137,5.7,0.6,9.0,3.7,5.0,2.88,Low,Gen Z
1138,6.5,1.5,8.8,4.9,2.3,2.88,Moderate,Gen Z
1139,7.0,3.8,7.0,4.6,1.6,3.24,Moderate,Gen Z
1140,9.5,0.3,9.7,3.7,0.8,3.42,High,Gen Z
1141,9.0,0.8,9.0,4.4,0.8,3.37,High,Gen Z
1142,5.2,0.6,7.7,3.5,7.0,2.77,Low,Gen Z
1143,8.2,0.1,9.8,0.3,5.6,3.37,High,Gen Z
1144,8.3,3.3,5.1,3.3,4.0,3.27,High,Gen Z
1145,7.3,2.0,5.4,4.1,5.2,3.41,High,Gen Z
1146,7.4,0.6,8.2,1.0,6.8,3.11,Moderate,Gen Z
1147,9.4,2.5,5.8,5.8,0.5,3.25,High,Gen Z
1148,8.1,1.0,9.0,4.8,1.1,3.22,High,Gen Z
1149,9.9,2.0,7.3,3.6,1.2,3.51,High,Gen Z
1150,7.7,0.4,7.1,5.1,3.7,2.94,Moderate,Gen Z
1151,9.3,0.4,5.5,1.6,7.2,3.29,High,Gen Z
1152,8.1,1.4,8.9,1.3,4.3,3.27,High,Gen Z
1153,8.2,0.9,8.6,5.2,1.1,3.03,High,Gen Z
1154,7.1,0.6,8.5,4.6,3.2,3.11,Moderate,Gen Z
1155,5.5,2.0,9.1,5.6,1.8,2.95,Low,Gen Z
1156,7.7,1.6,9.2,2.7,2.8,3.16,Moderate,Gen Z
1157,7.4,2.0,9.2,4.5,0.9,2.77,Moderate,Gen Z
1158,7.5,2.3,6.2,4.8,3.2,2.93,Moderate,Gen Z
1159,7.4,1.3,5.5,1.4,8.4,3.09,High,Gen Z
1160,5.8,1.8,6.5,0.2,9.7,2.92,Low,Gen Z
1161,6.6,2.2,7.8,2.1,5.3,3.09,Moderate,Gen Z
1162,6.9,1.0,6.2,2.7,7.2,3.02,Moderate,Gen Z
1163,8.8,0.8,8.5,0.1,5.8,3.61,High,Gen Z
1164,6.7,2.3,6.0,4.5,4.5,2.92,Moderate,Gen Z
1165,5.3,3.4,6.0,5.2,4.1,3.06,Low,Gen Z
1166,6.6,3.6,5.6,1.1,7.1,2.82,High,Gen Z
1167,7.5,0.3,6.0,5.7,4.5,3.11,Moderate,Gen Z
1168,9.6,2.2,6.3,4.1,1.8,3.49,High,Gen Z
1169,8.3,4.0,6.3,3.6,1.8,3.36,High,Gen Z
1170,7.5,1.2,5.8,1.7,7.8,3.25,High,Gen Z
1171,6.9,3.0,7.7,0.5,5.9,3.17,Moderate,Gen Z
1172,8.2,3.2,7.3,1.9,3.4,3.2,High,Gen Z
1173,5.5,3.5,8.9,1.0,5.1,2.3,Low,Gen Z
1174,8.1,3.8,7.9,2.3,1.9,3.72,High,Gen Z
1175,5.3,0.3,5.9,0.2,12.3,2.97,High,Gen Z
1176,5.7,3.3,5.8,1.8,7.4,3.04,High,Gen Z
1177,6.2,1.5,6.3,2.9,7.1,2.97,Moderate,Gen Z
1178,5.3,0.6,5.3,3.8,9.0,2.79,High,Gen Z
1179,5.3,3.3,7.6,3.2,4.6,2.55,Low,Gen Z
1180,6.0,1.3,8.0,1.3,7.4,2.95,Moderate,Gen Z
1181,5.6,3.9,5.1,4.8,4.6,2.7,High,Gen Z
1182,5.7,0.6,8.5,3.9,5.3,3.05,Low,Gen Z
1183,8.9,3.7,8.5,0.5,2.4,3.46,High,Gen Z
1184,6.0,0.3,8.5,2.4,6.8,2.81,Moderate,Gen Z
1185,9.6,2.6,5.5,5.7,0.6,3.28,High,Gen Z
1186,7.0,0.2,7.5,0.7,8.6,2.81,Moderate,Gen Z
1187,7.0,1.4,8.9,4.8,1.9,2.97,Moderate,Gen Z
1188,6.9,0.6,9.0,4.2,3.3,2.83,Moderate,Gen Z
1189,6.0,1.5,5.5,3.8,7.2,2.8,High,Gen Z
1190,7.9,3.6,7.8,0.8,3.9,3.45,Moderate,Gen Z
1191,6.9,3.4,8.2,3.6,1.9,3.37,Moderate,Gen Z
1192,8.8,2.4,5.8,4.8,2.2,3.38,High,Gen Z
1193,8.6,0.3,7.3,1.0,6.8,3.51,High,Gen Z
1194,8.1,2.7,9.2,0.9,3.1,2.78,High,Gen Z
1195,5.6,3.4,5.8,5.8,3.4,2.84,High,Gen Z
1196,9.9,0.4,6.5,3.8,3.4,3.73,High,Gen Z
1197,6.8,3.7,5.3,3.3,4.9,3.37,High,Gen Z
1198,6.3,1.5,9.2,1.2,5.8,3.15,Moderate,Gen Z
1199,9.1,2.3,8.8,2.7,1.1,3.43,High,Gen Z
1200,9.3,1.7,9.8,1.4,1.8,3.12,High,Gen Z
1201,5.7,1.6,9.8,1.9,5.0,2.72,Low,Gen Z
1202,8.6,1.2,8.9,2.3,3.0,3.24,High,Gen Z
1203,7.4,3.1,6.9,2.7,3.9,2.82,Moderate,Gen Z
1204,7.6,3.2,6.8,3.1,3.3,2.87,Moderate,Gen Z
1205,8.4,1.1,6.4,5.6,2.5,3.37,High,Gen Z
1206,8.2,0.1,8.1,3.1,4.5,3.56,High,Gen Z
1207,7.7,1.4,5.4,1.2,8.3,3.13,High,Gen Z
1208,7.3,0.2,5.2,4.3,7.0,3.21,High,Gen Z
1209,7.7,2.0,6.2,4.5,3.6,3.07,Moderate,Gen Z
1210,7.3,1.1,6.2,3.9,5.5,3.0,Moderate,Gen Z
1211,8.3,3.3,7.1,0.4,4.9,3.56,High,Gen Z
1212,5.0,2.1,5.2,3.4,8.3,2.9,High,Gen Z
1213,9.6,3.9,7.7,1.3,1.5,3.47,High,Gen Z
1214,5.3,1.9,6.2,2.8,7.8,2.87,Low,Gen Z
1215,7.3,2.3,6.8,1.0,6.6,3.35,Moderate,Gen Z
1216,8.3,1.4,9.7,4.2,0.4,3.25,High,Gen Z
1217,6.0,0.2,8.7,5.0,4.1,3.04,Moderate,Gen Z
1218,5.1,1.0,7.3,3.8,6.8,3.24,Low,Gen Z
1219,7.8,3.0,6.4,3.4,3.4,3.14,Moderate,Gen Z
1220,8.8,2.8,10.0,0.7,1.7,3.16,High,Gen Z
1221,7.5,1.3,7.2,5.1,2.9,3.27,Moderate,Gen Z
1222,6.0,3.5,5.3,5.3,3.9,2.97,High,Gen Z
1223,6.6,1.3,7.6,5.6,2.9,2.96,Moderate,Gen Z
1224,9.3,1.6,6.0,2.5,4.6,3.31,High,Gen Z
1225,6.9,3.7,8.8,2.3,2.3,3.03,Moderate,Gen Z
1226,5.3,1.0,7.2,0.9,9.6,2.85,Low,Gen Z
1227,9.7,3.1,6.3,2.9,2.0,3.5,High,Gen Z
1228,9.4,2.1,8.9,2.0,1.6,3.43,High,Gen Z
1229,7.8,0.5,5.6,3.2,6.9,3.36,High,Gen Z
1230,9.8,1.9,5.3,3.3,3.7,3.93,High,Gen Z
1231,9.2,4.0,7.2,1.2,2.4,3.1,High,Gen Z
1232,5.2,1.4,6.3,4.1,7.0,3.12,Low,Gen Z
1233,9.7,1.1,9.1,0.2,3.9,3.3,High,Gen Z
1234,9.7,3.1,8.3,2.4,0.5,3.47,High,Gen Z
1235,8.2,3.9,8.6,3.1,0.2,3.02,High,Gen Z
1236,7.6,0.5,8.0,2.9,5.0,3.15,Moderate,Gen Z
1237,8.1,0.0,6.0,2.9,7.0,3.19,High,Gen Z
1238,7.1,2.9,8.0,1.8,4.2,3.17,Moderate,Gen Z
1239,7.1,0.9,9.8,0.8,5.4,3.01,Moderate,Gen Z
1240,6.1,3.1,6.0,0.5,8.3,2.9,Moderate,Gen Z
1241,7.4,0.0,5.4,4.8,6.4,3.14,High,Gen Z
1242,9.3,2.7,5.3,4.7,2.0,3.41,High,Gen Z
1243,9.2,3.2,7.5,1.0,3.1,3.48,High,Gen Z
1244,9.9,0.6,6.1,1.3,6.1,3.63,High,Gen Z
1245,9.0,0.7,5.3,6.0,3.0,3.56,High,Gen Z
1246,7.8,3.6,9.6,0.0,3.0,3.09,Moderate,Gen Z
1247,5.4,1.0,8.3,5.3,4.0,3.27,Low,Gen Z
1248,5.9,3.2,9.8,1.4,3.7,2.71,Low,Gen Z
1249,7.5,0.3,7.8,3.0,5.4,3.09,Moderate,Gen Z
1250,6.7,2.1,7.9,0.1,7.2,2.78,Moderate,Gen Z
1251,8.8,2.9,6.8,0.3,5.2,3.17,High,Gen Z
1252,5.9,2.3,5.8,2.1,7.9,2.66,High,Gen Z
1253,8.5,2.2,6.9,2.5,3.9,3.25,High,Gen Z
1254,5.4,3.5,5.4,4.2,5.5,2.81,High,Gen Z
1255,9.6,1.1,6.9,3.4,3.0,3.37,High,Gen Z
1256,8.3,1.6,7.4,0.3,6.4,3.29,High,Gen Z
1257,6.0,3.2,7.3,1.8,5.7,3.11,Moderate,Gen Z
1258,8.7,1.1,5.6,1.5,7.1,3.24,High,Gen Z
1259,9.6,2.3,7.7,2.6,1.8,3.67,High,Gen Z
1260,7.6,0.5,5.6,3.2,7.1,3.04,High,Gen Z
1261,9.7,1.2,9.3,2.9,0.9,3.51,High,Gen Z
1262,6.0,1.5,7.5,4.4,4.6,2.8,Moderate,Gen Z
1263,5.6,1.6,7.4,3.2,6.2,2.75,Low,Gen Z
1264,9.0,2.8,7.8,3.1,1.3,3.43,High,Gen Z
1265,7.1,0.6,8.3,3.1,4.9,2.79,Moderate,Gen Z
1266,9.5,2.3,5.4,2.7,4.1,3.67,High,Gen Z
1267,8.8,3.2,7.5,4.0,0.5,3.2,High,Gen Z
1268,9.5,3.6,8.4,2.1,0.4,3.11,High,Gen Z
1269,5.4,3.5,6.6,1.1,7.4,2.72,Low,Gen Z
1270,6.3,1.3,5.7,1.8,8.9,2.65,High,Gen Z
1271,7.9,1.8,6.7,4.5,3.1,3.24,Moderate,Gen Z
1272,6.7,3.0,5.8,0.8,7.7,3.09,High,Gen Z
1273,6.7,3.2,6.2,0.4,7.5,2.74,Moderate,Gen Z
1274,7.8,2.1,8.3,1.4,4.4,3.31,Moderate,Gen Z
1275,9.3,1.2,8.5,0.1,4.9,3.1,High,Gen Z
1276,7.7,0.3,9.0,1.3,5.7,2.9,Moderate,Gen Z
1277,8.4,3.2,7.8,3.4,1.2,3.02,High,Gen Z
1278,9.0,1.2,7.9,4.4,1.5,3.62,High,Gen Z
1279,6.9,1.2,7.3,4.9,3.7,3.05,Moderate,Gen Z
1280,8.3,3.6,5.5,1.4,5.2,3.4,High,Gen Z
1281,8.5,3.3,9.3,1.2,1.7,3.25,High,Gen Z
1282,6.2,1.2,8.9,0.5,7.2,2.76,Moderate,Gen Z
1283,9.1,1.7,8.0,0.5,4.7,3.23,High,Gen Z
1284,9.8,3.2,7.3,0.8,2.9,3.42,High,Gen Z
1285,9.7,1.4,5.8,3.4,3.7,3.67,High,Gen Z
1286,7.4,4.0,8.4,0.3,3.9,3.15,Moderate,Gen Z
1287,10.0,1.6,6.4,3.3,2.7,3.39,High,Gen Z
1288,5.0,1.8,9.2,3.4,4.6,2.7,Low,Gen Z
1289,10.0,1.1,6.4,1.0,5.5,3.4,High,Gen Z
1290,9.0,3.6,9.9,0.3,1.2,3.19,High,Gen Z
1291,9.4,1.3,5.6,5.2,2.5,3.2,High,Gen Z
1292,7.1,1.1,8.7,2.7,4.4,3.15,Moderate,Gen Z
1293,9.9,0.2,6.8,2.9,4.2,3.09,High,Gen Z
1294,8.6,3.5,9.7,1.8,0.4,3.3,High,Gen Z
1295,9.3,2.2,9.1,1.0,2.4,3.07,High,Gen Z
1296,7.3,1.1,9.8,1.8,4.0,2.91,Moderate,Gen Z
1297,5.5,2.1,5.3,0.7,10.4,2.79,High,Gen Z
1298,7.2,3.2,8.7,2.1,2.8,2.78,Moderate,Gen Z
1299,6.7,1.3,8.9,0.3,6.8,2.79,Moderate,Gen Z
1300,6.2,3.7,9.3,3.4,1.4,2.92,Moderate,Gen Z
1301,7.4,2.1,9.9,4.4,0.2,3.23,Moderate,Gen Z
1302,6.0,0.9,8.4,2.4,6.3,2.79,Moderate,Gen Z
1303,9.7,0.4,7.6,5.5,0.8,3.73,High,Gen Z
1304,5.8,3.9,9.6,0.8,3.9,2.57,Low,Gen Z
1305,5.6,0.3,9.5,1.2,7.4,2.57,Low,Gen Z
1306,8.0,0.3,6.1,5.6,4.0,2.76,Moderate,Gen Z
1307,9.5,3.1,5.1,2.0,4.3,3.14,High,Gen Z
1308,9.5,2.5,5.4,5.5,1.1,3.59,High,Gen Z
1309,9.8,0.3,7.7,1.8,4.4,3.23,High,Gen Z
1310,7.9,3.8,7.5,0.4,4.4,3.11,Moderate,Gen Z
1311,8.1,1.4,9.3,2.3,2.9,3.11,High,Gen Z
1312,8.8,1.1,8.8,1.1,4.2,3.22,High,Gen Z
1313,6.6,1.9,9.7,5.4,0.4,2.88,Moderate,Gen Z
1314,5.7,2.0,7.3,5.4,3.6,2.62,Low,Gen Z
1315,9.7,1.5,7.5,4.8,0.5,3.3,High,Gen Z
1316,6.1,0.8,5.2,3.9,8.0,2.56,High,Gen Z
1317,6.3,0.2,6.2,4.8,6.5,2.93,Moderate,Gen Z
1318,7.1,3.9,6.0,1.3,5.7,3.3,Moderate,Gen Z
1319,6.5,0.7,6.9,5.5,4.4,2.71,Moderate,Gen Z
1320,9.7,0.2,6.1,3.4,4.6,3.81,High,Gen Z
1321,8.1,0.2,7.0,3.9,4.8,3.41,High,Gen Z
1322,6.6,0.4,7.1,0.8,9.1,3.27,Moderate,Gen Z
1323,9.7,1.9,6.6,4.4,1.4,3.06,High,Gen Z
1324,9.1,3.5,8.4,0.1,2.9,3.36,High,Gen Z
1325,7.8,3.1,5.7,1.4,6.0,3.14,High,Gen Z
1326,7.2,0.0,9.1,2.2,5.5,3.41,Moderate,Gen Z
1327,7.7,2.7,8.5,4.9,0.2,2.68,Moderate,Gen Z
1328,9.8,2.6,6.5,0.6,4.5,3.62,High,Gen Z
1329,9.2,1.4,8.3,2.4,2.7,3.47,High,Gen Z
1330,5.3,1.7,7.7,2.6,6.7,2.54,Low,Gen Z
1331,8.7,3.3,8.9,0.1,3.0,3.34,High,Gen Z
1332,9.7,3.3,9.2,0.5,1.3,3.18,High,Gen Z
1333,7.1,1.9,5.8,0.2,9.0,3.02,High,Gen Z
1334,9.6,2.3,8.3,3.5,0.3,3.41,High,Gen Z
1335,6.7,2.5,5.2,1.1,8.5,3.11,High,Gen Z
1336,6.8,1.5,7.7,0.0,8.0,3.15,Moderate,Gen Z
1337,6.2,0.8,6.3,4.8,5.9,2.76,Moderate,Gen Z
1338,7.5,3.5,6.2,0.5,6.3,3.0,Moderate,Gen Z
1339,6.8,3.0,7.8,4.9,1.5,2.99,Moderate,Gen Z
1340,5.2,3.9,6.9,0.9,7.1,3.28,Low,Gen Z
1341,8.3,1.1,7.9,3.5,3.2,3.49,High,Gen Z
1342,6.3,1.8,7.7,4.0,4.2,2.91,Moderate,Gen Z
1343,8.9,1.6,8.2,0.8,4.5,3.3,High,Gen Z
1344,8.6,0.1,6.0,2.9,6.4,3.42,High,Gen Z
1345,9.4,2.1,9.6,1.4,1.5,3.2,High,Gen Z
1346,9.0,1.0,9.5,4.1,0.4,3.34,High,Gen Z
1347,9.7,2.1,8.4,3.0,0.8,3.51,High,Gen Z
1348,5.2,2.0,5.8,1.1,9.9,2.58,High,Gen Z
1349,6.8,1.7,8.1,0.4,7.0,2.75,Moderate,Gen Z
1350,7.9,2.5,7.8,4.3,1.5,3.19,Moderate,Gen Z
1351,6.7,3.1,7.2,2.9,4.1,3.24,Moderate,Gen Z
1352,6.5,0.3,5.5,5.5,6.2,3.28,High,Gen Z
1353,8.4,0.5,6.8,3.6,4.7,3.34,High,Gen Z
1354,5.0,0.8,9.8,3.7,4.7,2.69,Low,Gen Z
1355,6.3,0.3,5.1,1.5,10.8,2.9,High,Gen Z
1356,8.6,3.7,7.0,0.9,3.8,3.48,High,Gen Z
1357,7.6,3.6,9.0,0.3,3.5,3.27,Moderate,Gen Z
1358,9.5,0.5,7.7,5.3,1.0,3.78,High,Gen Z
1359,7.1,1.9,5.4,1.7,7.9,3.14,High,Gen Z
1360,6.4,1.8,8.4,1.0,6.4,2.93,Moderate,Gen Z
1361,7.4,3.0,9.3,2.7,1.6,2.95,Moderate,Gen Z
1362,9.7,0.5,8.9,1.3,3.6,3.53,High,Gen Z
1363,9.7,2.9,8.8,0.6,2.0,3.87,High,Gen Z
1364,8.8,0.4,9.8,4.5,0.5,3.12,High,Gen Z
1365,6.4,3.3,7.6,2.8,3.9,3.11,Moderate,Gen Z
1366,8.6,1.6,8.1,4.0,1.7,2.94,High,Gen Z
1367,8.6,0.2,9.3,2.7,3.2,3.11,High,Gen Z
1368,7.4,3.5,6.9,4.5,1.7,2.95,Moderate,Gen Z
1369,5.5,1.9,10.0,4.6,2.0,2.83,Low,Gen Z
1370,6.2,1.6,8.9,4.6,2.7,2.63,Moderate,Gen Z
1371,6.1,3.7,8.0,2.3,3.9,3.41,Moderate,Gen Z
1372,7.8,1.9,7.5,1.1,5.7,3.18,Moderate,Gen Z
1373,9.1,2.2,5.7,4.6,2.4,3.17,High,Gen Z
1374,7.6,0.5,9.7,1.1,5.1,3.07,Moderate,Gen Z
1375,6.3,1.6,6.9,4.8,4.4,2.69,Moderate,Gen Z
1376,6.3,2.0,5.7,3.7,6.3,2.91,High,Gen Z
1377,7.8,2.9,9.7,3.3,0.3,3.09,Moderate,Gen Z
1378,9.5,3.9,9.3,0.1,1.2,3.28,High,Gen Z
1379,9.7,1.7,5.0,2.7,4.9,3.47,High,Gen Z
1380,6.7,1.9,8.1,5.2,2.1,2.88,Moderate,Gen Z
1381,8.3,1.7,9.1,4.4,0.5,3.26,High,Gen Z
1382,6.4,0.2,8.3,5.2,3.9,2.75,Moderate,Gen Z
1383,5.8,3.2,9.3,5.2,0.5,2.96,Low,Gen Z
1384,6.6,2.2,5.3,0.3,9.6,2.94,High,Gen Z
1385,8.6,1.8,6.3,1.1,6.2,3.2,High,Gen Z
1386,7.4,1.4,6.6,5.8,2.8,2.87,Moderate,Gen Z
1387,8.2,0.1,7.2,5.3,3.2,3.12,High,Gen Z
1388,8.8,2.4,7.9,0.3,4.6,3.26,High,Gen Z
1389,5.7,2.5,6.0,3.0,6.8,2.5,Low,Gen Z
1390,9.7,3.4,8.6,0.2,2.1,3.53,High,Gen Z
1391,5.5,2.0,5.8,5.9,4.8,2.82,High,Gen Z
1392,6.8,2.6,5.6,2.6,6.4,2.77,High,Gen Z
1393,6.4,3.6,5.2,5.5,3.3,2.86,High,Gen Z
1394,8.9,0.1,9.8,2.7,2.5,3.51,High,Gen Z
1395,6.5,1.5,5.3,5.9,4.8,3.0,High,Gen Z
1396,7.2,3.8,6.2,3.2,3.6,3.02,Moderate,Gen Z
1397,7.4,2.8,5.3,1.2,7.3,3.25,High,Gen Z
1398,5.9,2.3,6.1,5.2,4.5,2.72,Low,Gen Z
1399,9.7,2.1,6.8,1.3,4.1,3.55,High,Gen Z
1400,9.7,1.6,8.5,2.1,2.1,3.87,High,Gen Z
1401,7.6,1.1,7.3,2.8,5.2,3.2,Moderate,Gen Z
1402,6.6,0.2,7.5,3.3,6.4,3.02,Moderate,Gen Z
1403,5.8,3.0,9.9,5.0,0.3,2.93,Low,Gen Z
1404,8.5,1.8,7.7,5.1,0.9,3.23,High,Gen Z
1405,7.4,1.5,7.5,3.5,4.1,3.33,Moderate,Gen Z
1406,5.5,2.4,5.6,0.5,10.0,3.11,High,Gen Z
1407,7.6,1.6,7.9,0.5,6.4,2.89,Moderate,Gen Z
1408,9.9,2.2,8.4,1.1,2.4,3.43,High,Gen Z
1409,5.5,3.9,6.4,2.5,5.7,2.8,Low,Gen Z
1410,9.1,2.1,6.4,0.4,6.0,3.37,High,Gen Z
1411,5.8,3.6,8.4,1.5,4.7,2.91,Low,Gen Z
1412,7.9,1.6,6.8,1.3,6.4,3.1,Moderate,Gen Z
1413,8.3,3.9,5.9,3.5,2.4,2.95,High,Gen Z
1414,6.3,3.3,7.4,3.3,3.7,2.52,Moderate,Gen Z
1415,6.5,0.7,5.4,4.3,7.1,3.1,High,Gen Z
1416,7.0,1.7,7.3,2.2,5.8,2.85,Moderate,Gen Z
1417,5.5,1.2,8.3,4.0,5.0,2.76,Low,Gen Z
1418,6.0,0.8,5.1,5.4,6.7,2.54,High,Gen Z
1419,6.1,0.9,6.4,0.8,9.8,2.79,Moderate,Gen Z
1420,5.7,2.6,6.7,4.2,4.8,2.9,Low,Gen Z
1421,7.8,1.0,8.3,0.7,6.2,2.69,Moderate,Gen Z
1422,6.3,2.4,9.4,5.9,0.0,3.22,Moderate,Gen Z
1423,8.0,1.6,6.1,1.5,6.8,2.75,Moderate,Gen Z
1424,9.6,1.5,6.9,2.3,3.7,3.37,High,Gen Z
1425,9.2,2.6,8.1,1.4,2.7,3.39,High,Gen Z
1426,7.0,2.0,8.3,0.1,6.6,3.27,Moderate,Gen Z
1427,9.4,1.8,6.7,0.8,5.3,3.37,High,Gen Z
1428,7.0,2.7,7.1,5.8,1.4,2.47,Moderate,Gen Z
1429,8.0,3.2,5.5,2.4,4.9,3.36,High,Gen Z
1430,9.3,0.3,5.4,5.1,3.9,3.02,High,Gen Z
1431,6.1,2.7,7.7,5.0,2.5,3.04,Moderate,Gen Z
1432,7.1,1.3,8.0,5.6,2.0,3.08,Moderate,Gen Z
1433,9.2,4.0,5.1,0.6,5.1,3.62,High,Gen Z
1434,6.4,1.0,8.9,0.3,7.4,3.04,Moderate,Gen Z
1435,6.8,2.0,7.8,4.4,3.0,3.27,Moderate,Gen Z
1436,7.9,2.2,8.2,1.5,4.2,2.87,Moderate,Gen Z
1437,5.4,0.5,6.1,3.0,9.0,2.91,Low,Gen Z
1438,8.9,1.4,7.0,2.4,4.3,3.5,High,Gen Z
1439,6.0,0.2,8.0,5.9,3.9,2.76,Moderate,Gen Z
1440,9.1,2.8,9.7,1.0,1.4,3.53,High,Gen Z
1441,8.3,1.9,8.2,2.5,3.1,3.25,High,Gen Z
1442,7.6,3.2,8.7,3.0,1.5,2.86,Moderate,Gen Z
1443,5.6,2.9,7.5,5.4,2.6,2.98,Low,Gen Z
1444,5.7,3.0,5.0,1.0,9.3,2.42,High,Gen Z
1445,7.9,2.9,9.6,2.5,1.1,2.99,Moderate,Gen Z
1446,5.0,0.5,7.7,4.1,6.7,3.07,Low,Gen Z
1447,7.1,2.9,7.6,0.4,6.0,3.15,Moderate,Gen Z
1448,8.6,3.6,5.6,5.9,0.3,3.21,High,Gen Z
1449,6.0,0.0,10.0,1.7,6.3,2.7,Moderate,Gen Z
1450,7.9,3.6,6.6,4.0,1.9,3.29,Moderate,Gen Z
1451,5.9,2.5,6.7,1.3,7.6,2.7,Low,Gen Z
1452,9.5,1.6,6.2,2.7,4.0,3.32,High,Gen Z
1453,6.6,3.0,9.9,2.0,2.5,3.03,Moderate,Gen Z
1454,5.8,2.8,7.6,3.9,3.9,3.09,Low,Gen Z
1455,9.4,1.8,9.5,2.5,0.8,3.91,High,Gen Z
1456,6.6,3.9,8.3,0.2,5.0,2.93,Moderate,Gen Z
1457,6.6,2.5,5.3,0.1,9.5,2.6,High,Gen Z
1458,7.2,1.1,5.8,4.1,5.8,2.96,High,Gen Z
1459,7.6,0.8,6.6,3.6,5.4,3.3,Moderate,Gen Z
1460,8.6,2.7,7.4,3.4,1.9,3.45,High,Gen Z
1461,5.2,2.5,8.9,3.0,4.4,2.51,Low,Gen Z
1462,8.2,2.8,9.4,1.2,2.4,3.06,High,Gen Z
1463,8.8,2.2,9.4,1.9,1.7,3.85,High,Gen Z
1464,8.7,3.9,5.4,0.3,5.7,3.42,High,Gen Z
1465,9.7,2.1,8.1,2.0,2.1,3.49,High,Gen Z
1466,8.7,1.2,6.5,5.0,2.6,3.25,High,Gen Z
1467,5.4,3.5,6.3,3.6,5.2,2.85,Low,Gen Z
1468,7.1,2.8,6.7,1.7,5.7,3.16,Moderate,Gen Z
1469,10.0,3.0,8.2,1.0,1.8,3.81,High,Gen Z
1470,7.7,3.4,5.2,2.2,5.5,3.22,High,Gen Z
1471,6.2,1.8,5.4,5.7,4.9,2.98,High,Gen Z
1472,7.8,3.7,5.0,4.5,3.0,3.16,High,Gen Z
1473,9.5,0.6,5.5,2.5,5.9,3.44,High,Gen Z
1474,7.6,0.6,5.0,4.9,5.9,3.29,High,Gen Z
1475,5.4,2.5,9.6,1.3,5.2,2.69,Low,Gen Z
1476,8.0,0.7,8.7,1.8,4.8,3.25,Moderate,Gen Z
1477,7.3,2.4,5.9,4.4,4.0,3.3,High,Gen Z
1478,5.8,2.8,5.6,2.6,7.2,2.62,High,Gen Z
1479,6.2,3.0,6.3,5.3,3.2,2.91,Moderate,Gen Z
1480,8.1,0.4,7.0,4.3,4.2,3.24,High,Gen Z
1481,8.3,2.5,6.4,2.3,4.5,3.31,High,Gen Z
1482,7.5,2.8,6.2,1.9,5.6,3.02,Moderate,Gen Z
1483,6.7,0.1,6.7,4.8,5.7,3.01,Moderate,Gen Z
1484,7.3,0.1,9.4,0.1,7.1,3.29,Moderate,Gen Z
1485,9.7,2.0,6.7,5.2,0.4,3.47,High,Gen Z
1486,7.7,0.9,7.1,3.9,4.4,3.08,Moderate,Gen Z
1487,8.6,0.0,9.7,0.9,4.8,3.14,High,Gen Z
1488,5.2,0.5,9.9,1.9,6.5,2.61,Low,Gen Z
1489,5.6,0.4,8.6,5.1,4.3,2.81,Low,Gen Z
1490,6.1,2.1,6.3,5.6,3.9,2.73,Moderate,Gen Z
1491,9.5,2.3,6.8,2.1,3.3,3.74,High,Gen Z
1492,7.3,3.4,9.7,1.2,2.4,2.97,Moderate,Gen Z
1493,7.8,0.4,6.0,2.5,7.3,3.24,Moderate,Gen Z
1494,5.8,1.8,8.0,4.2,4.2,2.82,Low,Gen Z
1495,6.9,3.5,7.8,2.5,3.3,3.02,Moderate,Gen Z
1496,9.1,2.5,9.2,1.6,1.6,3.22,High,Gen Z
1497,5.6,0.1,6.5,4.2,7.6,2.71,Low,Gen Z
1498,7.5,1.7,7.1,1.4,6.3,3.32,Moderate,Gen Z
1499,5.7,0.8,5.3,1.2,11.0,2.74,High,Gen Z
1500,6.8,0.0,9.2,0.2,7.8,2.8,Moderate,Gen Z
1501,9.7,3.6,7.7,1.6,1.4,3.22,High,Gen Z
1502,8.2,0.2,5.3,2.7,7.6,3.55,High,Gen Z
1503,7.7,3.6,5.5,4.9,2.3,3.06,High,Gen Z
1504,6.6,1.6,5.8,3.0,7.0,2.73,High,Gen Z
1505,9.0,1.8,7.5,4.8,0.9,3.33,High,Gen Z
1506,6.3,3.5,7.9,1.3,5.0,3.32,Moderate,Gen Z
1507,6.3,3.2,5.2,6.0,3.3,3.0,High,Gen Z
1508,7.0,2.0,9.4,2.3,3.3,2.98,Moderate,Gen Z
1509,7.7,0.2,5.0,1.5,9.6,3.0,High,Gen Z
1510,5.6,1.6,8.2,4.3,4.3,2.91,Low,Gen Z
1511,5.9,0.3,9.7,1.6,6.5,2.76,Low,Gen Z
1512,9.1,3.1,8.0,1.3,2.5,3.46,High,Gen Z
1513,6.3,0.5,7.5,3.5,6.2,2.87,Moderate,Gen Z
1514,6.8,2.6,9.5,0.8,4.3,2.58,Moderate,Gen Z
1515,6.9,0.6,8.1,4.4,4.0,3.0,Moderate,Gen Z
1516,9.8,0.3,8.0,0.3,5.6,3.53,High,Gen Z
1517,9.5,2.1,8.3,3.4,0.7,3.35,High,Gen Z
1518,5.6,1.9,8.0,0.2,8.3,2.99,Low,Gen Z
1519,6.4,0.1,7.1,5.4,5.0,2.72,Moderate,Gen Z
1520,9.6,3.0,8.7,1.9,0.8,3.45,High,Gen Z
1521,6.0,0.8,8.4,1.3,7.5,3.19,Moderate,Gen Z
1522,8.9,1.8,9.0,3.6,0.7,3.27,High,Gen Z
1523,8.3,0.9,6.4,1.9,6.5,3.18,High,Gen Z
1524,6.0,1.8,9.5,0.6,6.1,2.78,Moderate,Gen Z
1525,8.6,2.7,5.5,5.5,1.7,2.9,High,Gen Z
1526,8.8,1.0,8.5,0.2,5.5,3.52,High,Gen Z
1527,9.2,1.8,8.2,1.1,3.7,3.6,High,Gen Z
1528,7.4,2.5,7.3,5.4,1.4,3.25,Moderate,Gen Z
1529,7.5,3.4,9.0,1.7,2.4,3.03,Moderate,Gen Z
1530,9.1,0.9,7.6,4.8,1.6,3.08,High,Gen Z
1531,6.8,2.6,6.2,0.7,7.7,3.0,Moderate,Gen Z
1532,6.4,3.4,6.7,5.8,1.7,2.98,Moderate,Gen Z
1533,9.9,1.1,5.2,4.2,3.6,3.3,High,Gen Z
1534,8.5,0.1,9.4,0.8,5.2,3.25,High,Gen Z
1535,5.6,0.7,9.8,4.2,3.7,2.75,Low,Gen Z
1536,6.7,0.9,7.4,3.3,5.7,3.26,Moderate,Gen Z
1537,8.2,1.0,9.7,0.9,4.2,2.81,High,Gen Z
1538,7.2,2.3,7.2,2.5,4.8,3.03,Moderate,Gen Z
1539,8.7,2.7,9.2,0.8,2.6,3.58,High,Gen Z
1540,6.8,1.9,6.6,0.9,7.8,3.38,Moderate,Gen Z
1541,6.1,0.4,8.4,4.0,5.1,2.88,Moderate,Gen Z
1542,7.9,3.9,7.7,4.1,0.4,3.4,Moderate,Gen Z
1543,5.4,0.8,7.2,3.5,7.1,2.71,Low,Gen Z
1544,9.0,2.4,6.0,3.0,3.6,3.32,High,Gen Z
1545,8.7,3.1,7.5,1.4,3.3,2.99,High,Gen Z
1546,8.7,1.0,5.9,3.2,5.2,3.17,High,Gen Z
1547,6.4,2.5,5.6,3.9,5.6,2.89,High,Gen Z
1548,8.9,2.4,9.9,1.0,1.8,3.44,High,Gen Z
1549,8.4,0.3,7.0,5.8,2.5,2.9,High,Gen Z
1550,5.6,2.8,8.2,2.2,5.2,2.91,Low,Gen Z
1551,9.8,0.1,6.5,5.5,2.1,3.24,High,Gen Z
1552,7.7,3.3,5.5,5.7,1.8,2.99,High,Gen Z
1553,9.0,0.7,8.6,2.2,3.5,3.62,High,Gen Z
1554,9.8,0.5,7.1,2.9,3.7,3.38,High,Gen Z
1555,6.9,1.5,5.3,4.1,6.2,2.77,High,Gen Z
1556,9.1,3.2,7.4,1.3,3.0,3.31,High,Gen Z
1557,8.2,1.2,6.2,4.4,4.0,3.08,High,Gen Z
1558,6.2,3.7,7.6,2.2,4.3,2.84,Moderate,Gen Z
1559,9.4,1.6,6.7,1.2,5.1,3.11,High,Gen Z
1560,8.4,1.2,7.9,0.4,6.1,3.06,High,Gen Z
1561,6.0,1.6,9.7,2.3,4.4,2.66,Moderate,Gen Z
1562,5.6,0.2,6.5,0.9,10.8,3.0,Low,Gen Z
1563,5.9,3.0,5.1,3.3,6.7,2.91,High,Gen Z
1564,7.8,1.3,6.5,4.4,4.0,2.69,Moderate,Gen Z
1565,9.4,0.8,5.5,5.4,2.9,3.55,High,Gen Z
1566,6.8,0.5,7.9,3.2,5.6,2.61,Moderate,Gen Z
1567,6.0,1.8,9.0,3.5,3.7,2.92,Moderate,Gen Z
1568,8.5,3.2,8.1,0.6,3.6,3.09,High,Gen Z
1569,8.6,2.7,5.1,2.5,5.1,3.54,High,Gen Z
1570,6.1,2.4,9.6,4.7,1.2,2.67,Moderate,Gen Z
1571,9.6,3.9,5.1,3.4,2.0,3.65,High,Gen Z
1572,6.3,3.9,8.1,4.5,1.2,2.89,Moderate,Gen Z
1573,5.4,0.7,8.8,0.1,9.0,2.57,Low,Gen Z
1574,8.1,2.8,6.7,0.6,5.8,3.5,High,Gen Z
1575,5.3,2.4,7.6,4.5,4.2,2.25,Low,Gen Z
1576,7.0,0.1,6.7,5.9,4.3,3.12,Moderate,Gen Z
1577,9.4,1.3,7.9,4.6,0.8,3.34,High,Gen Z
1578,5.4,2.0,9.8,4.2,2.6,2.8,Low,Gen Z
1579,5.4,0.8,8.9,5.0,3.9,3.12,Low,Gen Z
1580,5.1,3.3,8.9,1.6,5.1,3.02,Low,Gen Z
1581,8.5,0.9,5.2,1.2,8.2,3.17,High,Gen Z
1582,7.1,2.0,7.4,1.6,5.9,2.86,Moderate,Gen Z
1583,5.1,2.4,7.0,1.8,7.7,2.84,Low,Gen Z
1584,9.3,2.0,5.7,4.2,2.8,3.51,High,Gen Z
1585,6.0,1.8,5.3,5.0,5.9,2.88,High,Gen Z
1586,8.7,2.5,9.0,1.6,2.2,3.53,High,Gen Z
1587,8.9,1.8,9.7,1.8,1.8,3.63,High,Gen Z
1588,9.1,2.2,5.9,2.8,4.0,3.33,High,Gen Z
1589,9.8,3.0,9.1,0.1,2.0,3.9,High,Gen Z
1590,9.2,0.2,9.3,2.9,2.4,3.29,High,Gen Z
1591,6.0,1.3,6.4,3.2,7.1,2.84,Moderate,Gen Z
1592,6.2,1.8,7.6,4.6,3.8,2.98,Moderate,Gen Z
1593,7.2,3.2,8.1,0.6,4.9,3.04,Moderate,Gen Z
1594,7.0,3.0,7.9,2.3,3.8,2.81,Moderate,Gen Z
1595,5.9,0.9,7.9,2.5,6.8,2.63,Low,Gen Z
1596,8.3,3.4,6.3,2.9,3.1,3.26,High,Gen Z
1597,9.9,1.3,8.0,0.4,4.4,3.33,High,Gen Z
1598,9.8,2.9,8.9,1.7,0.7,3.51,High,Gen Z
1599,7.9,1.8,9.3,4.8,0.2,3.34,Moderate,Gen Z
1600,7.9,2.2,7.3,1.3,5.3,3.18,Moderate,Gen Z
1601,5.0,1.0,7.5,2.3,8.2,2.82,Low,Gen Z
1602,6.8,1.8,5.7,0.3,9.4,3.01,High,Gen Z
1603,8.9,2.3,8.8,0.6,3.4,3.02,High,Gen Z
1604,6.1,0.0,5.7,1.9,10.3,3.01,High,Gen Z
1605,5.6,3.9,6.5,0.8,7.2,2.92,Low,Gen Z
1606,5.3,3.4,9.8,1.4,4.1,2.53,Low,Gen Z
1607,7.3,0.1,8.2,2.5,5.9,2.92,Moderate,Gen Z
1608,8.3,1.7,5.9,4.1,4.0,3.11,High,Gen Z
1609,7.8,3.4,5.6,4.7,2.5,3.02,High,Gen Z
1610,8.5,1.8,9.7,0.6,3.4,3.34,High,Gen Z
1611,8.2,1.5,9.8,1.5,3.0,3.4,High,Gen Z
1612,10.0,1.0,7.2,3.0,2.8,3.37,High,Gen Z
1613,6.5,0.1,6.1,1.7,9.6,2.72,Moderate,Gen Z
1614,9.4,2.8,5.4,3.9,2.5,3.37,High,Gen Z
1615,8.3,3.8,5.0,1.5,5.4,3.43,High,Gen Z
1616,5.5,2.1,6.2,1.1,9.1,2.98,Low,Gen Z
1617,9.1,0.5,7.3,5.6,1.5,3.37,High,Gen Z
1618,5.9,1.3,7.1,1.9,7.8,2.91,Low,Gen Z
1619,6.4,3.9,5.8,4.4,3.5,2.91,High,Gen Z
1620,5.9,2.6,8.6,4.1,2.8,2.98,Low,Gen Z
1621,6.6,1.0,9.8,5.5,1.1,3.23,Moderate,Gen Z
1622,7.3,1.7,5.8,2.6,6.6,3.07,High,Gen Z
1623,7.7,0.1,7.2,4.7,4.3,3.37,Moderate,Gen Z
1624,9.5,0.1,7.8,4.7,1.9,3.71,High,Gen Z
1625,7.7,1.3,5.7,5.3,4.0,3.36,High,Gen Z
1626,7.9,2.7,9.0,2.9,1.5,3.17,Moderate,Gen Z
1627,7.0,2.1,9.0,2.2,3.7,2.89,Moderate,Gen Z
1628,9.6,0.4,8.2,2.4,3.4,3.4,High,Gen Z
1629,7.0,2.7,5.3,3.6,5.4,3.17,High,Gen Z
1630,5.9,3.6,8.3,5.3,0.9,2.99,Low,Gen Z
1631,7.4,2.2,9.6,4.3,0.5,2.77,Moderate,Gen Z
1632,7.0,1.6,6.4,1.6,7.4,2.97,Moderate,Gen Z
1633,9.3,0.3,8.4,1.0,5.0,3.29,High,Gen Z
1634,6.3,3.1,9.4,1.2,4.0,2.91,Moderate,Gen Z
1635,7.3,1.9,9.4,4.1,1.3,3.51,Moderate,Gen Z
1636,9.2,0.0,7.0,5.4,2.4,3.41,High,Gen Z
1637,8.7,2.2,7.6,1.9,3.6,3.73,High,Gen Z
1638,7.1,2.9,9.3,0.7,4.0,3.12,Moderate,Gen Z
1639,7.3,1.6,8.4,1.5,5.2,3.27,Moderate,Gen Z
1640,7.1,3.6,10.0,0.4,2.9,3.13,Moderate,Gen Z
1641,6.2,3.8,9.8,0.4,3.8,3.17,Moderate,Gen Z
1642,5.1,2.4,6.4,5.2,4.9,2.77,Low,Gen Z
1643,6.4,2.7,8.4,1.3,5.2,2.94,Moderate,Gen Z
1644,6.4,3.2,9.0,2.5,2.9,2.87,Moderate,Gen Z
1645,8.0,2.4,9.1,1.9,2.6,3.01,Moderate,Gen Z
1646,7.7,1.8,7.2,0.5,6.8,2.97,Moderate,Gen Z
1647,8.6,0.9,6.0,2.5,6.0,3.38,High,Gen Z
1648,6.9,1.8,7.7,1.2,6.4,2.75,Moderate,Gen Z
1649,5.8,3.5,7.2,2.5,5.0,2.87,Low,Gen Z
1650,7.8,2.2,8.5,1.0,4.5,3.06,Moderate,Gen Z
1651,6.3,3.2,9.7,0.7,4.1,2.65,Moderate,Gen Z
1652,5.3,1.3,5.7,4.3,7.4,2.79,High,Gen Z
1653,7.7,0.6,5.0,4.8,5.9,3.23,High,Gen Z
1654,6.7,2.3,6.6,0.5,7.9,2.77,Moderate,Gen Z
1655,6.1,0.8,7.1,3.9,6.1,3.4,Moderate,Gen Z
1656,9.8,2.4,7.4,2.5,1.9,3.56,High,Gen Z
1657,9.6,3.3,6.6,1.1,3.4,3.45,High,Gen Z
1658,8.7,2.0,5.3,4.3,3.7,2.96,High,Gen Z
1659,9.0,1.2,8.3,2.3,3.2,3.74,High,Gen Z
1660,9.4,2.0,6.6,4.5,1.5,3.46,High,Gen Z
1661,6.1,1.6,9.3,4.3,2.7,2.65,Moderate,Gen Z
1662,6.8,1.1,5.9,4.5,5.7,2.93,High,Gen Z
1663,6.3,1.8,6.9,5.9,3.1,2.8,Moderate,Gen Z
1664,5.4,2.4,8.0,2.5,5.7,2.77,Low,Gen Z
1665,7.2,0.2,7.6,3.0,6.0,2.83,Moderate,Gen Z
1666,6.3,0.7,9.8,5.1,2.1,3.03,Moderate,Gen Z
1667,6.2,1.3,6.0,3.0,7.5,3.12,Moderate,Gen Z
1668,5.8,3.2,9.0,0.8,5.2,2.88,Low,Gen Z
1669,7.0,0.7,6.3,1.6,8.4,2.63,Moderate,Gen Z
1670,9.7,0.5,9.9,0.9,3.0,3.72,High,Gen Z
1671,8.9,1.4,5.7,5.1,2.9,3.55,High,Gen Z
1672,7.8,1.9,7.5,4.4,2.4,2.91,Moderate,Gen Z
1673,5.4,2.7,9.5,0.3,6.1,2.9,Low,Gen Z
1674,7.2,1.6,5.7,3.0,6.5,2.94,High,Gen Z
1675,5.6,1.9,8.8,1.5,6.2,2.89,Low,Gen Z
1676,8.4,3.4,7.1,3.9,1.2,3.26,High,Gen Z
1677,5.2,0.5,6.0,2.4,9.9,2.69,Low,Gen Z
1678,8.3,2.8,7.9,1.8,3.2,3.44,High,Gen Z
1679,7.9,1.4,5.4,6.0,3.3,3.11,High,Gen Z
1680,8.3,1.3,7.0,1.6,5.8,3.39,High,Gen Z
1681,6.7,1.6,8.6,3.1,4.0,3.54,Moderate,Gen Z
1682,9.6,0.2,7.9,5.1,1.2,3.46,High,Gen Z
1683,6.2,3.5,5.1,4.4,4.8,2.97,High,Gen Z
1684,7.2,0.2,9.6,2.8,4.2,3.19,Moderate,Gen Z
1685,5.1,2.8,7.4,0.7,8.0,3.15,Low,Gen Z
1686,7.5,3.3,9.3,2.4,1.5,3.36,Moderate,Gen Z
1687,5.1,2.8,7.1,3.4,5.6,2.5,Low,Gen Z
1688,9.6,0.5,8.4,0.0,5.5,3.7,High,Gen Z
1689,9.6,0.5,5.5,2.0,6.4,3.19,High,Gen Z
1690,7.9,1.8,5.2,1.9,7.2,3.07,High,Gen Z
1691,9.1,2.8,8.6,2.4,1.1,3.24,High,Gen Z
1692,6.4,3.3,9.9,2.2,2.2,2.9,Moderate,Gen Z
1693,5.0,0.6,6.6,3.5,8.3,2.89,Low,Gen Z
1694,8.9,3.0,8.0,2.6,1.5,3.29,High,Gen Z
1695,8.2,2.5,7.8,5.4,0.1,3.4,High,Gen Z
1696,9.4,0.9,5.4,2.9,5.4,3.56,High,Gen Z
1697,7.6,3.3,7.2,3.4,2.5,3.03,Moderate,Gen Z
1698,8.1,3.3,5.8,3.6,3.2,3.22,High,Gen Z
1699,8.0,0.7,5.6,5.9,3.8,2.93,High,Gen Z
1700,5.9,2.7,8.0,3.9,3.5,2.78,Low,Gen Z
1701,5.4,3.6,6.9,1.9,6.2,2.35,Low,Gen Z
1702,9.3,3.7,6.5,3.9,0.6,3.24,High,Gen Z
1703,8.9,3.7,6.2,3.0,2.2,3.49,High,Gen Z
1704,5.0,2.3,6.7,1.9,8.1,2.64,Low,Gen Z
1705,8.2,3.4,8.0,3.8,0.6,3.26,High,Gen Z
1706,7.3,0.0,7.8,4.0,4.9,2.75,Moderate,Gen Z
1707,8.0,2.9,7.9,0.3,4.9,3.25,Moderate,Gen Z
1708,6.4,0.3,7.1,3.3,6.9,2.77,Moderate,Gen Z
1709,6.6,2.9,8.2,2.0,4.3,3.14,Moderate,Gen Z
1710,8.2,2.2,5.1,4.2,4.3,3.48,High,Gen Z
1711,6.9,3.8,9.1,2.5,1.7,2.88,Moderate,Gen Z
1712,6.7,1.9,6.5,3.1,5.8,2.87,Moderate,Gen Z
1713,5.8,3.9,5.5,5.6,3.2,2.88,High,Gen Z
1714,8.6,1.7,8.2,1.9,3.6,3.46,High,Gen Z
1715,6.5,2.3,7.5,3.5,4.2,2.8,Moderate,Gen Z
1716,5.4,0.2,6.3,0.4,11.7,2.53,Low,Gen Z
1717,5.5,3.3,5.2,4.0,6.0,2.95,High,Gen Z
1718,7.4,1.2,7.6,2.3,5.5,3.03,Moderate,Gen Z
1719,7.8,0.5,10.0,2.4,3.3,3.43,Moderate,Gen Z
1720,6.8,3.3,7.3,4.3,2.3,2.83,Moderate,Gen Z
1721,5.5,3.4,8.7,1.3,5.1,2.74,Low,Gen Z
1722,9.9,1.0,7.3,0.2,5.6,3.32,High,Gen Z
1723,7.0,2.3,9.8,2.5,2.4,3.09,Moderate,Gen Z
1724,5.2,1.3,7.9,5.7,3.9,3.04,Low,Gen Z
1725,9.3,0.9,6.1,1.2,6.5,3.29,High,Gen Z
1726,7.5,1.9,6.3,3.0,5.3,3.4,Moderate,Gen Z
1727,5.2,0.5,9.4,4.5,4.4,2.9,Low,Gen Z
1728,6.8,3.0,8.9,4.0,1.3,2.49,Moderate,Gen Z
1729,8.6,0.8,6.7,2.8,5.1,3.52,High,Gen Z
1730,6.6,0.6,7.0,5.9,3.9,2.83,Moderate,Gen Z
1731,6.1,2.4,7.2,0.4,7.9,3.29,Moderate,Gen Z
1732,7.6,3.5,6.4,0.5,6.0,3.12,Moderate,Gen Z
1733,9.7,1.5,7.9,3.9,1.0,3.69,High,Gen Z
1734,5.7,1.2,5.7,4.9,6.5,2.66,High,Gen Z
1735,6.1,2.9,9.7,2.8,2.5,2.5,Moderate,Gen Z
1736,6.6,1.9,8.0,5.9,1.6,3.41,Moderate,Gen Z
1737,9.7,3.4,9.4,0.7,0.8,3.6,High,Gen Z
1738,7.0,3.8,7.1,3.6,2.5,3.11,Moderate,Gen Z
1739,8.5,3.8,6.2,4.1,1.4,2.93,High,Gen Z
1740,8.9,2.2,8.3,1.5,3.1,3.37,High,Gen Z
1741,7.4,2.5,7.0,1.2,5.9,3.11,Moderate,Gen Z
1742,8.7,1.6,6.8,2.4,4.5,3.42,High,Gen Z
1743,7.0,2.2,7.7,3.0,4.1,3.05,Moderate,Gen Z
1744,5.8,0.5,9.7,3.6,4.4,2.65,Low,Gen Z
1745,8.3,1.6,9.5,2.9,1.7,3.12,High,Gen Z
1746,9.8,3.3,9.3,0.3,1.3,3.73,High,Gen Z
1747,6.4,1.1,6.4,5.1,5.0,2.79,Moderate,Gen Z
1748,6.2,3.2,7.8,0.0,6.8,2.8,Moderate,Gen Z
1749,7.1,1.6,5.6,4.1,5.6,3.28,High,Gen Z
1750,8.6,0.0,9.8,4.6,1.0,3.48,High,Gen Z
1751,9.5,0.1,9.7,3.8,0.9,3.57,High,Gen Z
1752,9.7,1.8,8.0,2.1,2.4,3.82,High,Gen Z
1753,9.7,0.3,7.5,4.1,2.4,3.53,High,Gen Z
1754,9.5,3.8,5.3,2.2,3.2,3.7,High,Gen Z
1755,5.1,1.3,7.7,5.5,4.4,2.8,Low,Gen Z
1756,7.7,1.1,9.5,5.3,0.4,2.99,Moderate,Gen Z
1757,7.0,3.6,6.9,4.4,2.1,2.84,Moderate,Gen Z
1758,9.6,1.8,8.7,1.4,2.5,3.43,High,Gen Z
1759,5.1,0.4,7.5,4.1,6.9,3.01,Low,Gen Z
1760,8.5,2.8,7.5,4.8,0.4,3.06,High,Gen Z
1761,7.4,1.8,6.0,1.8,7.0,3.13,Moderate,Gen Z
1762,6.2,1.2,8.9,2.0,5.7,2.85,Moderate,Gen Z
1763,6.2,0.7,8.9,0.8,7.4,3.02,Moderate,Gen Z
1764,8.4,2.5,9.1,0.2,3.8,2.65,High,Gen Z
1765,6.5,1.1,5.7,1.7,9.0,3.02,High,Gen Z
1766,8.3,1.5,8.6,1.9,3.7,2.86,High,Gen Z
1767,6.5,2.2,5.1,0.5,9.7,3.1,High,Gen Z
1768,8.6,0.4,9.2,4.2,1.6,3.27,High,Gen Z
1769,8.1,3.3,7.0,1.2,4.4,3.8,High,Gen Z
1770,7.7,2.3,9.7,3.9,0.4,3.3,Moderate,Gen Z
1771,9.4,3.2,9.7,0.2,1.5,3.4,High,Gen Z
1772,9.2,2.0,8.7,0.6,3.5,3.03,High,Gen Z
1773,6.3,2.9,5.8,2.1,6.9,2.78,High,Gen Z
1774,8.5,1.5,7.8,0.6,5.6,3.02,High,Gen Z
1775,9.0,1.5,8.2,3.8,1.5,3.41,High,Gen Z
1776,8.1,1.7,5.9,5.7,2.6,3.17,High,Gen Z
1777,8.8,0.8,6.7,4.9,2.8,3.53,High,Gen Z
1778,7.2,2.9,6.9,1.3,5.7,3.23,Moderate,Gen Z
1779,8.2,3.9,6.6,2.4,2.9,3.32,High,Gen Z
1780,9.2,3.0,5.3,6.0,0.5,3.77,High,Gen Z
1781,8.8,3.5,8.3,2.9,0.5,3.26,High,Gen Z
1782,9.4,0.8,5.4,4.7,3.7,3.25,High,Gen Z
1783,9.2,0.7,9.3,3.3,1.5,3.64,High,Gen Z
1784,7.1,0.8,6.4,3.0,6.7,3.08,Moderate,Gen Z
1785,7.7,3.2,9.0,2.4,1.7,3.03,Moderate,Gen Z
1786,5.3,3.5,5.4,1.5,8.3,2.91,High,Gen Z
1787,8.5,1.6,9.4,1.3,3.2,2.9,High,Gen Z
1788,7.7,3.5,9.6,0.9,2.3,3.39,Moderate,Gen Z
1789,7.3,2.2,9.7,4.8,0.0,3.25,Moderate,Gen Z
1790,6.9,0.0,5.0,2.8,9.3,2.85,High,Gen Z
1791,7.4,0.1,8.4,1.8,6.3,2.75,Moderate,Gen Z
1792,5.8,1.6,6.2,3.2,7.2,2.98,Low,Gen Z
1793,6.0,2.0,5.8,4.0,6.2,2.81,High,Gen Z
1794,7.3,0.3,8.0,1.6,6.8,3.15,Moderate,Gen Z
1795,7.6,2.1,9.6,2.6,2.1,2.78,Moderate,Gen Z
1796,9.7,3.1,6.4,4.1,0.7,3.76,High,Gen Z
1797,7.2,3.3,9.1,0.8,3.6,2.87,Moderate,Gen Z
1798,6.5,1.2,8.6,1.4,6.3,3.18,Moderate,Gen Z
1799,5.0,2.9,5.9,0.6,9.6,2.63,High,Gen Z
1800,7.4,0.2,9.9,4.3,2.2,2.84,Moderate,Gen Z
1801,6.6,1.3,7.2,3.8,5.1,2.93,Moderate,Gen Z
1802,9.3,1.0,6.9,5.2,1.6,3.32,High,Gen Z
1803,8.3,1.4,8.4,0.1,5.8,3.23,High,Gen Z
1804,9.1,3.8,9.6,1.4,0.1,3.71,High,Gen Z
1805,7.6,1.4,7.3,4.1,3.6,3.09,Moderate,Gen Z
1806,9.6,3.3,9.9,1.1,0.1,3.5,High,Gen Z
1807,6.4,0.4,5.6,1.7,9.9,3.21,High,Gen Z
1808,9.5,2.5,5.0,1.1,5.9,3.52,High,Gen Z
1809,5.5,1.5,7.5,0.3,9.2,2.61,Low,Gen Z
1810,8.2,1.9,7.5,2.6,3.8,3.13,High,Gen Z
1811,9.8,0.9,7.6,4.2,1.5,3.62,High,Gen Z
1812,6.9,1.9,5.4,3.7,6.1,3.05,High,Gen Z
1813,6.4,0.6,7.7,3.2,6.1,3.0,Moderate,Gen Z
1814,8.1,0.8,7.3,4.3,3.5,3.12,High,Gen Z
1815,7.6,1.6,6.6,3.7,4.5,3.18,Moderate,Gen Z
1816,5.4,1.8,9.5,0.6,6.7,2.9,Low,Gen Z
1817,9.9,3.8,5.4,4.6,0.3,3.69,High,Gen Z
1818,7.1,1.8,8.2,4.6,2.3,2.98,Moderate,Gen Z
1819,5.2,2.4,5.9,2.1,8.4,2.69,High,Gen Z
1820,6.7,0.4,5.7,0.2,11.0,2.58,High,Gen Z
1821,7.4,3.8,5.6,5.7,1.5,3.27,High,Gen Z
1822,8.2,3.3,5.5,3.0,4.0,3.5,High,Gen Z
1823,8.5,2.3,9.2,0.3,3.7,3.34,High,Gen Z
1824,6.9,1.4,8.1,5.3,2.3,3.42,Moderate,Gen Z
1825,7.5,3.3,7.0,0.6,5.6,2.82,Moderate,Gen Z
1826,8.6,3.0,5.3,1.3,5.8,3.06,High,Gen Z
1827,6.4,2.2,5.7,0.8,8.9,2.89,High,Gen Z
1828,6.8,3.2,7.6,0.8,5.6,2.78,Moderate,Gen Z
1829,8.7,1.6,6.3,2.3,5.1,2.87,High,Gen Z
1830,6.2,1.6,5.1,4.6,6.5,2.92,High,Gen Z
1831,5.9,0.2,8.3,4.6,5.0,2.88,Low,Gen Z
1832,6.0,2.9,8.5,1.5,5.1,3.17,Moderate,Gen Z
1833,9.5,0.4,9.9,3.6,0.6,3.5,High,Gen Z
1834,8.6,0.8,7.2,0.4,7.0,3.32,High,Gen Z
1835,6.9,3.0,6.9,2.0,5.2,3.23,Moderate,Gen Z
1836,5.2,1.5,5.8,4.2,7.3,2.83,High,Gen Z
1837,5.5,2.7,6.4,1.2,8.2,2.75,Low,Gen Z
1838,7.4,2.0,6.6,0.8,7.2,3.1,Moderate,Gen Z
1839,6.9,2.7,8.9,2.9,2.6,2.77,Moderate,Gen Z
1840,6.4,0.6,6.2,1.3,9.5,3.04,Moderate,Gen Z
1841,7.6,2.3,9.7,0.9,3.5,3.36,Moderate,Gen Z
1842,7.8,1.0,6.3,0.2,8.7,3.27,Moderate,Gen Z
1843,6.5,3.0,5.2,1.3,8.0,3.17,High,Gen Z
1844,7.3,2.8,6.9,1.0,6.0,3.24,Moderate,Gen Z
1845,7.0,2.3,9.7,0.3,4.7,2.64,Moderate,Gen Z
1846,7.5,0.1,6.6,4.9,4.9,3.14,Moderate,Gen Z
1847,7.8,1.8,6.4,1.8,6.2,3.39,Moderate,Gen Z
1848,9.8,1.8,7.0,4.6,0.8,3.39,High,Gen Z
1849,7.1,2.2,6.2,4.5,4.0,3.34,Moderate,Gen Z
1850,8.9,0.9,8.6,4.5,1.1,3.36,High,Gen Z
1851,6.7,0.7,5.0,2.7,8.9,3.15,High,Gen Z
1852,5.9,3.4,6.3,1.4,7.0,2.48,Low,Gen Z
1853,7.4,2.0,6.1,1.6,6.9,3.22,Moderate,Gen Z
1854,8.9,1.8,8.6,3.5,1.2,3.17,High,Gen Z
1855,5.7,3.9,9.1,1.1,4.2,2.81,Low,Gen Z
1856,5.7,3.0,7.3,4.7,3.3,2.82,Low,Gen Z
1857,8.7,2.4,8.4,0.1,4.4,3.51,High,Gen Z
1858,5.0,0.1,9.3,4.1,5.5,2.47,Low,Gen Z
1859,6.3,2.8,9.0,1.8,4.1,2.79,Moderate,Gen Z
1860,7.5,3.1,6.1,1.6,5.7,3.07,Moderate,Gen Z
1861,6.2,4.0,6.0,3.5,4.3,2.88,Moderate,Gen Z
1862,8.2,3.0,9.9,0.5,2.4,3.3,High,Gen Z
1863,8.8,1.4,5.9,2.5,5.4,3.29,High,Gen Z
1864,7.7,4.0,7.0,3.3,2.0,3.44,Moderate,Gen Z
1865,6.8,1.6,8.5,5.6,1.5,3.33,Moderate,Gen Z
1866,5.4,0.8,7.5,0.1,10.2,2.86,Low,Gen Z
1867,6.3,2.1,5.1,1.6,8.9,3.49,High,Gen Z
1868,9.6,2.6,7.1,4.4,0.3,3.54,High,Gen Z
1869,8.9,0.8,5.7,4.1,4.5,3.62,High,Gen Z
1870,8.7,2.5,9.9,1.5,1.4,3.36,High,Gen Z
1871,5.6,3.3,6.3,4.7,4.1,2.85,Low,Gen Z
1872,8.0,1.8,6.8,2.1,5.3,3.23,Moderate,Gen Z
1873,8.2,3.0,8.4,0.9,3.5,3.52,High,Gen Z
1874,7.4,2.1,8.9,3.7,1.9,3.1,Moderate,Gen Z
1875,7.0,3.6,5.8,6.0,1.6,2.99,High,Gen Z
1876,8.6,3.2,9.3,2.9,0.0,3.38,High,Gen Z
1877,6.5,2.8,5.6,2.4,6.7,2.9,High,Gen Z
1878,8.0,2.0,8.2,5.6,0.2,3.4,Moderate,Gen Z
1879,5.3,2.3,9.3,2.9,4.2,2.82,Low,Gen Z
1880,6.7,0.6,9.2,3.1,4.4,2.85,Moderate,Gen Z
1881,9.7,3.2,8.5,0.0,2.6,3.19,High,Gen Z
1882,9.6,0.7,6.4,3.1,4.2,3.38,High,Gen Z
1883,6.3,0.8,8.0,0.5,8.4,2.91,Moderate,Gen Z
1884,8.6,2.2,7.1,3.4,2.7,3.18,High,Gen Z
1885,6.8,3.7,5.3,4.0,4.2,3.04,High,Gen Z
1886,5.9,1.2,8.6,0.5,7.8,2.92,Low,Gen Z
1887,9.1,2.9,8.6,0.3,3.1,3.56,High,Gen Z
1888,9.2,0.2,5.1,2.2,7.3,3.61,High,Gen Z
1889,5.7,2.2,9.6,2.3,4.2,2.98,Low,Gen Z
1890,5.5,2.4,7.3,5.6,3.2,2.77,Low,Gen Z
1891,5.6,0.8,5.1,2.6,9.9,2.97,High,Gen Z
1892,8.0,2.5,7.7,0.5,5.3,3.12,Moderate,Gen Z
1893,7.2,4.0,9.2,3.2,0.4,2.95,Moderate,Gen Z
1894,7.4,2.7,9.4,3.4,1.1,3.04,Moderate,Gen Z
1895,9.7,0.2,5.1,4.0,5.0,3.25,High,Gen Z
1896,6.7,1.1,7.6,2.6,6.0,2.83,Moderate,Gen Z
1897,7.6,2.7,6.9,1.5,5.3,3.05,Moderate,Gen Z
1898,8.7,3.0,8.3,0.9,3.1,3.1,High,Gen Z
1899,7.9,2.3,7.4,3.3,3.1,3.75,Moderate,Gen Z
1900,8.6,0.4,8.7,0.8,5.5,3.22,High,Gen Z
1901,5.3,3.9,9.8,0.3,4.7,2.53,Low,Gen Z
1902,7.4,3.3,9.8,2.2,1.3,3.06,Moderate,Gen Z
1903,6.8,2.4,6.6,5.5,2.7,3.05,Moderate,Gen Z
1904,6.6,1.2,5.2,4.9,6.1,3.2,High,Gen Z
1905,7.3,1.3,7.4,4.9,3.1,2.83,Moderate,Gen Z
1906,6.9,1.3,5.9,3.6,6.3,2.94,High,Gen Z
1907,7.4,3.5,5.2,3.9,4.0,3.26,High,Gen Z
1908,9.4,2.9,9.6,0.7,1.4,3.57,High,Gen Z
1909,7.5,0.1,5.0,1.4,10.0,3.07,High,Gen Z
1910,5.9,0.1,9.5,0.0,8.5,2.79,Low,Gen Z
1911,8.7,0.6,9.6,4.6,0.5,3.57,High,Gen Z
1912,5.0,3.9,9.4,5.1,0.6,2.98,Low,Gen Z
1913,8.3,1.4,9.5,1.4,3.4,3.06,High,Gen Z
1914,9.6,0.6,6.1,3.3,4.4,3.47,High,Gen Z
1915,8.8,2.5,6.2,0.0,6.5,3.29,High,Gen Z
1916,9.5,1.6,7.6,2.5,2.8,3.7,High,Gen Z
1917,7.2,3.1,7.6,1.9,4.2,2.79,Moderate,Gen Z
1918,5.7,2.6,8.4,4.5,2.8,2.94,Low,Gen Z
1919,7.5,3.6,9.7,2.6,0.6,2.84,Moderate,Gen Z
1920,9.9,1.1,6.0,2.7,4.3,3.68,High,Gen Z
1921,5.3,3.9,7.9,3.3,3.6,2.79,Low,Gen Z
1922,5.2,2.4,8.6,2.5,5.3,3.21,Low,Gen Z
1923,8.8,0.9,6.1,1.0,7.2,3.53,High,Gen Z
1924,9.1,1.5,7.9,4.0,1.5,3.29,High,Gen Z
1925,6.2,0.7,9.9,3.7,3.5,2.73,Moderate,Gen Z
1926,6.3,2.0,6.6,1.0,8.1,3.09,Moderate,Gen Z
1927,6.3,0.1,8.5,3.0,6.1,2.99,Moderate,Gen Z
1928,5.5,3.0,5.1,1.5,8.9,2.66,High,Gen Z
1929,9.5,2.9,5.4,4.9,1.3,3.67,High,Gen Z
1930,8.0,2.7,10.0,0.8,2.5,3.2,Moderate,Gen Z
1931,8.1,1.8,5.2,0.1,8.8,3.28,High,Gen Z
1932,7.8,2.2,5.2,2.8,6.0,3.0,High,Gen Z
1933,9.6,1.6,8.1,3.7,1.0,3.46,High,Gen Z
1934,9.3,1.6,9.4,0.9,2.8,3.69,High,Gen Z
1935,6.4,0.2,9.0,2.5,5.9,2.81,Moderate,Gen Z
1936,9.5,3.3,7.8,2.1,1.3,3.28,High,Gen Z
1937,7.4,1.6,9.6,0.7,4.7,2.75,Moderate,Gen Z
1938,7.5,1.8,7.6,0.8,6.3,2.93,Moderate,Gen Z
1939,7.6,1.0,5.9,0.4,9.1,3.06,High,Gen Z
1940,8.1,2.9,8.4,2.2,2.4,3.52,High,Gen Z
1941,6.9,1.5,8.2,3.0,4.4,2.99,Moderate,Gen Z
1942,8.2,1.2,5.1,5.3,4.2,3.19,High,Gen Z
1943,6.1,3.7,8.6,4.3,1.3,2.79,Moderate,Gen Z
1944,7.6,0.7,6.5,1.9,7.3,3.0,Moderate,Gen Z
1945,5.8,0.8,8.9,1.0,7.5,2.89,Low,Gen Z
1946,9.9,1.3,5.6,3.4,3.8,3.43,High,Gen Z
1947,9.5,3.1,8.1,1.0,2.3,3.25,High,Gen Z
1948,8.4,2.9,9.8,0.8,2.1,3.28,High,Gen Z
1949,5.1,2.2,8.5,4.7,3.5,2.64,Low,Gen Z
1950,7.6,1.3,9.3,2.7,3.1,2.98,Moderate,Gen Z
1951,9.0,2.3,8.9,1.3,2.5,3.24,High,Gen Z
1952,7.7,0.9,7.4,1.9,6.1,3.31,Moderate,Gen Z
1953,6.3,3.9,5.8,4.7,3.3,2.73,High,Gen Z
1954,5.2,1.6,9.7,0.1,7.4,2.95,Low,Gen Z
1955,7.9,2.0,9.4,0.4,4.3,3.42,Moderate,Gen Z
1956,8.3,3.8,9.1,0.1,2.7,3.48,High,Gen Z
1957,7.4,1.6,6.6,2.7,5.7,2.88,Moderate,Gen Z
1958,9.9,0.4,9.6,2.0,2.1,3.09,High,Gen Z
1959,8.1,3.3,6.8,2.5,3.3,2.86,High,Gen Z
1960,9.6,3.3,5.5,0.6,5.0,3.19,High,Gen Z
1961,7.1,0.4,8.1,0.9,7.5,3.02,Moderate,Gen Z
1962,6.6,2.7,7.4,5.9,1.4,2.99,Moderate,Gen Z
1963,9.4,1.4,5.2,5.1,2.9,3.59,High,Gen Z
1964,9.5,0.9,9.5,1.3,2.8,3.24,High,Gen Z
1965,9.9,1.1,9.8,0.2,3.0,3.54,High,Gen Z
1966,7.4,0.9,8.5,1.1,6.1,3.48,Moderate,Gen Z
1967,7.8,1.0,9.8,0.2,5.2,3.04,Moderate,Gen Z
1968,7.1,0.9,7.5,5.2,3.3,2.92,Moderate,Gen Z
1969,8.6,2.3,5.4,4.2,3.5,3.38,High,Gen Z
1970,6.3,1.7,6.8,5.2,4.0,2.84,Moderate,Gen Z
1971,5.6,2.3,5.7,4.2,6.2,2.81,High,Gen Z
1972,7.4,3.7,7.6,2.6,2.7,3.29,Moderate,Gen Z
1973,7.9,2.8,5.5,4.9,2.9,3.03,High,Gen Z
1974,8.9,1.5,5.5,3.8,4.3,3.31,High,Gen Z
1975,9.4,3.6,9.8,1.0,0.2,3.32,High,Gen Z
1976,8.0,2.4,6.8,5.4,1.4,3.42,Moderate,Gen Z
1977,7.5,1.9,10.0,2.3,2.3,3.14,Moderate,Gen Z
1978,9.1,3.1,8.9,2.1,0.8,3.1,High,Gen Z
1979,6.3,3.4,9.5,0.9,3.9,2.97,Moderate,Gen Z
1980,8.2,2.2,5.3,4.5,3.8,3.43,High,Gen Z
1981,7.5,2.6,7.5,3.0,3.4,3.02,Moderate,Gen Z
1982,5.8,0.8,9.9,0.9,6.6,2.71,Low,Gen Z
1983,6.3,2.4,8.1,0.9,6.3,3.07,Moderate,Gen Z
1984,6.2,1.2,9.7,5.0,1.9,3.06,Moderate,Gen Z
1985,8.5,0.3,7.1,3.4,4.7,3.23,High,Gen Z
1986,8.0,1.3,8.9,4.9,0.9,2.93,Moderate,Gen Z
1987,6.6,3.4,5.5,5.0,3.5,2.9,High,Gen Z
1988,9.5,1.5,6.4,3.0,3.6,3.86,High,Gen Z
1989,7.3,1.4,8.5,4.6,2.2,3.28,Moderate,Gen Z
1990,7.0,2.7,7.4,6.0,0.9,2.85,Moderate,Gen Z
1991,8.6,3.8,9.2,2.2,0.2,3.26,High,Gen Z
1992,6.3,1.5,5.1,3.1,8.0,3.21,High,Gen Z
1993,7.5,2.1,9.9,4.1,0.4,3.04,Moderate,Gen Z
1994,7.1,1.4,9.0,3.1,3.4,2.85,Moderate,Gen Z
1995,7.9,3.4,9.0,0.5,3.2,3.08,Moderate,Gen Z
1996,6.5,0.2,7.4,2.1,7.8,3.32,Moderate,Gen Z
1997,6.3,2.8,8.8,1.5,4.6,2.65,Moderate,Gen Z
1998,6.2,0.0,6.2,0.8,10.8,3.14,Moderate,Gen Z
1999,8.1,0.7,7.6,3.5,4.1,3.04,High,Gen Z
2000,9.0,1.7,7.3,3.1,2.9,3.58,High,Gen Z
2001,1.9,1.8,8.9,1.3,1.4,3.51,Moderate,Gen Z
2002,5.0,2.4,6.3,5.1,3.9,2.17,High,Gen Z
2003,4.2,0.9,7.9,0.0,4.6,2.71,Moderate,Gen Z
2004,3.4,0.2,6.9,1.8,0.7,3.38,Moderate,Gen Z
2005,1.6,2.8,7.1,5.3,3.8,3.21,High,Gen Z
2006,6.1,0.9,5.3,2.5,1.9,3.13,Low,Gen Z
2007,3.9,2.1,6.8,4.9,4.6,2.91,High,Gen Z
2008,5.4,1.5,6.8,2.4,3.1,2.61,Low,Gen Z
2009,6.0,1.8,6.6,3.7,4.6,3.32,High,Gen Z
2010,5.4,2.6,7.3,1.8,2.0,2.87,High,Gen Z
2011,4.7,0.0,7.4,0.0,3.6,3.23,High,Gen Z
2012,5.9,1.9,7.1,2.4,5.6,2.77,High,Gen Z
2013,5.7,3.8,5.9,0.8,3.0,3.11,Moderate,Gen Z
2014,5.8,3.7,7.6,2.8,4.2,3.04,Moderate,Gen Z
2015,2.7,1.5,8.6,0.0,3.3,2.82,High,Gen Z
2016,4.5,1.0,8.6,1.4,6.3,2.96,Moderate,Gen Z
2017,4.1,1.2,7.6,1.3,5.8,2.77,Moderate,Gen Z
2018,9.1,2.2,10.0,1.0,2.4,2.66,Low,Gen Z
2019,4.1,0.7,7.6,2.0,2.6,2.95,Moderate,Gen Z
2020,6.8,1.8,8.3,2.1,4.0,3.18,Moderate,Gen Z
2021,2.6,2.8,7.7,2.9,2.6,3.17,Moderate,Gen Z
2022,4.4,2.9,7.7,4.2,4.7,3.12,High,Gen Z
2023,3.0,0.1,8.2,3.2,3.2,2.91,High,Gen Z
2024,5.3,1.9,5.9,4.0,6.2,2.51,Moderate,Gen Z
2025,7.5,0.0,6.8,1.5,5.2,2.94,Moderate,Gen Z
2026,3.8,0.3,5.6,2.9,4.7,3.59,High,Gen Z
2027,6.1,3.3,5.9,0.0,2.7,2.71,Low,Gen Z
2028,6.1,1.6,5.8,5.9,4.5,2.73,Low,Gen Z
2029,5.9,1.8,6.5,3.2,3.1,3.51,Moderate,Gen Z
2030,4.7,1.8,6.4,4.1,2.8,2.7,Moderate,Gen Z
2031,4.8,3.0,7.7,4.9,4.5,2.75,Moderate,Gen Z
2032,5.2,2.2,5.8,1.8,3.9,3.18,Low,Gen Z
2033,5.3,1.3,7.1,2.6,2.8,2.64,High,Gen Z
2034,5.2,3.2,8.5,6.4,1.9,3.02,Low,Gen Z
2035,6.1,3.8,6.0,5.3,5.5,2.98,Moderate,Gen Z
2036,4.8,2.7,6.6,1.3,4.7,3.46,Moderate,Gen Z
2037,5.8,0.3,6.2,3.2,3.9,3.16,Moderate,Gen Z
2038,5.4,1.9,7.5,2.8,3.4,2.28,Low,Gen Z
2039,3.4,3.0,8.0,5.2,2.6,3.21,Moderate,Gen Z
2040,3.7,0.7,4.7,4.0,3.5,3.27,Moderate,Gen Z
2041,5.8,1.2,7.4,3.8,7.1,2.77,High,Gen Z
2042,5.7,3.1,7.1,2.6,4.0,2.74,Moderate,Gen Z
2043,6.5,3.5,7.9,4.1,4.6,2.97,Moderate,Gen Z
2044,1.9,2.7,6.3,4.0,3.3,2.87,Low,Gen Z
2045,5.9,0.0,6.5,6.1,3.3,3.01,High,Gen Z
2046,1.6,1.1,5.0,6.4,4.6,3.01,Low,Gen Z
2047,4.9,2.9,7.6,1.7,5.3,3.03,High,Gen Z
2048,1.5,3.5,7.9,2.4,3.7,2.79,High,Gen Z
2049,6.9,1.0,5.9,2.5,3.8,3.46,High,Gen Z
2050,3.8,1.6,6.8,1.6,7.6,2.7,High,Gen Z
2051,8.0,0.4,6.5,5.2,0.7,3.13,High,Gen Z
2052,5.3,2.9,6.7,4.0,4.2,2.45,Low,Gen Z
2053,6.2,0.0,8.0,3.1,5.7,3.3,Moderate,Gen Z
2054,5.8,1.5,6.3,2.8,4.4,2.32,High,Gen Z
2055,7.5,1.4,6.2,1.9,2.6,3.02,Moderate,Gen Z
2056,5.0,2.1,6.9,1.0,1.4,2.77,High,Gen Z
2057,3.4,4.2,7.2,1.1,4.4,2.41,High,Gen Z
2058,3.3,1.6,8.7,1.9,4.6,2.55,High,Gen Z
2059,3.7,1.5,8.8,0.6,1.1,3.38,Moderate,Gen Z
2060,5.1,2.4,8.6,7.2,4.4,2.46,Moderate,Gen Z
2061,5.5,0.4,7.9,4.8,5.5,3.42,Moderate,Gen Z
2062,4.6,0.4,5.3,3.0,7.1,2.71,Low,Gen Z
2063,5.2,2.7,6.2,1.9,4.4,2.36,High,Gen Z
2064,7.2,1.3,6.9,3.2,1.7,2.97,High,Gen Z
2065,2.5,1.9,5.7,0.5,4.3,2.64,High,Gen Z
2066,4.2,2.1,6.5,4.4,7.1,3.43,Moderate,Gen Z
2067,6.4,1.1,6.0,3.7,5.5,3.23,High,Gen Z
2068,3.5,2.7,6.5,5.6,3.0,2.94,Moderate,Gen Z
2069,6.5,0.0,5.9,1.8,3.5,2.94,Moderate,Gen Z
2070,4.4,1.6,6.9,3.3,4.9,3.18,Low,Gen Z
2071,4.2,1.7,6.9,2.2,7.3,3.34,Low,Gen Z
2072,4.7,1.9,7.0,3.3,7.8,2.7,Low,Gen Z
2073,5.2,1.4,8.2,3.3,7.0,2.91,Moderate,Gen Z
2074,4.5,1.2,8.3,7.2,2.0,2.81,High,Gen Z
2075,7.1,1.4,7.6,1.6,1.8,3.03,High,Gen Z
2076,4.5,1.3,6.8,5.5,2.3,3.11,Moderate,Gen Z
2077,6.7,1.6,7.6,4.2,3.4,3.43,High,Gen Z
2078,6.5,1.9,6.4,3.2,5.2,3.05,High,Gen Z
2079,4.7,1.8,6.4,2.5,4.4,2.67,Low,Gen Z
2080,7.0,0.2,6.5,2.7,2.6,2.51,Moderate,Gen Z
2081,7.6,1.6,6.5,2.7,3.0,3.5,Low,Gen Z
2082,5.9,1.0,8.5,4.3,3.5,3.11,Moderate,Gen Z
2083,6.2,2.5,7.0,4.5,5.3,2.94,High,Gen Z
2084,2.6,3.7,6.7,6.9,6.0,3.37,High,Gen Z
2085,5.9,1.9,7.5,4.6,2.1,2.71,High,Gen Z
2086,6.6,1.0,7.2,1.4,3.8,3.73,Moderate,Gen Z
2087,7.6,0.8,6.3,4.5,3.9,2.5,High,Gen Z
2088,4.4,2.7,7.9,1.9,2.9,3.04,High,Gen Z
2089,5.3,1.3,6.7,4.8,3.7,2.52,High,Gen Z
2090,6.7,3.3,6.7,1.2,4.5,2.65,Moderate,Gen Z
2091,4.1,0.0,9.3,4.0,2.2,2.81,High,Gen Z
2092,5.9,3.0,6.7,2.3,2.9,3.22,Moderate,Gen Z
2093,1.0,2.5,6.7,0.5,0.3,3.23,Moderate,Gen Z
2094,5.9,3.2,7.8,2.8,2.9,2.95,Moderate,Gen Z
2095,2.7,1.3,7.2,0.7,2.9,3.24,Moderate,Gen Z
2096,2.7,2.2,6.0,4.0,4.1,3.09,Moderate,Gen Z
2097,4.6,1.4,6.4,5.4,5.9,2.93,High,Gen Z
2098,4.3,0.7,6.7,4.1,3.8,3.19,Low,Gen Z
2099,5.0,1.3,7.5,5.0,2.0,3.17,High,Gen Z
2100,1.5,1.2,7.4,3.8,3.7,2.84,Moderate,Gen Z
2101,3.5,0.0,7.1,2.6,5.6,3.35,High,Gen Z
2102,7.6,0.5,5.1,1.4,4.7,3.2,High,Gen Z
2103,5.0,0.8,7.3,3.0,4.6,3.09,Low,Gen Z
2104,3.5,0.0,7.5,3.1,1.4,2.71,Moderate,Gen Z
2105,6.0,2.5,6.6,2.8,5.4,2.6,High,Gen Z
2106,4.7,0.0,8.3,2.8,4.3,3.14,Moderate,Gen Z
2107,6.1,2.0,7.8,1.8,4.0,3.58,High,Gen Z
2108,4.5,0.0,6.8,3.3,5.6,2.96,High,Gen Z
2109,7.7,2.5,6.6,1.0,0.6,3.5,High,Gen Z
2110,5.3,2.8,7.5,2.5,4.8,3.35,Moderate,Gen Z
2111,5.5,2.1,5.0,4.9,6.9,2.88,Moderate,Gen Z
2112,2.5,2.4,6.9,2.5,4.2,3.17,Moderate,Gen Z
2113,3.7,0.1,7.2,0.8,6.1,3.1,Moderate,Gen Z
2114,6.5,2.2,6.3,3.0,2.0,3.56,High,Gen Z
2115,3.8,3.3,6.4,2.5,2.5,3.1,Moderate,Gen Z
2116,6.3,0.0,5.4,4.8,1.7,3.06,Moderate,Gen Z
2117,2.6,3.6,8.6,2.5,5.9,2.85,Moderate,Gen Z
2118,4.8,1.6,8.1,7.1,4.3,2.83,Moderate,Gen Z
2119,6.2,0.6,8.1,2.8,4.5,3.34,Low,Gen Z
2120,5.1,1.9,6.2,2.4,3.1,2.89,Moderate,Gen Z
2121,4.5,0.7,5.1,3.8,4.3,3.03,Low,Gen Z
2122,6.2,3.0,7.5,2.6,0.8,3.13,High,Gen Z
2123,7.5,2.5,6.7,2.4,4.6,2.52,Moderate,Gen Z
2124,5.7,1.1,6.2,4.8,4.2,2.82,Moderate,Gen Z
2125,7.2,0.7,6.6,2.9,4.2,2.77,High,Gen Z
2126,6.4,0.1,7.6,2.3,4.8,2.48,High,Gen Z
2127,4.2,1.4,6.7,5.4,6.6,3.55,Moderate,Gen Z
2128,5.4,1.8,7.1,4.2,1.7,3.37,High,Gen Z
2129,7.1,1.6,4.8,5.4,6.1,3.39,High,Gen Z
2130,3.3,1.1,7.0,4.6,3.2,3.21,Moderate,Gen Z
2131,3.4,0.6,8.7,1.2,3.6,3.49,High,Gen Z
2132,4.2,0.8,6.0,2.8,1.1,3.33,Low,Gen Z
2133,1.7,2.4,8.0,1.4,3.3,3.31,High,Gen Z
2134,4.8,0.3,6.6,3.3,4.6,3.35,Moderate,Gen Z
2135,6.1,1.5,7.4,3.7,3.8,3.09,Moderate,Gen Z
2136,5.1,1.7,8.1,2.5,1.9,2.82,High,Gen Z
2137,2.7,0.4,6.6,1.7,4.2,2.85,Moderate,Gen Z
2138,1.8,1.6,8.6,3.3,4.9,3.67,Low,Gen Z
2139,5.3,1.3,7.6,4.5,3.6,2.84,Moderate,Gen Z
2140,6.0,3.2,7.3,0.4,3.3,2.92,Moderate,Gen Z
2141,6.6,3.3,4.4,0.9,5.0,3.66,Moderate,Gen Z
2142,4.6,1.9,7.2,1.6,3.5,3.13,Moderate,Gen Z
2143,2.5,2.6,5.9,1.4,5.4,2.77,Moderate,Gen Z
2144,5.3,1.6,6.2,4.1,5.5,3.46,Low,Gen Z
2145,3.7,2.4,8.7,0.9,3.3,2.66,Low,Gen Z
2146,2.5,1.6,6.2,1.6,4.5,3.08,Moderate,Gen Z
2147,6.6,5.1,5.4,5.3,5.6,2.81,Moderate,Gen Z
2148,2.5,3.8,6.1,2.2,2.7,2.52,High,Gen Z
2149,6.3,1.7,6.6,1.5,3.9,3.17,Moderate,Gen Z
2150,3.5,0.9,6.0,2.2,3.5,3.26,Low,Gen Z
2151,5.5,2.8,5.6,3.0,6.6,2.6,High,Gen Z
2152,5.9,1.1,8.3,1.8,4.0,3.35,Low,Gen Z
2153,5.9,1.8,7.9,4.5,3.1,2.76,Low,Gen Z
2154,4.2,1.8,6.5,3.1,3.8,2.7,Moderate,Gen Z
2155,6.0,1.0,6.5,2.7,4.0,2.59,Moderate,Gen Z
2156,2.5,0.0,6.9,4.3,4.0,3.12,High,Gen Z
2157,2.1,1.9,6.9,2.5,0.7,3.55,High,Gen Z
2158,3.5,0.0,5.4,1.1,2.2,3.22,Low,Gen Z
2159,5.8,2.5,5.4,2.3,2.7,3.07,High,Gen Z
2160,5.5,2.1,7.2,3.6,2.6,2.84,High,Gen Z
2161,5.4,1.1,8.5,2.8,2.2,3.17,Moderate,Gen Z
2162,5.5,1.6,5.9,3.4,4.7,2.93,High,Gen Z
2163,3.6,2.2,8.2,4.3,2.9,3.42,High,Gen Z
2164,5.8,1.5,5.2,3.1,1.8,3.17,High,Gen Z
2165,3.5,1.9,7.7,3.8,1.9,2.68,Moderate,Gen Z
2166,3.1,0.0,6.7,1.6,4.8,3.17,High,Gen Z
2167,5.3,1.4,7.3,2.8,2.9,2.95,Low,Gen Z
2168,3.8,1.0,7.6,2.1,3.3,3.6,Moderate,Gen Z
2169,2.9,0.7,7.2,3.3,7.3,2.31,High,Gen Z
2170,4.7,1.6,8.2,0.8,5.0,3.24,Moderate,Gen Z
2171,5.7,2.7,7.2,0.0,4.4,2.79,High,Gen Z
2172,4.5,1.3,7.9,4.5,4.5,3.05,High,Gen Z
2173,3.6,0.8,7.9,3.7,4.8,2.99,High,Gen Z
2174,4.9,1.5,6.9,2.8,1.3,2.89,Moderate,Gen Z
2175,6.8,1.9,8.2,1.4,2.5,3.71,High,Gen Z
2176,3.7,2.5,7.0,1.7,3.4,3.4,High,Gen Z
2177,5.5,2.9,4.4,2.5,3.2,3.1,Low,Gen Z
2178,3.9,0.7,6.0,3.9,3.7,2.86,High,Gen Z
2179,4.5,2.3,5.5,3.3,2.9,3.18,High,Gen Z
2180,5.9,2.7,7.9,2.2,4.2,2.75,Moderate,Gen Z
2181,4.5,1.3,5.2,4.2,5.2,3.19,High,Gen Z
2182,5.5,0.8,6.5,1.6,5.0,2.7,High,Gen Z
2183,4.9,0.0,5.8,1.4,4.6,2.76,Low,Gen Z
2184,5.0,1.0,7.5,5.6,3.9,2.84,High,Gen Z
2185,5.8,2.1,7.2,3.4,4.4,2.6,High,Gen Z
2186,7.1,1.6,7.4,4.3,4.3,3.32,High,Gen Z
2187,3.0,1.2,7.2,3.7,5.8,3.0,Moderate,Gen Z
2188,3.7,2.8,5.8,3.3,7.2,2.9,Low,Gen Z
2189,5.4,0.0,6.4,0.4,4.7,3.4,Moderate,Gen Z
2190,9.3,1.6,6.9,3.4,3.9,3.42,High,Gen Z
2191,5.9,2.3,7.2,0.9,3.0,2.88,High,Gen Z
2192,7.5,0.2,6.3,1.7,1.7,3.29,Moderate,Gen Z
2193,3.0,1.4,7.5,2.9,4.1,3.43,Moderate,Gen Z
2194,4.7,1.6,7.3,3.1,7.5,3.05,Moderate,Gen Z
2195,7.6,1.5,8.1,3.1,4.2,2.89,High,Gen Z
2196,7.3,2.8,7.6,4.1,6.2,3.17,Moderate,Gen Z
2197,5.1,2.3,8.0,2.7,6.0,3.37,High,Gen Z
2198,5.3,3.1,7.4,2.7,2.4,2.88,High,Gen Z
2199,5.4,0.0,5.7,3.4,5.7,3.55,High,Gen Z
2200,6.5,1.5,7.2,2.5,5.0,2.5,Moderate,Gen Z
2201,6.0,4.9,6.7,3.4,5.2,3.14,Low,Gen Z
2202,5.4,0.8,6.3,0.2,4.5,3.04,Low,Gen Z
2203,6.5,2.6,6.4,1.2,5.1,2.9,High,Gen Z
2204,9.5,2.2,7.3,3.7,2.8,2.76,Moderate,Gen Z
2205,3.7,2.3,6.7,1.2,2.1,3.61,High,Gen Z
2206,4.3,2.5,7.6,3.7,1.6,2.87,High,Gen Z
2207,4.3,2.7,8.8,4.1,6.3,3.47,Moderate,Gen Z
2208,5.0,2.7,7.5,3.5,4.4,2.88,Moderate,Gen Z
2209,4.3,2.1,7.9,4.1,2.8,3.43,High,Gen Z
2210,1.9,1.5,7.0,2.7,5.3,3.15,Moderate,Gen Z
2211,5.7,0.4,5.8,2.6,4.0,3.22,Moderate,Gen Z
2212,4.1,1.9,6.6,5.4,3.9,2.96,High,Gen Z
2213,2.5,2.0,6.1,0.6,6.4,3.21,Moderate,Gen Z
2214,3.2,2.9,7.8,5.1,4.9,3.05,High,Gen Z
2215,3.3,1.9,8.0,3.7,4.9,3.12,Low,Gen Z
2216,3.1,0.0,5.3,2.7,4.7,3.57,Moderate,Gen Z
2217,4.4,0.6,7.6,3.7,5.1,3.57,Moderate,Gen Z
2218,6.6,3.0,6.5,4.7,6.1,2.96,Moderate,Gen Z
2219,5.5,2.7,7.1,4.6,4.7,2.89,Moderate,Gen Z
2220,4.4,0.0,5.3,4.5,2.8,2.84,High,Gen Z
2221,7.1,3.4,8.2,2.6,3.4,3.15,Moderate,Gen Z
2222,4.2,2.6,8.7,2.3,0.6,2.71,Low,Gen Z
2223,4.3,5.5,6.6,2.6,3.8,2.59,Moderate,Gen Z
2224,3.8,2.4,7.4,3.7,4.9,3.05,High,Gen Z
2225,4.7,1.4,7.5,5.5,3.4,3.03,Moderate,Gen Z
2226,5.8,1.8,7.1,1.8,4.7,3.09,Moderate,Gen Z
2227,2.9,1.1,8.6,3.3,2.3,3.73,Moderate,Gen Z
2228,3.9,2.0,5.8,1.7,4.2,3.14,Moderate,Gen Z
2229,8.1,0.5,6.7,3.9,2.5,2.91,Moderate,Gen Z
2230,3.5,0.9,6.7,3.8,5.0,3.42,High,Gen Z
2231,5.4,0.8,7.5,4.4,2.7,3.18,Moderate,Gen Z
2232,4.7,0.0,8.5,3.3,3.3,3.13,Low,Gen Z
2233,5.0,0.3,9.2,1.5,5.4,3.24,Moderate,Gen Z
2234,4.7,3.6,6.2,3.6,2.4,3.31,High,Gen Z
2235,4.0,1.9,7.1,5.3,4.1,3.36,Low,Gen Z
2236,5.3,0.1,6.7,3.9,3.3,3.15,Moderate,Gen Z
2237,5.2,1.8,6.8,1.2,5.3,2.9,High,Gen Z
2238,6.3,2.8,6.1,3.3,4.7,2.74,Moderate,Gen Z
2239,8.4,2.6,7.5,2.4,3.9,3.04,Moderate,Gen Z
2240,4.6,3.1,7.8,5.4,4.2,2.61,Moderate,Gen Z
2241,7.2,0.0,7.2,0.7,3.8,2.3,Moderate,Gen Z
2242,7.3,2.0,7.8,2.4,3.1,2.54,High,Gen Z
2243,5.3,3.3,7.7,1.5,5.9,2.81,Moderate,Gen Z
2244,3.4,0.3,7.5,2.7,4.8,2.95,High,Gen Z
2245,5.2,1.3,5.8,1.0,0.3,2.91,High,Gen Z
2246,2.9,2.0,7.6,3.6,4.9,2.96,High,Gen Z
2247,4.8,0.4,6.7,1.8,2.0,3.37,High,Gen Z
2248,3.8,2.5,7.5,1.0,4.1,3.0,Moderate,Gen Z
2249,6.1,1.0,6.7,1.9,3.3,3.27,Moderate,Gen Z
2250,5.2,1.5,6.3,0.7,5.7,2.75,High,Gen Z
2251,2.2,1.9,7.2,5.0,2.0,3.32,Low,Gen Z
2252,5.6,2.8,7.4,2.0,6.7,2.54,Low,Gen Z
2253,6.3,2.8,7.1,0.6,4.4,3.6,Moderate,Gen Z
2254,2.1,3.6,7.4,2.7,3.8,3.14,High,Gen Z
2255,6.2,1.1,6.6,3.5,2.5,3.01,Moderate,Gen Z
2256,1.9,1.9,5.4,2.1,2.5,2.87,High,Gen Z
2257,4.1,2.4,7.9,3.8,1.9,2.79,Moderate,Gen Z
2258,4.9,1.3,6.2,2.7,3.9,3.4,Low,Gen Z
2259,5.3,0.9,6.0,3.9,3.4,2.13,Moderate,Gen Z
2260,4.8,1.6,6.8,1.9,1.1,3.02,High,Gen Z
2261,6.8,0.0,7.3,4.7,3.6,3.11,High,Gen Z
2262,6.2,3.7,6.6,1.9,5.0,3.79,Moderate,Gen Z
2263,5.2,0.3,7.7,0.4,2.4,3.27,Low,Gen Z
2264,5.8,3.6,6.9,5.3,4.7,2.78,High,Gen Z
2265,3.5,1.4,6.2,3.0,4.7,2.77,High,Gen Z
2266,4.9,3.0,6.5,3.0,4.3,2.85,Moderate,Gen Z
2267,4.5,1.5,6.9,1.8,2.8,2.82,High,Gen Z
2268,7.0,0.7,7.0,2.4,4.3,3.24,Moderate,Gen Z
2269,4.7,3.2,6.9,2.8,5.1,2.8,High,Gen Z
2270,6.0,1.5,7.3,3.6,5.0,2.77,High,Gen Z
2271,4.4,2.8,7.2,1.6,4.5,3.1,Low,Gen Z
2272,3.1,0.5,6.0,1.8,4.4,2.75,High,Gen Z
2273,5.7,1.1,4.9,2.3,4.0,2.98,Moderate,Gen Z
2274,5.7,0.7,5.5,1.6,2.6,3.16,Low,Gen Z
2275,4.6,0.0,6.8,3.6,4.9,3.13,Moderate,Gen Z
2276,1.4,0.6,5.5,2.4,5.9,2.28,High,Gen Z
2277,3.6,1.9,6.7,3.2,3.5,2.87,High,Gen Z
2278,6.8,2.5,7.5,2.7,3.3,2.94,High,Gen Z
2279,6.1,1.1,6.8,3.5,6.4,3.45,Moderate,Gen Z
2280,6.0,2.7,6.4,2.9,3.9,3.0,Moderate,Gen Z
2281,5.8,1.6,6.4,1.8,1.4,2.78,High,Gen Z
2282,5.1,0.0,7.8,2.2,0.9,3.02,High,Gen Z
2283,5.3,2.4,7.9,3.4,6.2,3.08,Low,Gen Z
2284,6.8,3.5,6.4,3.2,5.5,3.1,Moderate,Gen Z
2285,3.7,1.6,7.1,2.4,3.4,3.24,Moderate,Gen Z
2286,6.8,0.4,6.0,2.4,2.6,3.54,Moderate,Gen Z
2287,5.8,1.4,5.0,1.4,1.7,2.78,High,Gen Z
2288,3.5,4.0,6.9,3.1,0.0,2.76,High,Gen Z
2289,5.3,3.7,8.3,3.7,0.0,1.8,Moderate,Gen Z
2290,5.7,1.7,6.6,3.2,3.6,2.64,Moderate,Gen Z
2291,4.9,1.9,6.7,1.8,5.9,2.8,High,Gen Z
2292,4.1,0.8,7.5,0.6,1.6,2.76,High,Gen Z
2293,3.2,0.6,8.9,3.9,3.1,2.64,High,Gen Z
2294,3.5,2.4,6.3,1.3,4.6,2.85,High,Gen Z
2295,4.5,2.9,8.1,2.2,6.1,3.67,Low,Gen Z
2296,3.8,3.5,6.1,1.8,4.4,2.96,Low,Gen Z
2297,6.5,2.1,9.3,3.1,3.8,3.61,Moderate,Gen Z
2298,5.2,2.4,5.1,3.2,1.6,3.11,High,Gen Z
2299,2.7,0.7,5.0,3.7,0.8,3.44,High,Gen Z
2300,5.7,1.0,7.3,5.2,6.0,3.18,High,Gen Z
2301,5.5,1.2,7.2,3.7,7.8,2.83,High,Gen Z
2302,5.2,3.8,7.8,4.6,3.3,3.48,High,Gen Z
2303,5.6,4.2,7.6,3.0,4.6,3.23,Low,Gen Z
2304,6.1,2.8,8.1,2.5,5.9,2.81,Low,Gen Z
2305,6.0,0.0,7.5,3.5,3.0,2.8,High,Gen Z
2306,6.3,2.0,6.5,2.2,4.2,3.08,Moderate,Gen Z
2307,6.2,2.0,7.3,3.8,4.0,3.42,High,Gen Z
2308,6.0,0.7,7.9,3.1,5.2,2.78,High,Gen Z
2309,5.7,1.3,7.0,1.3,5.5,3.21,High,Gen Z
2310,4.5,1.3,8.0,3.9,3.7,3.08,Low,Gen Z
2311,5.5,3.9,6.3,2.1,5.0,3.25,High,Gen Z
2312,5.4,1.3,7.3,3.8,2.9,2.59,Low,Gen Z
2313,2.9,2.2,6.6,0.7,2.7,2.59,Moderate,Gen Z
2314,3.6,1.1,6.7,4.9,1.3,2.77,Moderate,Gen Z
2315,2.9,3.3,6.3,3.7,4.0,3.22,High,Gen Z
2316,3.9,0.0,6.9,1.8,3.1,2.93,High,Gen Z
2317,6.1,1.3,6.9,3.0,0.7,3.01,Low,Gen Z
2318,5.4,0.5,9.3,0.0,1.9,2.3,Moderate,Gen Z
2319,3.8,0.6,4.7,3.4,1.7,3.79,Moderate,Gen Z
2320,4.9,2.8,6.6,3.5,4.9,3.34,High,Gen Z
2321,4.9,0.2,6.0,0.8,5.3,2.86,High,Gen Z
2322,4.4,2.0,5.9,4.4,3.8,2.72,High,Gen Z
2323,3.9,0.0,7.5,2.3,4.3,2.21,High,Gen Z
2324,4.7,2.0,6.7,3.3,5.1,3.64,Low,Gen Z
2325,5.8,2.6,8.2,3.5,5.4,3.14,High,Gen Z
2326,5.1,2.0,7.5,4.0,3.7,3.53,High,Gen Z
2327,5.8,2.5,6.0,4.9,3.6,3.43,Low,Gen Z
2328,7.3,2.9,5.7,4.7,2.1,2.9,High,Gen Z
2329,6.2,2.3,8.1,2.1,6.3,3.48,High,Gen Z
2330,6.4,1.3,8.0,3.0,1.8,3.27,High,Gen Z
2331,4.1,1.7,6.9,1.0,2.9,2.9,Moderate,Gen Z
2332,7.3,3.0,5.6,1.3,0.0,2.66,High,Gen Z
2333,5.0,2.3,8.4,3.0,4.9,2.99,Moderate,Gen Z
2334,5.4,2.2,8.8,1.4,3.7,3.19,Moderate,Gen Z
2335,1.7,1.4,6.6,3.7,4.7,3.42,High,Gen Z
2336,4.0,1.9,8.8,3.5,3.3,3.13,Moderate,Gen Z
2337,5.2,1.0,6.8,3.8,4.2,3.45,High,Gen Z
2338,3.8,0.0,7.7,1.4,3.0,3.04,Low,Gen Z
2339,4.4,0.8,6.2,3.8,3.8,3.18,High,Gen Z
2340,4.2,0.6,8.3,3.4,1.8,2.77,High,Gen Z
2341,7.1,1.4,6.5,6.6,2.8,3.34,Low,Gen Z
2342,4.3,0.4,7.2,2.4,3.8,2.54,Moderate,Gen Z
2343,3.6,3.0,7.4,3.5,2.9,2.72,Moderate,Gen Z
2344,5.5,0.8,7.0,4.2,4.2,3.4,Moderate,Gen Z
2345,3.8,2.5,8.2,1.9,4.9,2.55,High,Gen Z
2346,6.5,1.1,6.4,3.1,3.4,3.09,High,Gen Z
2347,3.6,0.5,5.5,1.4,0.7,2.98,Low,Gen Z
2348,5.3,1.8,8.1,5.5,5.6,3.4,Moderate,Gen Z
2349,3.9,1.8,6.4,5.5,5.8,3.13,Moderate,Gen Z
2350,5.2,0.0,5.9,4.0,2.7,3.12,Low,Gen Z
2351,6.2,3.4,6.2,2.7,4.8,3.42,Low,Gen Z
2352,4.3,1.1,5.8,4.3,4.1,2.51,Low,Gen Z
2353,7.1,2.1,7.8,5.0,4.6,2.77,Moderate,Gen Z
2354,7.1,1.9,8.9,2.6,4.3,3.45,High,Gen Z
2355,4.9,2.3,8.0,5.9,4.8,2.89,Moderate,Gen Z
2356,5.4,2.7,7.7,2.3,2.5,2.85,Moderate,Gen Z
2357,3.9,1.5,6.4,4.3,3.9,3.53,High,Gen Z
2358,7.6,4.5,7.0,2.6,2.0,2.89,High,Gen Z
2359,7.7,1.8,7.6,2.4,2.5,2.88,Moderate,Gen Z
2360,6.0,0.6,5.6,1.6,4.9,3.0,High,Gen Z
2361,7.1,1.7,6.7,5.2,2.7,3.55,Moderate,Gen Z
2362,5.4,1.0,6.8,0.0,2.3,2.9,Moderate,Gen Z
2363,4.6,1.7,5.9,2.9,4.3,3.26,High,Gen Z
2364,6.6,2.4,5.3,2.5,4.6,2.95,Low,Gen Z
2365,2.6,1.4,7.0,2.5,3.5,3.24,Moderate,Gen Z
2366,4.1,1.4,6.5,4.9,4.1,2.98,High,Gen Z
2367,4.9,1.9,7.2,2.4,7.3,3.38,Moderate,Gen Z
2368,2.2,1.2,6.4,3.4,3.5,2.52,Moderate,Gen Z
2369,6.0,1.4,7.4,1.0,5.0,3.24,Low,Gen Z
2370,6.0,1.3,6.9,2.4,4.5,3.19,Moderate,Gen Z
2371,4.7,4.3,6.9,2.2,3.5,3.03,Moderate,Gen Z
2372,4.8,3.7,5.7,3.2,3.8,2.6,High,Gen Z
2373,4.0,1.7,7.3,4.5,5.0,3.08,High,Gen Z
2374,5.0,1.9,6.8,3.0,3.0,2.9,High,Gen Z
2375,4.3,1.7,6.5,1.5,4.6,3.03,Moderate,Gen Z
2376,6.0,3.3,7.1,2.7,3.5,3.44,High,Gen Z
2377,4.7,1.3,7.0,0.9,6.6,2.79,Moderate,Gen Z
2378,6.2,1.1,7.8,5.6,4.4,3.14,High,Gen Z
2379,1.3,1.9,7.8,4.2,5.0,3.59,Low,Gen Z
2380,3.3,2.4,8.8,4.0,3.3,2.38,High,Gen Z
2381,4.8,1.2,8.4,2.6,1.6,2.55,Low,Gen Z
2382,9.2,0.0,6.5,2.4,0.0,2.98,High,Gen Z
2383,3.1,1.2,6.5,4.9,3.6,3.56,High,Gen Z
2384,8.0,2.4,7.2,2.8,3.4,2.48,High,Gen Z
2385,5.6,2.0,7.5,5.1,1.0,3.62,High,Gen Z
2386,6.9,1.5,7.2,3.8,3.5,2.39,Low,Gen Z
2387,4.2,2.1,6.7,4.1,5.3,2.96,High,Gen Z
2388,5.7,0.0,6.4,3.3,4.4,3.01,High,Gen Z
2389,5.1,2.3,5.3,1.7,3.7,2.61,Low,Gen Z
2390,4.2,1.8,6.2,4.6,4.3,3.42,High,Gen Z
2391,4.4,1.4,7.4,2.0,3.6,2.74,Moderate,Gen Z
2392,5.0,2.6,7.5,3.3,6.1,3.15,Low,Gen Z
2393,5.7,2.2,8.7,1.2,4.9,2.28,Low,Gen Z
2394,5.6,0.8,5.9,1.1,4.2,2.91,Low,Gen Z
2395,3.7,2.1,6.8,4.4,5.7,3.3,High,Gen Z
2396,5.5,2.3,5.5,2.6,4.9,2.95,High,Gen Z
2397,4.8,3.4,4.7,2.5,4.3,3.12,Moderate,Gen Z
2398,2.5,1.4,5.5,3.2,3.8,2.45,High,Gen Z
2399,7.0,2.5,7.5,2.9,2.9,3.26,Moderate,Gen Z
2400,5.5,0.9,7.6,2.9,3.2,2.82,High,Gen Z
2401,5.6,1.2,6.8,3.0,3.3,3.14,High,Gen Z
2402,6.0,1.6,6.0,3.7,2.9,3.95,High,Gen Z
2403,4.7,2.5,6.2,2.0,3.0,2.86,Moderate,Gen Z
2404,3.9,2.9,6.8,2.4,3.7,2.96,Low,Gen Z
2405,5.1,2.2,5.6,3.0,5.2,2.99,Low,Gen Z
2406,4.4,2.4,5.8,3.7,7.0,3.38,High,Gen Z
2407,6.1,4.2,6.1,1.3,4.1,2.96,Low,Gen Z
2408,4.0,0.0,7.8,2.4,3.6,3.0,High,Gen Z
2409,6.4,3.2,7.1,2.0,1.2,2.59,High,Gen Z
2410,2.9,1.0,7.9,2.2,2.2,2.77,High,Gen Z
2411,5.8,2.2,6.7,2.9,4.1,3.24,High,Gen Z
2412,4.9,1.9,6.5,3.2,1.5,3.28,High,Gen Z
2413,6.1,2.3,6.6,4.6,1.7,2.69,High,Gen Z
2414,6.2,1.1,6.6,2.1,3.9,2.57,High,Gen Z
2415,4.9,2.6,5.0,3.9,4.6,2.79,High,Gen Z
2416,6.0,0.9,7.3,1.6,3.9,4.0,Moderate,Gen Z
2417,5.4,2.6,7.5,4.4,3.1,3.03,Moderate,Gen Z
2418,7.9,0.0,5.8,3.8,3.9,2.76,Low,Gen Z
2419,4.4,1.7,8.1,2.4,4.8,2.84,High,Gen Z
2420,4.9,2.5,6.2,3.5,3.4,2.67,Low,Gen Z
2421,5.9,2.2,7.6,2.4,6.0,2.4,High,Gen Z
2422,6.3,2.3,7.7,2.9,6.8,2.62,High,Gen Z
2423,3.5,3.3,8.5,5.6,2.2,2.73,Moderate,Gen Z
2424,2.9,1.0,7.3,2.0,1.6,3.46,Low,Gen Z
2425,6.7,2.4,5.9,1.9,5.1,3.68,Moderate,Gen Z
2426,4.3,0.1,8.3,4.0,4.5,2.97,Moderate,Gen Z
2427,4.2,3.3,7.7,2.2,3.2,3.04,Low,Gen Z
2428,4.8,1.1,5.9,2.8,6.2,2.77,Moderate,Gen Z
2429,3.9,3.3,7.9,3.0,6.1,3.26,Low,Gen Z
2430,3.6,2.1,6.2,2.1,3.2,2.72,High,Gen Z
2431,6.0,2.4,6.9,3.1,2.8,3.1,High,Gen Z
2432,4.3,0.7,8.0,2.7,2.6,2.69,Moderate,Gen Z
2433,5.1,2.8,7.6,2.4,1.2,3.3,Moderate,Gen Z
2434,3.1,0.8,5.4,2.0,2.5,3.23,High,Gen Z
2435,4.4,4.3,6.1,3.2,7.2,2.68,High,Gen Z
2436,5.6,0.2,7.6,1.9,1.0,2.67,Moderate,Gen Z
2437,3.2,0.0,7.3,1.5,3.0,3.07,High,Gen Z
2438,4.6,0.8,7.5,2.9,3.2,2.63,Low,Gen Z
2439,4.7,1.7,6.6,2.5,5.4,3.25,Low,Gen Z
2440,5.9,1.8,8.2,4.0,4.0,2.9,High,Gen Z
2441,5.1,0.6,8.7,4.7,3.9,3.14,High,Gen Z
2442,4.0,0.4,6.2,4.1,1.2,3.02,Moderate,Gen Z
2443,6.5,0.0,7.2,4.7,3.8,3.22,High,Gen Z
2444,4.3,2.9,8.2,2.3,2.4,3.14,High,Gen Z
2445,2.7,0.8,7.4,3.8,3.9,2.9,High,Gen Z
2446,5.0,0.0,5.9,3.3,4.1,3.23,High,Gen Z
2447,4.5,2.0,8.6,2.7,1.3,3.2,High,Gen Z
2448,5.6,0.3,7.3,1.9,3.9,2.29,Moderate,Gen Z
2449,4.7,0.6,7.2,2.4,2.3,3.36,Low,Gen Z
2450,5.5,1.7,7.7,3.4,6.2,3.22,Moderate,Gen Z
2451,2.8,1.9,7.2,1.8,4.9,2.86,Moderate,Gen Z
2452,4.4,2.9,8.5,2.6,1.4,2.63,Low,Gen Z
2453,5.4,1.5,5.9,3.9,2.9,2.83,Moderate,Gen Z
2454,4.0,4.9,7.0,1.4,2.8,2.83,Low,Gen Z
2455,6.3,1.2,8.6,2.5,3.5,3.46,Moderate,Gen Z
2456,2.9,2.5,7.8,2.6,4.2,2.83,Low,Gen Z
2457,5.4,0.7,7.0,3.1,1.8,3.43,High,Gen Z
2458,4.5,2.7,7.4,0.6,3.1,3.1,High,Gen Z
2459,4.2,3.2,6.3,4.9,6.0,3.8,High,Gen Z
2460,5.5,2.4,7.9,1.0,3.5,2.3,High,Gen Z
2461,4.7,2.1,8.9,2.7,6.0,2.63,Moderate,Gen Z
2462,4.6,1.1,8.2,2.2,3.8,2.88,Low,Gen Z
2463,6.8,0.8,5.9,2.3,3.4,2.97,Low,Gen Z
2464,7.1,0.6,7.9,3.7,4.7,3.07,Low,Gen Z
2465,3.8,2.2,9.5,2.4,4.0,2.8,Moderate,Gen Z
2466,4.7,2.3,6.4,2.6,4.1,3.51,High,Gen Z
2467,3.6,0.0,4.7,1.7,5.9,3.13,High,Gen Z
2468,3.4,1.6,6.2,4.0,0.0,3.33,High,Gen Z
2469,5.8,0.0,7.2,1.9,6.7,2.81,Low,Gen Z
2470,5.0,1.9,7.9,2.5,1.4,2.52,High,Gen Z
2471,5.9,1.7,5.5,1.0,3.7,2.56,Moderate,Gen Z
2472,3.8,1.3,6.5,4.6,4.4,2.9,Moderate,Gen Z
2473,6.1,1.8,6.0,0.2,3.4,3.39,High,Gen Z
2474,5.1,1.7,7.2,3.5,3.1,2.52,Low,Gen Z
2475,3.6,2.4,7.2,1.7,2.5,3.55,Low,Gen Z
2476,4.2,0.5,7.2,1.6,1.4,2.81,Moderate,Gen Z
2477,7.5,5.0,7.1,3.1,5.5,2.57,Moderate,Gen Z
2478,5.6,1.1,8.1,2.2,2.3,3.11,Low,Gen Z
2479,6.5,3.2,6.7,3.2,2.9,3.13,Moderate,Gen Z
2480,4.9,2.0,6.9,3.7,2.8,3.55,High,Gen Z
2481,3.2,0.1,7.5,3.9,4.2,3.4,High,Gen Z
2482,6.7,1.8,9.1,2.4,2.5,3.47,High,Gen Z
2483,5.8,1.0,6.8,4.2,2.3,2.92,Moderate,Gen Z
2484,5.7,2.8,7.8,0.0,1.7,2.09,High,Gen Z
2485,5.3,2.6,6.8,4.0,4.5,3.54,High,Gen Z
2486,5.5,2.7,7.5,2.3,2.5,3.49,Low,Gen Z
2487,5.7,1.6,8.0,5.4,3.6,3.51,High,Gen Z
2488,2.6,2.5,6.5,2.8,3.8,2.77,Low,Gen Z
2489,7.4,3.3,6.7,5.2,4.7,3.39,Moderate,Gen Z
2490,6.3,1.7,8.7,5.2,3.0,3.06,Low,Gen Z
2491,4.1,0.7,7.3,2.9,0.9,2.32,Moderate,Gen Z
2492,5.1,0.6,6.3,0.6,3.2,3.48,Moderate,Gen Z
2493,2.8,1.9,6.1,2.2,4.2,3.18,Moderate,Gen Z
2494,5.1,1.2,7.9,0.0,3.2,3.35,High,Gen Z
2495,5.6,1.9,7.7,3.5,2.8,3.06,Low,Gen Z
2496,6.6,0.0,4.7,4.0,3.1,3.17,High,Gen Z
2497,5.1,0.0,4.9,2.4,4.1,3.01,High,Gen Z
2498,4.7,1.4,6.2,0.0,2.4,2.76,High,Gen Z
2499,4.6,2.3,8.8,0.5,2.7,3.12,Low,Gen Z
2500,5.1,0.0,5.7,3.5,4.6,3.22,Moderate,Gen Z
2501,4.6,4.0,8.6,3.9,4.4,3.18,High,Gen Z
2502,5.8,2.8,7.2,0.6,3.7,3.14,High,Gen Z
2503,5.5,3.3,6.7,5.2,4.4,3.08,High,Gen Z
2504,5.3,1.9,5.9,3.5,3.8,2.21,Low,Gen Z
2505,5.2,1.9,7.2,2.3,4.2,3.11,Low,Gen Z
2506,7.7,2.8,6.8,2.4,2.6,3.74,Moderate,Gen Z
2507,3.5,0.4,6.4,2.3,3.1,3.02,High,Gen Z
2508,6.4,1.6,6.9,2.1,4.8,3.41,Moderate,Gen Z
2509,3.2,2.2,6.9,4.0,1.8,2.69,Moderate,Gen Z
2510,9.5,2.8,6.8,2.1,5.3,2.18,Low,Gen Z
2511,4.4,1.4,7.5,5.0,4.6,3.21,High,Gen Z
2512,5.0,2.5,7.8,7.0,3.1,2.65,Moderate,Gen Z
2513,5.4,1.9,7.4,4.8,3.4,2.67,High,Gen Z
2514,5.8,2.1,6.0,2.9,4.7,2.56,High,Gen Z
2515,3.6,0.6,5.4,3.7,0.7,2.76,High,Gen Z
2516,7.4,2.6,5.1,3.4,1.6,3.06,High,Gen Z
2517,4.8,1.8,6.9,2.3,3.5,2.69,High,Gen Z
2518,5.7,3.4,7.5,2.6,1.3,2.36,High,Gen Z
2519,7.7,1.8,6.7,3.5,6.3,3.16,Moderate,Gen Z
2520,3.9,2.0,6.8,4.0,4.8,2.11,Moderate,Gen Z
2521,6.9,2.5,5.7,4.2,2.1,2.98,Moderate,Gen Z
2522,7.5,2.8,9.2,0.2,3.5,3.02,High,Gen Z
2523,5.9,0.0,7.5,2.9,5.0,3.06,High,Gen Z
2524,4.4,2.7,8.2,2.3,2.9,3.26,High,Gen Z
2525,8.2,1.3,6.1,3.0,4.4,3.21,Moderate,Gen Z
2526,6.9,0.9,4.9,1.8,1.0,2.72,Moderate,Gen Z
2527,4.5,3.0,7.3,1.9,1.4,2.7,Moderate,Gen Z
2528,5.1,3.2,6.1,3.4,7.8,2.98,Moderate,Gen Z
2529,6.4,1.3,5.5,2.5,4.9,2.8,Moderate,Gen Z
2530,6.0,1.7,8.5,5.5,1.9,3.05,Moderate,Gen Z
2531,4.2,1.5,7.6,0.5,3.7,3.14,Low,Gen Z
2532,4.8,3.1,6.8,3.6,3.6,2.75,High,Gen Z
2533,6.8,0.8,6.7,3.7,4.3,3.22,High,Gen Z
2534,6.1,1.3,6.0,2.0,1.3,2.93,Moderate,Gen Z
2535,2.0,2.5,6.5,2.0,2.4,2.97,Moderate,Gen Z
2536,8.7,0.6,4.9,3.2,4.3,3.09,Low,Gen Z
2537,5.6,3.4,5.0,2.6,2.7,3.06,Moderate,Gen Z
2538,4.7,0.6,7.1,1.9,6.5,3.43,Moderate,Gen Z
2539,5.0,2.3,5.5,4.7,4.2,3.43,High,Gen Z
2540,6.1,0.2,6.6,4.3,3.1,3.05,Low,Gen Z
2541,4.0,1.3,6.4,1.8,5.0,2.65,Low,Gen Z
2542,5.1,0.0,7.4,3.5,3.1,3.11,High,Gen Z
2543,6.3,2.3,8.5,0.0,6.8,2.93,High,Gen Z
2544,6.4,2.4,5.8,3.3,3.6,3.2,High,Gen Z
2545,4.2,0.6,7.9,6.5,4.3,2.36,High,Gen Z
2546,5.5,1.3,7.0,6.1,3.1,2.32,High,Gen Z
2547,6.3,1.2,6.3,3.1,5.2,3.54,High,Gen Z
2548,4.9,2.4,5.3,3.8,2.5,3.18,Moderate,Gen Z
2549,7.9,0.9,7.0,2.9,3.7,3.01,Moderate,Gen Z
2550,6.8,2.2,8.0,4.9,4.6,2.57,Moderate,Gen Z
2551,4.1,2.4,7.1,2.4,2.6,2.93,Moderate,Gen Z
2552,4.7,2.7,6.2,0.8,2.2,3.13,Moderate,Gen Z
2553,3.9,3.5,7.3,0.0,2.4,2.63,High,Gen Z
2554,5.5,2.9,6.8,2.6,6.0,3.06,High,Gen Z
2555,5.4,1.5,8.2,3.7,5.7,3.44,Moderate,Gen Z
2556,5.2,3.1,7.1,2.6,7.1,2.54,High,Gen Z
2557,5.2,3.3,4.3,2.0,3.8,3.4,Low,Gen Z
2558,5.5,4.4,6.3,1.6,5.1,3.24,Moderate,Gen Z
2559,3.5,1.1,6.8,0.0,3.7,2.68,Moderate,Gen Z
2560,8.1,0.9,5.3,4.1,3.6,3.49,High,Gen Z
2561,4.3,1.3,7.3,4.8,3.4,3.29,Moderate,Gen Z
2562,5.6,1.3,5.2,2.1,3.6,3.31,Moderate,Gen Z
2563,3.3,1.3,8.1,4.3,6.2,3.22,High,Gen Z
2564,6.2,0.9,7.3,4.4,4.1,2.79,Moderate,Gen Z
2565,4.5,0.7,8.2,2.6,2.3,3.15,Low,Gen Z
2566,5.2,1.2,6.5,2.9,2.6,3.43,Low,Gen Z
2567,6.2,1.9,5.0,0.2,1.8,3.53,High,Gen Z
2568,4.9,1.9,7.5,1.9,2.5,3.39,High,Gen Z
2569,6.7,2.1,7.7,3.6,3.8,3.14,Low,Gen Z
2570,6.2,2.6,7.4,5.6,2.6,2.88,Low,Gen Z
2571,6.2,2.1,6.0,3.5,0.6,2.91,Moderate,Gen Z
2572,5.8,2.8,6.8,2.2,3.4,2.93,Moderate,Gen Z
2573,7.1,2.6,7.7,3.1,3.7,2.57,High,Gen Z
2574,4.6,2.0,6.8,2.6,4.0,3.15,Moderate,Gen Z
2575,6.4,0.0,6.6,2.5,3.5,2.83,Moderate,Gen Z
2576,3.0,0.6,7.6,3.3,4.5,2.77,High,Gen Z
2577,7.1,0.2,5.7,2.5,4.2,3.03,High,Gen Z
2578,6.4,1.1,6.5,4.4,1.6,3.21,High,Gen Z
2579,3.8,1.3,6.4,3.3,2.8,2.99,High,Gen Z
2580,5.5,2.3,7.1,0.9,1.8,2.65,Moderate,Gen Z
2581,6.1,0.0,5.1,1.6,4.4,2.92,High,Gen Z
2582,5.7,1.8,8.2,3.4,1.3,2.53,High,Gen Z
2583,4.6,0.5,6.6,3.0,6.6,2.93,Low,Gen Z
2584,4.9,0.9,9.5,1.2,4.0,3.74,Moderate,Gen Z
2585,6.2,0.6,6.6,1.8,5.6,2.91,Moderate,Gen Z
2586,4.8,2.6,7.3,1.4,2.7,3.11,High,Gen Z
2587,5.3,0.3,7.2,3.9,3.4,3.08,Moderate,Gen Z
2588,6.0,0.5,5.4,2.6,4.7,3.1,Moderate,Gen Z
2589,4.1,2.3,7.2,3.2,5.8,3.0,Moderate,Gen Z
2590,4.6,1.6,8.0,4.1,4.3,3.49,Low,Gen Z
2591,2.0,2.4,7.0,3.7,4.4,2.99,High,Gen Z
2592,3.8,1.0,5.6,3.4,6.7,3.05,High,Gen Z
2593,2.0,1.5,9.3,5.7,3.5,2.79,High,Gen Z
2594,5.7,1.1,7.5,1.6,2.7,3.21,High,Gen Z
2595,6.8,1.3,6.6,3.3,0.0,3.1,High,Gen Z
2596,4.1,2.3,6.3,3.3,1.7,2.44,High,Gen Z
2597,4.3,2.2,7.0,0.4,6.4,2.85,Low,Gen Z
2598,1.9,1.2,7.6,0.0,2.8,2.86,Low,Gen Z
2599,5.6,2.3,8.3,2.7,4.9,3.15,Low,Gen Z
2600,4.1,1.2,7.3,5.8,6.8,3.11,Low,Gen Z
2601,4.2,1.1,6.3,2.4,5.4,3.3,Low,Gen Z
2602,5.1,2.6,7.1,0.0,2.0,2.72,Moderate,Gen Z
2603,4.2,1.4,7.0,2.5,5.1,3.79,High,Gen Z
2604,5.6,2.3,8.1,3.7,3.4,3.06,High,Gen Z
2605,5.2,0.8,7.9,2.0,3.7,3.22,High,Gen Z
2606,4.9,2.0,7.1,4.6,4.7,3.15,High,Gen Z
2607,6.2,2.7,7.6,0.0,4.9,2.76,Moderate,Gen Z
2608,5.0,1.4,5.0,5.5,3.7,3.15,Low,Gen Z
2609,3.1,1.9,8.2,1.6,3.3,2.79,High,Gen Z
2610,6.6,2.4,8.7,3.4,3.7,3.21,Moderate,Gen Z
2611,6.0,1.3,7.5,4.7,4.0,3.29,High,Gen Z
2612,5.4,2.0,7.5,2.3,3.8,3.01,Low,Gen Z
2613,3.7,2.0,6.2,1.8,5.1,3.33,Moderate,Gen Z
2614,3.9,1.7,8.0,2.4,3.9,3.55,High,Gen Z
2615,5.1,1.2,8.1,5.0,5.0,2.49,Low,Gen Z
2616,5.8,1.7,8.3,4.4,1.7,3.1,High,Gen Z
2617,3.0,1.1,6.3,3.9,1.8,3.57,High,Gen Z
2618,8.1,2.3,5.4,0.0,6.3,3.13,High,Gen Z
2619,4.1,1.1,7.9,4.2,5.9,3.42,High,Gen Z
2620,5.7,1.5,5.3,2.4,3.7,2.93,High,Gen Z
2621,5.3,2.9,6.8,4.6,5.5,3.04,High,Gen Z
2622,7.3,1.1,6.7,6.0,4.8,2.71,High,Gen Z
2623,4.1,2.1,7.5,2.1,4.2,2.35,High,Gen Z
2624,3.8,3.1,6.5,3.4,6.8,2.86,Moderate,Gen Z
2625,4.3,1.4,7.8,3.5,5.1,3.12,Low,Gen Z
2626,2.9,3.0,8.3,2.9,3.2,2.67,High,Gen Z
2627,7.1,2.4,7.1,3.7,4.6,3.46,High,Gen Z
2628,6.3,1.3,6.7,3.7,2.3,2.84,Low,Gen Z
2629,4.9,2.5,6.7,4.7,2.7,2.7,Moderate,Gen Z
2630,4.2,0.8,6.9,2.0,4.3,2.79,Moderate,Gen Z
2631,6.9,2.3,7.1,0.2,2.7,2.23,Low,Gen Z
2632,6.7,1.7,7.7,1.9,5.6,3.06,High,Gen Z
2633,3.9,0.2,8.3,4.5,4.3,3.81,Moderate,Gen Z
2634,6.0,0.7,7.0,4.0,1.2,3.44,Moderate,Gen Z
2635,5.2,1.1,7.8,1.9,3.7,3.27,High,Gen Z
2636,3.7,0.1,4.4,3.1,4.0,2.91,High,Gen Z
2637,5.0,1.6,4.9,2.8,7.7,2.86,Moderate,Gen Z
2638,5.2,2.0,8.4,3.1,4.4,2.78,Moderate,Gen Z
2639,6.4,2.7,7.6,2.3,6.3,2.75,High,Gen Z
2640,5.7,1.4,6.4,3.5,5.0,2.68,Low,Gen Z
2641,3.0,3.4,6.2,3.1,4.5,3.51,High,Gen Z
2642,4.1,0.8,6.7,3.1,4.6,2.98,Moderate,Gen Z
2643,5.3,2.0,7.3,0.8,3.6,3.29,High,Gen Z
2644,3.1,2.8,10.0,3.8,4.3,3.07,High,Gen Z
2645,6.5,0.8,6.6,4.1,4.4,2.82,Moderate,Gen Z
2646,3.9,1.8,6.7,2.9,4.1,2.65,Moderate,Gen Z
2647,3.8,2.9,9.0,1.7,4.4,3.19,Moderate,Gen Z
2648,4.6,3.7,7.5,2.9,3.4,2.56,High,Gen Z
2649,3.6,0.0,7.2,2.6,2.4,2.66,High,Gen Z
2650,3.8,0.8,6.7,4.2,2.1,2.67,High,Gen Z
2651,7.7,3.1,6.4,3.6,2.1,2.87,Moderate,Gen Z
2652,5.6,1.9,6.8,2.5,4.0,3.04,Low,Gen Z
2653,6.0,1.1,6.6,2.4,1.1,3.11,Low,Gen Z
2654,4.1,1.1,7.7,3.6,4.7,2.62,Low,Gen Z
2655,4.1,0.3,6.6,6.6,5.3,2.92,High,Gen Z
2656,3.2,2.7,7.3,5.0,6.1,3.05,High,Gen Z
2657,4.5,4.1,5.6,5.0,4.3,2.37,High,Gen Z
2658,6.0,3.4,7.1,2.2,3.8,3.07,Low,Gen Z
2659,6.9,4.5,8.5,3.0,1.2,2.68,High,Gen Z
2660,2.9,1.4,6.3,4.6,3.8,2.95,High,Gen Z
2661,1.9,1.1,5.8,4.1,5.2,3.4,High,Gen Z
2662,6.2,1.6,6.3,2.8,3.4,3.05,Moderate,Gen Z
2663,4.1,1.2,6.9,2.5,2.2,2.66,High,Gen Z
2664,5.6,2.0,5.3,2.0,4.3,2.62,High,Gen Z
2665,5.9,2.6,8.8,5.2,2.1,3.24,Low,Gen Z
2666,6.6,1.7,8.1,1.7,2.5,3.34,Moderate,Gen Z
2667,4.7,2.5,9.2,2.9,3.0,2.95,High,Gen Z
2668,5.2,1.1,7.6,2.3,3.3,2.36,High,Gen Z
2669,3.7,0.6,6.6,5.2,4.4,2.84,Moderate,Gen Z
2670,3.7,3.0,6.1,5.6,2.5,3.7,High,Gen Z
2671,4.7,3.7,7.6,2.6,2.4,3.16,High,Gen Z
2672,2.8,1.3,6.1,3.9,3.5,2.6,Moderate,Gen Z
2673,2.4,1.2,7.0,4.9,4.2,3.47,Moderate,Gen Z
2674,4.5,2.2,6.3,4.5,3.5,3.21,High,Gen Z
2675,6.3,2.4,6.7,4.2,1.7,3.34,Low,Gen Z
2676,5.7,0.8,8.3,1.9,2.5,3.24,High,Gen Z
2677,7.3,1.4,8.2,4.6,3.1,2.69,Moderate,Gen Z
2678,4.4,1.3,8.1,3.2,3.4,3.24,Moderate,Gen Z
2679,5.3,0.7,7.3,4.1,3.7,3.22,Moderate,Gen Z
2680,6.3,2.8,6.0,1.8,2.2,2.14,Low,Gen Z
2681,6.4,3.7,6.8,4.4,3.2,3.46,High,Gen Z
2682,3.9,0.0,5.4,2.7,4.8,2.79,High,Gen Z
2683,5.1,1.6,7.1,5.0,3.1,3.08,High,Gen Z
2684,5.1,2.1,6.8,5.4,2.9,3.1,Moderate,Gen Z
2685,4.0,0.9,6.5,2.8,3.3,2.24,Moderate,Gen Z
2686,4.7,0.5,7.1,1.1,3.6,2.59,High,Gen Z
2687,4.3,1.7,7.8,4.7,4.4,2.94,High,Gen Z
2688,3.7,1.7,6.9,2.2,2.3,2.8,High,Gen Z
2689,5.1,2.7,6.2,4.5,2.5,2.78,Moderate,Gen Z
2690,4.5,1.6,5.9,2.7,4.4,2.45,Moderate,Gen Z
2691,6.2,2.6,8.4,3.3,4.5,3.03,High,Gen Z
2692,5.5,3.0,8.8,4.5,4.4,2.71,Low,Gen Z
2693,5.4,1.7,8.6,3.8,2.4,2.63,High,Gen Z
2694,5.3,1.7,6.6,3.0,4.9,3.28,Moderate,Gen Z
2695,4.0,0.2,7.8,4.4,3.0,2.67,High,Gen Z
2696,5.7,3.5,7.6,3.6,4.6,2.69,High,Gen Z
2697,7.9,2.8,5.0,3.1,2.7,2.54,High,Gen Z
2698,3.6,2.9,6.9,1.7,1.7,3.24,Moderate,Gen Z
2699,5.1,2.0,7.9,1.0,4.6,3.59,High,Gen Z
2700,7.0,1.7,6.6,4.9,3.3,3.34,Moderate,Gen Z
2701,7.2,2.2,7.7,4.5,3.5,2.59,Moderate,Gen Z
2702,6.0,0.6,7.7,3.2,4.6,3.27,Low,Gen Z
2703,7.9,1.6,7.8,4.5,5.9,2.2,High,Gen Z
2704,4.7,0.8,6.8,2.7,3.0,2.65,Moderate,Gen Z
2705,4.0,2.0,7.1,1.9,0.4,2.97,High,Gen Z
2706,6.5,1.2,8.1,3.4,4.1,3.35,High,Gen Z
2707,5.7,1.8,7.2,2.6,1.7,3.02,Low,Gen Z
2708,5.2,0.9,7.9,3.0,1.1,2.43,Low,Gen Z
2709,3.2,0.3,5.9,0.5,4.4,3.34,Moderate,Gen Z
2710,5.8,2.0,6.9,2.2,1.1,3.3,High,Gen Z
2711,6.5,1.6,7.1,2.7,3.2,2.54,Low,Gen Z
2712,2.7,2.3,8.1,4.1,6.9,3.14,Moderate,Gen Z
2713,6.0,1.3,6.6,3.5,5.1,3.3,Moderate,Gen Z
2714,4.8,3.1,6.9,1.8,2.2,2.87,Moderate,Gen Z
2715,6.2,0.5,6.2,2.7,2.5,3.19,Low,Gen Z
2716,6.1,0.2,6.6,1.6,2.9,3.03,Low,Gen Z
2717,3.6,1.9,7.2,2.1,3.0,3.11,High,Gen Z
2718,6.6,2.8,7.5,1.9,3.7,2.72,Moderate,Gen Z
2719,4.1,2.2,8.0,4.8,3.3,2.92,Moderate,Gen Z
2720,5.7,3.1,5.6,4.2,4.2,2.48,High,Gen Z
2721,4.9,1.9,7.0,4.5,7.5,3.25,High,Gen Z
2722,5.8,0.9,7.1,2.5,3.4,2.44,High,Gen Z
2723,4.8,1.7,6.5,1.3,3.4,2.91,Moderate,Gen Z
2724,3.3,0.8,6.9,2.4,3.9,2.42,Moderate,Gen Z
2725,4.0,0.2,4.0,3.5,2.9,2.67,Moderate,Gen Z
2726,6.4,1.8,6.7,2.7,5.3,3.35,High,Gen Z
2727,3.4,1.7,5.3,3.0,1.3,2.64,High,Gen Z
2728,2.8,2.1,6.3,3.1,3.7,2.99,Moderate,Gen Z
2729,4.1,1.1,7.0,3.4,3.9,3.01,High,Gen Z
2730,4.7,2.3,8.5,1.7,4.0,2.97,Low,Gen Z
2731,7.9,1.0,8.6,3.0,3.8,2.89,High,Gen Z
2732,3.2,0.8,7.2,2.4,4.7,3.23,Moderate,Gen Z
2733,3.9,0.6,7.6,3.1,3.8,2.62,High,Gen Z
2734,5.7,3.0,5.7,1.4,3.0,3.43,Moderate,Gen Z
2735,6.0,0.0,7.6,2.7,1.9,3.23,Moderate,Gen Z
2736,3.9,0.1,8.3,2.3,3.2,3.19,Moderate,Gen Z
2737,5.4,0.7,7.5,4.1,4.5,3.33,Moderate,Gen Z
2738,5.8,1.3,7.8,0.5,5.1,2.98,Moderate,Gen Z
2739,4.2,1.2,7.3,5.4,2.8,3.22,High,Gen Z
2740,4.0,1.7,6.8,2.8,3.4,2.82,Moderate,Gen Z
2741,5.7,0.0,5.8,5.8,6.1,3.49,High,Gen Z
2742,4.0,0.8,7.7,2.6,4.3,3.16,Moderate,Gen Z
2743,3.4,2.1,7.8,0.0,3.6,3.38,High,Gen Z
2744,3.9,2.8,6.4,3.6,2.5,2.9,Moderate,Gen Z
2745,4.5,1.4,6.0,2.7,6.3,3.06,High,Gen Z
2746,5.6,1.3,7.2,2.3,4.0,3.23,High,Gen Z
2747,5.1,1.3,7.9,1.6,3.2,3.0,Moderate,Gen Z
2748,5.5,0.1,4.7,3.6,4.1,3.2,Moderate,Gen Z
2749,7.9,0.0,6.8,4.8,4.9,3.03,High,Gen Z
2750,7.6,1.1,5.6,3.3,4.6,2.92,Moderate,Gen Z
2751,4.9,3.5,5.7,2.4,3.9,2.84,Moderate,Gen Z
2752,5.2,1.8,7.9,2.8,3.1,2.93,Moderate,Gen Z
2753,6.6,2.7,9.1,2.6,4.7,3.68,High,Gen Z
2754,3.4,2.3,7.8,5.0,0.8,2.63,Low,Gen Z
2755,5.6,1.1,6.2,3.4,3.5,2.62,Moderate,Gen Z
2756,7.6,0.0,5.2,1.9,4.0,2.83,Moderate,Gen Z
2757,5.3,0.0,6.7,3.2,3.3,2.71,Low,Gen Z
2758,3.3,1.7,6.6,1.5,3.1,3.44,High,Gen Z
2759,2.6,0.0,6.4,4.7,1.8,2.82,Moderate,Gen Z
2760,3.5,0.2,7.9,0.4,1.3,3.02,High,Gen Z
2761,5.0,1.7,6.1,2.9,5.3,3.4,Moderate,Gen Z
2762,3.9,2.1,5.5,0.5,2.3,3.3,Moderate,Gen Z
2763,4.1,3.0,6.8,5.0,3.1,2.81,Low,Gen Z
2764,3.8,1.4,7.7,3.6,6.2,2.37,High,Gen Z
2765,4.2,3.9,6.0,3.8,4.5,3.46,Moderate,Gen Z
2766,5.7,3.1,8.1,1.5,4.4,2.96,Moderate,Gen Z
2767,3.0,1.6,6.2,3.2,5.2,3.04,Moderate,Gen Z
2768,3.4,2.4,7.8,2.9,0.0,2.97,High,Gen Z
2769,4.2,3.2,7.5,0.0,4.3,3.45,Moderate,Gen Z
2770,5.2,1.6,8.3,3.6,1.9,3.12,High,Gen Z
2771,6.0,2.4,6.1,2.0,4.0,3.49,Moderate,Gen Z
2772,3.8,4.5,7.7,4.9,2.1,2.99,Low,Gen Z
2773,3.6,1.7,6.8,2.1,1.3,3.15,Low,Gen Z
2774,5.2,0.8,6.7,2.9,4.5,2.71,Moderate,Gen Z
2775,5.2,1.4,8.3,1.8,5.0,2.85,High,Gen Z
2776,4.6,2.3,6.3,4.3,5.0,3.08,High,Gen Z
2777,5.4,2.2,5.9,3.6,4.1,3.03,High,Gen Z
2778,5.9,2.9,6.4,4.2,1.6,3.31,Moderate,Gen Z
2779,4.8,0.6,7.0,3.4,5.5,3.36,Moderate,Gen Z
2780,4.4,0.8,6.3,6.6,2.3,2.54,Moderate,Gen Z
2781,4.1,1.8,7.8,2.5,5.0,2.89,Moderate,Gen Z
2782,5.3,0.5,8.1,3.2,5.0,2.77,Moderate,Gen Z
2783,4.3,1.4,6.8,7.3,6.3,2.38,Low,Gen Z
2784,6.1,0.5,7.5,3.9,0.9,2.88,Moderate,Gen Z
2785,4.9,1.3,5.2,2.0,4.3,2.65,Low,Gen Z
2786,4.4,2.2,7.7,3.9,3.5,2.25,High,Gen Z
2787,3.5,0.8,7.8,2.6,0.8,2.57,Moderate,Gen Z
2788,3.5,0.0,7.5,2.1,4.0,2.85,Moderate,Gen Z
2789,4.8,1.1,7.0,1.6,3.4,2.72,High,Gen Z
2790,5.0,1.2,8.5,3.0,2.6,2.51,Moderate,Gen Z
2791,5.5,1.8,5.6,0.8,3.8,3.7,Moderate,Gen Z
2792,4.6,1.6,5.8,3.2,6.4,3.08,Moderate,Gen Z
2793,5.9,2.1,7.6,1.0,3.1,3.12,Low,Gen Z
2794,3.0,0.8,8.0,4.0,4.3,2.26,High,Gen Z
2795,5.1,3.0,6.3,2.3,4.7,2.43,High,Gen Z
2796,7.0,0.5,6.7,3.1,0.0,2.94,High,Gen Z
2797,6.8,2.8,7.5,0.9,3.9,3.04,High,Gen Z
2798,7.6,3.2,6.8,3.8,4.7,2.9,High,Gen Z
2799,7.2,2.3,7.6,3.5,2.6,2.62,Moderate,Gen Z
2800,6.3,1.1,7.1,2.7,4.1,3.2,Moderate,Gen Z
2801,4.9,1.6,8.5,5.5,3.5,2.91,Moderate,Gen Z
2802,5.6,4.1,7.7,2.4,6.1,2.54,High,Gen Z
2803,4.7,0.7,4.9,3.7,3.0,3.38,High,Gen Z
2804,6.8,0.4,6.9,2.3,2.5,3.45,Moderate,Gen Z
2805,5.1,1.6,7.3,5.3,6.7,3.12,Moderate,Gen Z
2806,3.3,0.9,5.7,3.2,3.2,3.47,Moderate,Gen Z
2807,6.0,1.9,6.3,3.0,4.8,2.98,High,Gen Z
2808,6.0,3.1,7.1,4.3,1.9,2.92,Moderate,Gen Z
2809,4.7,0.6,6.2,1.8,0.2,3.24,High,Gen Z
2810,4.2,1.8,6.1,1.8,4.4,3.04,Moderate,Gen Z
2811,6.1,3.4,7.3,4.5,3.3,3.19,Moderate,Gen Z
2812,7.8,2.6,6.8,1.6,1.8,2.86,Low,Gen Z
2813,1.7,1.3,6.8,0.7,1.2,3.27,Low,Gen Z
2814,6.1,1.5,7.5,1.1,3.9,2.9,Moderate,Gen Z
2815,5.2,2.4,6.4,0.8,3.1,3.06,Moderate,Gen Z
2816,5.2,1.4,6.9,4.1,5.8,3.11,High,Gen Z
2817,4.7,2.6,7.2,2.9,6.1,3.24,Moderate,Gen Z
2818,4.4,1.2,7.4,6.2,2.3,3.1,High,Gen Z
2819,6.6,1.6,5.6,3.1,3.3,2.97,High,Gen Z
2820,5.8,3.8,9.2,1.0,4.2,3.02,High,Gen Z
2821,6.1,0.7,8.4,3.2,4.1,2.96,Moderate,Gen Z
2822,4.9,2.4,7.8,2.5,5.2,2.59,Moderate,Gen Z
2823,6.5,1.3,7.1,4.3,3.0,2.97,High,Gen Z
2824,2.8,0.3,6.3,3.3,3.9,3.29,Moderate,Gen Z
2825,6.7,1.4,8.2,3.5,6.3,3.46,Moderate,Gen Z
2826,2.9,0.0,8.5,5.2,3.3,2.67,High,Gen Z
2827,5.9,0.3,6.9,3.3,4.3,3.64,High,Gen Z
2828,4.9,0.5,5.4,1.5,6.0,2.62,High,Gen Z
2829,5.7,1.1,7.2,3.1,3.5,2.76,Low,Gen Z
2830,6.7,1.1,6.8,1.8,6.3,2.61,High,Gen Z
2831,4.4,2.5,6.2,0.9,4.5,3.13,Moderate,Gen Z
2832,3.4,3.0,8.3,0.9,3.3,2.82,Moderate,Gen Z
2833,4.2,2.3,7.4,3.0,7.8,2.75,Moderate,Gen Z
2834,4.7,2.9,6.6,0.8,2.7,3.25,High,Gen Z
2835,4.4,2.7,9.2,4.9,3.9,3.41,High,Gen Z
2836,3.5,1.5,7.7,1.5,4.6,2.67,Moderate,Gen Z
2837,5.0,3.1,8.1,1.9,0.0,3.0,Low,Gen Z
2838,5.2,2.4,6.1,4.4,3.1,3.15,High,Gen Z
2839,3.8,0.5,6.6,2.2,3.6,3.0,Low,Gen Z
2840,6.4,0.9,7.0,0.7,2.8,2.78,Moderate,Gen Z
2841,6.3,1.8,7.4,1.8,3.6,2.56,Moderate,Gen Z
2842,5.1,2.2,5.1,5.7,4.8,3.01,High,Gen Z
2843,4.3,4.3,7.4,2.9,2.5,2.9,High,Gen Z
2844,5.7,0.0,9.5,3.1,5.1,2.92,High,Gen Z
2845,5.4,3.2,5.9,4.0,4.6,2.65,Low,Gen Z
2846,3.7,1.7,6.1,1.3,2.9,3.18,High,Gen Z
2847,3.7,2.5,8.0,1.7,3.1,3.3,High,Gen Z
2848,4.4,3.3,6.9,1.7,3.0,3.05,Moderate,Gen Z
2849,5.4,2.1,7.5,3.6,3.0,2.78,High,Gen Z
2850,3.7,0.3,7.2,3.6,3.0,2.9,Moderate,Gen Z
2851,5.8,1.2,5.7,3.7,4.6,3.24,High,Gen Z
2852,6.1,1.9,7.7,3.4,6.2,2.59,Moderate,Gen Z
2853,5.0,2.9,7.1,4.3,5.7,2.99,Low,Gen Z
2854,4.7,0.0,7.4,2.5,3.0,2.92,High,Gen Z
2855,6.4,3.6,7.3,0.1,2.5,3.09,Moderate,Gen Z
2856,6.0,4.2,6.3,3.6,6.3,3.21,Low,Gen Z
2857,3.4,3.1,7.3,3.2,3.4,3.41,High,Gen Z
2858,5.1,2.3,7.1,5.5,3.8,3.19,Moderate,Gen Z
2859,4.7,0.9,6.6,3.4,3.9,3.15,Moderate,Gen Z
2860,5.8,2.3,7.8,0.6,6.4,3.26,Low,Gen Z
2861,6.1,3.7,6.2,4.1,4.8,3.04,High,Gen Z
2862,2.8,2.3,8.0,2.2,5.6,3.2,High,Gen Z
2863,7.9,0.4,7.9,1.3,5.9,3.3,Low,Gen Z
2864,1.6,2.5,7.4,2.7,3.3,3.73,High,Gen Z
2865,3.9,0.8,9.3,6.8,3.6,2.31,Low,Gen Z
2866,8.1,2.6,6.3,4.7,6.4,3.01,Low,Gen Z
2867,5.5,2.6,7.7,3.5,3.9,2.84,Low,Gen Z
2868,7.2,2.1,7.4,2.8,5.3,3.49,High,Gen Z
2869,4.2,1.3,6.5,0.7,3.9,2.21,Moderate,Gen Z
2870,4.1,0.4,6.9,4.0,5.2,3.31,High,Gen Z
2871,5.5,1.4,6.9,4.1,2.7,3.39,Low,Gen Z
2872,2.9,1.3,8.8,2.8,3.0,3.28,Moderate,Gen Z
2873,4.1,0.9,6.5,3.3,5.3,2.94,High,Gen Z
2874,5.6,2.9,8.2,3.4,2.0,2.59,Moderate,Gen Z
2875,4.2,1.7,5.8,2.4,5.9,2.27,High,Gen Z
2876,5.9,1.5,6.1,0.9,4.4,3.15,Low,Gen Z
2877,3.9,0.3,5.8,3.3,2.9,3.21,Moderate,Gen Z
2878,6.0,0.4,8.1,1.6,7.0,3.17,High,Gen Z
2879,6.6,1.4,6.1,2.9,3.9,2.3,Moderate,Gen Z
2880,3.0,0.9,6.2,3.5,4.1,2.65,Low,Gen Z
2881,4.6,1.4,6.3,2.5,2.1,2.87,High,Gen Z
2882,3.7,2.1,6.2,5.1,3.6,2.82,Moderate,Gen Z
2883,5.0,0.0,7.9,2.7,5.2,3.02,Low,Gen Z
2884,3.2,1.5,6.5,2.5,5.8,2.91,Moderate,Gen Z
2885,6.0,1.1,8.5,1.3,3.5,3.27,High,Gen Z
2886,5.0,3.0,8.3,3.6,2.9,2.59,High,Gen Z
2887,4.3,2.4,6.6,1.2,3.3,2.56,High,Gen Z
2888,4.7,1.2,8.7,2.4,2.4,2.54,Low,Gen Z
2889,5.2,0.8,8.7,5.3,2.0,2.67,Low,Gen Z
2890,1.7,2.1,5.8,1.3,2.1,2.98,High,Gen Z
2891,3.9,2.2,8.5,3.8,3.3,2.44,Low,Gen Z
2892,2.9,0.0,5.1,2.8,3.4,2.78,High,Gen Z
2893,4.6,0.6,7.0,3.6,2.0,2.49,Moderate,Gen Z
2894,5.1,2.8,6.7,1.7,3.8,3.05,Low,Gen Z
2895,7.1,2.4,8.3,4.8,3.6,3.32,High,Gen Z
2896,4.6,0.4,7.3,0.7,5.4,2.7,High,Gen Z
2897,2.8,3.6,7.6,0.9,2.3,3.38,High,Gen Z
2898,6.4,0.4,5.4,3.4,5.5,2.98,Low,Gen Z
2899,4.2,1.8,6.0,2.0,3.8,2.95,High,Gen Z
2900,5.1,3.5,6.3,3.6,5.7,2.87,Moderate,Gen Z
2901,6.9,1.0,6.7,4.3,3.1,2.84,High,Gen Z
2902,3.6,1.1,8.2,3.0,3.7,3.02,High,Gen Z
2903,3.2,0.8,7.5,1.5,4.3,3.04,High,Gen Z
2904,5.4,1.0,5.9,4.8,4.3,3.17,High,Gen Z
2905,5.5,1.9,6.5,5.2,4.3,2.7,Low,Gen Z
2906,4.0,2.6,10.0,2.8,4.7,2.97,High,Gen Z
2907,2.6,2.5,8.1,7.3,6.0,2.5,High,Gen Z
2908,3.9,0.8,7.8,4.2,5.2,2.74,Low,Gen Z
2909,7.0,2.0,7.7,3.2,3.3,2.52,Low,Gen Z
2910,4.1,0.0,7.9,4.2,5.2,3.24,Moderate,Gen Z
2911,4.4,0.7,6.6,2.6,3.5,3.29,Moderate,Gen Z
2912,3.5,2.7,6.0,3.2,2.5,3.84,High,Gen Z
2913,6.1,2.2,7.0,3.5,2.3,3.79,Low,Gen Z
2914,3.3,1.2,6.4,3.0,4.0,2.73,Low,Gen Z
2915,3.7,0.5,7.4,4.4,5.6,3.02,High,Gen Z
2916,6.4,2.4,6.0,1.5,0.6,2.36,Low,Gen Z
2917,2.4,2.0,5.5,3.8,3.6,2.98,Moderate,Gen Z
2918,5.2,2.4,9.4,3.1,1.6,2.98,Moderate,Gen Z
2919,5.5,0.0,7.2,2.0,5.3,2.99,Moderate,Gen Z
2920,6.8,2.6,8.2,3.4,3.0,2.51,High,Gen Z
2921,4.0,1.0,8.1,3.0,3.8,2.66,Moderate,Gen Z
2922,3.8,0.4,7.0,2.3,4.7,2.77,High,Gen Z
2923,4.6,0.7,6.3,4.4,4.2,2.76,Moderate,Gen Z
2924,6.7,2.2,8.7,1.7,2.8,3.19,Moderate,Gen Z
2925,6.3,2.9,6.7,1.9,4.1,2.91,Moderate,Gen Z
2926,3.9,1.2,7.8,2.9,4.6,3.22,High,Gen Z
2927,4.7,0.2,7.7,1.9,0.7,2.93,Low,Gen Z
2928,3.4,3.4,6.3,1.3,3.9,3.49,Moderate,Gen Z
2929,2.7,0.3,6.1,2.0,3.4,3.27,High,Gen Z
2930,8.0,0.0,7.1,2.5,0.7,2.16,High,Gen Z
2931,4.0,0.8,6.4,2.1,3.8,3.0,High,Gen Z
2932,5.5,1.9,6.1,2.8,1.7,2.82,Moderate,Gen Z
2933,5.3,3.7,5.9,2.2,5.7,2.99,Moderate,Gen Z
2934,6.6,1.1,7.0,2.0,3.4,3.15,High,Gen Z
2935,5.8,2.0,7.1,2.2,4.4,3.67,Low,Gen Z
2936,7.4,1.3,5.6,1.4,3.0,3.37,Moderate,Gen Z
2937,3.3,0.2,6.7,1.6,3.5,3.16,High,Gen Z
2938,3.5,0.0,8.8,1.7,4.2,2.81,High,Gen Z
2939,2.7,2.6,5.6,3.0,3.0,3.48,Moderate,Gen Z
2940,3.5,3.0,6.0,2.3,1.7,3.1,Moderate,Gen Z
2941,3.8,2.4,6.9,2.8,3.4,2.99,Moderate,Gen Z
2942,2.0,1.4,6.3,2.7,5.0,3.29,High,Gen Z
2943,2.3,0.0,5.8,2.5,3.9,3.0,High,Gen Z
2944,5.1,1.1,7.5,3.4,3.9,2.86,Moderate,Gen Z
2945,4.4,1.6,7.0,3.0,2.0,2.71,High,Gen Z
2946,6.1,0.6,5.6,2.7,1.8,3.34,Moderate,Gen Z
2947,2.5,1.5,7.7,2.9,3.9,2.45,Low,Gen Z
2948,5.0,0.7,6.4,1.9,2.6,3.46,Moderate,Gen Z
2949,3.3,1.7,5.0,4.8,8.0,2.74,Low,Gen Z
2950,5.3,1.5,6.9,2.2,6.3,3.83,High,Gen Z
2951,1.6,2.8,6.2,2.4,3.7,3.17,High,Gen Z
2952,7.1,1.3,6.5,0.6,4.3,2.69,Low,Gen Z
2953,4.4,2.5,7.3,3.2,2.4,2.8,High,Gen Z
2954,7.7,2.9,6.5,1.5,4.1,2.84,Moderate,Gen Z
2955,5.7,1.8,7.4,3.4,4.8,3.02,High,Gen Z
2956,6.5,1.4,6.3,4.9,2.7,2.65,High,Gen Z
2957,6.4,1.7,6.7,0.3,0.0,2.97,Low,Gen Z
2958,5.4,0.6,6.7,1.4,5.1,3.46,High,Gen Z
2959,5.0,3.7,8.1,2.9,4.4,3.22,Moderate,Gen Z
2960,4.1,0.6,7.2,2.9,4.1,2.88,Moderate,Gen Z
2961,6.0,2.4,7.9,2.6,4.4,3.19,High,Gen Z
2962,3.0,0.0,6.5,2.6,4.4,3.18,Low,Gen Z
2963,3.3,2.1,7.2,1.4,6.3,3.1,Moderate,Gen Z
2964,5.2,1.2,7.4,1.0,2.3,2.56,High,Gen Z
2965,4.4,2.1,6.8,1.6,4.3,3.04,Low,Gen Z
2966,4.1,1.7,6.2,3.8,4.4,3.36,Moderate,Gen Z
2967,4.5,3.1,6.2,1.3,3.6,2.86,High,Gen Z
2968,5.7,2.0,8.5,1.7,5.2,2.56,Moderate,Gen Z
2969,3.5,1.5,5.9,1.9,3.2,2.68,Moderate,Gen Z
2970,6.4,2.8,6.3,2.9,4.0,3.3,Low,Gen Z
2971,4.2,2.7,8.0,3.0,4.5,3.48,Moderate,Gen Z
2972,5.2,3.2,6.7,0.9,3.0,2.7,High,Gen Z
2973,6.4,1.9,6.9,0.8,2.7,3.03,Low,Gen Z
2974,4.3,2.3,5.1,4.5,3.7,2.36,Moderate,Gen Z
2975,6.0,2.3,6.7,3.5,3.3,3.36,High,Gen Z
2976,5.3,1.8,6.0,3.3,1.7,2.94,High,Gen Z
2977,4.0,3.5,5.8,1.9,2.8,3.36,High,Gen Z
2978,5.7,3.0,7.4,3.3,3.4,3.2,High,Gen Z
2979,6.0,0.0,8.1,2.5,2.9,2.49,Moderate,Gen Z
2980,5.7,2.0,7.8,4.9,2.7,2.98,Moderate,Gen Z
2981,8.1,0.0,7.3,1.1,6.6,3.55,High,Gen Z
2982,7.0,0.2,6.9,3.4,3.6,3.17,High,Gen Z
2983,5.4,1.1,5.8,1.6,3.5,2.8,High,Gen Z
2984,3.8,1.4,7.0,1.3,4.9,3.04,Low,Gen Z
2985,3.6,1.3,5.9,1.9,3.9,2.07,High,Gen Z
2986,4.5,0.6,7.3,3.5,2.1,3.07,High,Gen Z
2987,3.1,2.8,6.8,5.7,4.7,3.09,Moderate,Gen Z
2988,3.7,1.9,8.3,3.1,3.4,3.11,High,Gen Z
2989,4.2,0.6,8.2,2.3,2.3,3.27,High,Gen Z
2990,4.0,1.1,8.1,2.5,2.6,2.94,High,Gen Z
2991,5.5,0.5,5.9,4.2,4.2,2.88,Moderate,Gen Z
2992,4.5,3.0,6.8,4.3,1.6,2.31,High,Gen Z
2993,4.1,1.7,7.3,3.0,0.9,3.43,Moderate,Gen Z
2994,6.8,0.7,7.9,3.7,1.9,3.19,Moderate,Gen Z
2995,6.5,1.0,8.3,2.2,4.8,3.24,Moderate,Gen Z
2996,3.3,1.5,6.9,2.4,5.9,3.38,Moderate,Gen Z
2997,4.8,2.8,6.8,2.0,1.7,2.84,Moderate,Gen Z
2998,3.5,1.9,4.3,3.7,5.5,2.69,Moderate,Gen Z
2999,2.1,1.0,8.4,4.6,2.7,3.22,Low,Gen Z
3000,5.1,0.5,7.4,1.7,3.0,2.73,High,Gen Z
3001,4.3,1.3,8.8,2.3,0.7,3.13,High,Gen Z
3002,6.7,1.5,7.4,0.7,2.8,3.14,High,Gen Z
3003,4.6,1.1,5.9,2.5,0.9,3.06,Moderate,Gen Z
3004,5.5,2.4,9.3,3.6,5.0,3.29,High,Gen Z
3005,5.0,0.7,7.2,0.7,4.9,2.75,Low,Gen Z
3006,4.4,0.8,7.2,4.0,2.6,2.69,Low,Gen Z
3007,4.7,2.2,7.3,6.6,4.7,2.97,High,Gen Z
3008,4.5,0.4,7.5,5.2,1.6,2.94,Moderate,Gen Z
3009,4.4,0.3,7.8,1.0,1.1,2.93,Low,Gen Z
3010,5.0,1.8,7.8,4.2,3.2,3.82,High,Gen Z
3011,5.2,2.9,6.1,3.0,4.5,3.05,Low,Gen Z
3012,4.5,1.4,7.8,1.3,3.3,2.81,Moderate,Gen Z
3013,3.0,0.0,7.1,2.9,4.7,2.85,High,Gen Z
3014,4.9,2.3,9.0,3.1,2.6,2.22,High,Gen Z
3015,4.3,0.1,6.5,1.5,3.6,4.0,Low,Gen Z
3016,4.7,0.8,7.8,3.2,4.3,3.15,Moderate,Gen Z
3017,7.4,3.4,7.9,1.3,3.4,2.9,Moderate,Gen Z
3018,4.5,3.1,7.9,2.6,3.7,3.45,Moderate,Gen Z
3019,4.1,2.0,6.3,4.4,5.2,3.22,Moderate,Gen Z
3020,5.9,0.5,8.4,2.5,3.0,3.24,Moderate,Gen Z
3021,6.2,3.9,7.2,4.2,5.2,2.72,High,Gen Z
3022,5.4,1.3,6.5,4.8,0.5,2.87,Low,Gen Z
3023,5.2,0.9,8.9,0.2,3.4,2.91,High,Gen Z
3024,6.4,1.8,5.0,4.0,4.0,3.48,Low,Gen Z
3025,4.8,2.4,6.0,2.5,6.2,3.17,Moderate,Gen Z
3026,4.5,3.6,5.1,0.9,3.6,2.67,Moderate,Gen Z
3027,6.7,2.5,6.4,2.8,3.1,2.33,Moderate,Gen Z
3028,2.5,1.2,7.0,1.2,2.7,2.78,High,Gen Z
3029,3.9,0.0,6.2,3.8,2.0,3.36,Moderate,Gen Z
3030,4.8,4.0,8.5,2.3,6.5,2.29,Moderate,Gen Z
3031,4.2,0.4,7.5,1.7,7.8,3.56,High,Gen Z
3032,2.8,0.0,9.5,3.5,3.2,2.83,High,Gen Z
3033,4.1,2.5,7.1,2.7,6.1,2.9,High,Gen Z
3034,5.9,1.5,6.9,4.8,4.8,3.21,Moderate,Gen Z
3035,2.5,1.4,6.3,1.7,1.7,2.64,High,Gen Z
3036,1.0,0.0,8.1,4.0,3.2,3.71,High,Gen Z
3037,4.9,2.7,7.1,0.0,2.5,3.22,High,Gen Z
3038,4.6,2.1,8.4,6.1,3.1,2.27,High,Gen Z
3039,3.4,1.8,6.9,1.0,3.0,3.0,High,Gen Z
3040,2.4,1.8,7.8,2.8,3.1,3.18,High,Gen Z
3041,4.1,3.3,6.9,3.1,1.1,3.4,Moderate,Gen Z
3042,3.9,1.2,6.8,3.8,2.7,2.55,Moderate,Gen Z
3043,6.3,0.8,7.3,1.9,3.4,3.35,Moderate,Gen Z
3044,3.9,3.7,6.5,3.2,3.9,3.16,High,Gen Z
3045,4.3,0.8,7.8,4.3,4.8,2.51,High,Gen Z
3046,4.5,1.1,7.2,3.8,3.7,2.62,High,Gen Z
3047,5.0,1.5,5.2,4.9,4.1,2.69,Moderate,Gen Z
3048,4.9,0.4,8.1,1.5,2.5,2.66,Moderate,Gen Z
3049,5.2,2.7,6.2,3.5,4.4,2.52,High,Gen Z
3050,4.8,2.3,5.4,2.1,5.9,2.67,Moderate,Gen Z
3051,5.7,3.8,7.1,4.2,5.2,3.82,Low,Gen Z
3052,6.0,1.9,7.9,5.7,5.2,3.1,Moderate,Gen Z
3053,5.1,1.9,8.6,1.9,1.0,2.49,Moderate,Gen Z
3054,3.6,2.3,6.7,1.8,0.7,2.77,Moderate,Gen Z
3055,4.9,2.8,7.4,5.5,2.9,2.52,Moderate,Gen Z
3056,3.9,0.0,6.2,5.6,3.9,3.37,Low,Gen Z
3057,7.7,1.3,8.2,1.6,6.4,2.82,High,Gen Z
3058,2.6,1.2,8.1,1.8,2.9,2.66,Moderate,Gen Z
3059,6.6,2.2,6.8,2.4,2.7,2.47,Moderate,Gen Z
3060,6.2,3.1,8.9,1.7,5.0,3.41,High,Gen Z
3061,4.6,3.4,6.9,3.7,3.5,2.76,Moderate,Gen Z
3062,6.7,2.5,8.3,1.8,5.6,3.61,High,Gen Z
3063,7.1,1.9,6.1,5.3,6.0,3.13,Moderate,Gen Z
3064,5.2,2.3,6.7,3.4,2.3,2.9,Moderate,Gen Z
3065,8.1,0.7,4.2,1.7,5.3,3.11,Moderate,Gen Z
3066,6.1,1.6,6.6,4.0,4.1,2.96,High,Gen Z
3067,2.2,3.4,6.7,3.0,3.2,3.0,High,Gen Z
3068,3.2,0.8,8.0,3.0,6.2,3.18,Moderate,Gen Z
3069,5.5,0.7,6.8,4.6,5.8,3.3,Low,Gen Z
3070,4.6,0.0,6.8,3.4,5.2,3.59,High,Gen Z
3071,5.6,3.2,6.7,3.5,3.3,3.17,High,Gen Z
3072,4.5,0.0,6.6,2.5,4.0,3.01,High,Gen Z
3073,3.9,0.9,7.7,5.4,3.4,3.27,High,Gen Z
3074,5.8,1.7,7.6,3.6,4.8,3.34,Moderate,Gen Z
3075,5.8,0.3,6.8,3.3,3.8,2.69,Moderate,Gen Z
3076,5.4,1.1,6.7,1.7,2.8,3.05,Moderate,Gen Z
3077,4.7,0.5,8.3,3.1,2.9,2.79,Moderate,Gen Z
3078,6.7,1.7,8.0,3.3,3.7,3.19,Low,Gen Z
3079,5.3,0.8,6.7,0.3,5.3,2.73,Moderate,Gen Z
3080,5.2,0.0,7.4,5.2,3.2,2.68,Moderate,Gen Z
3081,9.7,2.1,8.4,5.2,3.4,2.34,High,Gen Z
3082,1.4,2.1,6.2,1.0,5.2,2.67,High,Gen Z
3083,2.9,0.6,5.8,3.0,3.8,2.87,Low,Gen Z
3084,1.4,2.1,9.0,1.6,2.5,3.15,High,Gen Z
3085,5.0,1.8,6.7,2.6,4.6,2.99,High,Gen Z
3086,2.0,0.8,6.8,3.1,3.9,3.05,Low,Gen Z
3087,4.6,1.2,6.9,1.2,5.5,3.08,High,Gen Z
3088,7.1,1.3,6.5,1.1,3.8,2.75,High,Gen Z
3089,6.5,2.8,6.2,2.8,3.5,2.39,High,Gen Z
3090,4.1,3.0,6.8,4.5,2.9,2.64,Moderate,Gen Z
3091,4.0,3.2,8.2,2.3,6.9,3.16,Moderate,Gen Z
3092,4.9,4.1,6.3,0.0,4.9,2.85,High,Gen Z
3093,6.3,0.1,6.1,2.6,3.7,2.97,Moderate,Gen Z
3094,5.2,1.0,7.7,2.1,5.2,3.22,Moderate,Gen Z
3095,6.0,2.1,7.4,1.9,1.9,2.77,Moderate,Gen Z
3096,6.6,1.4,7.3,0.9,4.3,3.17,Low,Gen Z
3097,3.7,2.3,6.4,4.0,4.2,3.34,Low,Gen Z
3098,5.9,0.8,7.7,3.2,1.8,2.76,Moderate,Gen Z
3099,6.2,1.6,7.9,5.0,3.0,3.03,Moderate,Gen Z
3100,4.5,1.3,6.6,6.0,4.7,3.47,High,Gen Z
3101,6.9,3.5,6.0,1.5,3.9,3.81,Moderate,Gen Z
3102,5.0,0.8,6.8,5.0,0.4,2.67,Low,Gen Z
3103,5.6,3.3,8.3,3.8,5.3,2.81,High,Gen Z
3104,5.0,1.5,5.6,3.7,1.0,3.1,High,Gen Z
3105,5.8,3.0,7.9,2.6,2.1,3.54,High,Gen Z
3106,4.1,2.5,7.3,3.1,4.0,2.61,Moderate,Gen Z
3107,3.4,0.8,7.9,3.8,3.9,2.39,Moderate,Gen Z
3108,4.7,2.9,7.9,4.5,5.8,3.05,High,Gen Z
3109,4.0,2.2,6.7,0.8,2.1,3.46,High,Gen Z
3110,4.2,1.2,8.1,6.2,1.3,3.72,High,Gen Z
3111,5.4,1.8,7.8,4.4,1.3,2.78,High,Gen Z
3112,6.3,4.2,6.5,3.4,1.6,2.67,Moderate,Gen Z
3113,5.5,2.8,9.5,5.7,4.6,3.98,High,Gen Z
3114,3.2,1.3,7.8,3.3,5.5,3.06,Moderate,Gen Z
3115,5.0,2.0,6.0,2.6,2.8,2.34,Moderate,Gen Z
3116,6.5,1.9,4.6,1.4,7.7,3.66,Low,Gen Z
3117,5.4,4.0,6.7,5.5,5.5,2.88,High,Gen Z
3118,5.0,0.1,9.0,2.2,6.8,2.99,High,Gen Z
3119,4.6,0.9,6.8,1.8,4.6,3.22,Moderate,Gen Z
3120,6.4,3.6,6.4,2.3,4.6,3.61,Low,Gen Z
3121,4.2,1.3,5.0,2.6,3.8,2.73,Moderate,Gen Z
3122,4.3,5.0,5.7,1.0,2.8,2.56,Moderate,Gen Z
3123,5.7,3.5,7.3,5.5,2.4,2.89,Moderate,Gen Z
3124,6.8,2.3,7.2,2.9,1.6,2.26,Low,Gen Z
3125,3.1,4.0,7.9,2.0,2.5,3.37,High,Gen Z
3126,5.5,0.0,5.5,3.2,3.7,2.89,Low,Gen Z
3127,6.6,0.7,7.2,3.3,3.2,2.46,High,Gen Z
3128,3.7,3.3,7.7,4.0,3.9,3.1,Moderate,Gen Z
3129,4.1,1.5,7.9,2.7,3.6,2.84,High,Gen Z
3130,5.5,1.9,7.4,1.3,3.3,3.04,High,Gen Z
3131,4.5,0.7,8.1,2.8,4.0,3.28,High,Gen Z
3132,3.2,2.7,7.0,4.2,4.8,2.82,High,Gen Z
3133,3.0,1.4,5.6,2.8,5.1,2.66,Moderate,Gen Z
3134,4.2,1.2,7.1,2.8,4.9,3.89,High,Gen Z
3135,4.7,1.3,6.8,6.8,3.5,3.09,Low,Gen Z
3136,5.1,1.1,9.4,2.8,4.6,2.79,High,Gen Z
3137,4.1,0.0,5.7,0.0,4.1,3.41,High,Gen Z
3138,2.9,2.1,6.0,4.3,4.8,2.28,Moderate,Gen Z
3139,3.6,2.8,6.7,1.3,4.0,3.21,High,Gen Z
3140,5.9,0.6,6.9,4.2,4.2,2.48,Moderate,Gen Z
3141,4.8,0.5,7.7,1.5,2.6,2.95,Low,Gen Z
3142,3.0,3.1,7.6,2.1,5.6,3.42,High,Gen Z
3143,5.4,2.9,7.5,2.4,5.3,2.64,Moderate,Gen Z
3144,3.8,2.0,6.6,2.1,5.3,2.92,Low,Gen Z
3145,5.3,3.8,6.2,0.2,3.7,3.04,Moderate,Gen Z
3146,4.6,1.2,6.2,3.9,5.1,2.7,Low,Gen Z
3147,3.9,1.8,6.8,2.4,7.2,3.01,Moderate,Gen Z
3148,6.3,2.1,5.6,4.7,3.0,2.3,Low,Gen Z
3149,5.5,2.5,6.9,3.7,2.8,2.81,Moderate,Gen Z
3150,7.1,2.7,7.2,3.2,4.2,2.7,Moderate,Gen Z
3151,4.4,0.5,6.5,2.7,3.7,3.46,Moderate,Gen Z
3152,4.2,1.6,7.5,2.5,2.1,2.7,Low,Gen Z
3153,6.2,1.8,7.9,3.2,2.5,3.3,High,Gen Z
3154,5.2,1.9,7.6,1.1,3.0,2.91,High,Gen Z
3155,4.7,0.6,7.7,1.7,2.9,2.99,Low,Gen Z
3156,5.7,2.7,7.6,2.9,0.9,2.74,Low,Gen Z
3157,3.5,2.1,7.8,1.4,4.4,3.29,Low,Gen Z
3158,6.2,2.0,8.5,1.6,7.3,3.21,Low,Gen Z
3159,7.8,1.0,7.1,3.4,2.8,3.23,Moderate,Gen Z
3160,4.1,0.0,6.8,1.2,3.7,3.92,High,Gen Z
3161,3.0,1.7,7.2,2.4,4.9,3.47,Moderate,Gen Z
3162,3.2,0.6,6.9,4.1,2.3,3.4,High,Gen Z
3163,5.9,0.8,5.7,5.2,3.5,2.66,High,Gen Z
3164,3.5,1.1,6.9,3.6,2.8,2.72,Moderate,Gen Z
3165,6.9,3.4,8.3,3.4,3.7,2.78,Moderate,Gen Z
3166,4.7,0.0,7.1,3.0,4.3,3.4,High,Gen Z
3167,6.6,1.4,7.6,3.1,4.7,3.41,Moderate,Gen Z
3168,4.0,1.4,7.0,2.5,5.7,2.96,Moderate,Gen Z
3169,5.1,2.6,6.0,0.0,4.3,3.18,Moderate,Gen Z
3170,6.3,3.2,7.4,2.4,5.3,3.21,High,Gen Z
3171,5.4,0.4,7.3,2.7,5.6,3.11,High,Gen Z
3172,6.1,2.4,7.0,3.1,3.6,2.9,Low,Gen Z
3173,4.1,0.0,7.3,3.9,4.8,2.34,High,Gen Z
3174,7.4,2.7,7.2,2.2,4.3,2.96,High,Gen Z
3175,2.7,1.5,8.4,4.3,6.9,3.05,Moderate,Gen Z
3176,6.9,1.4,5.8,3.3,4.2,3.39,High,Gen Z
3177,4.2,1.9,6.6,5.6,4.1,3.18,Moderate,Gen Z
3178,6.7,3.5,7.9,1.5,7.1,3.2,Low,Gen Z
3179,7.8,0.5,8.6,2.2,3.3,3.3,High,Gen Z
3180,4.1,0.3,6.9,3.3,2.0,2.64,Moderate,Gen Z
3181,4.3,2.5,7.5,4.0,5.9,3.15,Moderate,Gen Z
3182,4.8,2.0,7.7,3.9,3.9,3.0,Moderate,Gen Z
3183,2.9,2.6,6.2,2.6,3.1,3.17,Low,Gen Z
3184,2.8,0.9,7.7,2.5,6.0,3.47,High,Gen Z
3185,6.3,0.1,8.6,1.6,1.3,2.9,Moderate,Gen Z
3186,3.6,2.1,8.7,1.1,3.7,2.61,High,Gen Z
3187,5.1,4.1,7.4,2.5,4.1,2.7,Moderate,Gen Z
3188,5.6,4.4,5.8,7.3,3.4,3.3,Low,Gen Z
3189,4.2,0.7,6.8,0.4,3.2,2.88,High,Gen Z
3190,4.7,3.0,6.9,1.4,2.0,3.0,High,Gen Z
3191,4.6,0.1,6.4,1.3,5.0,3.44,High,Gen Z
3192,4.4,1.9,5.8,4.0,6.6,3.03,High,Gen Z
3193,4.0,0.4,5.9,4.7,2.8,3.22,Moderate,Gen Z
3194,5.3,0.9,5.5,2.0,3.8,3.38,High,Gen Z
3195,5.7,1.5,6.5,4.7,3.7,2.85,High,Gen Z
3196,5.7,1.2,6.6,5.7,4.1,2.83,Low,Gen Z
3197,4.0,2.0,6.1,2.5,3.2,3.21,Low,Gen Z
3198,3.5,1.2,7.1,2.0,1.5,2.87,High,Gen Z
3199,3.8,1.1,8.1,4.1,6.3,3.49,Low,Gen Z
3200,5.3,3.2,7.2,3.9,4.3,3.77,Moderate,Gen Z
3201,4.7,1.5,7.5,2.9,2.7,2.69,High,Gen Z
3202,4.3,2.3,7.5,0.0,6.9,3.22,Moderate,Gen Z
3203,4.9,0.9,7.6,5.7,0.9,3.4,Moderate,Gen Z
3204,5.7,2.1,7.1,2.6,5.9,2.64,Low,Gen Z
3205,5.1,2.4,6.7,0.9,6.1,2.75,Low,Gen Z
3206,4.1,1.4,5.2,6.6,4.8,3.1,Low,Gen Z
3207,4.3,1.9,6.0,2.8,3.8,2.56,Low,Gen Z
3208,5.2,3.4,6.8,2.9,3.3,2.75,Moderate,Gen Z
3209,6.7,1.4,7.7,1.3,3.8,3.75,High,Gen Z
3210,5.1,4.2,5.9,2.4,3.1,2.3,Low,Gen Z
3211,3.5,2.0,7.7,2.1,3.2,2.22,Moderate,Gen Z
3212,2.8,2.1,7.3,1.1,4.6,2.93,Moderate,Gen Z
3213,4.1,0.0,7.1,1.8,3.4,3.07,Moderate,Gen Z
3214,6.0,3.3,6.3,3.6,5.3,3.23,Moderate,Gen Z
3215,1.6,2.0,7.9,4.5,0.4,3.33,High,Gen Z
3216,6.5,0.2,7.3,4.1,1.1,2.93,High,Gen Z
3217,5.2,1.6,6.1,0.0,3.7,2.41,Moderate,Gen Z
3218,6.2,1.2,6.8,3.6,1.9,2.76,Low,Gen Z
3219,4.1,2.2,6.2,2.8,4.6,2.96,High,Gen Z
3220,4.5,3.9,7.0,5.6,1.8,3.06,Low,Gen Z
3221,5.0,3.3,7.3,2.5,5.8,2.99,Low,Gen Z
3222,3.3,0.0,6.9,3.9,4.0,2.55,Low,Gen Z
3223,6.3,3.8,7.0,4.1,3.1,2.93,High,Gen Z
3224,4.3,2.9,5.9,3.8,4.9,3.99,Moderate,Gen Z
3225,6.9,1.4,7.2,2.9,2.0,3.2,Moderate,Gen Z
3226,7.0,1.7,5.8,2.7,3.7,2.63,High,Gen Z
3227,3.4,2.3,8.0,3.7,3.6,3.08,High,Gen Z
3228,4.4,1.3,7.2,2.0,3.8,2.72,High,Gen Z
3229,4.3,1.8,7.3,4.1,4.1,3.13,High,Gen Z
3230,5.2,1.9,7.8,0.5,4.0,2.79,Low,Gen Z
3231,3.6,3.5,6.6,2.2,4.5,2.9,High,Gen Z
3232,3.9,0.1,8.0,4.7,2.3,2.87,Moderate,Gen Z
3233,4.6,3.0,6.9,0.2,3.3,2.77,Moderate,Gen Z
3234,3.4,1.7,7.7,1.3,1.9,3.32,Low,Gen Z
3235,4.4,1.5,8.1,2.0,3.1,2.69,Low,Gen Z
3236,6.3,3.1,7.0,2.0,5.0,3.34,High,Gen Z
3237,4.2,1.3,6.6,3.1,2.2,2.48,Moderate,Gen Z
3238,3.5,0.1,6.6,5.1,2.7,2.45,Moderate,Gen Z
3239,7.1,0.9,7.1,1.9,3.5,2.88,Moderate,Gen Z
3240,4.7,4.2,6.3,5.2,3.8,2.52,Moderate,Gen Z
3241,4.9,0.4,6.9,3.1,6.7,3.1,Moderate,Gen Z
3242,5.6,0.6,6.5,2.7,0.0,2.75,High,Gen Z
3243,5.0,0.8,8.1,1.3,4.1,3.11,High,Gen Z
3244,3.2,2.3,4.7,0.7,5.7,2.79,Low,Gen Z
3245,3.0,1.8,6.4,4.0,5.7,3.4,High,Gen Z
3246,5.7,2.6,5.7,3.3,3.0,3.13,High,Gen Z
3247,7.4,1.1,7.7,1.2,4.2,2.86,Low,Gen Z
3248,3.1,0.9,6.0,3.9,5.7,2.57,Low,Gen Z
3249,7.4,0.0,6.3,4.7,2.3,3.0,High,Gen Z
3250,4.2,1.3,7.7,3.6,3.3,3.6,High,Gen Z
3251,6.4,0.0,5.7,3.3,3.6,2.54,High,Gen Z
3252,4.3,0.0,7.2,4.5,3.5,3.13,Moderate,Gen Z
3253,4.6,1.2,7.2,3.3,4.1,2.88,Moderate,Gen Z
3254,3.2,2.4,5.2,4.1,3.9,3.36,Moderate,Gen Z
3255,4.1,1.9,4.7,4.7,5.1,2.52,High,Gen Z
3256,6.1,0.4,5.8,2.5,5.1,2.74,Moderate,Gen Z
3257,6.0,2.6,7.4,2.5,5.3,3.01,High,Gen Z
3258,4.6,2.4,8.1,2.3,6.3,3.15,Low,Gen Z
3259,4.0,0.0,6.9,3.3,3.8,2.59,Moderate,Gen Z
3260,3.2,3.1,6.4,2.8,3.0,3.45,High,Gen Z
3261,5.7,3.1,6.4,2.4,3.7,2.39,Moderate,Gen Z
3262,5.6,1.1,8.6,1.7,4.8,2.99,High,Gen Z
3263,5.7,0.3,7.1,1.5,3.8,3.64,High,Gen Z
3264,4.5,2.7,10.0,0.7,2.8,3.43,Moderate,Gen Z
3265,6.8,3.0,8.5,3.2,0.0,3.2,Low,Gen Z
3266,3.5,2.1,9.7,1.5,5.9,3.05,Moderate,Gen Z
3267,3.6,1.3,6.7,3.8,7.3,3.18,Low,Gen Z
3268,2.6,2.7,7.4,4.5,5.1,2.46,Moderate,Gen Z
3269,4.9,4.5,6.3,4.9,2.9,2.94,High,Gen Z
3270,5.1,1.5,9.0,2.5,3.0,3.0,Moderate,Gen Z
3271,4.3,1.6,5.6,2.2,3.5,3.1,High,Gen Z
3272,4.9,1.5,7.9,3.5,4.0,3.23,High,Gen Z
3273,7.1,1.3,7.3,3.5,5.1,3.11,Low,Gen Z
3274,7.0,3.3,8.3,2.0,6.2,3.39,Moderate,Gen Z
3275,5.9,1.8,7.6,0.0,3.2,2.7,High,Gen Z
3276,2.8,2.4,5.8,5.1,4.8,2.37,Moderate,Gen Z
3277,4.4,3.5,7.6,3.3,3.8,2.76,Low,Gen Z
3278,4.2,2.3,6.7,4.2,4.4,3.25,High,Gen Z
3279,5.2,0.7,7.8,2.7,2.1,3.36,High,Gen Z
3280,5.3,1.7,7.9,5.0,6.2,2.67,Moderate,Gen Z
3281,4.7,1.5,6.8,5.0,3.2,3.57,High,Gen Z
3282,4.2,5.0,7.7,4.0,4.2,2.76,Moderate,Gen Z
3283,2.5,0.7,6.5,3.2,2.6,3.1,High,Gen Z
3284,4.3,0.0,8.6,4.1,1.5,3.4,Moderate,Gen Z
3285,5.7,1.1,8.1,2.0,3.4,3.13,High,Gen Z
3286,4.9,1.5,6.0,0.9,3.3,2.88,High,Gen Z
3287,6.7,3.0,7.4,3.2,3.8,2.41,Moderate,Gen Z
3288,4.7,1.0,7.1,1.8,4.2,3.16,Moderate,Gen Z
3289,4.1,1.1,7.0,1.9,2.3,2.99,Moderate,Gen Z
3290,4.1,3.6,7.6,2.7,2.6,2.89,Low,Gen Z
3291,3.0,1.0,6.3,2.9,4.5,3.16,High,Gen Z
3292,5.7,2.7,6.7,3.6,2.8,3.2,Moderate,Gen Z
3293,3.1,1.9,6.6,2.1,3.8,2.24,Low,Gen Z
3294,7.3,1.1,7.9,2.8,4.9,3.07,High,Gen Z
3295,3.9,1.7,6.8,3.9,3.9,2.89,High,Gen Z
3296,4.2,1.4,5.6,6.5,2.1,3.14,High,Gen Z
3297,4.2,1.8,7.0,2.9,2.9,3.07,Moderate,Gen Z
3298,5.6,2.4,5.5,1.1,4.0,2.8,High,Gen Z
3299,6.3,2.1,6.4,4.5,5.7,3.59,Low,Gen Z
3300,5.9,0.6,7.8,5.3,3.1,3.25,High,Gen Z
3301,7.4,1.4,7.0,3.0,5.8,2.65,Moderate,Gen Z
3302,3.8,1.2,6.5,4.3,5.6,3.12,Moderate,Gen Z
3303,6.3,3.6,5.4,4.5,1.7,3.16,Moderate,Gen Z
3304,6.7,1.7,7.8,2.2,5.0,3.65,Moderate,Gen Z
3305,4.4,3.0,6.6,2.3,3.5,2.97,Low,Gen Z
3306,5.6,2.1,7.5,4.8,2.4,2.7,Moderate,Gen Z
3307,6.0,3.1,7.4,5.8,3.1,2.92,High,Gen Z
3308,1.7,0.0,7.6,2.0,4.7,2.84,Moderate,Gen Z
3309,4.8,1.0,7.6,2.6,3.8,2.27,Moderate,Gen Z
3310,5.1,2.9,7.7,3.5,4.1,2.94,High,Gen Z
3311,4.2,2.5,6.9,3.7,3.4,2.97,Low,Gen Z
3312,3.2,0.7,6.7,4.3,3.5,2.65,Low,Gen Z
3313,3.6,2.4,7.1,5.7,3.3,3.74,Low,Gen Z
3314,5.5,0.7,7.6,4.5,4.1,2.58,Moderate,Gen Z
3315,5.2,2.2,8.0,3.8,6.6,3.19,Moderate,Gen Z
3316,5.7,1.1,7.1,2.9,3.6,2.75,High,Gen Z
3317,4.7,2.5,7.3,1.8,2.7,2.49,Moderate,Gen Z
3318,4.7,3.0,8.2,2.1,4.9,2.85,High,Gen Z
3319,4.9,0.0,5.7,1.7,4.0,2.9,Low,Gen Z
3320,6.3,2.2,8.4,6.6,4.5,3.06,High,Gen Z
3321,5.1,2.9,8.2,2.9,4.3,2.92,Low,Gen Z
3322,6.8,3.0,7.8,4.4,3.5,3.57,High,Gen Z
3323,2.3,2.5,8.3,1.3,4.0,2.78,Moderate,Gen Z
3324,4.6,2.0,6.7,3.9,5.8,3.44,High,Gen Z
3325,8.6,2.1,7.1,4.1,3.7,3.08,High,Gen Z
3326,4.0,1.3,6.5,2.5,2.3,3.06,High,Gen Z
3327,2.9,1.0,6.0,3.3,5.5,2.4,Low,Gen Z
3328,3.9,1.5,5.6,3.4,3.1,3.35,High,Gen Z
3329,4.2,2.5,6.4,1.9,3.3,3.1,High,Gen Z
3330,5.2,0.6,8.0,3.0,3.2,3.04,Moderate,Gen Z
3331,5.6,2.5,9.2,4.3,3.7,2.54,High,Gen Z
3332,2.9,2.5,6.6,2.0,4.1,3.27,High,Gen Z
3333,3.9,1.9,7.1,2.1,3.0,3.23,Low,Gen Z
3334,6.3,2.1,6.0,2.4,1.6,2.73,Moderate,Gen Z
3335,4.3,1.6,6.9,3.7,6.7,3.73,High,Gen Z
3336,2.3,1.9,7.4,5.0,6.0,3.45,Low,Gen Z
3337,6.0,2.7,6.5,3.3,2.5,2.6,High,Gen Z
3338,3.8,1.9,6.2,4.5,3.2,3.34,High,Gen Z
3339,5.7,2.0,7.0,2.4,3.6,2.33,High,Gen Z
3340,5.5,0.0,6.5,3.8,5.3,3.38,High,Gen Z
3341,4.1,1.0,7.4,5.1,5.9,2.57,Moderate,Gen Z
3342,3.7,0.8,5.7,2.4,2.1,2.47,High,Gen Z
3343,3.7,3.2,8.1,3.1,4.2,3.4,High,Gen Z
3344,4.6,0.0,7.3,2.2,5.7,2.43,Moderate,Gen Z
3345,2.0,2.4,6.9,2.7,5.1,3.46,High,Gen Z
3346,4.1,3.6,7.2,2.7,4.8,3.35,Low,Gen Z
3347,4.3,0.8,8.1,4.1,4.9,2.94,Moderate,Gen Z
3348,4.9,2.5,5.9,5.3,3.2,2.92,Low,Gen Z
3349,4.9,3.8,5.7,3.1,5.1,2.84,Moderate,Gen Z
3350,4.3,3.8,7.1,2.1,2.8,3.22,High,Gen Z
3351,6.1,1.3,7.4,2.7,2.2,3.63,Low,Gen Z
3352,6.6,1.4,7.9,1.7,5.7,2.93,Moderate,Gen Z
3353,5.1,0.9,10.0,4.7,3.4,2.93,Moderate,Gen Z
3354,5.1,1.8,6.8,4.7,0.0,3.58,High,Gen Z
3355,3.8,2.9,7.8,3.6,2.1,3.73,Moderate,Gen Z
3356,5.4,1.5,4.6,4.6,6.2,2.44,Moderate,Gen Z
3357,5.2,0.9,6.7,3.4,6.2,3.42,Low,Gen Z
3358,7.5,1.6,6.7,3.5,4.0,2.73,High,Gen Z
3359,4.2,1.4,7.2,2.0,4.4,3.26,High,Gen Z
3360,5.0,2.8,6.7,2.0,0.6,3.1,High,Gen Z
3361,4.5,3.1,7.3,4.8,1.0,2.56,Moderate,Gen Z
3362,3.7,2.4,7.4,2.4,3.9,3.29,High,Gen Z
3363,5.1,3.3,6.6,1.8,3.2,3.19,High,Gen Z
3364,4.9,1.3,6.3,3.5,5.4,3.01,Low,Gen Z
3365,7.9,2.8,5.9,2.1,2.8,2.94,High,Gen Z
3366,1.4,0.0,5.3,1.4,3.4,3.14,Low,Gen Z
3367,7.7,2.5,5.4,1.3,7.0,3.38,Moderate,Gen Z
3368,4.4,1.8,6.5,2.9,3.6,2.84,High,Gen Z
3369,4.8,4.0,7.0,1.5,1.5,3.08,Moderate,Gen Z
3370,3.3,3.1,5.6,5.0,3.4,3.11,Moderate,Gen Z
3371,4.1,2.6,8.4,3.4,5.5,2.53,Low,Gen Z
3372,3.4,1.2,6.7,3.7,4.2,3.6,Low,Gen Z
3373,6.5,2.0,6.6,2.7,5.0,3.49,High,Gen Z
3374,6.3,0.7,8.7,2.9,4.9,3.17,Moderate,Gen Z
3375,5.2,2.2,7.3,2.5,4.6,2.77,High,Gen Z
3376,5.3,3.0,6.7,5.3,2.7,2.9,Moderate,Gen Z
3377,4.6,2.0,6.8,6.1,4.0,2.63,Moderate,Gen Z
3378,4.8,1.3,6.1,4.9,4.9,3.2,Low,Gen Z
3379,4.9,2.1,8.1,4.6,1.9,2.88,High,Gen Z
3380,7.0,3.0,5.6,1.6,5.7,3.36,High,Gen Z
3381,5.2,0.7,7.4,4.6,5.0,2.84,Low,Gen Z
3382,6.1,1.8,7.6,2.0,3.5,3.99,Moderate,Gen Z
3383,5.6,2.8,6.4,1.3,8.0,2.91,Moderate,Gen Z
3384,4.3,2.0,5.4,4.4,1.7,2.68,Low,Gen Z
3385,5.2,1.4,6.4,2.6,3.2,2.79,Moderate,Gen Z
3386,4.2,1.2,9.1,1.9,2.1,3.12,High,Gen Z
3387,3.4,1.9,7.4,3.6,4.7,2.7,Low,Gen Z
3388,5.2,0.0,7.7,3.8,4.0,2.8,Low,Gen Z
3389,5.4,1.1,6.3,1.9,3.8,2.85,Low,Gen Z
3390,4.7,3.3,7.8,1.8,5.9,3.26,High,Gen Z
3391,2.7,4.6,8.7,4.6,2.0,3.58,Moderate,Gen Z
3392,7.4,0.6,8.3,6.3,1.9,2.88,Moderate,Gen Z
3393,3.3,1.3,7.9,5.2,6.1,2.82,High,Gen Z
3394,3.1,2.8,7.3,5.5,2.4,2.83,Low,Gen Z
3395,3.8,2.1,5.8,2.4,2.2,3.07,High,Gen Z
3396,3.8,1.9,8.2,0.8,2.5,2.49,High,Gen Z
3397,5.9,2.2,5.9,3.5,3.0,2.82,Moderate,Gen Z
3398,7.3,1.9,7.6,2.7,4.5,2.95,Moderate,Gen Z
3399,5.0,3.1,6.3,4.6,4.4,2.59,Low,Gen Z
3400,4.7,2.9,5.9,2.1,4.4,2.93,High,Gen Z
3401,6.5,0.9,7.0,2.8,5.2,2.77,Moderate,Gen Z
3402,4.5,2.6,6.3,2.1,2.9,2.73,High,Gen Z
3403,5.3,2.7,6.6,0.7,6.8,3.59,Moderate,Gen Z
3404,5.1,2.1,6.4,2.1,3.8,3.11,High,Gen Z
3405,3.3,3.1,9.5,1.5,1.3,2.94,Moderate,Gen Z
3406,4.2,1.5,6.0,0.7,2.1,2.6,High,Gen Z
3407,7.2,1.7,6.4,3.6,1.4,3.3,Moderate,Gen Z
3408,2.3,1.1,6.1,2.1,3.1,3.24,Moderate,Gen Z
3409,5.7,3.3,6.7,4.0,3.0,3.13,High,Gen Z
3410,6.5,0.0,8.0,4.0,5.8,3.39,Moderate,Gen Z
3411,5.9,0.0,6.8,1.9,3.1,3.53,Moderate,Gen Z
3412,3.7,1.5,7.8,3.5,2.2,3.65,Moderate,Gen Z
3413,6.4,2.0,9.1,0.8,2.4,2.92,High,Gen Z
3414,6.4,2.5,6.4,1.4,5.0,2.97,Low,Gen Z
3415,4.7,2.5,5.6,2.1,3.6,3.59,Low,Gen Z
3416,4.3,1.2,7.7,1.9,4.0,2.69,Low,Gen Z
3417,5.7,1.5,6.4,5.1,3.3,2.32,High,Gen Z
3418,4.3,2.7,8.2,2.5,3.2,2.87,High,Gen Z
3419,4.0,2.9,6.9,1.8,3.2,2.81,Moderate,Gen Z
3420,5.8,2.1,7.3,2.3,2.6,3.31,High,Gen Z
3421,5.4,2.5,6.4,4.5,1.9,2.85,Low,Gen Z
3422,3.7,1.8,6.6,2.5,4.6,3.07,Low,Gen Z
3423,4.2,2.5,7.0,3.6,4.0,3.19,High,Gen Z
3424,5.5,0.6,5.6,2.9,4.1,1.93,Moderate,Gen Z
3425,3.0,1.5,6.9,2.9,3.4,2.84,Low,Gen Z
3426,4.8,2.2,6.3,2.5,5.1,2.7,High,Gen Z
3427,4.4,1.2,7.0,3.0,4.8,2.7,High,Gen Z
3428,4.6,3.1,7.1,4.1,3.4,2.64,High,Gen Z
3429,7.0,2.3,6.5,4.0,4.8,3.2,High,Gen Z
3430,5.9,2.2,7.1,3.3,3.4,2.7,High,Gen Z
3431,4.9,1.3,6.1,3.2,4.2,3.44,Moderate,Gen Z
3432,4.0,1.9,6.7,2.5,2.5,2.7,Low,Gen Z
3433,5.2,2.1,6.1,2.9,4.6,2.37,Moderate,Gen Z
3434,6.0,2.4,8.8,0.3,1.2,3.13,High,Gen Z
3435,6.2,0.4,6.4,2.7,3.4,3.13,Moderate,Gen Z
3436,5.6,2.4,7.4,1.8,4.3,3.06,High,Gen Z
3437,3.1,2.1,6.8,4.6,8.0,3.08,High,Gen Z
3438,5.7,2.3,6.6,2.8,4.5,3.7,Moderate,Gen Z
3439,6.8,0.0,7.1,3.4,4.5,3.18,High,Gen Z
3440,7.2,3.5,8.1,4.6,5.2,2.35,Moderate,Gen Z
3441,6.6,2.0,6.7,2.3,6.6,3.0,Moderate,Gen Z
3442,5.3,3.2,6.8,3.1,3.1,2.94,Moderate,Gen Z
3443,4.8,1.4,7.1,5.2,3.2,2.75,Moderate,Gen Z
3444,5.0,2.6,6.5,2.8,4.1,3.26,High,Gen Z
3445,7.7,2.0,7.4,4.5,5.8,2.99,Low,Gen Z
3446,4.0,1.1,5.2,2.7,5.8,2.6,Low,Gen Z
3447,4.4,2.8,8.4,3.4,3.8,2.65,Moderate,Gen Z
3448,4.1,0.9,4.9,0.2,1.7,2.85,Moderate,Gen Z
3449,3.7,1.7,8.9,3.5,5.6,2.72,High,Gen Z
3450,4.4,1.9,5.1,2.9,5.5,2.38,Moderate,Gen Z
3451,5.0,0.0,7.2,3.7,5.3,2.85,Moderate,Gen Z
3452,3.2,1.6,5.4,2.9,5.9,3.13,High,Gen Z
3453,4.7,1.8,6.8,1.6,3.7,3.48,Moderate,Gen Z
3454,5.2,1.3,7.3,3.1,3.8,3.03,High,Gen Z
3455,3.2,0.8,7.3,0.4,4.9,3.26,Low,Gen Z
3456,5.3,2.3,6.5,4.0,5.6,2.94,High,Gen Z
3457,5.3,2.1,7.3,1.1,3.3,3.51,Moderate,Gen Z
3458,6.5,0.8,8.2,4.1,5.3,3.4,High,Gen Z
3459,5.2,0.8,7.3,4.8,2.4,3.42,High,Gen Z
3460,4.5,0.8,6.2,1.4,2.8,2.35,Low,Gen Z
3461,4.7,1.4,6.1,2.5,1.0,3.6,High,Gen Z
3462,5.9,2.3,8.4,6.2,2.1,3.84,Moderate,Gen Z
3463,6.3,0.5,6.8,3.9,5.6,3.2,High,Gen Z
3464,5.0,1.9,7.7,1.3,2.5,2.88,High,Gen Z
3465,4.4,1.9,6.8,2.6,1.6,2.67,Moderate,Gen Z
3466,5.1,2.2,6.4,4.2,3.3,3.24,High,Gen Z
3467,2.7,3.0,7.1,4.1,2.0,3.34,High,Gen Z
3468,3.6,1.4,6.9,2.4,3.5,3.08,High,Gen Z
3469,5.7,1.3,8.8,2.9,3.8,2.72,Low,Gen Z
3470,7.4,2.2,7.5,4.1,3.1,2.87,Low,Gen Z
3471,5.9,1.4,5.9,2.8,4.3,3.28,Moderate,Gen Z
3472,6.4,1.3,8.6,3.7,5.9,3.22,Moderate,Gen Z
3473,8.0,2.8,6.5,2.4,4.6,3.06,High,Gen Z
3474,6.2,1.4,7.2,1.5,6.8,3.19,High,Gen Z
3475,7.0,2.5,7.1,4.3,2.5,2.9,Moderate,Gen Z
3476,5.3,0.6,6.3,4.0,4.9,2.9,Moderate,Gen Z
3477,6.1,0.2,7.3,1.9,1.5,2.73,High,Gen Z
3478,5.4,1.0,6.0,2.5,4.3,3.03,Moderate,Gen Z
3479,5.0,2.6,7.5,3.9,6.8,3.22,Moderate,Gen Z
3480,3.9,1.1,8.6,2.8,4.4,3.08,Low,Gen Z
3481,7.7,0.9,7.9,5.1,5.6,3.52,Low,Gen Z
3482,8.4,2.1,6.8,1.5,1.4,3.44,High,Gen Z
3483,4.9,1.3,6.3,2.5,2.6,2.94,High,Gen Z
3484,2.2,2.9,8.3,4.2,2.8,2.92,Moderate,Gen Z
3485,4.1,2.9,6.0,1.8,6.1,2.84,High,Gen Z
3486,5.3,2.2,8.7,1.8,2.7,3.2,Moderate,Gen Z
3487,7.2,1.7,6.4,3.4,5.9,3.42,High,Gen Z
3488,5.0,0.0,7.7,0.0,3.1,3.21,High,Gen Z
3489,5.2,1.0,6.8,4.7,1.9,3.69,Low,Gen Z
3490,6.5,0.0,7.0,3.8,0.0,3.54,Moderate,Gen Z
3491,4.2,0.0,8.0,5.8,5.7,2.64,High,Gen Z
3492,5.2,1.8,6.7,3.1,4.0,2.75,Low,Gen Z
3493,5.2,0.7,5.3,2.3,3.0,3.05,Moderate,Gen Z
3494,7.2,2.2,5.0,2.4,5.7,3.2,Low,Gen Z
3495,5.5,1.0,7.3,4.0,3.1,2.75,Low,Gen Z
3496,5.9,3.3,6.9,2.8,1.4,2.48,Low,Gen Z
3497,4.2,1.3,6.7,1.2,3.4,2.89,Low,Gen Z
3498,4.4,1.2,7.9,3.9,5.6,3.34,Moderate,Gen Z
3499,4.0,2.1,5.2,2.6,6.1,3.01,Low,Gen Z
3500,3.8,0.9,8.1,2.8,5.8,3.54,Low,Gen Z
3501,5.8,2.4,6.0,4.0,2.8,2.85,Moderate,Gen Z
3502,6.0,2.0,7.8,2.2,1.4,2.82,Moderate,Gen Z
3503,2.9,1.1,6.9,0.8,4.4,3.12,Moderate,Gen Z
3504,6.9,1.7,4.9,1.9,3.4,2.93,Low,Gen Z
3505,3.2,2.7,6.6,3.4,5.7,2.36,High,Gen Z
3506,5.9,1.0,7.4,1.5,4.5,3.34,Moderate,Gen Z
3507,5.0,0.9,8.5,2.9,5.3,3.03,Moderate,Gen Z
3508,5.9,0.0,7.0,4.0,2.6,3.34,Moderate,Gen Z
3509,4.1,2.2,6.0,5.8,3.4,3.2,High,Gen Z
3510,6.1,2.6,9.0,4.4,4.9,3.09,High,Gen Z
3511,5.8,2.1,5.8,1.7,4.0,3.57,High,Gen Z
3512,5.7,0.7,7.4,2.8,5.6,2.27,Moderate,Gen Z
3513,4.9,1.3,7.2,5.4,4.0,2.79,High,Gen Z
3514,4.9,2.2,6.9,2.6,6.3,3.18,Moderate,Gen Z
3515,4.1,2.3,7.4,3.5,5.9,2.75,High,Gen Z
3516,2.1,3.0,6.1,4.8,6.5,3.07,Low,Gen Z
3517,3.8,1.4,8.3,3.3,3.1,3.25,Moderate,Gen Z
3518,6.5,2.6,7.2,3.9,4.5,3.27,High,Gen Z
3519,6.5,2.0,8.0,0.3,3.5,2.69,Low,Gen Z
3520,3.7,3.0,7.1,2.9,2.5,2.93,Moderate,Gen Z
3521,3.3,2.9,5.9,3.4,6.1,3.3,High,Gen Z
3522,3.3,2.9,6.8,2.8,3.9,2.9,High,Gen Z
3523,5.1,2.7,6.8,1.5,3.6,3.15,Moderate,Gen Z
3524,2.1,0.1,7.6,3.3,2.7,2.48,Low,Gen Z
3525,7.0,1.2,8.9,2.3,2.2,2.44,High,Gen Z
3526,4.1,1.5,8.6,0.0,4.1,2.66,Moderate,Gen Z
3527,4.4,5.3,7.8,4.5,6.1,2.55,High,Gen Z
3528,5.2,1.4,8.6,2.3,3.0,2.91,Moderate,Gen Z
3529,8.1,2.4,7.0,2.5,3.3,3.03,Moderate,Gen Z
3530,6.6,2.5,6.8,3.3,3.2,2.94,High,Gen Z
3531,5.3,0.6,7.2,1.7,0.9,3.84,High,Gen Z
3532,6.4,2.4,7.0,2.6,1.7,2.84,High,Gen Z
3533,7.3,2.1,8.3,3.6,6.3,2.65,Low,Gen Z
3534,3.8,2.7,5.3,3.3,1.8,3.1,Moderate,Gen Z
3535,5.7,3.7,5.3,0.8,4.0,3.84,High,Gen Z
3536,5.5,2.9,5.1,1.9,0.7,2.86,Moderate,Gen Z
3537,5.9,2.6,8.8,2.5,2.9,2.8,High,Gen Z
3538,5.1,1.6,8.6,3.1,2.8,2.78,Moderate,Gen Z
3539,4.5,1.4,7.6,2.1,6.7,3.1,High,Gen Z
3540,2.8,0.4,7.3,4.9,4.5,2.48,High,Gen Z
3541,4.7,2.9,5.6,2.5,3.3,3.53,Moderate,Gen Z
3542,5.5,2.6,7.5,3.5,4.7,3.49,Low,Gen Z
3543,4.1,1.1,6.0,2.4,4.2,2.16,Moderate,Gen Z
3544,6.2,1.6,6.4,4.6,5.1,2.62,Moderate,Gen Z
3545,6.0,1.8,5.9,2.5,3.8,2.98,Moderate,Gen Z
3546,5.4,3.7,5.8,1.1,4.1,2.98,Moderate,Gen Z
3547,4.0,2.0,8.3,2.1,5.0,3.52,Moderate,Gen Z
3548,3.9,2.7,6.9,3.4,2.8,2.86,High,Gen Z
3549,6.4,1.3,6.9,3.5,3.7,2.3,Low,Gen Z
3550,3.1,4.0,5.3,2.9,3.6,3.62,Moderate,Gen Z
3551,5.3,3.0,7.3,5.0,5.5,2.59,High,Gen Z
3552,4.6,4.1,7.9,1.6,2.7,2.65,Moderate,Gen Z
3553,4.4,1.5,6.9,4.6,3.4,3.66,Moderate,Gen Z
3554,5.7,0.4,7.3,3.1,2.8,2.85,Moderate,Gen Z
3555,6.2,0.0,6.5,3.7,4.7,3.15,Moderate,Gen Z
3556,2.8,1.2,6.2,2.8,5.3,3.57,Moderate,Gen Z
3557,2.3,2.2,6.8,3.9,7.0,2.5,Moderate,Gen Z
3558,5.8,0.0,7.2,4.6,4.2,2.81,Moderate,Gen Z
3559,5.6,2.6,5.9,3.5,4.2,2.38,High,Gen Z
3560,4.4,2.0,6.6,1.8,2.7,3.27,Low,Gen Z
3561,1.7,2.9,7.4,5.3,1.3,3.34,Low,Gen Z
3562,5.6,3.6,7.8,0.6,1.8,3.43,Moderate,Gen Z
3563,5.9,2.3,6.3,3.2,4.3,3.37,Low,Gen Z
3564,4.1,1.0,7.5,1.1,3.3,3.3,High,Gen Z
3565,7.5,0.2,7.5,4.7,1.8,3.41,Moderate,Gen Z
3566,5.2,3.4,5.4,3.2,5.6,3.32,Moderate,Gen Z
3567,2.9,0.3,6.5,1.3,5.6,2.43,Moderate,Gen Z
3568,7.1,2.9,6.8,3.1,4.4,2.75,Moderate,Gen Z
3569,2.4,1.5,7.4,5.8,2.6,3.13,Moderate,Gen Z
3570,4.6,0.1,6.9,2.9,3.9,3.15,Low,Gen Z
3571,4.7,1.7,5.8,1.9,2.4,2.96,Moderate,Gen Z
3572,4.4,2.9,5.9,1.9,2.7,3.29,High,Gen Z
3573,8.0,1.0,5.3,6.0,0.4,3.22,High,Gen Z
3574,4.5,2.7,6.5,2.4,3.9,3.88,High,Gen Z
3575,7.8,2.0,4.7,3.5,7.2,2.95,Moderate,Gen Z
3576,5.7,1.3,7.9,4.2,3.3,2.73,High,Gen Z
3577,1.9,1.4,7.7,0.3,4.2,2.75,Moderate,Gen Z
3578,4.0,3.8,5.9,4.4,3.2,3.14,High,Gen Z
3579,5.9,0.2,8.1,1.8,3.0,3.42,Moderate,Gen Z
3580,3.3,0.0,5.2,2.5,6.2,2.37,Moderate,Gen Z
3581,2.6,0.5,7.2,4.3,8.0,3.22,Low,Gen Z
3582,7.0,3.3,6.5,2.9,3.3,2.62,High,Gen Z
3583,5.5,1.8,7.7,4.5,5.0,3.08,Moderate,Gen Z
3584,2.5,1.2,6.3,2.6,3.3,3.2,High,Gen Z
3585,3.2,1.6,5.9,4.3,2.8,2.63,High,Gen Z
3586,7.6,2.4,5.6,3.6,5.4,2.53,High,Gen Z
3587,4.1,1.1,6.6,2.3,1.6,3.22,High,Gen Z
3588,4.9,2.4,7.5,0.1,6.5,3.09,High,Gen Z
3589,3.7,1.0,8.8,2.4,4.5,2.97,Moderate,Gen Z
3590,4.6,1.5,5.7,2.7,4.7,3.03,High,Gen Z
3591,4.5,1.3,8.7,2.9,2.7,3.06,High,Gen Z
3592,4.2,2.3,5.6,4.2,4.2,2.47,Moderate,Gen Z
3593,4.6,0.0,7.5,4.2,4.6,2.33,High,Gen Z
3594,7.3,1.6,6.8,5.0,7.2,2.88,High,Gen Z
3595,6.1,1.9,8.5,2.0,0.2,2.95,Moderate,Gen Z
3596,5.3,2.5,7.3,4.4,0.4,2.89,Moderate,Gen Z
3597,5.0,1.5,6.8,1.8,7.2,3.35,Low,Gen Z
3598,10.0,2.3,8.3,3.1,3.6,3.31,High,Gen Z
3599,6.0,0.2,7.8,2.3,5.5,3.64,Moderate,Gen Z
3600,6.2,0.0,6.3,2.2,3.2,3.15,Low,Gen Z
3601,5.7,0.0,4.7,5.6,2.6,2.44,Low,Gen Z
3602,6.1,2.0,6.5,3.0,2.5,3.08,High,Gen Z
3603,7.0,2.4,5.0,0.1,3.4,2.74,Moderate,Gen Z
3604,5.6,1.8,7.1,4.5,0.1,2.93,Moderate,Gen Z
3605,4.0,2.0,7.5,2.4,5.5,2.62,High,Gen Z
3606,3.1,2.1,7.2,5.0,4.9,3.09,High,Gen Z
3607,5.6,0.0,6.4,4.8,4.5,3.09,High,Gen Z
3608,6.1,2.4,7.3,2.6,3.7,2.85,Moderate,Gen Z
3609,2.3,1.2,7.1,3.4,2.7,2.55,Moderate,Gen Z
3610,5.4,1.8,5.7,2.0,4.7,3.53,Moderate,Gen Z
3611,5.1,0.0,5.4,2.5,6.3,3.35,High,Gen Z
3612,5.3,2.7,6.1,4.3,2.0,2.76,Moderate,Gen Z
3613,3.0,2.8,5.8,2.3,4.9,2.67,High,Gen Z
3614,6.9,3.5,6.0,3.7,4.0,2.66,High,Gen Z
3615,5.3,0.0,7.2,0.0,2.5,3.66,Moderate,Gen Z
3616,5.2,0.3,7.3,4.2,3.9,2.79,High,Gen Z
3617,4.9,0.9,6.3,3.0,3.1,3.78,Low,Gen Z
3618,4.5,2.1,8.1,2.2,3.2,3.02,High,Gen Z
3619,4.0,0.0,7.0,2.0,3.2,3.16,Moderate,Gen Z
3620,7.9,0.4,7.1,4.5,2.6,2.64,Low,Gen Z
3621,7.1,2.6,7.1,1.7,2.7,3.49,Low,Gen Z
3622,8.6,1.6,7.0,2.3,3.6,2.57,Low,Gen Z
3623,7.3,3.5,6.4,3.3,4.2,2.64,High,Gen Z
3624,4.7,0.2,8.3,0.8,3.9,2.85,High,Gen Z
3625,5.4,1.2,9.3,0.0,2.8,3.36,Moderate,Gen Z
3626,5.9,1.0,7.2,5.5,3.9,3.03,Moderate,Gen Z
3627,7.5,0.5,7.1,2.5,7.0,2.94,Moderate,Gen Z
3628,4.5,4.2,7.6,1.0,4.1,3.63,High,Gen Z
3629,3.6,0.6,6.0,4.6,1.4,2.72,Moderate,Gen Z
3630,3.5,1.6,7.0,4.6,4.0,3.0,Moderate,Gen Z
3631,4.4,0.0,7.9,2.2,4.8,2.82,High,Gen Z
3632,4.5,0.2,7.6,4.0,3.2,3.38,Moderate,Gen Z
3633,5.1,0.0,7.2,4.3,5.9,2.44,High,Gen Z
3634,3.4,2.9,6.7,1.4,5.3,3.62,Moderate,Gen Z
3635,3.7,1.4,5.8,3.2,6.0,2.74,High,Gen Z
3636,6.0,0.8,6.4,2.6,4.4,3.41,High,Gen Z
3637,6.1,2.0,5.8,4.4,1.0,2.86,High,Gen Z
3638,4.2,2.1,7.7,4.6,3.8,2.92,Moderate,Gen Z
3639,4.7,1.5,6.3,2.5,5.7,2.78,High,Gen Z
3640,6.5,1.5,7.5,3.7,3.4,3.36,High,Gen Z
3641,4.1,0.8,6.6,6.0,3.5,2.34,Moderate,Gen Z
3642,3.9,2.9,8.2,1.3,3.4,2.7,Moderate,Gen Z
3643,6.2,1.5,6.9,2.4,3.2,2.76,Moderate,Gen Z
3644,4.6,1.3,7.5,2.5,3.9,2.9,Moderate,Gen Z
3645,4.3,2.4,8.9,3.0,4.0,2.18,High,Gen Z
3646,2.9,2.2,7.1,1.8,4.7,3.22,Moderate,Gen Z
3647,5.7,1.8,8.2,0.7,5.1,3.57,Moderate,Gen Z
3648,4.3,0.1,6.0,3.1,2.4,2.42,Moderate,Gen Z
3649,6.0,0.7,6.0,0.0,1.6,3.64,Moderate,Gen Z
3650,2.0,3.4,7.5,2.7,2.5,3.59,Moderate,Gen Z
3651,3.9,3.2,8.0,4.1,2.6,3.29,Low,Gen Z
3652,6.2,1.4,7.7,4.2,4.5,2.47,Moderate,Gen Z
3653,4.3,3.1,7.8,4.0,4.0,2.75,Low,Gen Z
3654,3.3,2.6,7.3,2.5,3.1,3.41,Low,Gen Z
3655,6.0,2.2,5.6,2.9,2.2,3.21,Moderate,Gen Z
3656,4.4,1.1,6.4,2.3,2.7,3.28,High,Gen Z
3657,4.6,0.0,7.0,2.0,2.6,2.52,Moderate,Gen Z
3658,2.0,1.6,7.9,2.2,6.2,2.73,Low,Gen Z
3659,6.2,1.5,7.1,4.2,3.8,2.71,Moderate,Gen Z
3660,3.6,2.4,7.4,3.9,5.2,2.38,High,Gen Z
3661,2.8,2.4,5.2,2.1,3.5,3.22,High,Gen Z
3662,2.4,0.9,6.8,3.0,3.8,2.8,Moderate,Gen Z
3663,4.0,1.4,8.1,3.0,2.5,3.46,Moderate,Gen Z
3664,6.5,1.5,5.4,0.5,4.1,3.05,High,Gen Z
3665,3.7,2.7,6.5,1.7,2.6,2.92,High,Gen Z
3666,1.5,4.4,6.4,1.3,6.4,3.14,High,Gen Z
3667,2.1,1.4,5.9,6.8,4.1,3.1,Moderate,Gen Z
3668,4.4,1.4,6.5,2.5,5.3,3.11,Moderate,Gen Z
3669,4.8,3.5,7.4,2.4,6.3,1.94,Moderate,Gen Z
3670,4.3,1.5,7.1,1.9,2.2,2.59,High,Gen Z
3671,3.7,2.7,7.8,3.8,5.1,2.78,Low,Gen Z
3672,5.2,2.8,6.9,2.8,4.9,3.08,High,Gen Z
3673,3.5,1.7,5.6,3.2,5.4,3.3,Moderate,Gen Z
3674,5.0,1.2,6.6,6.0,4.0,3.07,Moderate,Gen Z
3675,4.9,0.0,5.8,4.3,3.4,2.74,High,Gen Z
3676,3.8,3.6,8.6,5.0,2.9,3.24,Moderate,Gen Z
3677,6.6,1.2,6.9,5.8,4.1,3.03,Moderate,Gen Z
3678,3.5,3.4,6.3,3.9,3.0,3.93,Moderate,Gen Z
3679,3.4,2.5,8.6,3.0,1.5,2.36,Moderate,Gen Z
3680,6.9,2.2,6.5,2.2,5.4,3.03,Low,Gen Z
3681,6.9,2.4,7.4,2.5,3.0,3.46,High,Gen Z
3682,7.9,1.4,7.3,3.2,5.1,2.79,Low,Gen Z
3683,4.5,2.8,7.0,3.6,2.3,3.25,Moderate,Gen Z
3684,5.3,0.9,7.5,0.3,3.8,3.3,High,Gen Z
3685,4.0,0.8,7.2,4.0,5.2,3.82,Moderate,Gen Z
3686,6.4,2.5,5.4,4.6,0.8,2.83,High,Gen Z
3687,5.2,0.5,9.0,4.7,4.5,3.72,Low,Gen Z
3688,2.4,4.3,6.4,1.1,2.0,2.72,Moderate,Gen Z
3689,6.1,0.4,5.8,1.8,2.2,3.39,High,Gen Z
3690,4.6,4.5,8.8,0.5,3.5,3.25,Low,Gen Z
3691,4.2,3.2,7.0,3.7,4.5,3.05,Low,Gen Z
3692,4.4,1.6,6.3,2.5,1.1,2.18,Moderate,Gen Z
3693,3.0,0.8,7.7,6.1,2.2,3.8,Moderate,Gen Z
3694,3.7,2.0,8.1,3.5,4.8,3.36,Moderate,Gen Z
3695,4.9,0.2,6.0,0.0,3.6,2.68,Moderate,Gen Z
3696,6.5,2.4,7.5,3.0,3.0,2.32,Low,Gen Z
3697,5.9,1.7,8.2,3.4,3.8,3.75,Moderate,Gen Z
3698,6.2,0.7,6.2,5.1,4.2,3.11,High,Gen Z
3699,6.5,1.8,8.1,4.8,5.7,2.89,High,Gen Z
3700,5.3,1.5,5.3,2.0,4.4,2.5,Moderate,Gen Z
3701,4.6,3.1,6.8,0.5,1.0,2.55,High,Gen Z
3702,7.1,1.5,7.6,1.9,4.7,2.96,Moderate,Gen Z
3703,3.5,2.5,6.5,3.1,1.7,2.87,Moderate,Gen Z
3704,5.7,1.7,6.0,2.5,4.3,2.8,High,Gen Z
3705,5.7,1.5,7.4,4.0,2.6,3.46,Moderate,Gen Z
3706,5.0,1.4,6.6,2.5,2.6,2.43,High,Gen Z
3707,8.9,2.2,7.4,0.6,1.1,3.05,Moderate,Gen Z
3708,5.5,1.4,6.9,5.6,6.7,2.81,Moderate,Gen Z
3709,8.7,1.7,9.3,3.4,4.6,3.03,High,Gen Z
3710,6.5,3.0,7.8,0.7,6.4,2.99,Moderate,Gen Z
3711,6.3,2.6,5.8,2.9,2.9,3.32,Moderate,Gen Z
3712,3.3,2.2,6.3,1.8,6.0,3.74,Low,Gen Z
3713,3.7,1.9,7.1,4.9,0.9,3.06,High,Gen Z
3714,6.3,1.4,5.5,2.8,3.0,3.02,Moderate,Gen Z
3715,4.3,1.0,6.3,1.3,1.5,2.9,Low,Gen Z
3716,1.8,2.6,5.1,1.5,4.1,3.73,Moderate,Gen Z
3717,6.6,0.9,7.2,5.8,2.0,3.31,High,Gen Z
3718,3.6,2.3,7.2,0.3,2.7,3.1,High,Gen Z
3719,4.4,2.4,4.5,0.4,6.4,3.5,Moderate,Gen Z
3720,4.7,2.1,6.9,4.6,6.9,2.37,Moderate,Gen Z
3721,4.4,0.0,7.7,0.0,5.3,3.54,Moderate,Gen Z
3722,4.7,1.8,6.0,2.8,4.6,3.2,High,Gen Z
3723,7.5,0.9,6.0,4.9,4.9,3.35,High,Gen Z
3724,3.0,1.9,8.0,2.3,1.7,3.32,Moderate,Gen Z
3725,4.4,1.1,7.3,5.0,3.8,3.46,High,Gen Z
3726,4.1,2.2,7.6,3.4,3.2,3.5,High,Gen Z
3727,6.0,3.1,5.5,0.7,3.4,3.25,Moderate,Gen Z
3728,4.1,1.7,8.8,3.2,5.9,3.47,High,Gen Z
3729,4.6,1.7,6.9,1.8,7.3,3.48,Moderate,Gen Z
3730,2.5,2.8,6.5,2.2,3.6,3.09,Moderate,Gen Z
3731,5.4,3.2,6.3,1.6,3.2,2.9,High,Gen Z
3732,5.3,2.9,6.2,2.5,4.0,3.07,Moderate,Gen Z
3733,6.1,2.6,6.8,2.7,3.7,3.25,Low,Gen Z
3734,4.9,0.0,7.9,3.5,4.4,3.01,Moderate,Gen Z
3735,4.1,0.2,8.5,3.8,5.0,2.34,High,Gen Z
3736,3.9,0.9,7.2,2.4,3.4,2.99,High,Gen Z
3737,5.7,2.3,7.2,2.0,3.4,2.83,Moderate,Gen Z
3738,4.8,2.3,7.2,4.3,4.7,2.77,Moderate,Gen Z
3739,8.2,0.0,6.6,3.9,2.0,2.88,Moderate,Gen Z
3740,2.6,2.9,7.9,2.4,6.5,2.5,Low,Gen Z
3741,4.9,1.5,5.8,1.2,6.4,2.95,Moderate,Gen Z
3742,4.9,2.4,5.2,3.8,4.9,2.97,High,Gen Z
3743,6.0,1.5,7.0,4.6,5.7,1.97,Moderate,Gen Z
3744,6.2,1.7,5.9,3.1,6.5,3.2,High,Gen Z
3745,5.0,0.0,7.2,3.7,3.4,2.63,High,Gen Z
3746,4.8,2.0,6.7,4.1,5.2,2.95,High,Gen Z
3747,3.9,1.9,8.5,0.0,4.9,3.56,High,Gen Z
3748,6.5,1.5,6.9,0.6,2.7,2.93,High,Gen Z
3749,6.1,2.4,5.9,1.8,6.1,2.51,High,Gen Z
3750,3.7,3.1,5.6,2.4,5.1,3.55,Low,Gen Z
3751,5.1,0.4,7.5,1.6,3.5,3.3,Moderate,Gen Z
3752,4.9,1.4,6.6,7.0,3.4,3.44,High,Gen Z
3753,5.9,0.4,8.3,3.1,1.7,3.0,Low,Gen Z
3754,5.4,1.6,6.3,3.2,3.5,3.16,Low,Gen Z
3755,5.0,2.0,5.8,2.1,3.4,3.43,Low,Gen Z
3756,4.8,2.0,7.0,4.9,5.7,2.94,High,Gen Z
3757,4.5,1.9,7.0,3.8,4.9,3.15,High,Gen Z
3758,5.8,0.9,6.6,1.4,4.6,2.87,Moderate,Gen Z
3759,3.0,0.4,4.6,5.8,3.2,2.95,Moderate,Gen Z
3760,4.1,3.7,7.4,3.1,6.2,2.63,Low,Gen Z
3761,3.4,1.4,6.4,4.3,2.9,3.01,High,Gen Z
3762,4.4,0.0,7.8,2.4,3.1,3.2,Low,Gen Z
3763,7.7,3.3,7.2,1.1,5.3,2.59,Moderate,Gen Z
3764,5.9,1.7,6.9,0.4,1.6,2.55,High,Gen Z
3765,5.5,1.1,8.2,4.4,2.4,3.07,Low,Gen Z
3766,3.3,1.9,6.8,4.7,5.6,3.66,Moderate,Gen Z
3767,3.7,1.5,7.1,3.7,6.1,2.77,High,Gen Z
3768,3.7,0.8,5.7,4.5,3.6,3.46,High,Gen Z
3769,5.8,2.5,5.6,2.7,3.6,2.58,Moderate,Gen Z
3770,4.3,3.7,7.5,3.4,3.2,2.3,Moderate,Gen Z
3771,4.7,1.4,7.6,3.6,2.4,3.03,High,Gen Z
3772,2.4,2.3,8.8,4.0,4.0,3.44,Low,Gen Z
3773,5.2,0.0,7.9,2.9,5.9,3.17,High,Gen Z
3774,5.8,2.1,7.4,1.9,3.9,3.67,Low,Gen Z
3775,4.8,1.3,6.8,3.8,4.9,3.0,High,Gen Z
3776,6.8,1.0,7.7,3.1,4.5,3.16,Moderate,Gen Z
3777,3.8,0.5,6.2,6.0,4.8,3.47,Low,Gen Z
3778,4.7,1.5,6.6,5.1,2.3,3.24,High,Gen Z
3779,6.6,1.6,7.5,4.4,0.8,3.15,Moderate,Gen Z
3780,4.8,1.9,5.3,3.5,4.2,2.84,High,Gen Z
3781,3.8,2.3,8.8,2.4,5.2,2.7,Moderate,Gen Z
3782,6.9,0.1,5.4,3.7,1.9,3.32,Low,Gen Z
3783,5.1,2.4,6.3,2.7,3.1,3.74,Low,Gen Z
3784,6.2,1.1,7.5,3.1,3.2,3.57,Low,Gen Z
3785,6.7,1.9,7.1,2.5,3.1,2.55,Moderate,Gen Z
3786,4.0,2.0,7.7,1.0,4.0,3.11,Low,Gen Z
3787,4.3,0.0,6.7,2.3,3.1,2.64,Moderate,Gen Z
3788,5.5,0.6,6.6,1.9,3.4,2.65,Moderate,Gen Z
3789,3.4,2.5,6.6,5.8,2.9,2.95,High,Gen Z
3790,5.4,1.2,8.3,1.1,5.0,2.97,Moderate,Gen Z
3791,4.6,3.0,6.1,2.4,4.6,2.95,High,Gen Z
3792,3.9,2.2,6.3,4.8,2.6,3.77,Low,Gen Z
3793,3.1,1.7,6.2,3.8,2.7,3.21,Moderate,Gen Z
3794,5.2,0.2,6.4,0.0,4.2,2.73,Moderate,Gen Z
3795,4.0,0.0,7.1,3.4,3.2,2.99,Low,Gen Z
3796,5.8,1.5,6.1,4.8,3.3,3.13,Moderate,Gen Z
3797,5.7,1.3,7.9,1.4,2.0,2.89,Moderate,Gen Z
3798,3.2,2.6,5.5,3.8,3.8,2.76,High,Gen Z
3799,4.7,2.5,9.0,1.1,4.9,2.84,Moderate,Gen Z
3800,3.2,1.1,6.6,4.3,7.6,3.0,High,Gen Z
3801,6.3,0.3,6.2,4.2,3.0,3.07,Moderate,Gen Z
3802,4.6,0.9,5.3,4.1,1.1,2.33,Moderate,Gen Z
3803,4.1,3.4,5.6,4.6,1.7,2.99,Low,Gen Z
3804,6.1,0.2,4.9,5.1,4.1,3.05,High,Gen Z
3805,4.9,0.0,7.2,2.0,4.1,3.47,High,Gen Z
3806,7.3,0.7,8.9,2.8,4.5,2.02,High,Gen Z
3807,5.4,2.4,5.1,3.0,6.0,2.63,Low,Gen Z
3808,6.7,1.6,6.3,0.0,4.5,3.01,Moderate,Gen Z
3809,4.5,2.5,7.1,3.6,4.0,3.07,High,Gen Z
3810,5.1,1.9,7.5,5.5,2.4,2.43,High,Gen Z
3811,7.0,2.6,7.4,4.1,3.3,3.3,High,Gen Z
3812,4.7,0.8,6.9,5.4,2.4,3.51,High,Gen Z
3813,7.8,0.4,7.7,2.8,3.9,2.83,Moderate,Gen Z
3814,4.2,2.6,7.1,4.3,4.8,3.07,High,Gen Z
3815,6.7,1.9,5.6,3.8,4.5,3.67,High,Gen Z
3816,5.4,3.1,7.7,1.3,4.3,3.17,Moderate,Gen Z
3817,6.3,1.6,7.3,4.4,2.5,2.75,Moderate,Gen Z
3818,3.7,0.2,6.9,5.8,4.1,3.19,High,Gen Z
3819,5.4,1.4,7.9,2.6,2.9,2.96,High,Gen Z
3820,5.6,0.0,7.8,2.8,4.5,2.96,Moderate,Gen Z
3821,3.3,1.6,7.8,0.1,2.8,3.15,High,Gen Z
3822,4.0,0.0,7.9,1.8,3.0,2.97,Moderate,Gen Z
3823,6.1,2.6,5.5,2.4,2.8,3.38,Moderate,Gen Z
3824,5.8,2.5,5.1,4.1,5.7,3.33,Moderate,Gen Z
3825,7.4,1.8,7.6,3.5,5.9,3.05,Moderate,Gen Z
3826,6.1,1.1,7.1,0.0,3.5,2.98,Moderate,Gen Z
3827,4.5,0.7,5.4,2.4,2.5,3.28,Moderate,Gen Z
3828,2.6,1.7,7.3,4.4,2.3,2.83,High,Gen Z
3829,4.3,0.3,6.8,2.2,5.6,2.91,Moderate,Gen Z
3830,4.6,0.0,6.9,3.6,4.2,2.36,Moderate,Gen Z
3831,6.9,1.1,5.0,2.3,4.2,3.22,High,Gen Z
3832,7.5,1.1,7.8,1.9,4.3,2.91,Moderate,Gen Z
3833,5.9,2.3,6.6,4.0,1.9,2.81,Low,Gen Z
3834,6.8,0.6,8.0,2.6,4.2,3.43,High,Gen Z
3835,6.4,3.4,5.9,2.7,2.0,3.32,High,Gen Z
3836,3.4,1.6,6.6,1.5,5.9,3.08,Moderate,Gen Z
3837,5.7,0.2,8.5,3.1,2.7,2.9,High,Gen Z
3838,2.8,1.4,7.8,2.8,3.4,2.85,Moderate,Gen Z
3839,6.9,2.3,9.0,1.9,2.3,2.74,Moderate,Gen Z
3840,4.0,2.1,8.1,3.8,5.0,2.45,Low,Gen Z
3841,3.3,2.1,6.1,0.9,3.8,2.67,Moderate,Gen Z
3842,2.7,1.7,7.1,1.9,2.7,3.21,High,Gen Z
3843,4.5,0.2,7.5,0.9,3.5,3.37,Moderate,Gen Z
3844,5.8,2.1,6.1,2.6,4.0,2.37,Low,Gen Z
3845,6.5,0.4,6.5,3.8,3.0,2.68,Low,Gen Z
3846,3.4,2.8,8.0,4.0,2.1,3.08,Moderate,Gen Z
3847,5.2,0.5,8.3,1.3,2.7,3.1,High,Gen Z
3848,6.0,0.0,6.5,5.3,3.9,3.14,Low,Gen Z
3849,6.1,2.0,6.6,3.8,4.7,2.27,Moderate,Gen Z
3850,5.5,0.2,7.8,4.5,2.4,3.02,Moderate,Gen Z
3851,5.1,0.2,7.4,2.8,5.5,3.74,Moderate,Gen Z
3852,4.9,1.7,8.2,5.1,5.8,3.08,Moderate,Gen Z
3853,3.5,1.3,4.4,4.3,0.5,3.47,Moderate,Gen Z
3854,5.1,2.3,6.0,1.8,0.1,3.03,Moderate,Gen Z
3855,5.8,2.2,7.0,1.9,2.9,2.11,Low,Gen Z
3856,3.1,1.8,6.3,0.3,4.5,3.4,High,Gen Z
3857,7.0,0.0,7.0,3.5,3.1,3.32,High,Gen Z
3858,5.2,1.4,6.4,2.7,6.5,3.06,Moderate,Gen Z
3859,6.3,0.2,8.7,3.2,2.7,3.57,Moderate,Gen Z
3860,4.8,0.8,6.4,2.5,3.3,3.19,Moderate,Gen Z
3861,6.7,0.8,6.7,6.5,4.9,3.36,High,Gen Z
3862,3.8,2.2,7.3,3.8,6.0,3.46,Moderate,Gen Z
3863,5.4,0.4,6.8,2.8,3.9,2.77,High,Gen Z
3864,1.0,0.0,7.5,1.1,6.2,3.11,Moderate,Gen Z
3865,6.8,2.0,5.1,3.4,1.9,2.84,Moderate,Gen Z
3866,6.3,1.2,6.3,4.9,2.3,2.77,Moderate,Gen Z
3867,6.2,3.1,6.4,4.7,4.9,3.01,High,Gen Z
3868,4.0,0.6,6.6,2.4,6.7,3.21,Moderate,Gen Z
3869,5.4,3.1,7.4,0.0,6.3,3.35,High,Gen Z
3870,5.3,1.4,6.4,5.7,3.9,2.91,High,Gen Z
3871,4.9,1.9,6.3,4.3,3.3,3.39,Moderate,Gen Z
3872,2.8,1.5,5.1,2.0,3.3,3.09,High,Gen Z
3873,6.6,0.1,6.4,3.7,3.9,3.02,Low,Gen Z
3874,3.1,2.1,8.0,5.7,2.5,3.29,High,Gen Z
3875,1.0,1.7,7.7,3.0,3.3,2.7,Moderate,Gen Z
3876,4.4,2.9,7.1,3.2,6.9,2.82,High,Gen Z
3877,5.8,1.9,6.0,1.8,3.1,2.98,Moderate,Gen Z
3878,4.3,3.3,7.7,4.2,5.8,3.19,High,Gen Z
3879,7.4,1.9,7.9,0.5,2.5,3.14,Moderate,Gen Z
3880,6.5,0.9,7.2,0.7,5.3,3.12,Low,Gen Z
3881,5.3,0.9,8.7,3.5,2.7,2.71,High,Gen Z
3882,7.7,0.0,7.6,1.2,6.7,3.2,Low,Gen Z
3883,5.5,3.3,8.2,4.2,3.4,3.11,High,Gen Z
3884,5.3,1.7,9.2,0.8,3.4,3.0,High,Gen Z
3885,4.5,2.0,8.1,4.0,2.3,2.84,Moderate,Gen Z
3886,3.2,0.5,5.2,2.7,5.1,3.35,Moderate,Gen Z
3887,7.0,3.2,8.1,3.2,4.2,3.06,High,Gen Z
3888,3.0,1.1,6.4,3.0,5.2,2.92,Low,Gen Z
3889,5.8,0.2,6.9,2.8,4.8,3.52,High,Gen Z
3890,2.9,0.0,5.8,3.2,5.1,2.67,Low,Gen Z
3891,6.0,2.6,6.5,3.1,5.7,2.54,Low,Gen Z
3892,4.4,1.7,6.3,3.6,2.6,2.65,Moderate,Gen Z
3893,3.9,3.4,7.2,3.2,3.4,2.69,Moderate,Gen Z
3894,4.7,3.0,5.2,3.9,3.8,3.09,Low,Gen Z
3895,5.3,2.9,7.2,4.2,2.7,3.12,High,Gen Z
3896,5.2,1.2,6.3,3.0,3.8,2.8,High,Gen Z
3897,6.0,1.8,7.5,5.1,5.4,3.35,Moderate,Gen Z
3898,5.2,3.0,4.5,1.3,2.2,2.6,High,Gen Z
3899,6.8,1.0,5.2,3.0,4.6,2.65,Moderate,Gen Z
3900,5.9,1.1,7.2,2.3,4.5,3.0,Low,Gen Z
3901,5.1,1.4,6.5,3.9,4.3,3.37,High,Gen Z
3902,4.8,1.1,7.6,3.7,5.0,3.87,High,Gen Z
3903,2.9,3.1,8.0,1.9,4.7,2.67,High,Gen Z
3904,7.8,1.0,5.3,3.1,7.9,3.71,Low,Gen Z
3905,6.8,2.0,8.4,2.7,4.9,3.1,High,Gen Z
3906,3.6,0.4,6.2,3.1,2.5,2.19,High,Gen Z
3907,7.9,0.0,7.5,1.2,1.4,2.82,High,Gen Z
3908,4.4,1.4,7.0,2.7,5.4,3.35,Low,Gen Z
3909,3.6,0.3,7.0,1.6,1.7,3.79,Moderate,Gen Z
3910,6.9,1.6,7.6,3.3,2.5,3.2,Low,Gen Z
3911,6.4,1.0,7.1,2.1,5.3,2.91,Moderate,Gen Z
3912,4.5,3.1,7.1,0.6,6.0,2.49,High,Gen Z
3913,6.1,1.8,8.5,4.6,3.8,2.81,Low,Gen Z
3914,6.4,2.4,6.1,2.5,4.0,2.66,Low,Gen Z
3915,3.8,2.7,7.0,2.1,2.5,3.26,Low,Gen Z
3916,3.1,2.5,6.6,0.2,5.4,3.28,High,Gen Z
3917,4.8,1.8,7.9,4.9,5.0,3.3,Moderate,Gen Z
3918,5.9,1.3,6.4,0.0,2.3,3.33,High,Gen Z
3919,4.6,3.2,5.7,4.7,2.0,2.13,Low,Gen Z
3920,6.9,2.5,7.8,1.2,3.6,2.65,Moderate,Gen Z
3921,4.4,2.2,6.8,2.6,3.2,2.89,Moderate,Gen Z
3922,6.4,1.6,4.0,2.2,1.3,3.37,Moderate,Gen Z
3923,4.9,1.9,7.9,2.0,4.3,3.27,Moderate,Gen Z
3924,3.8,1.2,7.2,4.1,6.2,2.5,High,Gen Z
3925,6.7,1.5,8.1,2.9,5.7,3.04,Low,Gen Z
3926,6.9,1.7,7.0,3.0,5.6,3.28,Moderate,Gen Z
3927,5.0,2.0,5.7,2.1,3.8,3.23,Low,Gen Z
3928,3.8,1.6,5.6,2.3,3.0,2.84,High,Gen Z
3929,8.2,3.3,7.0,2.1,6.8,3.18,High,Gen Z
3930,5.1,0.8,5.0,4.2,4.0,2.41,Moderate,Gen Z
3931,5.6,0.0,7.0,3.2,1.7,2.76,High,Gen Z
3932,5.9,0.7,6.3,3.5,2.2,2.85,High,Gen Z
3933,9.3,2.4,7.7,5.0,4.0,2.38,Low,Gen Z
3934,4.1,0.3,6.2,5.1,1.7,3.08,Moderate,Gen Z
3935,4.5,1.0,6.3,4.2,2.9,2.98,High,Gen Z
3936,5.4,1.7,6.8,0.2,0.2,2.53,High,Gen Z
3937,3.5,0.0,7.4,4.5,5.2,2.84,Low,Gen Z
3938,3.0,1.2,8.1,1.7,4.3,3.33,Moderate,Gen Z
3939,4.8,2.1,6.1,1.6,4.8,3.09,Moderate,Gen Z
3940,3.4,2.3,8.0,2.2,0.8,2.61,Low,Gen Z
3941,2.4,1.2,6.7,3.1,4.5,2.91,Low,Gen Z
3942,6.2,3.0,6.3,2.2,3.5,2.98,Moderate,Gen Z
3943,6.7,1.3,5.9,1.6,6.5,3.5,Low,Gen Z
3944,4.0,1.9,8.7,1.1,6.4,2.93,High,Gen Z
3945,4.8,2.9,7.2,3.5,4.3,2.88,Moderate,Gen Z
3946,3.0,0.7,8.1,4.4,3.7,2.63,High,Gen Z
3947,5.3,2.4,7.2,3.7,5.2,2.98,High,Gen Z
3948,3.1,2.3,9.0,3.7,7.3,2.59,Moderate,Gen Z
3949,4.5,2.3,5.5,4.0,3.2,3.22,Low,Gen Z
3950,4.8,1.7,6.2,1.9,1.3,3.08,High,Gen Z
3951,3.1,0.0,7.6,5.1,3.2,3.02,High,Gen Z
3952,4.6,2.2,6.9,4.4,5.6,3.03,Low,Gen Z
3953,7.0,0.0,4.7,3.1,3.0,2.59,Moderate,Gen Z
3954,5.1,2.3,5.2,4.2,3.2,2.99,Moderate,Gen Z
3955,3.0,2.7,6.9,3.8,3.3,3.42,High,Gen Z
3956,7.7,2.3,6.7,0.7,4.9,3.09,Low,Gen Z
3957,5.2,2.2,7.5,1.4,4.7,2.63,Moderate,Gen Z
3958,1.7,2.3,9.6,6.2,2.7,2.71,Low,Gen Z
3959,2.5,2.3,7.1,1.5,3.4,3.2,High,Gen Z
3960,6.5,0.8,6.4,1.8,2.4,3.21,Moderate,Gen Z
3961,6.1,0.8,5.9,1.7,3.0,2.6,High,Gen Z
3962,4.9,2.5,9.2,2.8,3.6,3.14,High,Gen Z
3963,6.5,2.6,7.3,5.4,4.3,2.96,Moderate,Gen Z
3964,3.0,1.3,6.9,2.5,5.3,3.45,Moderate,Gen Z
3965,5.0,0.7,5.7,2.9,4.1,3.49,Moderate,Gen Z
3966,4.5,0.5,7.9,1.0,1.8,2.85,High,Gen Z
3967,5.5,2.1,6.8,1.6,5.4,3.62,High,Gen Z
3968,3.5,2.0,7.6,2.1,3.7,2.76,Low,Gen Z
3969,6.4,1.1,6.7,3.8,3.6,3.1,Moderate,Gen Z
3970,3.8,0.0,7.4,4.8,2.9,3.32,Low,Gen Z
3971,2.5,1.8,6.9,2.4,4.2,3.03,Moderate,Gen Z
3972,5.5,0.9,8.0,1.4,5.5,3.23,Low,Gen Z
3973,7.5,0.0,7.9,3.9,3.3,2.91,High,Gen Z
3974,3.6,1.7,7.8,2.9,5.3,3.7,Low,Gen Z
3975,3.3,2.0,8.0,2.6,1.5,3.02,Low,Gen Z
3976,4.8,1.1,9.3,4.3,3.3,2.39,Moderate,Gen Z
3977,3.7,0.1,5.2,0.7,4.1,3.0,High,Gen Z
3978,4.7,1.7,6.2,4.6,4.1,2.76,Moderate,Gen Z
3979,5.8,2.5,6.5,1.0,4.1,2.85,Moderate,Gen Z
3980,2.6,2.5,7.5,3.6,2.4,2.62,High,Gen Z
3981,4.2,2.8,7.7,1.8,3.0,2.59,Moderate,Gen Z
3982,3.0,1.3,7.5,3.3,4.8,2.83,Low,Gen Z
3983,5.6,0.8,5.6,1.6,3.8,2.99,High,Gen Z
3984,5.6,2.3,6.7,3.5,3.3,2.69,High,Gen Z
3985,7.2,4.6,6.6,1.9,3.9,3.37,Moderate,Gen Z
3986,4.2,0.8,7.3,3.9,4.5,3.02,High,Gen Z
3987,5.8,1.0,6.8,2.1,2.9,3.33,Moderate,Gen Z
3988,4.1,1.8,7.8,2.8,4.8,3.02,Low,Gen Z
3989,3.2,1.1,7.8,4.0,2.7,3.56,High,Gen Z
3990,4.5,0.0,6.1,0.3,5.5,2.35,Moderate,Gen Z
3991,5.3,1.0,5.6,4.3,3.3,2.47,High,Gen Z
3992,7.1,3.5,6.7,5.2,2.6,2.74,Low,Gen Z
3993,4.7,2.9,5.0,4.1,3.7,2.66,Moderate,Gen Z
3994,3.3,2.3,5.8,1.1,6.4,2.93,Moderate,Gen Z
3995,5.9,0.6,6.4,2.3,3.6,2.36,Low,Gen Z
3996,3.7,0.5,8.2,0.0,4.6,2.75,High,Gen Z
3997,1.5,0.1,7.1,2.7,2.4,3.34,Moderate,Gen Z
3998,5.1,1.9,6.3,2.5,6.0,3.08,Low,Gen Z
3999,6.4,1.7,7.4,3.2,4.2,2.73,Low,Gen Z
4000,6.0,2.5,6.7,5.3,3.0,2.85,High,Gen Z
4001,5.0,1.9,7.1,3.1,2.4,2.56,High,Gen Z
4002,3.4,1.7,8.5,4.9,3.3,2.79,Moderate,Gen Z
4003,5.7,0.0,6.4,4.1,6.0,3.12,High,Gen Z
4004,5.9,2.1,7.6,2.1,5.5,3.05,Moderate,Gen Z
4005,2.8,2.1,6.5,2.5,3.1,3.18,High,Gen Z
4006,6.1,1.6,7.4,3.6,5.2,2.74,Moderate,Gen Z
4007,4.5,0.6,7.9,2.6,5.0,2.96,High,Gen Z
4008,3.3,0.8,7.2,1.9,3.5,2.81,High,Gen Z
4009,5.8,0.9,6.7,1.5,2.5,2.56,High,Gen Z
4010,4.9,4.9,7.8,4.2,2.3,2.26,Moderate,Gen Z
4011,5.2,3.5,6.3,3.2,3.4,3.16,Moderate,Gen Z
4012,7.5,1.0,5.9,2.9,4.3,2.55,High,Gen Z
4013,3.3,1.9,8.1,2.1,3.9,3.19,Low,Gen Z
4014,5.7,1.8,5.4,3.4,4.5,2.8,High,Gen Z
4015,4.8,0.0,6.1,4.2,4.5,2.98,High,Gen Z
4016,5.2,0.0,7.3,6.0,4.7,2.87,Moderate,Gen Z
4017,3.5,1.0,8.2,3.6,4.8,2.94,High,Gen Z
4018,2.1,0.0,7.0,2.2,3.9,3.39,High,Gen Z
4019,1.5,1.9,8.5,2.4,6.0,2.96,Moderate,Gen Z
4020,4.3,1.8,9.5,3.1,4.5,3.16,Low,Gen Z
4021,2.9,1.7,7.2,3.2,4.2,3.2,Moderate,Gen Z
4022,1.2,3.0,8.9,2.2,2.5,3.14,High,Gen Z
4023,4.3,0.8,6.5,0.4,5.1,3.24,Moderate,Gen Z
4024,3.7,2.5,6.1,6.4,3.3,2.89,Low,Gen Z
4025,4.4,2.1,9.2,3.0,4.5,2.43,Moderate,Gen Z
4026,3.6,4.2,8.4,5.2,4.0,2.87,High,Gen Z
4027,4.0,2.4,9.2,5.1,5.7,3.06,Low,Gen Z
4028,3.8,1.4,7.2,3.8,5.8,3.02,High,Gen Z
4029,4.2,1.3,6.5,3.2,3.9,3.08,High,Gen Z
4030,2.3,0.0,5.7,2.0,1.4,3.4,Moderate,Gen Z
4031,4.5,2.4,6.7,3.3,6.5,2.63,High,Gen Z
4032,3.5,1.9,5.8,4.0,5.9,3.44,Moderate,Gen Z
4033,2.9,2.6,7.3,3.2,5.8,2.9,High,Gen Z
4034,3.7,0.6,7.3,2.5,4.2,3.25,High,Gen Z
4035,5.8,3.0,7.4,2.5,5.1,3.19,High,Gen Z
4036,4.5,2.7,7.2,4.0,2.4,3.14,High,Gen Z
4037,5.0,2.3,6.8,4.8,1.0,3.47,Moderate,Gen Z
4038,5.2,1.3,6.3,1.0,4.6,2.98,High,Gen Z
4039,6.6,2.0,6.4,4.9,4.2,2.84,High,Gen Z
4040,5.4,0.0,6.6,4.5,4.5,2.97,Moderate,Gen Z
4041,7.3,2.8,6.9,2.8,1.1,2.71,Low,Gen Z
4042,4.8,3.5,7.8,1.7,3.8,3.11,Moderate,Gen Z
4043,8.0,3.4,6.6,5.4,3.1,3.19,Moderate,Gen Z
4044,5.6,0.9,5.9,4.7,1.3,2.74,Moderate,Gen Z
4045,5.8,1.7,6.6,1.8,3.5,2.7,Moderate,Gen Z
4046,6.3,3.0,7.7,2.8,4.1,3.35,Moderate,Gen Z
4047,5.1,0.0,6.4,1.5,0.7,2.8,Moderate,Gen Z
4048,5.8,2.2,6.0,1.6,4.4,2.98,High,Gen Z
4049,6.0,1.8,8.5,3.5,4.1,2.4,High,Gen Z
4050,5.1,0.1,7.4,3.0,5.5,2.75,High,Gen Z
4051,6.4,2.7,5.8,3.3,4.1,3.27,High,Gen Z
4052,5.1,1.6,6.3,1.9,4.2,3.53,Moderate,Gen Z
4053,4.4,1.3,7.0,3.1,1.9,2.8,Moderate,Gen Z
4054,4.1,0.8,6.5,1.4,4.5,3.12,Low,Gen Z
4055,6.0,1.8,8.7,1.3,1.8,2.85,Moderate,Gen Z
4056,5.7,3.8,7.2,5.4,3.1,2.68,High,Gen Z
4057,3.3,0.4,6.2,3.8,6.4,2.31,Moderate,Gen Z
4058,3.7,2.2,6.6,2.2,4.1,2.91,High,Gen Z
4059,3.6,1.9,6.6,4.6,4.1,2.71,High,Gen Z
4060,6.5,3.5,7.7,4.1,4.2,2.89,Moderate,Gen Z
4061,6.7,3.2,7.8,1.3,6.4,3.15,Moderate,Gen Z
4062,5.1,1.6,7.7,1.5,3.7,2.96,High,Gen Z
4063,3.9,2.0,7.3,2.9,6.6,2.69,Moderate,Gen Z
4064,5.3,2.2,5.8,3.0,4.3,2.87,High,Gen Z
4065,6.9,3.6,6.5,1.8,2.5,2.98,High,Gen Z
4066,4.8,1.7,7.9,2.9,2.3,3.68,Low,Gen Z
4067,5.6,2.4,6.9,3.0,4.0,2.91,Moderate,Gen Z
4068,3.7,2.0,8.9,2.9,3.0,3.16,Moderate,Gen Z
4069,3.1,1.1,8.7,1.3,2.4,3.0,Low,Gen Z
4070,5.1,2.5,8.0,2.5,4.4,2.87,High,Gen Z
4071,4.9,1.6,9.4,3.1,0.5,2.87,Low,Gen Z
4072,5.2,2.3,8.1,4.7,4.1,2.37,Low,Gen Z
4073,1.5,1.2,6.3,4.5,3.7,3.29,High,Gen Z
4074,6.2,0.0,7.3,2.6,5.3,3.18,Moderate,Gen Z
4075,6.0,1.8,6.6,4.4,4.3,3.4,High,Gen Z
4076,7.1,1.3,6.9,3.0,5.5,3.67,Low,Gen Z
4077,5.2,3.2,5.9,3.2,4.8,3.64,Moderate,Gen Z
4078,6.3,1.7,7.1,2.5,3.8,3.2,High,Gen Z
4079,1.0,0.4,7.1,5.2,3.1,2.96,Moderate,Gen Z
4080,4.6,1.3,7.9,1.7,2.4,2.81,High,Gen Z
4081,4.8,1.1,5.7,3.5,3.1,3.06,High,Gen Z
4082,2.4,0.7,7.4,3.5,3.1,2.57,High,Gen Z
4083,4.9,1.7,5.3,2.2,2.8,3.09,Moderate,Gen Z
4084,4.9,1.4,6.9,3.8,0.6,2.58,High,Gen Z
4085,5.0,3.0,7.3,3.7,3.1,2.74,Low,Gen Z
4086,6.7,0.9,6.9,3.0,5.7,3.74,Moderate,Gen Z
4087,3.8,1.3,6.4,1.6,5.2,2.85,High,Gen Z
4088,3.4,1.0,8.2,2.8,5.3,2.88,High,Gen Z
4089,4.0,2.1,7.2,1.4,2.1,3.07,Moderate,Gen Z
4090,4.3,3.1,6.6,3.2,2.1,3.01,High,Gen Z
4091,4.8,1.4,7.6,4.6,3.8,3.32,Moderate,Gen Z
4092,5.4,2.1,7.8,2.7,3.7,3.28,High,Gen Z
4093,4.0,3.1,6.1,4.7,3.7,3.62,High,Gen Z
4094,6.7,1.2,7.7,5.0,3.5,2.36,High,Gen Z
4095,5.7,2.6,6.2,4.8,2.8,2.26,Moderate,Gen Z
4096,6.6,2.2,7.4,2.7,2.6,2.84,High,Gen Z
4097,7.5,0.0,7.4,3.1,3.7,3.57,Moderate,Gen Z
4098,4.9,0.0,6.2,1.0,5.4,2.76,Low,Gen Z
4099,5.4,2.9,7.4,4.1,4.5,2.73,Moderate,Gen Z
4100,5.2,1.6,6.3,2.8,2.2,3.3,Low,Gen Z
4101,3.5,0.0,6.0,2.9,6.5,2.66,Moderate,Gen Z
4102,4.4,2.8,5.2,1.6,2.1,2.13,Moderate,Gen Z
4103,5.5,0.7,7.5,3.0,4.4,2.81,High,Gen Z
4104,6.1,3.4,6.5,2.6,3.3,3.48,High,Gen Z
4105,4.0,3.6,7.2,4.8,4.2,3.17,High,Gen Z
4106,6.0,2.4,7.4,0.5,3.5,3.43,High,Gen Z
4107,4.7,1.9,7.8,2.2,5.5,2.27,Moderate,Gen Z
4108,5.4,0.0,7.2,2.5,4.6,3.3,Low,Gen Z
4109,4.1,3.8,7.4,3.2,1.3,3.3,High,Gen Z
4110,5.7,3.0,5.9,3.9,4.1,2.13,High,Gen Z
4111,5.5,0.4,6.4,5.5,1.2,2.64,Moderate,Gen Z
4112,7.1,0.3,8.9,3.6,5.4,3.15,Moderate,Gen Z
4113,7.6,3.0,7.0,1.9,2.8,3.45,High,Gen Z
4114,3.6,1.0,6.6,2.6,4.9,3.07,Low,Gen Z
4115,3.9,1.1,7.9,2.0,4.2,2.56,High,Gen Z
4116,2.1,0.0,7.3,1.5,5.7,2.92,High,Gen Z
4117,6.1,2.4,6.7,2.4,5.1,2.82,Moderate,Gen Z
4118,5.6,1.7,6.6,2.6,5.2,3.36,Low,Gen Z
4119,6.7,1.2,7.7,2.3,3.4,3.14,Moderate,Gen Z
4120,1.6,0.3,6.5,1.1,2.9,3.32,High,Gen Z
4121,5.2,0.9,6.8,1.2,1.6,2.75,Moderate,Gen Z
4122,4.5,3.1,7.9,0.5,2.6,2.93,High,Gen Z
4123,5.9,3.3,6.5,2.1,3.0,3.71,High,Gen Z
4124,5.4,3.0,7.2,1.3,3.4,4.0,High,Gen Z
4125,6.6,1.7,5.7,5.7,3.4,3.13,Moderate,Gen Z
4126,3.0,3.9,6.9,4.9,5.7,3.5,Moderate,Gen Z
4127,4.7,0.5,5.2,4.2,5.5,2.6,Moderate,Gen Z
4128,4.8,1.9,8.2,1.8,6.5,2.87,High,Gen Z
4129,6.3,3.8,6.7,3.9,5.3,3.04,Moderate,Gen Z
4130,4.9,1.9,7.9,2.7,3.3,3.7,Moderate,Gen Z
4131,6.8,2.5,7.7,2.0,4.0,2.57,High,Gen Z
4132,5.1,1.9,7.0,2.7,4.0,3.28,High,Gen Z
4133,5.3,1.4,6.5,3.9,5.5,3.31,Moderate,Gen Z
4134,6.1,2.0,6.8,3.3,2.9,3.14,Moderate,Gen Z
4135,4.5,2.2,6.7,0.9,1.9,2.87,High,Gen Z
4136,5.7,2.8,7.0,2.2,3.5,3.18,Moderate,Gen Z
4137,4.4,1.0,6.9,0.0,3.6,2.74,High,Gen Z
4138,4.7,1.6,5.2,4.3,3.8,3.44,Moderate,Gen Z
4139,2.4,0.2,8.9,0.9,1.6,2.83,Low,Gen Z
4140,5.2,1.0,8.0,2.6,3.9,3.69,High,Gen Z
4141,4.5,3.4,7.8,4.3,3.3,2.73,Moderate,Gen Z
4142,6.2,1.6,8.6,4.9,1.0,2.85,Moderate,Gen Z
4143,7.3,0.7,6.1,2.9,3.4,2.73,Low,Gen Z
4144,5.3,2.3,6.1,4.3,4.2,2.89,High,Gen Z
4145,5.8,2.4,7.5,0.3,3.7,3.13,Low,Gen Z
4146,4.7,1.6,6.7,2.9,5.6,3.22,Moderate,Gen Z
4147,4.6,2.7,8.0,4.3,3.9,2.3,High,Gen Z
4148,4.6,3.4,8.4,2.9,5.7,2.59,High,Gen Z
4149,4.9,2.4,6.3,4.3,3.0,3.14,Moderate,Gen Z
4150,5.8,2.8,7.6,1.5,2.7,3.42,Moderate,Gen Z
4151,7.4,2.3,7.8,4.9,3.4,3.35,Moderate,Gen Z
4152,6.6,2.3,6.1,6.2,4.4,3.36,Moderate,Gen Z
4153,5.1,0.0,7.3,3.1,3.6,2.49,Moderate,Gen Z
4154,5.3,2.2,5.5,0.9,5.9,3.35,High,Gen Z
4155,2.0,2.1,7.6,2.4,0.7,2.71,Moderate,Gen Z
4156,7.3,0.1,5.6,4.4,2.3,3.25,Low,Gen Z
4157,8.0,1.4,6.9,1.9,4.8,3.1,High,Gen Z
4158,5.3,2.8,9.7,2.0,1.2,2.95,Moderate,Gen Z
4159,5.3,0.1,7.3,2.7,4.4,2.86,High,Gen Z
4160,2.3,1.6,8.0,1.9,1.7,2.88,High,Gen Z
4161,4.5,0.6,5.6,2.9,2.3,2.49,Moderate,Gen Z
4162,3.8,1.9,5.7,5.1,6.2,2.71,High,Gen Z
4163,3.8,0.0,7.2,5.0,4.7,3.96,High,Gen Z
4164,4.4,0.2,7.9,4.3,4.0,3.15,Moderate,Gen Z
4165,4.9,2.5,7.3,0.9,3.2,3.29,Low,Gen Z
4166,6.5,2.0,7.7,2.6,4.9,3.31,High,Gen Z
4167,6.1,2.2,8.6,2.9,3.8,2.87,High,Gen Z
4168,4.9,2.9,6.8,2.5,6.5,2.78,Low,Gen Z
4169,4.4,0.4,7.4,2.2,2.1,3.33,High,Gen Z
4170,4.4,0.0,5.8,3.1,4.9,2.72,Moderate,Gen Z
4171,6.1,3.0,8.3,3.2,3.6,2.98,High,Gen Z
4172,4.7,0.0,7.1,2.4,3.3,2.91,High,Gen Z
4173,2.6,1.3,9.6,2.6,6.0,2.8,Moderate,Gen Z
4174,1.8,1.6,6.4,4.6,3.0,3.17,High,Gen Z
4175,5.7,0.7,6.3,2.5,1.7,3.52,Moderate,Gen Z
4176,5.6,0.5,7.2,2.2,0.3,3.23,High,Gen Z
4177,3.9,1.0,8.1,6.1,1.9,3.34,Moderate,Gen Z
4178,5.9,4.8,7.6,3.9,2.9,3.81,High,Gen Z
4179,5.8,1.3,6.0,3.0,5.3,3.02,High,Gen Z
4180,5.6,2.4,6.2,4.6,2.2,3.17,Low,Gen Z
4181,5.4,1.9,7.5,3.7,4.3,2.3,High,Gen Z
4182,6.3,2.1,5.0,4.5,5.3,3.07,Moderate,Gen Z
4183,4.3,2.6,7.2,4.0,6.0,2.26,Moderate,Gen Z
4184,7.4,2.6,8.1,1.1,4.3,2.95,Moderate,Gen Z
4185,5.0,1.6,7.5,1.3,4.5,2.99,Moderate,Gen Z
4186,7.3,2.4,5.7,3.8,2.1,2.99,Moderate,Gen Z
4187,6.0,1.4,7.2,3.9,3.0,3.18,Moderate,Gen Z
4188,5.0,2.4,6.8,4.4,4.2,3.24,High,Gen Z
4189,8.1,1.8,7.3,4.7,3.2,2.99,Moderate,Gen Z
4190,4.3,0.2,7.9,0.6,3.2,2.77,High,Gen Z
4191,3.1,1.3,6.7,3.4,6.3,2.2,Moderate,Gen Z
4192,5.7,1.6,7.8,3.0,4.3,3.25,High,Gen Z
4193,4.5,2.4,5.6,1.2,1.3,2.87,High,Gen Z
4194,4.6,1.9,7.4,0.2,2.0,2.8,Low,Gen Z
4195,4.3,0.2,8.5,6.1,0.8,3.11,Moderate,Gen Z
4196,6.3,0.0,6.1,4.2,3.2,2.62,Moderate,Gen Z
4197,5.8,2.3,7.5,4.1,4.0,3.36,High,Gen Z
4198,5.0,4.3,8.7,3.6,3.1,2.76,High,Gen Z
4199,2.2,0.7,7.0,2.8,2.1,3.44,Moderate,Gen Z
4200,6.6,1.9,7.9,5.1,3.0,3.55,Moderate,Gen Z
4201,5.4,0.5,5.3,0.8,3.1,3.53,Moderate,Gen Z
4202,2.8,2.0,6.1,4.5,4.3,3.19,Moderate,Gen Z
4203,4.1,1.6,8.9,5.0,3.9,3.05,Moderate,Gen Z
4204,3.8,1.7,7.6,2.7,4.7,3.37,High,Gen Z
4205,5.6,2.2,6.8,3.5,4.5,2.96,Moderate,Gen Z
4206,3.3,2.1,5.0,1.5,4.7,3.03,Low,Gen Z
4207,5.4,0.8,7.6,3.7,5.1,3.0,Low,Gen Z
4208,5.1,1.2,7.7,3.0,4.8,2.92,Moderate,Gen Z
4209,2.6,1.7,7.1,2.0,4.7,3.33,Moderate,Gen Z
4210,3.5,1.4,5.7,4.0,5.7,2.66,Low,Gen Z
4211,5.9,2.3,5.4,1.5,3.7,3.02,Moderate,Gen Z
4212,5.6,0.0,5.5,3.0,7.1,3.28,High,Gen Z
4213,5.9,1.1,7.7,0.0,2.6,2.41,Low,Gen Z
4214,4.6,1.5,6.0,1.8,4.2,2.65,Low,Gen Z
4215,6.3,1.0,6.3,4.6,4.3,3.41,Moderate,Gen Z
4216,3.4,1.4,6.9,4.7,0.9,3.01,Moderate,Gen Z
4217,4.0,2.9,9.3,2.8,3.7,3.29,Moderate,Gen Z
4218,7.0,1.9,6.9,2.9,4.8,3.07,High,Gen Z
4219,4.9,1.0,7.7,1.8,5.2,3.38,High,Gen Z
4220,3.9,1.6,6.9,0.9,3.5,2.94,Low,Gen Z
4221,3.2,0.9,7.3,2.4,3.9,2.72,High,Gen Z
4222,5.2,2.8,6.6,3.9,2.9,2.49,Low,Gen Z
4223,6.4,2.0,7.9,3.0,0.8,3.09,High,Gen Z
4224,2.4,0.1,10.0,2.6,4.1,2.87,Moderate,Gen Z
4225,5.5,1.1,6.8,3.0,2.6,2.95,Moderate,Gen Z
4226,5.6,1.9,7.5,3.8,3.2,3.49,Moderate,Gen Z
4227,6.2,0.0,7.4,0.4,0.6,3.22,High,Gen Z
4228,5.2,1.0,7.2,3.1,2.9,2.9,Low,Gen Z
4229,5.7,0.6,5.1,2.4,3.4,3.32,High,Gen Z
4230,5.7,2.6,7.7,2.5,2.8,3.48,Low,Gen Z
4231,6.7,1.7,8.2,2.0,3.1,2.96,High,Gen Z
4232,6.2,3.2,7.5,3.5,7.1,3.44,High,Gen Z
4233,4.8,2.2,6.8,3.7,2.2,3.07,Moderate,Gen Z
4234,3.8,3.5,8.4,2.4,5.7,3.1,Moderate,Gen Z
4235,2.3,1.4,5.3,3.9,2.7,2.46,High,Gen Z
4236,6.1,2.4,5.7,3.4,5.3,2.82,High,Gen Z
4237,2.4,1.5,6.3,0.9,5.4,3.3,High,Gen Z
4238,4.5,2.7,8.5,3.4,6.4,3.35,Moderate,Gen Z
4239,6.0,1.2,6.2,1.9,1.6,3.14,Moderate,Gen Z
4240,4.5,1.4,6.5,5.8,2.3,2.43,High,Gen Z
4241,4.0,1.9,6.8,2.4,3.8,2.06,High,Gen Z
4242,5.0,1.5,6.2,0.2,4.5,2.85,Moderate,Gen Z
4243,5.4,0.2,7.0,0.9,3.6,2.9,High,Gen Z
4244,4.8,2.3,6.4,2.5,1.6,2.83,High,Gen Z
4245,4.4,1.7,5.2,2.5,5.4,2.62,Moderate,Gen Z
4246,7.5,1.4,6.5,4.9,4.9,2.98,Low,Gen Z
4247,6.0,0.4,4.6,4.3,2.2,2.36,Moderate,Gen Z
4248,2.9,2.3,6.0,0.6,4.2,2.8,Moderate,Gen Z
4249,4.3,2.2,7.8,1.3,2.3,2.7,Low,Gen Z
4250,2.3,0.5,8.0,3.1,3.3,2.43,High,Gen Z
4251,5.6,0.8,8.0,3.9,2.3,2.94,High,Gen Z
4252,4.0,3.1,6.0,2.0,2.8,3.38,Moderate,Gen Z
4253,4.5,0.7,7.9,3.0,6.9,3.0,Moderate,Gen Z
4254,4.6,2.0,7.1,4.7,2.4,2.69,Moderate,Gen Z
4255,4.9,2.0,6.3,4.9,4.9,2.88,High,Gen Z
4256,7.1,2.9,6.0,3.5,5.1,2.9,Moderate,Gen Z
4257,6.5,1.2,8.1,4.6,3.1,3.26,High,Gen Z
4258,4.4,2.9,7.7,0.0,2.7,2.21,Low,Gen Z
4259,2.3,2.7,5.6,2.5,4.6,2.74,Moderate,Gen Z
4260,7.6,4.6,8.2,2.8,6.6,3.04,Low,Gen Z
4261,5.0,2.2,8.0,5.4,5.1,2.62,Moderate,Gen Z
4262,5.7,1.7,7.3,4.0,3.5,3.13,Moderate,Gen Z
4263,4.9,2.7,6.0,0.3,5.1,3.22,Moderate,Gen Z
4264,5.3,1.2,7.7,4.9,3.7,3.07,High,Gen Z
4265,7.3,1.7,7.6,2.3,3.7,2.79,High,Gen Z
4266,6.8,1.3,7.4,4.1,4.9,3.39,Low,Gen Z
4267,3.9,0.0,8.4,3.1,4.0,3.02,High,Gen Z
4268,6.0,2.6,7.3,4.1,0.7,2.7,Moderate,Gen Z
4269,5.3,3.2,6.8,3.3,4.7,3.33,High,Gen Z
4270,5.9,0.9,6.8,1.2,2.7,3.01,Low,Gen Z
4271,3.7,1.4,6.4,2.5,3.2,2.93,High,Gen Z
4272,2.3,0.0,7.6,1.0,0.6,3.41,High,Gen Z
4273,6.0,2.6,8.2,1.2,3.1,2.92,Low,Gen Z
4274,4.3,1.4,7.6,2.5,2.6,3.02,Low,Gen Z
4275,4.3,1.1,7.7,2.1,2.1,2.15,High,Gen Z
4276,5.4,0.9,6.3,1.6,3.7,3.25,Moderate,Gen Z
4277,3.8,3.1,5.9,3.0,6.2,3.14,Moderate,Gen Z
4278,3.3,0.9,5.6,0.7,4.4,2.65,High,Gen Z
4279,5.1,0.4,7.3,1.8,6.1,3.5,Moderate,Gen Z
4280,5.0,3.2,6.9,3.7,2.2,3.63,Moderate,Gen Z
4281,5.9,1.6,6.6,2.9,0.9,2.89,Moderate,Gen Z
4282,4.2,2.6,8.1,2.4,4.7,2.48,Moderate,Gen Z
4283,5.1,1.1,6.3,3.8,4.1,3.13,Low,Gen Z
4284,4.0,3.5,7.0,4.1,5.6,2.58,Moderate,Gen Z
4285,5.6,1.3,6.7,4.6,4.1,2.76,Low,Gen Z
4286,5.6,0.7,5.7,2.8,5.1,3.06,Moderate,Gen Z
4287,6.7,1.3,6.0,1.5,2.8,3.08,High,Gen Z
4288,5.5,1.3,6.7,0.3,3.3,2.95,Low,Gen Z
4289,4.8,3.5,7.1,3.7,6.0,3.62,High,Gen Z
4290,6.7,2.2,7.0,4.2,5.0,2.37,High,Gen Z
4291,4.3,0.3,7.1,3.1,3.0,2.91,Low,Gen Z
4292,4.9,2.1,7.0,2.7,4.1,3.55,Moderate,Gen Z
4293,4.0,2.1,7.6,3.2,1.8,2.98,Low,Gen Z
4294,5.2,1.9,7.2,1.8,1.7,3.22,Low,Gen Z
4295,2.8,1.5,7.6,5.3,4.7,3.04,Low,Gen Z
4296,3.7,2.6,8.6,0.2,1.9,3.24,Moderate,Gen Z
4297,4.4,1.4,5.7,0.6,2.6,3.1,Low,Gen Z
4298,5.9,1.0,6.3,1.4,3.7,2.95,Low,Gen Z
4299,5.7,2.1,7.2,5.6,5.9,3.54,Moderate,Gen Z
4300,3.9,1.4,7.1,3.8,5.3,3.22,Moderate,Gen Z
4301,4.5,0.8,6.1,3.4,2.5,3.21,Moderate,Gen Z
4302,4.5,1.8,8.4,1.1,4.6,2.99,Moderate,Gen Z
4303,5.7,2.9,6.4,3.1,4.3,2.76,Low,Gen Z
4304,4.9,2.1,7.8,2.7,5.2,3.46,Moderate,Gen Z
4305,4.1,3.0,7.3,0.8,4.8,3.34,Low,Gen Z
4306,4.5,2.8,7.9,3.6,4.1,2.96,Moderate,Gen Z
4307,10.0,2.2,8.4,3.0,3.8,2.35,Moderate,Gen Z
4308,4.0,0.0,6.9,4.7,2.0,3.25,High,Gen Z
4309,5.6,1.2,4.6,2.0,4.1,2.9,High,Gen Z
4310,4.3,1.1,6.5,3.0,2.3,3.01,Low,Gen Z
4311,6.3,2.9,5.4,2.7,3.6,2.72,Low,Gen Z
4312,5.5,0.0,6.0,4.9,2.8,2.52,Low,Gen Z
4313,4.6,4.2,5.9,1.8,4.6,2.52,High,Gen Z
4314,6.6,1.6,7.1,1.8,3.8,2.69,Moderate,Gen Z
4315,4.0,1.4,7.0,5.0,5.9,3.14,Moderate,Gen Z
4316,4.6,2.0,7.7,2.8,5.3,3.69,High,Gen Z
4317,7.6,1.1,7.3,3.0,5.8,3.51,High,Gen Z
4318,3.7,2.9,7.9,4.0,3.7,3.12,High,Gen Z
4319,5.9,1.9,7.0,2.7,3.3,3.22,High,Gen Z
4320,3.4,1.2,7.8,0.4,6.3,3.22,Moderate,Gen Z
4321,6.1,3.7,6.6,1.5,2.4,2.66,High,Gen Z
4322,5.4,1.9,6.2,4.1,7.2,2.95,Moderate,Gen Z
4323,4.2,1.4,5.7,2.0,3.5,2.86,Moderate,Gen Z
4324,4.2,3.6,6.5,5.7,2.8,2.72,Moderate,Gen Z
4325,3.3,1.9,7.9,2.9,3.9,3.58,High,Gen Z
4326,3.9,2.3,6.0,4.5,1.4,2.87,Moderate,Gen Z
4327,6.4,0.0,8.3,3.5,5.1,2.99,High,Gen Z
4328,4.2,2.9,8.0,1.7,2.5,2.29,Moderate,Gen Z
4329,5.4,0.0,8.0,1.7,3.3,3.37,Moderate,Gen Z
4330,4.1,0.3,7.8,3.3,4.6,3.13,High,Gen Z
4331,3.7,1.6,5.7,4.9,5.1,3.19,High,Gen Z
4332,3.8,2.1,7.2,2.4,8.0,2.85,High,Gen Z
4333,6.2,0.4,7.1,2.4,4.7,3.28,Low,Gen Z
4334,6.2,0.1,9.2,3.6,5.7,3.13,Moderate,Gen Z
4335,3.6,0.9,8.0,4.9,3.9,3.26,Moderate,Gen Z
4336,5.1,1.7,6.8,0.8,3.7,2.52,Low,Gen Z
4337,2.6,1.7,5.3,5.0,5.0,2.35,High,Gen Z
4338,6.6,0.0,7.3,3.1,4.9,2.72,High,Gen Z
4339,6.1,2.6,6.8,2.3,4.3,3.17,Moderate,Gen Z
4340,4.4,1.0,7.8,4.3,5.8,3.15,High,Gen Z
4341,7.6,1.0,9.2,3.8,6.6,2.99,High,Gen Z
4342,3.2,3.4,8.1,2.2,4.7,3.56,Moderate,Gen Z
4343,4.1,0.7,6.4,2.5,1.1,3.09,Moderate,Gen Z
4344,5.7,4.5,5.6,4.0,4.5,3.22,High,Gen Z
4345,1.6,2.3,5.9,4.7,5.1,3.52,Moderate,Gen Z
4346,4.6,4.0,5.0,3.6,5.8,2.43,Moderate,Gen Z
4347,3.4,2.6,8.9,3.4,3.1,3.14,Low,Gen Z
4348,5.7,1.6,9.0,5.0,0.1,2.7,High,Gen Z
4349,4.5,0.5,7.3,3.0,1.5,2.96,High,Gen Z
4350,4.3,2.8,5.0,1.6,4.7,2.84,Low,Gen Z
4351,3.4,3.5,7.1,2.0,3.7,3.14,High,Gen Z
4352,1.7,1.1,8.1,3.5,3.4,2.76,High,Gen Z
4353,5.7,1.2,7.4,1.6,1.8,2.83,High,Gen Z
4354,7.7,3.0,6.2,2.7,6.8,3.23,Low,Gen Z
4355,1.3,2.0,6.8,4.0,2.8,2.93,Low,Gen Z
4356,5.3,1.3,7.4,2.0,2.7,2.73,Moderate,Gen Z
4357,5.6,1.2,7.8,2.8,4.9,2.76,High,Gen Z
4358,4.8,1.8,7.6,3.1,0.9,3.63,High,Gen Z
4359,5.5,0.0,6.9,4.6,4.9,2.88,Moderate,Gen Z
4360,4.7,0.0,6.5,2.2,3.6,3.32,Low,Gen Z
4361,5.5,0.0,7.9,3.4,4.6,2.98,High,Gen Z
4362,4.7,2.9,8.0,2.8,3.3,3.02,High,Gen Z
4363,6.2,1.6,9.0,3.5,6.4,2.79,Low,Gen Z
4364,4.8,1.1,6.6,3.4,2.3,3.76,Low,Gen Z
4365,7.1,2.3,5.7,1.2,0.6,3.05,Moderate,Gen Z
4366,5.8,1.8,5.6,2.6,5.0,3.32,Moderate,Gen Z
4367,2.9,1.2,7.9,4.4,4.0,2.24,Low,Gen Z
4368,5.0,2.8,6.4,2.1,3.9,2.99,Moderate,Gen Z
4369,4.2,2.0,7.7,4.4,4.2,2.51,High,Gen Z
4370,3.7,1.2,6.4,2.0,6.3,3.68,High,Gen Z
4371,2.1,0.4,6.7,1.2,3.4,2.73,Moderate,Gen Z
4372,5.5,1.8,6.6,2.3,5.8,2.12,High,Gen Z
4373,4.5,2.9,6.9,5.0,2.0,3.12,Low,Gen Z
4374,6.4,1.6,6.5,0.0,5.0,2.52,Moderate,Gen Z
4375,4.2,0.8,6.7,5.4,4.6,2.68,High,Gen Z
4376,2.0,0.7,6.7,3.4,4.4,2.9,Moderate,Gen Z
4377,2.5,1.8,6.6,3.1,3.4,2.72,High,Gen Z
4378,5.2,0.7,6.3,3.6,3.4,2.59,Moderate,Gen Z
4379,4.0,1.2,8.4,5.7,4.2,2.73,Moderate,Gen Z
4380,2.5,4.3,8.0,2.2,1.0,2.75,Low,Gen Z
4381,5.3,4.4,7.8,1.5,1.5,3.25,High,Gen Z
4382,3.0,2.5,8.7,3.4,2.9,3.43,Low,Gen Z
4383,4.4,3.5,7.1,5.8,0.3,3.1,High,Gen Z
4384,6.3,3.4,9.0,3.3,3.8,2.39,High,Gen Z
4385,5.2,0.7,7.7,6.1,2.4,3.28,Moderate,Gen Z
4386,6.1,2.4,6.9,5.2,5.4,2.14,Moderate,Gen Z
4387,5.6,2.4,7.5,2.5,4.7,3.38,Moderate,Gen Z
4388,6.0,3.0,7.0,2.2,2.8,2.89,High,Gen Z
4389,6.0,0.6,5.5,3.7,3.9,2.46,Moderate,Gen Z
4390,4.4,0.5,7.2,2.8,2.9,2.84,High,Gen Z
4391,3.7,1.4,6.7,3.0,2.1,3.36,Low,Gen Z
4392,5.8,1.2,7.5,4.6,4.6,2.74,Moderate,Gen Z
4393,5.5,0.1,7.2,2.7,4.5,2.65,High,Gen Z
4394,4.8,0.0,6.2,5.3,3.0,3.58,Moderate,Gen Z
4395,6.6,2.0,8.4,2.9,2.8,3.18,High,Gen Z
4396,8.3,1.7,4.9,6.0,3.6,3.25,High,Gen Z
4397,3.6,1.3,6.1,1.3,5.1,2.89,Low,Gen Z
4398,3.5,1.7,6.9,3.3,5.0,2.48,Low,Gen Z
4399,8.3,2.9,7.9,4.6,3.0,3.2,High,Gen Z
4400,2.8,2.7,7.4,1.9,5.3,3.2,High,Gen Z
4401,4.2,0.5,7.4,2.6,3.3,2.97,Low,Gen Z
4402,6.2,1.3,7.5,6.2,4.8,3.07,Moderate,Gen Z
4403,2.1,2.8,7.0,3.1,1.7,3.07,Moderate,Gen Z
4404,5.0,1.6,5.6,2.4,3.9,2.86,Moderate,Gen Z
4405,4.7,2.2,6.9,2.0,4.4,2.41,Moderate,Gen Z
4406,7.3,0.5,7.4,0.0,2.5,2.75,High,Gen Z
4407,5.1,2.4,8.6,1.8,4.5,3.36,Moderate,Gen Z
4408,1.0,1.6,5.4,2.6,2.2,3.29,Moderate,Gen Z
4409,4.1,2.8,8.0,5.5,6.1,2.91,Moderate,Gen Z
4410,4.1,0.0,7.1,4.7,4.7,2.95,High,Gen Z
4411,5.4,2.0,6.1,2.6,3.3,3.41,Moderate,Gen Z
4412,2.5,0.1,6.7,1.1,3.6,3.06,Moderate,Gen Z
4413,5.8,3.6,6.3,3.0,4.2,3.76,Moderate,Gen Z
4414,5.1,1.7,7.0,4.8,5.7,2.75,Moderate,Gen Z
4415,5.8,1.2,6.9,3.4,4.3,2.43,High,Gen Z
4416,5.4,0.3,7.5,1.8,4.9,2.7,Moderate,Gen Z
4417,5.6,2.3,7.1,1.6,3.6,3.37,High,Gen Z
4418,6.4,0.0,6.7,2.7,5.5,2.8,Moderate,Gen Z
4419,4.7,1.3,4.9,1.6,5.6,3.32,Moderate,Gen Z
4420,5.3,1.9,8.3,1.1,3.9,2.62,Moderate,Gen Z
4421,2.6,2.1,6.4,2.1,3.5,3.21,High,Gen Z
4422,4.9,1.9,6.5,4.1,4.3,3.04,Moderate,Gen Z
4423,6.6,0.1,6.6,3.7,4.6,2.97,High,Gen Z
4424,6.5,1.1,7.8,3.5,2.8,2.09,High,Gen Z
4425,4.6,2.1,7.0,2.4,2.8,2.38,Low,Gen Z
4426,6.4,0.2,6.4,4.0,5.4,3.29,Moderate,Gen Z
4427,5.3,2.3,7.3,3.6,2.8,2.8,High,Gen Z
4428,1.0,1.3,7.8,0.0,3.6,3.15,High,Gen Z
4429,5.2,1.3,7.2,0.5,2.1,2.95,High,Gen Z
4430,2.3,0.6,7.2,3.8,2.5,2.42,High,Gen Z
4431,5.3,1.7,5.6,4.6,3.3,3.6,Moderate,Gen Z
4432,4.2,1.0,7.8,3.9,2.5,3.4,Moderate,Gen Z
4433,2.9,2.9,7.9,4.3,4.2,2.76,Moderate,Gen Z
4434,7.7,2.0,5.9,1.6,2.1,2.77,High,Gen Z
4435,5.1,2.2,7.7,0.8,5.1,2.97,High,Gen Z
4436,4.0,2.5,7.5,5.4,0.9,3.23,High,Gen Z
4437,2.8,1.9,7.6,3.6,1.9,2.81,High,Gen Z
4438,6.0,1.8,7.3,0.5,2.3,3.31,High,Gen Z
4439,6.2,0.0,6.0,4.4,4.2,2.82,High,Gen Z
4440,3.7,2.1,6.3,2.0,5.7,3.14,Moderate,Gen Z
4441,4.9,1.6,6.4,2.5,4.2,3.26,High,Gen Z
4442,4.0,0.6,6.6,5.4,0.4,2.7,Moderate,Gen Z
4443,6.5,4.6,8.6,5.1,2.2,3.49,Moderate,Gen Z
4444,5.4,1.8,8.0,3.0,4.3,3.54,Moderate,Gen Z
4445,5.2,0.3,6.4,4.6,5.0,2.71,Moderate,Gen Z
4446,6.7,0.0,5.9,2.4,6.6,2.71,High,Gen Z
4447,7.4,2.1,7.8,2.3,4.1,3.04,Low,Gen Z
4448,6.3,3.2,7.0,5.6,1.9,3.38,High,Gen Z
4449,6.7,3.1,4.9,3.6,7.8,3.3,Low,Gen Z
4450,4.4,0.9,6.3,3.9,4.2,3.14,Moderate,Gen Z
4451,5.6,2.2,9.0,3.1,3.9,2.52,High,Gen Z
4452,4.7,4.4,5.1,3.3,5.1,3.33,Moderate,Gen Z
4453,7.5,0.2,8.1,3.6,3.8,2.95,Moderate,Gen Z
4454,2.6,0.6,7.0,4.3,4.6,3.56,High,Gen Z
4455,4.6,0.8,7.9,1.6,3.4,3.18,Low,Gen Z
4456,4.7,0.1,6.7,1.2,3.2,3.28,Moderate,Gen Z
4457,7.8,1.4,6.5,2.4,4.7,2.72,High,Gen Z
4458,4.9,3.1,6.9,3.8,3.9,3.34,Moderate,Gen Z
4459,6.1,0.5,6.6,4.4,1.6,3.16,Moderate,Gen Z
4460,4.9,2.8,6.8,1.6,3.2,3.05,High,Gen Z
4461,5.3,0.5,6.8,1.3,2.3,3.52,High,Gen Z
4462,3.1,1.0,7.6,1.8,3.6,2.99,Moderate,Gen Z
4463,6.1,3.5,6.1,2.1,3.2,3.09,Moderate,Gen Z
4464,6.3,0.7,7.9,4.8,4.9,2.97,High,Gen Z
4465,4.9,1.2,7.6,2.9,2.2,2.9,Low,Gen Z
4466,3.8,2.2,6.9,0.8,3.5,2.8,Moderate,Gen Z
4467,6.0,0.5,7.5,3.0,3.1,2.9,High,Gen Z
4468,4.7,1.3,7.0,5.4,4.7,3.16,High,Gen Z
4469,5.2,2.9,7.0,1.0,3.5,3.01,Low,Gen Z
4470,6.7,0.3,7.4,4.3,4.3,3.05,High,Gen Z
4471,5.6,0.0,5.1,2.6,3.5,3.39,Low,Gen Z
4472,3.9,2.2,7.1,3.7,4.0,2.91,High,Gen Z
4473,8.0,0.6,6.8,3.3,5.9,2.33,Moderate,Gen Z
4474,2.4,0.8,8.4,1.2,5.3,3.15,High,Gen Z
4475,5.2,1.4,7.0,7.1,1.5,2.64,High,Gen Z
4476,6.6,0.5,7.5,4.8,5.2,3.24,Low,Gen Z
4477,2.0,2.3,7.8,4.1,1.1,3.19,High,Gen Z
4478,6.3,0.0,5.7,4.4,4.0,2.43,Low,Gen Z
4479,6.2,3.1,5.7,3.9,5.3,3.09,Moderate,Gen Z
4480,2.4,2.1,8.1,4.4,3.7,3.65,High,Gen Z
4481,4.6,1.2,6.1,2.1,2.7,2.91,Moderate,Gen Z
4482,3.9,1.5,8.5,2.2,2.0,3.42,Low,Gen Z
4483,3.7,1.5,6.7,4.2,3.0,2.32,Moderate,Gen Z
4484,4.9,1.5,6.0,3.4,3.0,3.03,Moderate,Gen Z
4485,4.9,1.5,7.9,3.2,3.8,2.84,High,Gen Z
4486,6.9,1.6,6.4,4.8,2.0,3.51,Moderate,Gen Z
4487,3.5,0.7,6.8,2.1,4.4,2.36,Low,Gen Z
4488,6.1,2.8,5.7,1.7,3.0,2.84,Moderate,Gen Z
4489,5.9,1.0,8.7,3.7,3.7,3.1,Moderate,Gen Z
4490,3.9,3.0,7.2,3.4,2.0,3.05,Low,Gen Z
4491,4.6,0.3,6.5,1.1,3.9,3.1,Low,Gen Z
4492,4.5,3.6,6.5,3.2,7.1,3.17,Moderate,Gen Z
4493,6.6,2.1,7.7,2.9,5.3,2.86,High,Gen Z
4494,5.2,1.9,7.2,2.2,2.7,2.96,High,Gen Z
4495,4.9,0.0,6.9,4.3,0.8,2.76,Low,Gen Z
4496,6.2,2.5,7.1,4.2,1.4,2.96,High,Gen Z
4497,5.8,1.8,8.1,3.7,4.7,2.69,Moderate,Gen Z
4498,6.3,0.0,5.2,1.3,3.6,3.35,Moderate,Gen Z
4499,4.1,1.8,7.1,4.2,5.3,2.89,High,Gen Z
4500,5.4,3.7,7.3,3.6,2.0,3.11,High,Gen Z
4501,3.7,2.2,6.0,2.8,6.1,3.42,Moderate,Gen Z
4502,8.7,1.2,8.5,0.0,3.4,3.11,Moderate,Gen Z
4503,6.7,2.6,8.9,7.2,3.2,2.57,High,Gen Z
4504,7.4,3.6,7.3,1.2,2.9,2.2,High,Gen Z
4505,2.6,2.2,5.6,2.0,5.1,2.16,Low,Gen Z
4506,3.5,0.0,7.8,3.8,3.5,2.66,Moderate,Gen Z
4507,6.2,1.6,7.5,0.2,3.8,3.0,Moderate,Gen Z
4508,6.2,0.4,7.2,3.0,5.6,3.67,Moderate,Gen Z
4509,4.1,0.9,7.0,3.4,4.0,3.21,Moderate,Gen Z
4510,4.5,1.0,8.2,2.4,3.4,2.85,High,Gen Z
4511,3.4,0.0,8.2,3.0,1.5,3.51,High,Gen Z
4512,6.0,4.2,6.8,3.0,3.7,2.83,High,Gen Z
4513,6.4,0.5,8.2,2.6,7.3,3.05,Low,Gen Z
4514,5.4,2.9,6.0,2.6,4.9,3.53,High,Gen Z
4515,5.4,1.9,6.4,5.6,4.3,3.11,Moderate,Gen Z
4516,1.0,1.0,6.9,0.6,4.0,2.97,Moderate,Gen Z
4517,5.1,1.7,6.1,2.6,4.2,3.04,Low,Gen Z
4518,1.3,1.6,6.3,1.6,6.1,2.78,Moderate,Gen Z
4519,6.4,2.0,6.8,1.9,2.3,2.73,High,Gen Z
4520,4.9,1.2,7.8,1.3,5.4,2.21,Moderate,Gen Z
4521,4.9,1.1,7.6,2.9,5.7,3.07,High,Gen Z
4522,2.9,0.6,5.5,1.9,6.7,2.79,Moderate,Gen Z
4523,4.8,3.5,8.0,0.4,3.0,3.33,Moderate,Gen Z
4524,6.1,3.4,5.3,1.1,1.8,3.68,Moderate,Gen Z
4525,4.1,1.8,7.2,4.2,3.2,2.74,High,Gen Z
4526,3.6,0.0,6.9,3.2,4.9,2.93,Moderate,Gen Z
4527,6.1,1.4,8.1,3.4,2.2,3.34,Low,Gen Z
4528,3.1,0.0,7.8,1.2,6.6,2.56,High,Gen Z
4529,3.9,1.1,7.5,0.3,2.0,3.47,Low,Gen Z
4530,6.5,2.5,5.3,4.0,6.1,2.98,Low,Gen Z
4531,5.1,2.4,7.6,3.9,4.3,2.84,High,Gen Z
4532,3.3,4.8,7.3,1.5,2.7,2.79,Moderate,Gen Z
4533,4.0,1.9,6.1,1.9,4.4,3.41,Moderate,Gen Z
4534,5.8,0.6,7.8,2.5,2.6,3.29,Moderate,Gen Z
4535,4.8,1.0,6.6,1.7,3.4,3.12,Moderate,Gen Z
4536,4.2,1.2,8.0,1.6,3.2,3.06,Low,Gen Z
4537,4.0,2.1,6.5,3.3,3.7,2.77,Moderate,Gen Z
4538,4.7,2.3,7.2,0.0,2.6,3.08,High,Gen Z
4539,5.4,1.3,5.5,1.6,1.7,3.43,Moderate,Gen Z
4540,2.6,0.4,6.6,1.4,3.4,3.28,Moderate,Gen Z
4541,7.4,2.2,8.0,2.4,5.4,2.62,Moderate,Gen Z
4542,6.5,2.0,6.9,3.2,4.6,2.99,High,Gen Z
4543,5.5,3.6,7.7,2.2,6.8,3.2,High,Gen Z
4544,5.9,1.3,6.3,2.1,3.9,3.01,Moderate,Gen Z
4545,2.3,1.6,7.3,1.8,5.7,3.17,Moderate,Gen Z
4546,4.8,2.4,6.4,2.4,4.2,2.82,High,Gen Z
4547,5.7,2.2,9.0,2.7,5.1,3.03,High,Gen Z
4548,4.9,0.0,6.7,5.4,2.3,3.03,Moderate,Gen Z
4549,6.5,2.0,8.5,0.5,4.9,2.98,High,Gen Z
4550,4.7,3.0,5.6,2.1,4.7,2.94,High,Gen Z
4551,6.0,3.1,8.5,2.1,2.5,3.25,High,Gen Z
4552,5.6,1.2,5.7,3.0,4.1,3.03,Moderate,Gen Z
4553,6.0,1.1,6.8,5.6,1.8,2.97,Low,Gen Z
4554,6.1,0.0,8.9,2.6,4.9,2.87,High,Gen Z
4555,5.2,4.6,5.8,5.0,2.7,3.34,Low,Gen Z
4556,4.5,1.5,6.9,3.1,4.8,3.64,High,Gen Z
4557,4.8,3.3,7.4,3.7,0.0,3.28,High,Gen Z
4558,7.1,1.7,8.2,3.5,4.1,2.59,Moderate,Gen Z
4559,3.4,0.5,6.9,1.1,4.7,2.82,Low,Gen Z
4560,3.6,1.6,6.4,5.0,4.3,3.1,Moderate,Gen Z
4561,3.2,1.9,5.3,3.1,5.6,3.12,Moderate,Gen Z
4562,4.3,1.7,6.9,4.3,4.8,3.43,High,Gen Z
4563,5.8,3.1,7.3,2.7,5.2,3.07,High,Gen Z
4564,3.7,3.0,7.4,4.1,5.5,3.02,Low,Gen Z
4565,6.6,2.5,6.9,3.9,5.0,3.23,Moderate,Gen Z
4566,5.9,0.2,6.9,5.0,2.6,2.44,Moderate,Gen Z
4567,7.4,1.1,7.0,4.6,3.5,3.04,Low,Gen Z
4568,4.5,4.0,5.5,4.0,4.0,3.27,Moderate,Gen Z
4569,5.6,1.2,7.1,4.7,6.1,3.24,High,Gen Z
4570,5.1,2.6,8.3,1.1,4.9,3.19,High,Gen Z
4571,6.3,3.1,5.1,3.2,3.4,2.97,High,Gen Z
4572,2.4,0.8,7.3,3.3,6.2,3.59,Low,Gen Z
4573,4.5,3.2,6.3,3.3,3.9,3.24,Low,Gen Z
4574,4.1,1.3,6.5,3.0,5.4,3.18,Low,Gen Z
4575,5.1,0.2,7.9,3.8,3.2,2.83,Moderate,Gen Z
4576,6.0,2.2,8.8,2.7,5.0,2.72,Moderate,Gen Z
4577,4.1,1.3,7.5,3.3,4.8,3.0,Moderate,Gen Z
4578,4.2,1.6,8.0,4.0,5.7,3.18,Low,Gen Z
4579,5.1,2.6,5.9,6.5,4.1,2.39,Low,Gen Z
4580,5.6,2.9,7.5,3.2,3.4,3.54,Moderate,Gen Z
4581,3.9,1.1,7.4,2.0,1.3,3.12,High,Gen Z
4582,8.6,2.1,7.2,5.1,1.4,2.86,High,Gen Z
4583,3.1,1.8,7.5,4.9,6.3,2.82,High,Gen Z
4584,5.2,0.2,6.4,3.5,5.6,2.7,High,Gen Z
4585,3.3,2.0,7.1,3.5,0.5,3.11,High,Gen Z
4586,2.9,1.0,6.8,1.0,4.9,3.06,High,Gen Z
4587,6.2,1.6,6.0,2.3,2.3,3.04,Moderate,Gen Z
4588,4.9,3.0,5.9,1.5,2.9,3.36,Low,Gen Z
4589,3.9,0.1,7.0,3.6,3.4,2.87,Moderate,Gen Z
4590,5.2,0.0,7.8,2.4,1.9,3.13,Moderate,Gen Z
4591,8.4,1.7,6.5,2.8,1.8,3.02,Moderate,Gen Z
4592,6.1,2.0,6.7,4.3,5.1,3.11,Moderate,Gen Z
4593,6.6,2.0,5.7,4.5,3.2,3.05,Low,Gen Z
4594,7.3,2.4,8.8,2.2,6.3,3.07,Moderate,Gen Z
4595,7.0,1.8,6.8,5.0,3.1,2.19,Moderate,Gen Z
4596,3.9,0.7,7.0,3.5,1.2,2.72,Moderate,Gen Z
4597,5.5,2.4,8.0,2.6,6.6,3.29,Low,Gen Z
4598,2.7,2.9,5.9,3.8,6.1,2.96,High,Gen Z
4599,5.5,0.0,7.4,3.1,5.7,2.65,Low,Gen Z
4600,4.8,1.9,7.7,3.4,4.0,3.0,Moderate,Gen Z
4601,4.5,0.0,9.4,1.4,2.8,3.92,Low,Gen Z
4602,5.8,1.0,5.8,2.9,3.8,2.83,High,Gen Z
4603,3.5,1.1,5.9,1.8,1.6,3.02,Moderate,Gen Z
4604,4.2,2.2,9.9,2.0,3.8,3.59,High,Gen Z
4605,5.2,1.5,6.8,0.6,1.5,2.62,Moderate,Gen Z
4606,4.7,3.1,7.3,3.6,3.1,3.15,Low,Gen Z
4607,3.4,0.0,6.3,3.5,3.0,3.34,High,Gen Z
4608,3.1,1.6,6.2,3.9,4.3,2.62,Moderate,Gen Z
4609,4.4,0.3,8.1,2.0,5.5,2.99,Low,Gen Z
4610,4.6,3.8,8.7,0.6,4.8,3.25,High,Gen Z
4611,5.5,2.9,7.5,1.3,2.7,2.88,Moderate,Gen Z
4612,3.1,2.8,5.6,3.6,4.0,2.3,High,Gen Z
4613,5.7,2.8,6.9,4.5,0.0,2.69,Low,Gen Z
4614,1.4,1.5,7.0,1.4,2.8,2.76,High,Gen Z
4615,4.1,3.4,5.2,3.5,4.5,2.88,Low,Gen Z
4616,3.6,1.3,6.0,5.0,4.1,2.68,High,Gen Z
4617,3.3,1.2,7.2,3.9,4.8,3.02,High,Gen Z
4618,6.7,0.7,5.6,5.1,4.9,3.05,Moderate,Gen Z
4619,2.2,2.1,7.8,0.5,4.5,2.79,Moderate,Gen Z
4620,5.9,1.6,7.4,2.7,2.1,3.08,Low,Gen Z
4621,5.9,0.3,6.8,1.1,3.6,3.26,High,Gen Z
4622,4.1,2.7,6.8,1.9,2.3,2.66,Moderate,Gen Z
4623,3.8,2.9,8.9,2.8,2.9,2.81,Moderate,Gen Z
4624,6.2,1.1,4.0,3.0,3.6,2.48,Moderate,Gen Z
4625,6.1,1.5,7.3,2.4,0.7,3.05,Moderate,Gen Z
4626,6.7,0.9,5.8,3.6,3.6,3.04,Moderate,Gen Z
4627,6.3,3.3,6.4,2.9,3.9,2.34,Low,Gen Z
4628,6.0,0.0,6.7,2.5,1.9,3.47,Moderate,Gen Z
4629,1.7,2.0,7.2,3.1,3.6,2.64,Moderate,Gen Z
4630,6.7,3.7,7.8,2.9,2.5,3.22,High,Gen Z
4631,3.6,1.3,8.8,3.6,0.4,3.16,High,Gen Z
4632,4.9,3.7,6.9,3.6,5.5,2.3,Low,Gen Z
4633,3.5,0.9,8.3,4.7,2.4,3.14,High,Gen Z
4634,5.2,0.6,7.1,4.7,4.2,3.15,High,Gen Z
4635,5.8,1.0,8.2,4.4,1.7,3.11,High,Gen Z
4636,4.5,1.7,6.3,4.0,1.4,3.19,Moderate,Gen Z
4637,7.2,1.5,6.4,2.1,3.5,2.87,Moderate,Gen Z
4638,6.8,2.9,7.7,1.5,7.2,3.19,High,Gen Z
4639,5.4,1.7,6.4,0.2,2.4,2.9,Moderate,Gen Z
4640,3.7,2.5,6.0,4.7,3.6,2.76,High,Gen Z
4641,7.1,1.0,7.2,3.6,4.7,2.77,High,Gen Z
4642,4.8,1.5,8.0,4.7,1.7,3.32,Low,Gen Z
4643,4.4,0.8,5.2,1.9,3.6,3.09,Moderate,Gen Z
4644,5.3,0.7,7.7,0.8,3.6,3.25,High,Gen Z
4645,1.9,1.1,8.2,6.0,3.2,3.38,Low,Gen Z
4646,5.5,0.0,6.9,5.6,3.2,2.85,Moderate,Gen Z
4647,5.7,1.0,5.3,0.8,5.5,3.39,Moderate,Gen Z
4648,4.6,3.3,7.6,5.7,2.3,3.01,Moderate,Gen Z
4649,4.4,1.7,7.0,4.5,3.8,2.92,High,Gen Z
4650,5.2,1.3,5.2,6.4,6.7,3.03,Moderate,Gen Z
4651,5.4,1.3,7.0,4.7,1.7,3.29,Low,Gen Z
4652,6.2,1.4,7.5,4.1,6.1,2.96,Moderate,Gen Z
4653,4.5,2.0,7.9,1.6,1.2,3.26,Moderate,Gen Z
4654,3.3,2.5,6.3,0.0,2.8,3.32,High,Gen Z
4655,5.8,1.9,5.9,2.2,1.4,2.56,High,Gen Z
4656,7.3,3.5,7.0,1.5,2.8,3.4,Low,Gen Z
4657,6.0,1.4,4.0,4.0,0.0,3.81,Low,Gen Z
4658,4.6,2.5,7.3,3.9,3.6,3.36,High,Gen Z
4659,3.4,2.2,8.0,2.1,2.1,3.15,High,Gen Z
4660,4.5,2.3,8.1,2.6,4.7,3.06,Moderate,Gen Z
4661,5.7,0.1,7.7,3.0,5.0,3.1,Moderate,Gen Z
4662,4.6,3.9,6.9,2.2,5.6,3.26,Moderate,Gen Z
4663,5.1,3.5,6.6,5.1,4.5,2.89,Moderate,Gen Z
4664,5.6,3.1,8.8,5.9,6.5,2.71,Low,Gen Z
4665,5.0,2.7,7.9,2.8,3.4,2.94,Moderate,Gen Z
4666,6.5,1.6,6.3,4.2,4.1,3.16,Moderate,Gen Z
4667,4.4,0.1,7.8,5.2,3.4,3.01,High,Gen Z
4668,6.1,3.4,8.1,3.7,5.6,2.88,Moderate,Gen Z
4669,5.4,1.0,7.0,4.2,3.3,2.88,Moderate,Gen Z
4670,5.4,2.7,7.9,3.0,2.1,3.09,Moderate,Gen Z
4671,4.4,3.4,7.7,2.1,2.0,2.4,Moderate,Gen Z
4672,3.9,2.2,7.1,4.8,5.6,2.92,High,Gen Z
4673,1.0,0.6,6.2,4.2,4.7,2.71,Moderate,Gen Z
4674,5.4,2.5,6.4,3.7,3.1,3.17,Moderate,Gen Z
4675,7.5,3.7,7.6,3.4,2.3,3.16,Moderate,Gen Z
4676,3.9,0.3,6.4,0.5,4.7,2.97,High,Gen Z
4677,4.6,1.4,6.4,2.0,3.5,2.78,High,Gen Z
4678,3.2,2.8,6.7,0.6,2.7,3.3,Low,Gen Z
4679,5.6,4.0,6.3,5.2,4.8,3.02,Moderate,Gen Z
4680,7.2,0.5,8.5,2.8,1.8,3.29,Moderate,Gen Z
4681,6.0,1.7,7.2,3.4,2.0,3.15,Low,Gen Z
4682,5.8,1.3,7.9,1.9,3.9,2.82,High,Gen Z
4683,7.4,3.0,7.3,3.7,2.1,3.37,Low,Gen Z
4684,5.1,1.6,7.0,3.2,3.2,3.26,Moderate,Gen Z
4685,5.1,0.3,7.3,1.0,2.3,3.57,High,Gen Z
4686,7.0,1.4,6.5,4.5,2.9,2.82,Low,Gen Z
4687,5.2,2.3,8.5,3.8,3.2,2.66,High,Gen Z
4688,6.8,0.2,8.4,3.3,4.8,2.85,High,Gen Z
4689,7.6,1.6,7.7,3.1,4.6,3.02,Moderate,Gen Z
4690,5.4,3.3,6.6,2.1,6.7,3.19,High,Gen Z
4691,4.1,1.7,8.4,0.0,4.9,2.91,High,Gen Z
4692,4.4,0.3,7.7,1.3,2.0,3.16,High,Gen Z
4693,5.2,0.5,5.7,0.9,1.8,2.45,Low,Gen Z
4694,6.5,1.5,5.6,4.8,6.6,2.97,High,Gen Z
4695,3.0,1.4,6.8,5.9,2.4,3.06,High,Gen Z
4696,5.7,2.2,7.2,2.9,3.1,3.35,Low,Gen Z
4697,8.2,1.5,5.5,5.1,2.0,3.09,Moderate,Gen Z
4698,4.4,3.4,7.3,3.1,6.5,2.96,Moderate,Gen Z
4699,5.3,1.4,5.4,2.8,6.5,2.33,High,Gen Z
4700,1.8,2.5,7.6,2.8,4.8,3.02,Moderate,Gen Z
4701,4.4,1.8,8.1,0.0,3.1,3.32,Moderate,Gen Z
4702,4.2,3.8,6.3,3.9,1.2,2.61,High,Gen Z
4703,5.7,3.7,7.7,1.6,5.7,4.0,Moderate,Gen Z
4704,4.0,0.5,7.9,5.3,6.2,2.76,High,Gen Z
4705,5.2,1.8,6.0,2.0,3.3,3.37,High,Gen Z
4706,5.1,1.8,6.7,2.0,3.3,2.64,Moderate,Gen Z
4707,4.7,2.7,8.0,3.5,3.3,2.96,Moderate,Gen Z
4708,5.6,0.7,6.8,3.2,3.0,3.36,Moderate,Gen Z
4709,3.8,1.3,6.5,0.0,3.7,2.48,High,Gen Z
4710,7.2,1.3,6.2,5.8,4.2,3.03,Moderate,Gen Z
4711,2.5,1.2,7.3,4.4,4.5,3.21,Low,Gen Z
4712,5.5,1.6,5.6,2.9,2.6,3.26,High,Gen Z
4713,5.2,2.7,7.1,2.4,3.7,2.79,Moderate,Gen Z
4714,9.3,2.1,7.8,2.5,0.7,2.69,Low,Gen Z
4715,5.4,0.5,6.3,3.2,3.4,2.11,High,Gen Z
4716,6.7,2.0,6.6,0.3,3.8,3.27,High,Gen Z
4717,2.4,1.1,7.2,1.4,5.2,2.48,High,Gen Z
4718,4.4,2.3,7.8,3.7,5.3,3.15,Moderate,Gen Z
4719,5.5,0.2,6.1,0.3,5.5,2.86,Low,Gen Z
4720,5.2,1.4,6.3,3.6,5.7,2.58,High,Gen Z
4721,5.8,1.9,6.1,3.9,0.4,2.71,High,Gen Z
4722,5.8,1.3,6.5,2.6,2.1,2.9,High,Gen Z
4723,4.0,1.4,8.2,4.4,5.9,2.78,Moderate,Gen Z
4724,5.6,1.7,8.1,4.8,5.1,3.17,Moderate,Gen Z
4725,6.1,1.3,6.7,1.8,4.3,3.29,High,Gen Z
4726,6.6,2.1,7.2,5.0,4.6,3.21,High,Gen Z
4727,6.0,0.7,7.4,2.7,3.3,3.21,High,Gen Z
4728,6.8,3.8,8.1,2.3,4.9,3.06,Moderate,Gen Z
4729,6.8,3.9,6.3,2.7,4.0,3.04,Moderate,Gen Z
4730,3.7,1.4,7.1,2.3,3.2,2.99,Moderate,Gen Z
4731,8.2,2.8,8.6,2.1,2.3,3.19,Moderate,Gen Z
4732,5.8,2.4,6.9,1.2,1.4,2.63,High,Gen Z
4733,4.5,0.0,6.3,3.8,3.3,3.26,Low,Gen Z
4734,3.2,0.9,7.4,5.7,4.7,3.66,Moderate,Gen Z
4735,5.4,1.5,6.6,2.1,4.1,2.96,Moderate,Gen Z
4736,3.7,2.2,5.7,3.2,2.9,3.6,High,Gen Z
4737,4.1,0.3,7.5,0.5,1.6,2.37,High,Gen Z
4738,3.6,1.6,5.3,1.5,4.4,3.34,High,Gen Z
4739,5.3,2.9,7.5,2.6,3.2,2.77,High,Gen Z
4740,7.4,1.3,6.6,1.9,5.3,2.59,Moderate,Gen Z
4741,3.8,1.9,5.7,4.6,4.3,3.08,High,Gen Z
4742,6.9,1.3,8.9,2.3,3.1,3.19,Moderate,Gen Z
4743,7.1,0.3,5.9,2.1,3.6,2.96,High,Gen Z
4744,4.6,0.7,7.4,3.0,3.5,2.69,Moderate,Gen Z
4745,5.8,3.1,8.9,1.6,3.3,3.12,Moderate,Gen Z
4746,7.7,3.0,6.1,1.3,5.8,2.93,Moderate,Gen Z
4747,4.2,2.8,4.7,2.7,5.9,3.03,Moderate,Gen Z
4748,3.5,0.8,6.3,2.9,3.2,2.64,Moderate,Gen Z
4749,2.9,3.5,7.1,1.6,6.9,3.38,Moderate,Gen Z
4750,6.5,2.5,6.8,2.1,2.9,3.24,High,Gen Z
4751,6.1,0.0,8.5,1.8,4.5,3.48,Moderate,Gen Z
4752,5.3,0.0,7.2,2.7,4.1,3.21,Moderate,Gen Z
4753,3.7,1.9,5.3,3.3,2.4,2.92,Low,Gen Z
4754,4.5,1.6,8.0,3.8,4.4,3.38,Moderate,Gen Z
4755,3.2,3.1,6.4,2.3,5.2,3.15,Low,Gen Z
4756,3.9,0.7,7.9,3.5,5.7,2.88,High,Gen Z
4757,4.4,0.0,5.1,2.5,4.0,3.02,Low,Gen Z
4758,3.3,0.0,6.4,4.7,4.8,3.29,High,Gen Z
4759,5.3,1.4,5.1,3.4,7.0,2.86,Low,Gen Z
4760,5.7,0.4,7.8,3.9,2.4,2.86,Moderate,Gen Z
4761,6.8,3.5,6.2,1.3,3.5,3.01,Moderate,Gen Z
4762,5.5,0.7,7.3,3.4,0.9,2.98,Moderate,Gen Z
4763,9.0,3.1,8.3,1.8,5.0,3.69,Moderate,Gen Z
4764,3.4,2.2,6.9,2.5,3.3,3.13,Moderate,Gen Z
4765,6.1,1.5,7.0,2.6,2.5,3.24,High,Gen Z
4766,4.8,0.1,8.4,4.3,2.1,2.68,Low,Gen Z
4767,4.8,3.8,6.4,4.8,3.7,2.81,High,Gen Z
4768,3.8,2.5,6.7,2.5,6.0,3.04,Moderate,Gen Z
4769,3.5,1.5,7.1,3.8,5.1,2.85,Low,Gen Z
4770,4.2,0.3,8.4,1.6,3.4,3.12,High,Gen Z
4771,5.0,2.3,7.4,2.1,3.5,2.78,High,Gen Z
4772,3.1,1.8,7.9,2.9,2.1,3.07,Moderate,Gen Z
4773,4.8,1.6,6.5,6.9,0.8,3.31,Moderate,Gen Z
4774,6.8,1.0,7.6,5.3,6.9,2.23,High,Gen Z
4775,3.7,3.3,8.1,2.9,4.5,3.8,Moderate,Gen Z
4776,5.7,2.9,6.0,3.6,7.3,3.28,High,Gen Z
4777,3.4,2.0,8.2,2.1,4.8,2.79,High,Gen Z
4778,3.6,2.7,6.3,3.8,5.1,3.24,Low,Gen Z
4779,3.7,2.1,5.6,4.3,3.5,2.76,High,Gen Z
4780,6.6,1.1,5.8,1.3,3.9,3.24,Moderate,Gen Z
4781,4.7,2.5,6.6,2.0,1.5,3.64,Moderate,Gen Z
4782,4.3,2.0,6.1,2.6,1.9,3.21,Moderate,Gen Z
4783,6.0,0.0,6.4,0.0,4.2,3.24,Low,Gen Z
4784,3.0,2.3,6.6,0.0,5.1,3.02,High,Gen Z
4785,4.9,2.3,5.9,1.4,2.4,3.03,High,Gen Z
4786,4.1,2.2,8.5,1.8,3.4,3.23,Moderate,Gen Z
4787,4.3,1.0,8.0,2.7,4.6,3.04,Low,Gen Z
4788,5.0,3.7,6.7,2.6,2.9,3.87,High,Gen Z
4789,3.0,1.4,6.1,3.2,3.6,3.03,High,Gen Z
4790,5.9,2.0,8.7,4.1,3.9,3.32,High,Gen Z
4791,3.7,3.5,6.2,4.2,2.4,3.63,Low,Gen Z
4792,6.2,2.3,6.1,6.0,7.3,3.7,High,Gen Z
4793,3.9,2.1,7.2,1.7,4.1,2.85,Moderate,Gen Z
4794,5.2,2.6,6.4,3.7,2.9,3.1,Moderate,Gen Z
4795,6.3,1.4,6.4,3.0,2.5,3.46,High,Gen Z
4796,5.0,0.2,6.3,2.1,4.7,2.9,High,Gen Z
4797,3.3,2.4,7.2,1.1,3.3,3.19,High,Gen Z
4798,5.2,3.4,6.3,3.6,5.0,2.62,High,Gen Z
4799,3.9,1.7,8.5,2.5,1.8,3.18,Low,Gen Z
4800,4.5,1.7,5.0,7.9,6.9,3.03,Moderate,Gen Z
4801,5.7,0.9,6.7,1.3,4.2,3.4,Low,Gen Z
4802,3.4,1.1,6.3,2.7,3.8,3.03,Moderate,Gen Z
4803,7.5,2.8,5.9,3.2,5.0,3.14,Moderate,Gen Z
4804,6.3,0.7,7.4,1.8,2.9,3.05,High,Gen Z
4805,4.9,0.9,7.4,1.0,3.5,3.45,Moderate,Gen Z
4806,10.0,0.2,7.8,5.2,2.9,2.8,Moderate,Gen Z
4807,5.0,2.2,7.0,2.1,3.8,2.32,Moderate,Gen Z
4808,5.4,2.3,7.1,1.7,2.4,3.1,High,Gen Z
4809,4.9,3.4,6.4,3.4,2.0,3.69,Moderate,Gen Z
4810,5.6,0.0,7.1,4.7,8.0,3.31,Low,Gen Z
4811,6.4,1.6,7.0,2.7,3.0,2.69,High,Gen Z
4812,6.8,2.2,7.2,4.3,3.8,3.11,Moderate,Gen Z
4813,6.8,1.5,7.7,3.1,4.1,2.95,Moderate,Gen Z
4814,5.5,1.6,7.2,1.5,1.7,3.19,Moderate,Gen Z
4815,5.9,1.6,7.8,0.0,2.2,2.52,Moderate,Gen Z
4816,5.7,0.5,5.7,3.6,3.4,2.46,Moderate,Gen Z
4817,4.1,0.8,6.3,4.7,2.7,2.61,High,Gen Z
4818,6.9,0.7,7.0,4.4,3.6,2.44,Moderate,Gen Z
4819,5.4,2.2,7.5,3.2,6.7,2.81,High,Gen Z
4820,4.0,0.0,7.2,4.2,3.8,2.47,Moderate,Gen Z
4821,4.5,2.0,7.5,3.9,3.3,3.13,Low,Gen Z
4822,4.3,0.4,6.2,3.0,3.7,2.68,High,Gen Z
4823,3.9,2.4,7.4,3.2,4.3,2.8,Moderate,Gen Z
4824,2.9,2.3,7.9,4.5,2.3,3.01,Moderate,Gen Z
4825,2.3,1.1,5.7,2.9,3.7,2.47,Moderate,Gen Z
4826,5.2,3.1,5.5,4.1,4.7,3.1,High,Gen Z
4827,4.9,2.8,7.7,2.6,2.8,3.15,Low,Gen Z
4828,2.5,1.7,7.2,1.8,4.1,2.71,High,Gen Z
4829,4.3,1.3,8.5,2.6,4.4,3.1,Low,Gen Z
4830,3.7,1.7,7.9,3.8,3.2,3.62,Moderate,Gen Z
4831,3.9,1.2,5.8,2.7,2.8,2.82,High,Gen Z
4832,4.2,1.1,5.1,3.0,3.1,2.79,High,Gen Z
4833,5.7,1.2,5.7,1.4,5.9,3.06,Moderate,Gen Z
4834,6.6,2.5,5.8,4.2,3.5,2.95,Low,Gen Z
4835,6.3,1.0,5.6,3.1,3.3,3.28,Moderate,Gen Z
4836,2.7,2.7,6.2,2.9,2.7,3.09,High,Gen Z
4837,5.3,0.6,7.9,0.0,4.3,2.31,High,Gen Z
4838,3.5,2.8,5.9,2.4,2.6,2.92,Moderate,Gen Z
4839,3.4,1.4,6.1,1.7,5.0,3.81,High,Gen Z
4840,6.0,2.0,7.5,4.9,3.5,2.73,High,Gen Z
4841,5.9,1.9,7.7,2.4,6.2,2.95,Moderate,Gen Z
4842,4.2,0.8,8.4,0.9,6.9,3.52,High,Gen Z
4843,5.1,1.6,8.3,4.5,3.0,3.09,Moderate,Gen Z
4844,8.1,2.5,6.8,1.8,2.9,3.55,Low,Gen Z
4845,5.4,2.1,7.1,3.3,3.7,3.14,High,Gen Z
4846,3.7,0.9,6.6,2.6,5.2,3.01,Moderate,Gen Z
4847,3.3,1.3,8.5,3.6,4.1,3.1,High,Gen Z
4848,4.9,1.3,6.4,4.7,3.5,3.22,Moderate,Gen Z
4849,5.1,2.3,9.2,5.4,5.4,2.44,High,Gen Z
4850,4.3,1.9,6.3,2.4,3.5,3.1,High,Gen Z
4851,6.1,1.3,5.8,3.5,4.3,2.2,Moderate,Gen Z
4852,5.9,1.9,8.0,3.6,2.2,3.03,Low,Gen Z
4853,4.5,1.7,6.0,3.1,3.2,2.43,Moderate,Gen Z
4854,5.8,1.8,8.2,3.0,4.0,2.7,Low,Gen Z
4855,4.5,2.6,7.3,2.4,2.8,2.36,Moderate,Gen Z
4856,6.9,1.2,7.1,0.1,1.4,2.67,Low,Gen Z
4857,5.7,1.0,7.8,3.6,5.2,3.03,High,Gen Z
4858,5.1,0.0,6.7,2.8,4.1,3.2,Low,Gen Z
4859,2.3,1.1,8.8,4.0,4.8,3.32,Moderate,Gen Z
4860,6.3,2.7,7.3,2.5,2.3,3.42,High,Gen Z
4861,5.1,1.0,6.7,2.2,4.1,2.77,High,Gen Z
4862,6.4,2.5,6.0,3.0,1.6,3.13,High,Gen Z
4863,5.1,1.0,6.4,2.7,4.0,2.98,Moderate,Gen Z
4864,6.7,1.6,6.8,2.7,1.5,3.38,Low,Gen Z
4865,5.3,3.6,6.9,3.9,3.8,3.7,Moderate,Gen Z
4866,5.3,0.9,7.8,3.2,2.2,3.36,Low,Gen Z
4867,2.7,2.0,6.5,2.9,4.4,2.92,Low,Gen Z
4868,5.4,2.1,6.1,3.3,1.9,2.3,Moderate,Gen Z
4869,6.4,1.9,7.4,3.9,5.1,3.5,Moderate,Gen Z
4870,6.3,0.8,6.7,3.9,0.6,3.1,High,Gen Z
4871,7.1,1.8,8.4,3.4,4.7,3.49,Moderate,Gen Z
4872,3.7,2.5,6.2,5.1,4.4,2.75,High,Gen Z
4873,4.5,2.1,6.1,5.1,4.5,2.57,Moderate,Gen Z
4874,5.5,1.2,8.0,7.0,4.2,2.45,Moderate,Gen Z
4875,4.7,2.5,7.0,2.4,6.0,3.43,Moderate,Gen Z
4876,3.8,1.6,8.5,4.4,3.8,3.46,High,Gen Z
4877,3.0,0.0,8.2,4.8,1.9,3.4,Low,Gen Z
4878,3.8,2.1,6.1,3.1,4.1,3.44,High,Gen Z
4879,6.3,0.6,6.5,3.2,3.4,3.61,High,Gen Z
4880,6.8,0.7,5.9,2.0,5.8,2.93,Moderate,Gen Z
4881,4.5,2.0,6.0,4.4,2.1,2.95,Low,Gen Z
4882,5.7,2.5,7.9,3.5,3.5,3.05,High,Gen Z
4883,2.2,1.6,8.2,1.5,4.3,2.69,High,Gen Z
4884,5.7,3.4,7.1,0.9,5.5,2.77,Moderate,Gen Z
4885,5.8,3.0,5.0,2.4,0.9,3.35,Moderate,Gen Z
4886,4.0,2.3,7.3,0.1,5.1,2.65,High,Gen Z
4887,6.0,2.8,7.6,4.2,3.6,2.66,Low,Gen Z
4888,6.3,1.9,8.3,5.2,5.2,2.85,Moderate,Gen Z
4889,7.4,1.7,7.5,2.3,1.5,3.74,Moderate,Gen Z
4890,5.7,4.4,8.3,5.1,4.8,3.32,High,Gen Z
4891,4.1,0.8,7.1,2.9,3.1,3.3,Moderate,Gen Z
4892,6.9,0.2,6.7,4.2,4.3,3.77,High,Gen Z
4893,7.8,2.3,8.6,3.9,4.6,2.73,Low,Gen Z
4894,1.0,0.8,7.5,4.3,3.3,2.64,Moderate,Gen Z
4895,6.6,2.9,7.7,0.6,4.7,2.74,Moderate,Gen Z
4896,4.1,2.4,6.8,3.2,4.4,2.81,Moderate,Gen Z
4897,5.7,0.0,8.8,2.9,0.5,3.69,Moderate,Gen Z
4898,6.9,1.3,7.2,2.5,0.2,3.64,Moderate,Gen Z
4899,4.8,2.4,6.0,4.5,4.5,2.72,High,Gen Z
4900,3.9,1.1,6.6,3.3,5.5,2.88,High,Gen Z
4901,4.4,0.1,7.9,0.8,3.5,2.93,Moderate,Gen Z
4902,5.3,1.9,6.0,5.5,5.5,2.48,Low,Gen Z
4903,6.4,0.5,7.2,0.6,2.7,2.98,Moderate,Gen Z
4904,6.2,0.4,5.9,2.4,3.8,3.21,High,Gen Z
4905,5.6,2.6,8.2,2.1,3.1,2.97,High,Gen Z
4906,6.7,1.8,6.2,3.4,2.3,2.64,High,Gen Z
4907,2.7,1.9,4.7,3.4,5.0,2.3,High,Gen Z
4908,3.4,0.2,7.9,2.9,3.9,3.03,High,Gen Z
4909,4.4,3.2,6.3,1.6,2.7,2.72,High,Gen Z
4910,5.0,1.5,6.4,5.3,3.4,2.84,Low,Gen Z
4911,6.2,2.1,7.3,0.7,5.6,2.98,Moderate,Gen Z
4912,4.2,1.2,8.3,2.9,5.0,2.78,High,Gen Z
4913,7.2,4.3,9.3,1.3,4.2,2.75,Moderate,Gen Z
4914,5.7,1.9,6.3,4.9,2.1,2.94,High,Gen Z
4915,2.3,1.0,7.5,3.9,3.9,3.34,Moderate,Gen Z
4916,5.1,0.0,6.6,1.5,3.1,3.56,High,Gen Z
4917,4.7,0.3,6.4,2.2,5.4,2.7,Moderate,Gen Z
4918,5.6,0.0,8.7,3.6,3.7,2.75,Moderate,Gen Z
4919,4.1,1.1,6.9,2.4,5.7,3.09,High,Gen Z
4920,7.0,0.9,6.9,4.0,1.3,3.05,Low,Gen Z
4921,4.8,2.7,5.9,4.0,4.6,2.21,High,Gen Z
4922,4.1,1.1,7.6,2.1,3.3,3.61,Moderate,Gen Z
4923,5.5,2.6,8.9,2.0,3.4,2.87,Low,Gen Z
4924,3.5,1.2,5.9,3.9,5.2,2.52,Moderate,Gen Z
4925,6.1,1.6,8.0,1.1,2.4,2.93,Moderate,Gen Z
4926,5.5,1.2,6.0,6.2,2.0,2.72,Low,Gen Z
4927,6.3,3.0,7.5,1.9,2.5,3.22,High,Gen Z
4928,6.6,2.4,6.8,2.4,4.4,3.36,Moderate,Gen Z
4929,6.2,1.3,6.3,5.5,4.6,2.99,High,Gen Z
4930,3.8,2.8,9.9,1.9,5.3,2.85,Moderate,Gen Z
4931,5.4,3.4,7.0,0.8,4.7,2.77,High,Gen Z
4932,7.3,0.2,7.2,3.0,5.3,2.45,Moderate,Gen Z
4933,8.1,1.5,7.9,5.4,2.9,3.11,High,Gen Z
4934,8.3,3.5,5.6,4.4,4.0,2.91,High,Gen Z
4935,4.5,1.8,6.0,1.2,3.6,3.03,Moderate,Gen Z
4936,6.5,2.4,5.6,2.4,4.8,2.56,Moderate,Gen Z
4937,5.9,2.1,5.6,4.3,2.8,3.33,Moderate,Gen Z
4938,8.1,0.0,7.8,3.4,1.9,3.21,High,Gen Z
4939,5.1,2.2,7.1,1.1,5.4,2.66,High,Gen Z
4940,2.0,3.5,6.6,3.0,5.9,2.62,High,Gen Z
4941,6.8,2.2,7.0,5.4,4.6,2.98,Moderate,Gen Z
4942,6.7,1.5,5.7,4.6,3.3,2.94,Moderate,Gen Z
4943,1.9,2.8,8.1,4.3,5.7,2.87,High,Gen Z
4944,4.4,0.0,7.2,1.7,3.1,3.19,Moderate,Gen Z
4945,6.6,2.3,6.7,2.5,5.8,2.36,Moderate,Gen Z
4946,6.2,3.4,7.8,3.6,2.7,3.0,Low,Gen Z
4947,3.6,0.0,8.3,3.5,3.2,2.83,Low,Gen Z
4948,5.4,3.8,8.1,1.5,2.4,3.3,Moderate,Gen Z
4949,4.8,1.3,6.2,2.7,3.5,2.86,High,Gen Z
4950,3.3,1.5,6.0,4.8,1.9,2.98,High,Gen Z
4951,4.6,0.2,6.4,3.0,4.4,3.1,High,Gen Z
4952,6.4,1.7,7.2,0.4,4.9,3.62,Moderate,Gen Z
4953,3.6,3.0,6.8,1.3,1.6,3.16,Low,Gen Z
4954,5.1,2.2,8.6,4.1,4.9,2.94,Moderate,Gen Z
4955,2.7,3.9,7.3,3.6,3.2,3.16,Moderate,Gen Z
4956,4.5,2.6,7.3,3.8,4.0,3.2,Low,Gen Z
4957,5.6,1.2,6.1,2.2,5.1,3.46,Moderate,Gen Z
4958,5.2,1.5,7.7,3.1,3.8,3.03,Moderate,Gen Z
4959,4.0,0.8,5.7,0.0,6.2,3.1,High,Gen Z
4960,3.9,3.9,6.9,0.1,4.2,2.96,High,Gen Z
4961,5.1,3.3,7.2,4.8,3.2,3.22,High,Gen Z
4962,3.9,2.5,6.6,2.6,3.0,2.73,Moderate,Gen Z
4963,5.8,0.0,6.6,1.9,0.8,3.29,High,Gen Z
4964,6.5,1.8,5.7,2.5,4.0,3.11,Low,Gen Z
4965,5.4,1.9,8.6,5.1,1.2,2.92,High,Gen Z
4966,6.9,1.2,8.6,2.8,3.2,3.31,Low,Gen Z
4967,4.1,0.7,8.1,5.1,2.2,3.03,High,Gen Z
4968,3.8,4.4,7.1,3.2,3.1,3.44,High,Gen Z
4969,3.2,3.3,9.4,3.9,5.5,2.79,High,Gen Z
4970,2.4,2.0,6.4,3.6,0.3,3.04,High,Gen Z
4971,4.6,0.3,6.6,3.5,2.9,2.95,Low,Gen Z
4972,7.4,3.0,7.3,2.2,3.9,3.26,Moderate,Gen Z
4973,5.2,2.8,7.0,4.2,3.2,2.83,High,Gen Z
4974,4.5,2.5,6.9,2.7,2.4,2.58,Low,Gen Z
4975,4.0,3.3,6.4,2.3,4.1,2.9,Moderate,Gen Z
4976,6.0,0.8,7.2,4.9,4.7,3.2,High,Gen Z
4977,4.5,3.4,6.4,1.8,2.7,3.55,Low,Gen Z
4978,4.0,2.3,8.0,5.0,4.2,2.69,High,Gen Z
4979,4.2,1.2,5.0,0.0,5.7,2.96,High,Gen Z
4980,4.3,1.7,8.2,4.8,5.4,2.87,Moderate,Gen Z
4981,3.4,1.4,5.6,1.8,2.3,3.01,Moderate,Gen Z
4982,7.2,1.6,6.5,5.1,0.6,2.54,Low,Gen Z
4983,4.6,1.3,8.3,2.5,3.3,3.21,Moderate,Gen Z
4984,5.1,0.0,7.8,3.2,5.9,2.82,Moderate,Gen Z
4985,6.4,2.4,8.0,5.8,6.1,2.62,Moderate,Gen Z
4986,5.2,2.8,8.8,2.3,2.9,2.89,Low,Gen Z
4987,4.3,1.8,5.7,3.0,2.7,2.56,High,Gen Z
4988,4.3,2.5,6.4,2.6,4.5,3.35,Low,Gen Z
4989,5.8,0.8,6.5,2.1,2.5,2.93,Moderate,Gen Z
4990,6.0,3.3,7.7,1.7,5.2,2.89,High,Gen Z
4991,5.7,2.7,8.2,2.1,2.5,2.92,Moderate,Gen Z
4992,4.7,0.4,7.4,2.6,3.4,2.69,Moderate,Gen Z
4993,6.5,1.1,8.1,2.7,4.9,2.46,High,Gen Z
4994,4.4,2.6,7.4,3.0,5.7,2.47,Low,Gen Z
4995,7.0,0.3,6.1,4.4,5.0,3.25,Moderate,Gen Z
4996,6.5,2.3,4.0,3.4,4.5,2.88,High,Gen Z
4997,3.0,0.0,6.4,1.7,5.0,3.41,High,Gen Z
4998,5.3,2.2,7.3,4.1,3.5,2.8,High,Gen Z
4999,6.8,1.7,7.7,3.8,6.6,2.96,Low,Gen Z
5000,6.7,0.6,5.1,5.2,4.1,2.96,Moderate,Gen Z
5001,4.1,1.8,7.2,3.9,4.9,3.27,Low,Gen Z
5002,5.3,2.2,6.3,2.0,6.9,2.61,Low,Gen Z
5003,5.6,0.7,7.9,5.8,3.5,3.37,Moderate,Gen Z
5004,4.5,2.1,7.1,2.6,3.1,2.82,High,Gen Z
5005,5.7,1.7,8.1,3.1,2.6,2.78,High,Gen Z
5006,5.5,2.2,6.6,4.6,3.5,2.99,High,Gen Z
5007,7.3,1.6,8.3,2.3,1.6,3.02,Moderate,Gen Z
5008,6.2,0.1,6.9,2.4,2.7,2.78,High,Gen Z
5009,4.5,0.9,4.2,0.0,3.8,3.26,High,Gen Z
5010,7.1,2.0,8.5,3.6,2.0,3.04,Moderate,Gen Z
5011,8.4,0.0,6.4,2.6,6.1,3.2,Low,Gen Z
5012,6.1,1.7,6.8,1.6,3.6,3.02,High,Gen Z
5013,6.3,1.4,6.8,3.6,3.6,2.53,Moderate,Gen Z
5014,5.4,1.5,5.9,1.2,2.8,2.8,Moderate,Gen Z
5015,5.2,0.0,7.3,2.4,1.7,2.59,High,Gen Z
5016,5.6,1.4,5.8,4.0,6.3,2.39,High,Gen Z
5017,4.0,1.9,8.1,0.9,2.4,3.24,Moderate,Gen Z
5018,5.7,2.1,6.3,0.5,3.5,3.42,High,Gen Z
5019,3.3,2.1,8.2,5.0,4.6,2.42,High,Gen Z
5020,4.7,1.1,9.0,0.5,5.1,2.34,High,Gen Z
5021,7.0,0.9,8.9,3.8,5.1,3.29,High,Gen Z
5022,7.6,3.2,6.0,1.9,6.4,3.06,High,Gen Z
5023,4.7,0.3,7.8,3.6,4.5,3.46,Low,Gen Z
5024,5.5,0.0,7.5,1.5,3.3,3.6,High,Gen Z
5025,3.4,1.7,6.6,2.2,3.7,2.88,Low,Gen Z
5026,4.7,1.8,7.2,2.8,4.5,3.79,Moderate,Gen Z
5027,5.1,1.0,6.3,2.9,3.8,2.74,Low,Gen Z
5028,5.6,1.7,4.9,2.9,2.6,3.16,Moderate,Gen Z
5029,4.9,0.0,5.7,4.3,3.2,3.0,High,Gen Z
5030,6.0,1.8,6.9,2.7,2.7,2.85,Low,Gen Z
5031,4.5,1.2,9.7,2.2,4.0,3.18,Moderate,Gen Z
5032,3.6,1.4,6.1,2.5,1.0,2.62,High,Gen Z
5033,5.2,2.2,6.0,1.2,4.9,2.54,Moderate,Gen Z
5034,6.0,1.8,7.6,3.6,3.2,3.1,High,Gen Z
5035,4.5,1.3,6.8,1.6,3.8,2.87,High,Gen Z
5036,5.5,2.8,4.8,2.4,3.4,2.93,Low,Gen Z
5037,6.5,3.2,7.8,1.6,4.8,3.4,Low,Gen Z
5038,3.9,0.0,6.9,6.2,5.8,2.75,Low,Gen Z
5039,4.4,2.8,7.6,2.5,4.1,3.0,High,Gen Z
5040,5.4,2.2,7.4,2.4,1.7,3.15,Moderate,Gen Z
5041,2.1,1.7,7.5,4.3,2.8,2.43,Moderate,Gen Z
5042,5.5,0.9,7.2,1.1,2.0,2.89,High,Gen Z
5043,4.7,0.9,7.9,3.1,5.9,3.03,High,Gen Z
5044,4.5,0.9,6.4,3.6,6.3,2.89,High,Gen Z
5045,7.1,2.3,9.1,3.5,6.6,2.49,Moderate,Gen Z
5046,4.2,3.1,8.1,2.2,4.4,2.77,Moderate,Gen Z
5047,5.9,1.4,8.4,2.6,2.3,3.44,Moderate,Gen Z
5048,4.0,1.7,8.0,1.9,4.2,3.0,High,Gen Z
5049,6.5,0.6,7.4,4.3,4.2,3.31,High,Gen Z
5050,4.4,0.5,6.8,1.9,7.3,2.34,High,Gen Z
5051,7.0,2.2,8.9,1.9,6.4,3.14,Low,Gen Z
5052,4.9,1.4,6.3,0.9,6.5,2.76,Low,Gen Z
5053,3.8,2.2,6.4,4.7,2.6,3.21,Moderate,Gen Z
5054,5.4,1.5,7.0,1.5,2.4,3.88,Low,Gen Z
5055,4.7,2.2,6.3,3.0,4.1,3.52,Moderate,Gen Z
5056,6.0,2.4,8.0,0.0,2.3,3.36,Moderate,Gen Z
5057,7.2,4.2,6.1,0.5,4.0,2.82,Moderate,Gen Z
5058,7.8,1.4,7.4,3.3,2.1,3.32,Moderate,Gen Z
5059,5.4,1.4,6.4,2.1,5.6,2.57,High,Gen Z
5060,6.0,1.7,9.1,1.1,6.8,3.03,Moderate,Gen Z
5061,6.6,0.7,6.8,4.1,2.9,2.34,Low,Gen Z
5062,4.6,1.2,6.4,2.3,3.2,3.26,High,Gen Z
5063,6.8,2.9,7.3,2.7,5.3,3.18,Moderate,Gen Z
5064,3.6,1.7,5.7,2.4,6.2,2.11,Moderate,Gen Z
5065,7.5,1.6,7.5,3.9,2.4,2.61,Moderate,Gen Z
5066,5.2,1.6,7.1,3.4,4.2,3.36,Low,Gen Z
5067,4.6,3.0,7.2,2.4,0.5,3.09,Moderate,Gen Z
5068,3.9,1.2,6.2,4.5,2.2,3.35,Moderate,Gen Z
5069,4.4,3.2,5.6,2.7,5.2,3.76,High,Gen Z
5070,2.5,3.9,7.1,2.5,2.3,2.59,High,Gen Z
5071,3.8,0.1,5.4,0.7,4.0,2.87,High,Gen Z
5072,4.5,1.6,7.2,3.3,4.0,2.6,Moderate,Gen Z
5073,5.2,4.6,7.7,2.2,2.7,3.38,High,Gen Z
5074,3.2,1.5,6.2,2.6,4.5,2.56,Low,Gen Z
5075,4.4,0.9,7.1,0.8,2.0,3.13,High,Gen Z
5076,7.3,0.1,6.5,2.1,4.5,2.94,Moderate,Gen Z
5077,6.0,3.1,5.5,2.3,3.3,3.78,Low,Gen Z
5078,4.5,2.7,8.2,3.7,3.8,3.14,High,Gen Z
5079,4.2,1.9,7.8,2.0,2.1,2.82,High,Gen Z
5080,5.2,0.7,6.8,3.8,5.9,2.85,Moderate,Gen Z
5081,6.0,1.6,6.4,1.8,0.8,2.85,Moderate,Gen Z
5082,7.8,0.4,7.8,3.2,2.0,4.0,High,Gen Z
5083,7.0,2.6,6.8,2.3,6.4,3.14,Moderate,Gen Z
5084,4.3,0.0,8.0,3.5,5.0,3.22,Moderate,Gen Z
5085,4.7,1.1,7.3,2.7,4.7,3.22,Moderate,Gen Z
5086,8.1,0.0,6.7,3.5,4.2,3.39,High,Gen Z
5087,5.7,1.8,5.1,2.0,3.8,3.12,High,Gen Z
5088,5.4,1.6,7.3,2.6,4.2,2.98,High,Gen Z
5089,2.6,3.1,7.2,2.3,1.6,3.05,Low,Gen Z
5090,3.6,3.3,6.1,6.8,4.6,3.3,Moderate,Gen Z
5091,4.6,1.8,4.1,2.7,4.0,3.01,High,Gen Z
5092,3.5,1.1,5.3,5.0,6.4,2.78,High,Gen Z
5093,5.5,2.3,8.4,2.9,3.7,3.11,Low,Gen Z
5094,4.2,1.8,6.9,0.0,3.9,2.94,Moderate,Gen Z
5095,4.9,2.7,7.4,1.9,2.4,3.23,High,Gen Z
5096,5.2,0.7,7.4,1.9,3.1,2.93,High,Gen Z
5097,4.6,1.3,7.4,4.0,3.0,3.06,Moderate,Gen Z
5098,4.1,0.0,8.6,3.6,3.0,3.02,High,Gen Z
5099,3.9,0.7,6.8,2.1,4.2,2.98,High,Gen Z
5100,5.6,0.0,6.7,2.3,4.2,3.31,Moderate,Gen Z
5101,6.8,0.0,7.2,1.9,5.1,2.81,Moderate,Gen Z
5102,4.4,2.1,8.0,5.0,4.1,2.97,Moderate,Gen Z
5103,6.2,0.8,7.5,4.6,2.6,3.13,High,Gen Z
5104,6.1,2.4,6.3,3.0,2.5,2.68,Moderate,Gen Z
5105,6.4,1.2,6.8,0.6,3.1,3.27,High,Gen Z
5106,4.7,2.0,7.5,2.7,5.6,3.64,Low,Gen Z
5107,5.8,0.0,6.6,3.2,3.5,3.07,Moderate,Gen Z
5108,5.9,3.2,6.0,2.2,1.0,3.54,Moderate,Gen Z
5109,7.6,1.6,4.9,5.3,3.5,2.45,Moderate,Gen Z
5110,4.8,3.0,7.9,5.7,3.1,2.96,Low,Gen Z
5111,6.7,1.6,7.3,5.0,4.1,3.0,High,Gen Z
5112,7.3,1.9,6.3,3.0,2.7,2.97,Moderate,Gen Z
5113,4.9,0.9,6.8,4.3,3.1,3.52,Moderate,Gen Z
5114,3.8,2.8,7.5,3.0,3.3,2.99,Moderate,Gen Z
5115,4.6,3.8,5.5,3.0,2.6,2.97,Low,Gen Z
5116,6.1,2.7,4.3,2.0,3.4,3.45,Low,Gen Z
5117,4.7,0.2,6.5,3.9,4.0,2.94,High,Gen Z
5118,3.6,0.6,7.6,3.5,4.0,3.19,Moderate,Gen Z
5119,4.5,1.1,5.4,1.8,4.6,2.8,High,Gen Z
5120,3.0,0.0,8.3,5.2,3.1,3.24,High,Gen Z
5121,6.5,1.5,5.9,4.9,3.5,2.6,High,Gen Z
5122,4.3,2.9,8.1,3.0,1.3,2.9,High,Gen Z
5123,3.9,0.0,6.9,1.1,6.2,2.56,Moderate,Gen Z
5124,4.6,1.0,7.4,3.4,5.4,3.49,Low,Gen Z
5125,5.6,2.5,7.4,3.7,3.0,2.99,Moderate,Gen Z
5126,6.6,5.8,7.5,1.1,3.4,2.43,High,Gen Z
5127,8.1,3.5,6.5,3.7,4.6,2.61,Moderate,Gen Z
5128,5.8,1.2,6.9,3.0,3.8,3.32,Moderate,Gen Z
5129,3.2,1.9,6.7,2.2,2.8,3.8,High,Gen Z
5130,3.6,0.1,8.1,2.4,3.9,3.15,Low,Gen Z
5131,4.3,0.2,7.9,2.2,4.4,2.92,High,Gen Z
5132,5.7,2.5,5.8,2.5,2.3,2.54,Low,Gen Z
5133,4.6,1.8,8.5,2.6,3.7,2.73,High,Gen Z
5134,6.5,1.5,7.3,4.8,3.7,2.44,Moderate,Gen Z
5135,4.4,3.1,5.4,5.0,3.6,2.92,Low,Gen Z
5136,1.0,2.3,7.8,0.9,1.2,2.83,Moderate,Gen Z
5137,3.8,0.3,6.5,2.8,2.5,2.84,High,Gen Z
5138,6.0,0.0,7.2,0.0,3.6,3.61,High,Gen Z
5139,7.0,1.8,7.6,4.4,4.5,3.09,Low,Gen Z
5140,4.4,0.8,7.5,6.7,1.9,3.23,High,Gen Z
5141,6.8,0.4,6.8,2.1,0.1,3.26,High,Gen Z
5142,4.9,0.2,7.1,1.5,5.8,2.11,Moderate,Gen Z
5143,2.6,0.5,6.8,4.8,4.4,3.26,High,Gen Z
5144,5.0,0.0,6.3,2.0,4.0,2.97,Moderate,Gen Z
5145,4.1,2.8,5.9,4.0,4.2,3.11,High,Gen Z
5146,4.6,2.6,7.0,1.9,1.9,2.99,High,Gen Z
5147,4.9,2.5,8.0,4.2,3.5,3.04,High,Gen Z
5148,3.4,0.0,5.9,1.9,3.9,2.64,Low,Gen Z
5149,7.2,2.0,6.8,5.8,6.2,3.39,High,Gen Z
5150,4.9,1.1,6.8,1.6,4.8,2.9,Moderate,Gen Z
5151,3.5,1.2,7.8,2.4,4.8,2.78,Low,Gen Z
5152,5.3,0.4,7.4,2.4,6.3,2.9,High,Gen Z
5153,7.0,1.9,6.4,2.5,3.7,2.48,High,Gen Z
5154,4.2,1.4,6.8,3.9,6.0,2.71,Moderate,Gen Z
5155,6.2,1.1,7.0,3.3,4.9,2.61,Low,Gen Z
5156,6.3,1.9,5.7,3.0,4.9,3.45,High,Gen Z
5157,4.7,0.6,7.0,3.7,3.9,3.38,High,Gen Z
5158,4.6,1.1,7.7,2.9,4.2,3.03,Moderate,Gen Z
5159,6.6,2.1,6.8,4.0,4.0,2.63,High,Gen Z
5160,5.8,1.4,6.5,3.4,4.8,3.09,Moderate,Gen Z
5161,6.1,0.8,7.7,2.4,1.8,2.79,High,Gen Z
5162,3.5,2.0,8.4,6.2,4.4,2.76,Moderate,Gen Z
5163,6.1,2.5,5.7,1.6,3.6,2.92,Moderate,Gen Z
5164,8.0,1.7,7.8,1.9,4.7,3.32,High,Gen Z
5165,4.7,3.7,5.8,2.8,4.1,3.17,High,Gen Z
5166,4.3,0.7,6.8,2.7,5.3,3.4,High,Gen Z
5167,2.5,2.0,7.9,4.7,4.6,3.6,Moderate,Gen Z
5168,5.8,2.9,6.9,3.7,5.4,3.11,High,Gen Z
5169,3.6,1.6,7.4,4.7,3.6,2.78,High,Gen Z
5170,6.1,2.9,8.4,1.7,4.1,3.07,High,Gen Z
5171,5.3,2.2,8.1,3.7,5.1,3.43,High,Gen Z
5172,3.7,2.9,6.4,0.3,4.6,3.42,Low,Gen Z
5173,5.5,0.0,6.5,2.7,3.4,3.15,Moderate,Gen Z
5174,4.6,2.0,7.6,0.1,4.8,3.42,Moderate,Gen Z
5175,4.2,1.8,5.9,0.7,8.0,3.16,High,Gen Z
5176,5.6,0.9,7.2,2.8,3.8,3.04,Low,Gen Z
5177,5.1,0.7,6.6,4.8,3.9,2.51,Moderate,Gen Z
5178,5.9,1.2,6.3,3.1,4.4,2.59,High,Gen Z
5179,6.1,2.2,5.5,3.3,4.1,2.89,Moderate,Gen Z
5180,2.5,2.4,7.9,2.0,0.9,2.64,Low,Gen Z
5181,6.1,2.1,9.2,3.2,2.9,3.18,Low,Gen Z
5182,4.4,0.0,7.5,5.1,7.4,2.86,High,Gen Z
5183,5.9,2.3,8.9,2.0,5.1,3.46,Moderate,Gen Z
5184,6.3,1.4,6.5,4.7,3.2,3.24,Low,Gen Z
5185,4.0,1.1,7.7,3.3,4.3,2.94,Low,Gen Z
5186,7.7,2.1,4.5,4.0,2.8,2.96,High,Gen Z
5187,3.3,2.5,6.3,0.0,3.2,2.66,Low,Gen Z
5188,6.2,0.1,8.6,0.6,2.4,2.68,High,Gen Z
5189,4.4,1.8,8.8,1.2,1.7,3.2,Low,Gen Z
5190,6.7,2.1,6.3,0.0,5.1,4.0,High,Gen Z
5191,3.7,1.4,5.7,3.4,3.5,3.04,Moderate,Gen Z
5192,5.2,0.0,5.5,4.2,5.2,3.24,Moderate,Gen Z
5193,5.1,1.4,7.4,1.6,3.7,3.17,High,Gen Z
5194,5.5,1.7,6.0,4.4,1.1,2.59,High,Gen Z
5195,4.4,2.3,7.9,1.5,6.2,2.88,High,Gen Z
5196,3.9,2.2,5.6,2.3,6.4,2.79,High,Gen Z
5197,3.9,1.2,7.8,3.0,2.7,2.97,Moderate,Gen Z
5198,3.8,2.8,6.5,2.2,4.8,3.14,Moderate,Gen Z
5199,4.1,1.0,7.0,3.3,6.2,2.29,Low,Gen Z
5200,5.3,2.7,7.4,3.4,2.9,2.73,Moderate,Gen Z
5201,3.6,1.9,7.5,3.2,2.2,3.3,Moderate,Gen Z
5202,2.2,1.5,7.9,2.9,4.3,2.74,Moderate,Gen Z
5203,2.3,1.1,7.9,4.7,5.6,2.48,Moderate,Gen Z
5204,4.7,1.2,7.0,3.2,3.0,2.69,Low,Gen Z
5205,5.5,1.5,8.4,1.5,2.0,3.21,Moderate,Gen Z
5206,3.0,0.0,6.5,2.4,2.6,2.64,Moderate,Gen Z
5207,3.8,0.8,6.9,2.9,4.8,2.99,Low,Gen Z
5208,3.8,1.1,6.7,3.7,5.4,3.48,Low,Gen Z
5209,6.5,1.9,6.1,4.5,4.3,2.93,High,Gen Z
5210,4.1,4.4,7.9,1.1,1.6,3.09,Low,Gen Z
5211,6.3,1.8,7.8,2.4,2.7,2.81,High,Gen Z
5212,4.1,0.0,5.9,1.3,3.1,4.0,High,Gen Z
5213,4.7,1.5,7.5,2.4,3.5,3.03,Low,Gen Z
5214,4.9,2.7,6.5,1.5,4.4,3.29,Moderate,Gen Z
5215,2.4,0.7,7.2,3.3,3.6,3.21,Moderate,Gen Z
5216,5.1,2.1,6.7,2.8,0.5,3.35,Low,Gen Z
5217,4.9,0.0,4.3,2.7,4.1,3.07,High,Gen Z
5218,5.3,2.1,5.4,2.9,3.4,2.83,High,Gen Z
5219,4.3,1.7,7.1,3.0,3.4,3.61,High,Gen Z
5220,3.6,1.1,7.2,4.9,2.9,2.83,High,Gen Z
5221,3.0,0.0,7.8,1.5,4.8,2.58,Moderate,Gen Z
5222,4.9,0.3,8.3,3.7,2.6,2.96,Moderate,Gen Z
5223,5.9,0.0,7.7,1.5,2.9,2.48,Moderate,Gen Z
5224,4.8,1.3,6.2,0.0,2.3,3.23,High,Gen Z
5225,4.0,1.9,7.7,3.2,3.5,3.47,Moderate,Gen Z
5226,2.8,1.2,6.7,4.3,3.1,3.38,High,Gen Z
5227,5.7,2.6,5.3,2.7,2.8,2.72,Moderate,Gen Z
5228,4.0,0.0,6.6,4.6,3.0,3.56,Moderate,Gen Z
5229,4.1,2.0,8.2,2.8,4.1,2.52,Moderate,Gen Z
5230,4.3,2.9,7.2,4.9,3.8,2.66,High,Gen Z
5231,4.6,0.0,8.8,4.4,5.8,2.5,Low,Gen Z
5232,6.2,1.0,7.7,2.0,3.2,2.82,High,Gen Z
5233,5.0,3.1,7.6,2.4,3.7,3.22,Low,Gen Z
5234,6.1,1.8,4.1,3.6,2.1,3.56,Low,Gen Z
5235,4.7,3.1,6.5,2.0,3.8,3.32,High,Gen Z
5236,6.3,0.7,7.6,1.3,2.0,2.54,High,Gen Z
5237,3.2,1.3,5.1,3.0,7.7,2.73,High,Gen Z
5238,5.1,1.5,7.0,2.7,2.4,3.09,High,Gen Z
5239,6.3,1.8,6.2,3.6,5.1,3.19,Low,Gen Z
5240,5.7,1.3,7.0,1.7,3.3,2.91,Moderate,Gen Z
5241,4.5,1.6,9.2,5.1,2.5,3.09,Moderate,Gen Z
5242,4.0,0.0,6.5,5.0,4.5,3.72,High,Gen Z
5243,6.4,1.6,7.0,2.5,4.2,2.74,High,Gen Z
5244,2.7,3.5,6.4,2.7,5.1,2.59,High,Gen Z
5245,4.1,2.4,7.3,3.7,0.4,3.57,High,Gen Z
5246,9.2,0.0,7.1,0.4,3.7,2.7,Moderate,Gen Z
5247,6.0,1.5,7.2,4.0,3.8,3.39,Low,Gen Z
5248,5.3,0.0,8.2,3.7,5.7,2.66,High,Gen Z
5249,6.0,3.0,7.7,0.9,0.8,2.92,High,Gen Z
5250,5.4,3.2,8.4,3.2,7.0,2.77,High,Gen Z
5251,5.0,2.7,6.7,1.8,6.7,3.09,High,Gen Z
5252,2.1,2.2,7.0,4.2,2.5,2.88,High,Gen Z
5253,5.8,0.9,8.4,5.0,4.9,3.23,Moderate,Gen Z
5254,5.5,1.7,6.6,2.7,5.0,3.16,Moderate,Gen Z
5255,1.0,0.4,7.5,2.4,1.2,3.17,Moderate,Gen Z
5256,6.6,2.0,8.5,4.3,6.2,2.5,Moderate,Gen Z
5257,4.7,1.1,8.6,3.0,5.7,3.21,High,Gen Z
5258,4.8,1.9,8.0,5.1,5.2,2.01,High,Gen Z
5259,5.0,2.8,6.5,2.7,4.0,3.08,High,Gen Z
5260,5.3,2.1,7.3,4.5,4.9,3.13,Moderate,Gen Z
5261,6.0,1.7,7.7,3.3,4.9,2.95,Low,Gen Z
5262,5.0,1.9,6.7,0.8,4.8,3.11,Moderate,Gen Z
5263,3.4,2.2,8.1,4.6,1.8,3.39,High,Gen Z
5264,8.0,1.1,8.7,3.4,5.0,3.36,High,Gen Z
5265,7.9,0.5,5.8,3.8,2.8,2.88,High,Gen Z
5266,4.9,0.9,7.0,1.1,5.3,3.06,High,Gen Z
5267,4.8,2.5,7.1,2.9,4.5,3.06,High,Gen Z
5268,5.1,2.4,7.6,4.2,5.4,3.46,High,Gen Z
5269,6.0,0.3,7.6,3.4,3.2,2.83,High,Gen Z
5270,5.9,3.6,6.4,2.9,0.3,2.41,Moderate,Gen Z
5271,6.8,2.1,5.9,5.0,3.4,3.24,High,Gen Z
5272,1.5,1.4,8.1,3.0,3.3,2.81,Moderate,Gen Z
5273,3.8,1.8,5.4,3.0,3.1,2.44,Low,Gen Z
5274,5.7,2.2,7.2,4.2,4.9,2.55,Moderate,Gen Z
5275,3.4,1.2,6.7,4.7,6.7,2.58,High,Gen Z
5276,1.8,2.9,8.2,5.1,5.7,3.02,High,Gen Z
5277,4.2,0.8,7.7,2.9,0.0,2.11,High,Gen Z
5278,6.1,0.5,5.6,2.6,1.6,3.27,High,Gen Z
5279,7.3,1.4,7.1,4.3,5.4,3.16,Moderate,Gen Z
5280,6.4,3.1,6.8,3.2,5.2,2.31,High,Gen Z
5281,4.1,0.4,4.7,3.1,4.5,3.2,Moderate,Gen Z
5282,3.7,1.5,6.9,3.9,4.8,2.97,Low,Gen Z
5283,5.9,3.0,6.4,2.1,4.9,2.96,Low,Gen Z
5284,4.2,1.8,6.6,3.3,2.9,3.15,Low,Gen Z
5285,4.6,2.6,6.6,2.5,3.0,3.21,High,Gen Z
5286,5.9,1.4,6.8,3.1,4.2,2.89,Moderate,Gen Z
5287,6.1,1.4,6.3,4.4,3.8,3.28,High,Gen Z
5288,4.6,2.2,8.3,3.3,4.9,2.87,Moderate,Gen Z
5289,4.7,3.1,7.4,2.6,3.5,3.44,High,Gen Z
5290,5.6,2.4,7.3,4.2,1.7,3.31,Low,Gen Z
5291,6.0,2.5,7.2,2.7,2.3,3.17,Moderate,Gen Z
5292,3.8,0.7,5.5,0.8,3.6,2.72,High,Gen Z
5293,4.2,5.5,6.6,2.2,4.4,3.06,Moderate,Gen Z
5294,3.4,2.6,6.9,0.6,2.5,3.08,Low,Gen Z
5295,3.2,1.7,8.8,2.7,5.3,2.64,Low,Gen Z
5296,5.8,2.0,7.6,5.0,4.9,3.4,High,Gen Z
5297,5.9,0.3,7.1,0.7,4.3,2.84,Moderate,Gen Z
5298,4.3,2.1,6.5,4.9,3.6,2.59,Moderate,Gen Z
5299,5.2,1.4,7.4,1.0,3.4,2.32,High,Gen Z
5300,6.3,0.9,6.8,4.5,6.8,2.87,Moderate,Gen Z
5301,7.3,2.4,4.6,4.1,4.2,2.48,High,Gen Z
5302,5.7,2.8,6.8,1.6,6.2,3.38,High,Gen Z
5303,7.2,3.6,5.0,3.2,3.9,2.89,Moderate,Gen Z
5304,2.3,2.7,6.0,2.0,5.2,2.71,Moderate,Gen Z
5305,5.5,1.0,8.9,2.9,1.4,2.8,High,Gen Z
5306,6.7,2.0,7.9,3.9,3.4,2.44,Moderate,Gen Z
5307,6.0,2.8,7.4,2.7,5.1,2.95,Low,Gen Z
5308,6.4,2.7,6.7,3.0,6.8,2.98,High,Gen Z
5309,5.5,1.3,5.9,4.0,4.2,2.64,Moderate,Gen Z
5310,3.6,1.1,7.8,1.7,5.2,3.19,Moderate,Gen Z
5311,5.0,2.5,5.9,3.3,1.5,3.05,Moderate,Gen Z
5312,6.2,3.3,6.3,3.1,5.8,3.27,High,Gen Z
5313,5.5,3.2,8.0,2.5,3.8,2.38,High,Gen Z
5314,4.9,3.2,6.5,3.7,3.2,2.8,Moderate,Gen Z
5315,6.1,3.0,6.7,5.2,3.3,2.72,High,Gen Z
5316,5.1,1.5,6.0,4.4,3.7,2.84,Low,Gen Z
5317,6.3,1.8,6.7,2.2,2.9,3.63,High,Gen Z
5318,5.7,2.8,7.7,0.5,3.9,2.78,Low,Gen Z
5319,6.5,2.4,8.8,1.7,4.2,3.39,High,Gen Z
5320,7.5,1.5,6.1,4.2,6.2,3.13,Low,Gen Z
5321,5.5,2.2,8.9,2.7,4.8,3.24,Low,Gen Z
5322,6.3,1.0,5.6,3.6,3.7,2.58,High,Gen Z
5323,3.8,1.8,6.6,0.6,6.9,3.51,High,Gen Z
5324,4.4,2.0,7.8,3.9,4.6,3.21,High,Gen Z
5325,3.4,2.7,6.2,4.9,4.0,3.27,Moderate,Gen Z
5326,6.7,2.9,6.9,2.2,3.2,3.15,High,Gen Z
5327,4.0,0.8,7.2,3.0,5.6,3.33,Moderate,Gen Z
5328,7.5,0.0,6.5,4.0,4.5,3.06,Moderate,Gen Z
5329,7.2,2.0,7.3,3.3,3.8,3.17,High,Gen Z
5330,1.8,2.4,5.7,2.1,2.9,2.94,High,Gen Z
5331,3.3,2.1,7.7,0.0,5.8,3.04,High,Gen Z
5332,6.0,1.9,6.8,3.0,6.5,3.35,Moderate,Gen Z
5333,2.9,1.3,7.1,2.4,4.1,2.96,Moderate,Gen Z
5334,4.2,2.3,5.6,1.0,3.4,3.18,Moderate,Gen Z
5335,6.4,1.3,8.3,0.1,5.4,3.01,Low,Gen Z
5336,7.3,2.3,7.9,3.5,0.6,2.82,Low,Gen Z
5337,4.1,1.7,6.3,3.8,2.7,3.39,Low,Gen Z
5338,5.1,0.0,7.1,1.2,5.2,2.52,High,Gen Z
5339,4.6,0.0,4.8,3.3,5.0,2.92,Moderate,Gen Z
5340,4.7,1.4,6.5,3.1,3.3,3.19,High,Gen Z
5341,5.8,2.8,8.7,2.8,2.6,2.49,High,Gen Z
5342,6.0,0.9,8.9,1.6,2.8,2.67,Moderate,Gen Z
5343,2.5,3.1,8.0,5.2,4.4,3.23,Low,Gen Z
5344,3.1,1.9,7.1,0.0,3.9,3.58,Moderate,Gen Z
5345,5.1,1.6,7.4,1.3,2.5,3.26,Low,Gen Z
5346,5.0,3.6,7.3,4.4,3.9,3.06,Low,Gen Z
5347,4.2,2.5,7.0,3.3,2.4,3.6,High,Gen Z
5348,5.5,1.3,6.0,6.4,1.3,2.43,Low,Gen Z
5349,5.1,1.6,6.6,2.5,4.0,2.9,High,Gen Z
5350,6.4,1.0,6.4,1.7,5.7,3.38,Moderate,Gen Z
5351,4.8,0.6,6.0,5.1,0.9,2.9,Moderate,Gen Z
5352,5.1,1.7,6.9,1.7,4.1,2.95,High,Gen Z
5353,5.1,2.4,7.6,4.9,4.9,2.68,Low,Gen Z
5354,6.2,1.6,7.9,4.9,3.0,2.37,Low,Gen Z
5355,5.6,3.4,5.8,3.8,5.9,3.66,Moderate,Gen Z
5356,5.3,1.1,7.8,2.1,3.3,2.79,Low,Gen Z
5357,7.6,0.0,6.5,0.0,1.6,3.36,High,Gen Z
5358,5.9,1.5,7.3,3.1,3.4,2.91,Moderate,Gen Z
5359,4.3,0.7,6.9,0.8,2.7,3.22,High,Gen Z
5360,2.7,1.2,5.8,2.0,4.4,2.8,High,Gen Z
5361,5.5,2.7,6.3,4.1,3.7,3.39,Moderate,Gen Z
5362,4.9,1.6,6.8,3.1,2.1,2.11,High,Gen Z
5363,7.4,1.7,7.2,1.9,5.5,3.31,Moderate,Gen Z
5364,3.3,0.0,7.6,1.7,3.3,2.58,High,Gen Z
5365,6.1,2.5,6.8,5.3,2.9,3.29,Moderate,Gen Z
5366,3.9,0.8,7.4,4.4,3.3,2.68,High,Gen Z
5367,5.5,2.1,6.9,3.5,2.0,3.03,High,Gen Z
5368,4.9,1.8,5.1,1.6,3.5,2.8,Low,Gen Z
5369,6.5,1.1,8.4,2.4,3.9,2.84,High,Gen Z
5370,7.3,1.0,7.4,4.0,4.5,3.94,High,Gen Z
5371,6.1,3.3,5.7,3.9,2.5,3.38,Moderate,Gen Z
5372,3.9,2.9,7.7,5.4,2.3,3.19,High,Gen Z
5373,4.0,2.3,6.5,5.5,5.6,3.04,High,Gen Z
5374,5.2,1.8,6.0,3.1,0.7,2.87,Moderate,Gen Z
5375,3.9,1.2,7.4,4.4,2.6,2.61,Moderate,Gen Z
5376,6.1,0.7,7.0,1.6,1.1,3.15,High,Gen Z
5377,5.8,2.5,6.5,1.8,3.0,2.99,Low,Gen Z
5378,7.2,1.9,5.8,4.1,5.3,2.61,Moderate,Gen Z
5379,6.3,1.9,8.6,3.9,7.5,2.75,Moderate,Gen Z
5380,6.6,3.2,7.3,4.4,3.2,4.0,Low,Gen Z
5381,5.3,2.5,5.6,5.8,3.9,2.89,High,Gen Z
5382,3.4,2.4,7.2,2.5,4.1,2.85,High,Gen Z
5383,5.0,2.9,5.9,1.3,5.7,2.66,Low,Gen Z
5384,5.9,4.1,8.5,3.4,1.9,3.48,Moderate,Gen Z
5385,4.7,2.6,7.3,0.3,4.9,2.34,High,Gen Z
5386,5.4,1.4,7.2,4.8,3.7,2.74,Moderate,Gen Z
5387,6.8,0.4,4.9,1.5,2.3,3.34,Moderate,Gen Z
5388,6.6,0.8,5.5,4.6,3.6,3.24,High,Gen Z
5389,6.3,2.6,7.0,2.1,5.1,3.46,Moderate,Gen Z
5390,4.4,2.2,6.4,3.6,4.0,3.48,Moderate,Gen Z
5391,3.1,2.8,8.3,3.9,3.3,2.95,High,Gen Z
5392,5.4,0.2,6.3,3.8,5.5,3.14,Low,Gen Z
5393,7.5,2.7,6.2,3.6,3.3,3.24,High,Gen Z
5394,3.9,1.9,5.8,0.3,4.4,2.69,Low,Gen Z
5395,3.8,2.3,7.3,3.8,4.3,3.07,Low,Gen Z
5396,4.5,0.7,7.3,3.6,1.2,3.02,High,Gen Z
5397,3.9,2.1,8.1,2.4,7.7,3.68,Moderate,Gen Z
5398,3.5,1.9,6.0,4.4,5.5,3.79,Low,Gen Z
5399,2.1,1.8,5.9,2.6,5.2,2.92,Moderate,Gen Z
5400,5.1,1.7,9.1,2.2,1.8,2.66,Moderate,Gen Z
5401,7.0,3.6,7.5,2.5,6.7,3.09,Moderate,Gen Z
5402,5.5,2.5,10.0,6.0,4.2,2.84,Low,Gen Z
5403,4.1,1.5,8.0,1.5,3.1,2.9,High,Gen Z
5404,4.3,0.4,7.7,2.9,0.7,2.98,High,Gen Z
5405,4.9,2.8,7.0,3.3,1.9,2.94,High,Gen Z
5406,3.9,2.1,8.5,3.0,1.1,3.03,Low,Gen Z
5407,4.1,0.7,5.0,3.1,5.8,2.78,High,Gen Z
5408,3.5,0.0,6.7,2.6,5.8,3.0,Moderate,Gen Z
5409,4.9,0.5,7.6,3.5,2.2,2.26,High,Gen Z
5410,5.4,2.3,7.5,3.7,2.8,3.21,Moderate,Gen Z
5411,8.1,0.0,6.5,3.0,2.0,3.56,High,Gen Z
5412,3.7,0.0,9.0,4.8,2.9,2.49,High,Gen Z
5413,4.3,1.6,7.8,5.3,4.2,2.48,High,Gen Z
5414,4.0,1.0,8.6,5.3,3.5,3.52,Low,Gen Z
5415,5.3,1.8,5.8,3.6,4.0,3.0,Moderate,Gen Z
5416,3.7,2.3,6.1,1.6,4.0,3.73,High,Gen Z
5417,3.1,3.1,6.0,3.5,6.6,2.99,Moderate,Gen Z
5418,5.0,2.1,8.0,4.9,0.8,3.49,Moderate,Gen Z
5419,5.5,1.2,5.9,3.9,4.0,3.34,Moderate,Gen Z
5420,6.2,0.5,7.0,4.8,3.4,2.63,Moderate,Gen Z
5421,4.5,1.0,6.8,0.7,3.5,2.69,Low,Gen Z
5422,5.6,1.6,5.0,1.5,4.8,3.01,Low,Gen Z
5423,3.6,1.8,7.0,4.3,5.6,3.01,Low,Gen Z
5424,3.1,0.8,6.3,3.5,2.4,3.01,Low,Gen Z
5425,5.5,1.8,8.0,3.9,2.0,3.5,Moderate,Gen Z
5426,6.0,1.1,8.3,2.3,6.4,3.25,Moderate,Gen Z
5427,4.8,2.4,9.4,2.2,3.5,2.55,Moderate,Gen Z
5428,5.8,0.6,4.0,1.2,6.4,3.51,Low,Gen Z
5429,7.1,0.8,8.2,2.0,2.9,2.83,Moderate,Gen Z
5430,4.8,2.5,7.6,4.5,4.8,2.72,Moderate,Gen Z
5431,5.1,0.8,6.3,1.2,1.9,2.65,High,Gen Z
5432,3.7,2.6,5.8,3.1,0.0,2.97,Moderate,Gen Z
5433,3.8,1.3,8.3,4.2,5.7,3.04,Moderate,Gen Z
5434,4.7,3.4,5.5,4.0,3.5,2.92,Moderate,Gen Z
5435,3.5,1.8,8.2,2.8,5.3,2.69,High,Gen Z
5436,5.5,2.7,6.0,2.4,3.9,2.85,High,Gen Z
5437,5.2,2.5,6.8,1.8,3.1,2.71,High,Gen Z
5438,5.2,2.7,8.3,4.5,1.6,3.01,Moderate,Gen Z
5439,6.2,0.4,6.5,4.4,3.3,3.33,High,Gen Z
5440,4.5,2.5,6.8,4.9,4.1,3.68,Low,Gen Z
5441,5.0,0.9,5.9,4.1,2.4,3.04,Low,Gen Z
5442,3.5,2.2,6.7,2.9,7.3,2.6,Low,Gen Z
5443,6.8,2.6,5.8,2.5,3.6,3.1,Moderate,Gen Z
5444,5.7,0.4,7.2,0.0,3.7,2.99,Low,Gen Z
5445,5.0,2.1,6.6,4.6,4.6,2.61,Moderate,Gen Z
5446,4.7,1.7,8.7,2.0,4.8,3.05,High,Gen Z
5447,3.6,0.0,7.7,6.2,3.9,3.51,High,Gen Z
5448,5.7,0.6,8.1,3.6,5.0,2.09,Moderate,Gen Z
5449,5.8,0.0,6.8,3.1,4.3,3.29,High,Gen Z
5450,4.7,1.5,6.2,3.8,3.6,2.78,Moderate,Gen Z
5451,5.0,1.4,7.3,0.9,4.8,3.4,High,Gen Z
5452,4.6,2.3,9.5,1.9,3.9,3.24,Low,Gen Z
5453,5.4,1.5,6.4,1.3,5.3,2.74,High,Gen Z
5454,5.3,0.0,7.1,2.6,4.3,3.52,Low,Gen Z
5455,4.0,3.7,7.8,2.5,3.3,3.5,High,Gen Z
5456,4.2,0.0,8.2,3.7,5.2,2.97,Moderate,Gen Z
5457,5.9,3.2,6.3,4.9,3.9,3.13,Low,Gen Z
5458,6.4,0.0,7.8,2.6,4.0,2.87,High,Gen Z
5459,7.0,0.5,6.8,3.8,4.0,3.02,High,Gen Z
5460,4.8,3.1,7.2,4.8,3.6,3.05,Moderate,Gen Z
5461,4.5,0.4,5.3,4.0,4.3,3.56,Moderate,Gen Z
5462,5.0,1.7,8.2,1.3,3.5,3.03,High,Gen Z
5463,4.8,2.4,7.6,3.2,2.8,2.6,High,Gen Z
5464,6.3,2.1,7.3,3.9,3.1,2.98,Moderate,Gen Z
5465,6.3,1.4,7.1,2.7,2.7,3.71,High,Gen Z
5466,5.2,0.7,7.8,1.1,4.6,2.91,High,Gen Z
5467,7.7,1.4,6.9,0.0,4.8,2.93,Moderate,Gen Z
5468,4.3,0.0,6.0,3.5,3.2,3.05,Low,Gen Z
5469,4.6,2.5,7.1,3.4,3.0,3.44,Low,Gen Z
5470,2.0,2.7,8.1,4.7,1.9,2.95,High,Gen Z
5471,3.3,0.3,6.2,2.3,5.9,3.35,Moderate,Gen Z
5472,4.3,1.1,6.2,2.8,2.8,3.02,Low,Gen Z
5473,3.0,0.7,7.6,3.3,2.7,2.78,Moderate,Gen Z
5474,5.1,2.0,6.0,4.1,4.4,3.12,High,Gen Z
5475,6.6,3.4,8.4,2.5,3.9,2.91,High,Gen Z
5476,4.3,3.9,7.4,3.6,4.1,2.3,Moderate,Gen Z
5477,7.2,2.0,8.1,5.4,1.2,2.76,Moderate,Gen Z
5478,3.8,1.8,6.6,5.8,4.9,3.7,Low,Gen Z
5479,5.1,1.2,7.0,2.4,2.4,3.56,Low,Gen Z
5480,4.2,3.7,6.8,1.5,4.7,3.08,High,Gen Z
5481,4.9,2.4,6.7,4.1,4.9,3.35,Moderate,Gen Z
5482,4.3,0.9,7.6,0.9,5.6,3.43,Moderate,Gen Z
5483,5.3,0.6,5.1,1.7,2.9,3.08,High,Gen Z
5484,6.2,2.7,8.4,3.1,1.4,2.74,Low,Gen Z
5485,6.5,1.1,7.4,2.6,4.8,2.74,High,Gen Z
5486,5.9,0.7,5.1,2.7,2.6,3.21,High,Gen Z
5487,7.0,0.6,6.5,2.5,4.1,2.54,High,Gen Z
5488,5.4,2.2,5.2,4.8,3.5,2.66,Moderate,Gen Z
5489,5.1,2.5,7.2,4.1,4.4,3.15,Low,Gen Z
5490,3.5,0.8,5.7,0.0,1.9,2.7,High,Gen Z
5491,5.7,2.1,6.9,2.2,0.0,2.96,Moderate,Gen Z
5492,5.4,1.4,4.5,3.6,3.4,2.98,High,Gen Z
5493,6.5,1.6,7.8,5.5,4.4,2.92,Low,Gen Z
5494,2.8,2.2,5.7,2.3,0.2,3.16,Moderate,Gen Z
5495,4.7,1.4,6.1,5.1,6.9,3.06,High,Gen Z
5496,5.8,1.2,6.5,3.2,4.4,1.9,Moderate,Gen Z
5497,5.2,0.0,8.4,2.2,2.9,2.69,Moderate,Gen Z
5498,4.1,2.2,7.4,5.7,2.3,3.19,High,Gen Z
5499,6.4,1.7,5.7,3.9,2.3,2.88,High,Gen Z
5500,3.9,0.0,6.5,2.5,3.8,3.93,Low,Gen Z
5501,4.1,1.1,6.4,3.2,3.7,3.2,High,Gen Z
5502,4.3,3.3,6.5,3.3,4.2,3.48,High,Gen Z
5503,7.2,1.7,7.4,5.7,5.3,3.3,High,Gen Z
5504,4.0,2.1,7.5,2.1,4.2,2.73,High,Gen Z
5505,3.9,2.1,7.1,2.6,2.7,2.93,High,Gen Z
5506,1.3,1.6,6.2,3.6,5.9,2.69,High,Gen Z
5507,5.3,1.1,7.2,4.0,4.6,2.97,Moderate,Gen Z
5508,3.8,1.7,6.1,2.3,3.1,2.8,Moderate,Gen Z
5509,4.3,3.3,7.4,1.9,3.5,2.88,Moderate,Gen Z
5510,6.4,0.3,7.4,4.5,3.3,3.9,Low,Gen Z
5511,3.3,1.3,4.9,3.0,3.4,2.62,Low,Gen Z
5512,6.3,0.0,6.4,0.8,3.3,3.33,High,Gen Z
5513,4.9,2.2,7.4,2.7,4.0,3.05,Moderate,Gen Z
5514,5.4,1.1,6.6,1.6,3.8,2.55,High,Gen Z
5515,4.7,1.3,6.9,3.3,4.9,3.09,Moderate,Gen Z
5516,3.4,1.1,7.0,4.0,3.2,3.52,Low,Gen Z
5517,4.3,2.0,6.1,3.7,4.2,2.27,Moderate,Gen Z
5518,4.2,3.8,8.3,3.6,3.7,3.53,Moderate,Gen Z
5519,5.0,1.7,6.5,4.1,5.5,2.95,Low,Gen Z
5520,4.8,2.1,5.9,1.6,5.7,2.85,Low,Gen Z
5521,5.3,1.2,7.8,1.3,4.0,3.25,Low,Gen Z
5522,7.0,0.2,7.0,4.2,4.2,3.44,Low,Gen Z
5523,3.8,1.7,6.6,1.5,2.8,2.8,Moderate,Gen Z
5524,5.8,1.8,6.3,2.2,5.4,2.46,High,Gen Z
5525,5.5,3.2,8.5,2.1,2.9,3.23,Low,Gen Z
5526,5.5,2.3,6.2,1.1,5.8,2.87,High,Gen Z
5527,6.0,1.0,7.2,1.6,4.4,3.68,High,Gen Z
5528,6.2,2.8,8.0,3.8,4.0,2.74,Moderate,Gen Z
5529,3.4,2.2,8.2,2.0,2.3,3.6,High,Gen Z
5530,5.9,2.1,7.0,2.6,4.2,3.07,High,Gen Z
5531,3.0,1.8,5.7,3.7,2.7,3.08,High,Gen Z
5532,5.5,2.6,7.4,3.6,5.0,3.84,Moderate,Gen Z
5533,6.7,1.1,9.4,1.8,5.2,2.76,Low,Gen Z
5534,4.0,1.2,6.4,1.8,5.3,2.84,Moderate,Gen Z
5535,4.9,1.2,8.4,1.0,1.8,2.85,Low,Gen Z
5536,5.5,1.3,7.9,4.5,7.5,3.64,Moderate,Gen Z
5537,6.2,2.8,7.2,2.4,5.1,2.54,High,Gen Z
5538,8.8,3.8,6.0,4.9,0.6,3.32,High,Gen Z
5539,4.8,1.2,7.6,1.9,3.2,2.71,High,Gen Z
5540,5.9,0.9,5.3,0.5,6.0,3.44,Low,Gen Z
5541,5.8,0.4,7.1,4.5,4.9,2.9,Low,Gen Z
5542,6.2,1.9,8.4,5.9,2.4,3.33,High,Gen Z
5543,5.3,2.0,5.8,4.3,1.7,2.75,High,Gen Z
5544,5.0,3.5,7.8,0.8,3.8,2.86,Moderate,Gen Z
5545,5.4,2.2,7.4,2.1,4.3,2.77,Moderate,Gen Z
5546,5.1,2.0,7.4,5.1,4.6,2.7,High,Gen Z
5547,4.8,2.7,6.6,3.4,2.8,2.84,Low,Gen Z
5548,5.8,0.0,9.0,1.6,3.7,2.73,Low,Gen Z
5549,5.8,2.0,7.6,2.4,3.1,2.66,Low,Gen Z
5550,5.5,1.2,8.9,2.1,3.8,3.65,Low,Gen Z
5551,7.1,0.7,8.2,0.8,4.7,2.58,Low,Gen Z
5552,1.2,2.0,8.7,3.3,3.7,3.27,Moderate,Gen Z
5553,3.4,3.0,6.9,1.8,5.0,3.76,Low,Gen Z
5554,4.9,0.0,6.4,3.1,4.1,2.84,High,Gen Z
5555,3.9,2.0,7.6,6.0,2.7,3.47,High,Gen Z
5556,5.1,4.1,6.1,3.1,2.9,2.67,High,Gen Z
5557,5.1,3.9,7.6,0.2,3.9,2.86,Moderate,Gen Z
5558,7.5,3.3,6.1,4.0,0.9,2.54,Moderate,Gen Z
5559,2.8,0.8,4.9,3.8,1.1,3.11,Moderate,Gen Z
5560,4.2,1.7,6.6,3.9,1.7,3.07,Moderate,Gen Z
5561,4.4,0.1,7.2,3.7,2.9,3.1,High,Gen Z
5562,4.0,3.7,5.5,3.9,4.3,3.19,Moderate,Gen Z
5563,5.7,3.3,7.0,4.1,4.8,3.59,High,Gen Z
5564,6.0,2.3,7.0,3.5,2.8,2.99,Low,Gen Z
5565,6.7,4.4,7.6,3.5,2.5,3.14,High,Gen Z
5566,4.9,0.3,6.7,1.8,3.6,3.39,Moderate,Gen Z
5567,4.8,1.8,7.0,2.2,2.5,3.4,High,Gen Z
5568,5.5,3.4,8.3,3.0,0.7,2.95,High,Gen Z
5569,5.2,0.5,7.2,5.3,5.7,2.97,High,Gen Z
5570,4.8,1.3,7.0,2.4,6.2,2.85,High,Gen Z
5571,5.8,3.5,7.6,2.3,2.3,3.15,High,Gen Z
5572,4.4,0.6,5.9,2.4,4.3,2.91,High,Gen Z
5573,3.5,0.9,8.1,1.6,5.5,2.78,Moderate,Gen Z
5574,3.8,1.5,6.0,3.1,3.3,3.52,High,Gen Z
5575,1.0,0.0,6.3,1.1,5.0,3.33,Low,Gen Z
5576,3.6,3.9,8.1,3.7,2.8,2.58,Moderate,Gen Z
5577,5.5,2.1,7.7,2.1,2.9,2.45,High,Gen Z
5578,6.5,0.1,6.8,2.0,3.0,2.99,Moderate,Gen Z
5579,4.8,3.3,5.7,2.5,6.5,3.15,Moderate,Gen Z
5580,3.6,1.2,7.4,3.2,3.1,2.9,Moderate,Gen Z
5581,5.3,1.6,8.5,3.5,1.9,2.78,Moderate,Gen Z
5582,3.6,3.1,6.7,1.7,2.5,1.94,Moderate,Gen Z
5583,3.7,1.6,6.4,3.4,2.9,2.25,Low,Gen Z
5584,4.8,2.3,6.9,1.9,3.4,2.87,Low,Gen Z
5585,5.9,2.3,6.7,1.3,3.1,3.01,High,Gen Z
5586,6.6,0.9,6.8,0.5,4.1,3.14,High,Gen Z
5587,7.7,1.5,5.5,7.0,3.5,2.84,High,Gen Z
5588,5.9,1.4,5.2,2.1,3.8,2.39,High,Gen Z
5589,6.1,1.2,7.4,0.3,2.8,3.13,Moderate,Gen Z
5590,3.7,2.1,6.7,3.0,3.0,3.52,Low,Gen Z
5591,6.0,0.5,8.5,3.3,5.3,2.95,Moderate,Gen Z
5592,4.4,2.1,7.8,2.6,2.3,3.23,Moderate,Gen Z
5593,3.5,0.0,6.5,1.2,2.5,3.42,Moderate,Gen Z
5594,3.6,3.4,8.0,3.4,3.5,3.41,Moderate,Gen Z
5595,6.2,2.4,5.6,4.7,4.7,2.6,Low,Gen Z
5596,9.0,0.5,7.0,4.3,0.7,3.26,Moderate,Gen Z
5597,5.2,3.0,7.9,4.8,6.5,3.02,High,Gen Z
5598,5.2,1.6,6.1,0.4,5.1,2.78,Moderate,Gen Z
5599,4.3,0.8,6.0,2.9,3.7,2.99,Low,Gen Z
5600,2.4,3.3,6.1,1.9,3.2,2.97,Low,Gen Z
5601,6.9,0.9,7.4,2.9,4.1,3.36,Low,Gen Z
5602,2.5,2.8,7.4,2.6,4.4,2.64,Moderate,Gen Z
5603,5.0,1.8,6.5,2.5,2.2,3.14,Moderate,Gen Z
5604,6.5,2.7,6.8,5.6,2.2,3.17,Moderate,Gen Z
5605,5.8,0.3,6.7,3.2,1.8,2.83,Low,Gen Z
5606,6.9,2.8,6.6,3.2,7.6,3.13,High,Gen Z
5607,4.7,4.5,6.8,3.4,2.7,3.24,Low,Gen Z
5608,5.9,3.4,8.2,3.4,1.7,3.11,Moderate,Gen Z
5609,3.2,1.2,7.2,2.0,3.0,2.81,Moderate,Gen Z
5610,5.3,0.8,5.4,1.6,5.6,3.0,Low,Gen Z
5611,3.0,2.4,7.6,4.0,6.3,2.85,Moderate,Gen Z
5612,4.0,2.9,6.8,2.4,1.8,2.99,High,Gen Z
5613,6.9,2.2,6.9,1.8,4.2,2.81,High,Gen Z
5614,3.3,1.5,7.9,3.9,4.0,2.98,Moderate,Gen Z
5615,6.3,0.3,6.9,4.1,4.6,2.1,Low,Gen Z
5616,4.6,0.6,8.1,1.9,2.7,2.41,Moderate,Gen Z
5617,4.8,1.4,8.0,2.4,4.1,3.06,High,Gen Z
5618,3.8,3.5,6.7,2.8,0.8,2.6,Low,Gen Z
5619,4.0,1.0,5.7,2.1,2.7,2.73,Moderate,Gen Z
5620,4.1,1.2,8.4,3.3,5.0,3.45,High,Gen Z
5621,5.5,1.6,6.8,0.0,4.4,3.1,Moderate,Gen Z
5622,3.4,1.2,5.3,3.9,1.3,2.8,Moderate,Gen Z
5623,2.8,2.4,6.4,4.8,4.2,2.8,Moderate,Gen Z
5624,3.4,0.9,4.8,4.1,4.8,3.41,Moderate,Gen Z
5625,3.1,1.1,6.9,2.8,3.7,2.91,High,Gen Z
5626,2.8,1.6,6.4,4.4,2.3,3.39,High,Gen Z
5627,7.1,0.5,7.2,1.1,3.3,3.04,Low,Gen Z
5628,5.2,0.7,7.9,1.6,3.6,3.23,Moderate,Gen Z
5629,5.2,3.5,7.0,2.1,3.8,2.64,High,Gen Z
5630,5.1,2.7,7.8,3.1,2.7,2.5,Moderate,Gen Z
5631,3.4,0.0,7.6,0.9,2.5,2.83,High,Gen Z
5632,4.4,0.9,7.5,1.3,2.1,3.23,Low,Gen Z
5633,6.6,1.7,8.5,4.4,3.1,2.76,Moderate,Gen Z
5634,4.5,2.0,6.6,3.1,3.9,3.68,High,Gen Z
5635,3.2,1.3,8.7,1.9,3.7,3.18,High,Gen Z
5636,4.1,2.0,8.7,3.5,6.0,3.38,Moderate,Gen Z
5637,6.5,1.3,6.6,3.3,2.6,2.94,Moderate,Gen Z
5638,6.3,1.7,6.6,0.5,4.9,3.42,Moderate,Gen Z
5639,6.0,2.5,6.3,3.2,3.6,3.53,High,Gen Z
5640,5.5,0.0,7.9,4.5,0.9,3.06,Moderate,Gen Z
5641,4.6,2.6,7.7,4.7,4.8,3.24,Moderate,Gen Z
5642,5.1,0.2,5.9,2.0,0.7,3.47,Moderate,Gen Z
5643,5.2,2.4,6.4,2.5,5.7,2.72,Moderate,Gen Z
5644,4.5,1.7,6.3,2.5,0.0,3.48,Low,Gen Z
5645,6.0,0.0,7.2,3.6,6.5,2.72,High,Gen Z
5646,5.6,1.6,7.5,2.3,2.1,3.07,Low,Gen Z
5647,5.5,0.2,6.3,5.3,2.0,2.65,Moderate,Gen Z
5648,4.3,1.1,7.0,2.7,0.7,3.36,Moderate,Gen Z
5649,5.2,2.9,4.7,3.6,4.1,3.36,Moderate,Gen Z
5650,2.2,0.8,6.1,2.4,4.5,3.48,High,Gen Z
5651,4.1,1.0,8.3,3.4,4.0,2.89,Low,Gen Z
5652,5.3,1.8,7.0,3.8,2.8,2.71,Moderate,Gen Z
5653,2.5,1.7,6.8,3.5,0.9,3.16,Low,Gen Z
5654,3.4,2.0,6.9,3.7,1.6,2.69,Moderate,Gen Z
5655,2.9,2.9,7.1,3.8,2.9,3.17,Low,Gen Z
5656,4.4,1.4,7.1,5.8,2.2,3.0,High,Gen Z
5657,3.9,0.6,7.9,2.3,5.0,2.95,Moderate,Gen Z
5658,6.5,0.0,6.5,4.2,4.2,3.38,Moderate,Gen Z
5659,5.6,2.2,7.2,3.1,2.7,3.1,High,Gen Z
5660,5.1,2.2,6.2,2.8,1.1,3.59,Moderate,Gen Z
5661,6.9,1.7,6.1,3.7,4.1,3.02,High,Gen Z
5662,6.5,2.3,6.5,4.9,4.5,2.9,Moderate,Gen Z
5663,5.7,2.6,6.4,4.9,0.8,2.7,High,Gen Z
5664,6.0,1.7,6.0,4.2,3.9,3.4,High,Gen Z
5665,3.6,0.0,7.9,3.4,1.1,1.91,High,Gen Z
5666,4.6,2.2,6.0,0.0,3.5,3.18,Moderate,Gen Z
5667,3.9,2.4,7.8,1.5,2.3,2.79,Low,Gen Z
5668,4.3,2.0,7.5,3.5,3.0,2.13,Moderate,Gen Z
5669,1.1,1.6,8.1,2.6,4.1,3.34,Low,Gen Z
5670,6.2,1.0,7.2,1.8,3.6,2.97,Moderate,Gen Z
5671,4.5,0.4,6.5,2.4,2.9,2.65,High,Gen Z
5672,5.4,3.1,6.9,3.4,4.2,2.6,Low,Gen Z
5673,4.9,0.0,8.0,2.1,3.9,3.47,Low,Gen Z
5674,3.4,2.9,7.7,1.3,4.1,2.68,Moderate,Gen Z
5675,6.2,2.1,7.7,2.4,3.7,3.1,High,Gen Z
5676,3.5,2.2,7.2,3.5,0.9,2.89,Low,Gen Z
5677,7.2,2.0,6.4,3.7,1.3,3.24,Moderate,Gen Z
5678,3.7,0.9,7.4,0.2,1.8,3.13,Low,Gen Z
5679,3.4,1.8,6.4,2.1,5.5,2.28,Moderate,Gen Z
5680,5.3,2.6,8.0,3.1,2.2,2.98,Moderate,Gen Z
5681,4.7,1.8,7.5,5.9,2.4,3.96,Moderate,Gen Z
5682,7.1,3.2,7.3,1.7,6.8,3.71,Low,Gen Z
5683,5.2,2.4,8.2,2.2,3.3,2.71,Moderate,Gen Z
5684,6.2,1.7,7.8,4.0,1.7,3.25,Moderate,Gen Z
5685,4.8,0.0,6.8,1.8,4.3,2.76,High,Gen Z
5686,4.8,2.7,6.9,5.5,4.8,3.14,High,Gen Z
5687,5.7,0.7,6.0,4.0,3.0,3.18,High,Gen Z
5688,6.0,0.2,6.6,2.8,3.3,3.38,Low,Gen Z
5689,6.6,2.9,5.5,4.2,0.0,3.33,High,Gen Z
5690,6.3,0.0,6.0,4.5,4.1,2.92,High,Gen Z
5691,3.7,1.0,6.6,2.9,5.2,3.32,High,Gen Z
5692,6.2,2.0,7.7,3.3,4.5,2.63,High,Gen Z
5693,5.8,1.1,5.2,3.0,3.1,2.9,Moderate,Gen Z
5694,4.1,3.1,8.8,5.2,2.1,2.99,High,Gen Z
5695,5.7,2.6,8.1,3.4,2.4,3.09,Moderate,Gen Z
5696,5.5,1.5,8.3,3.0,3.0,2.78,High,Gen Z
5697,6.5,2.6,5.3,2.5,0.0,2.66,High,Gen Z
5698,5.1,3.3,8.8,2.9,2.9,3.39,High,Gen Z
5699,2.8,3.5,7.4,2.3,4.1,2.87,Low,Gen Z
5700,2.7,1.0,6.0,1.6,3.7,2.33,Moderate,Gen Z
5701,4.1,0.3,6.3,4.6,5.1,2.52,High,Gen Z
5702,3.7,3.6,4.9,1.0,6.4,3.13,Low,Gen Z
5703,4.9,0.0,7.4,4.6,1.8,3.46,High,Gen Z
5704,4.6,1.6,5.7,5.4,8.0,3.05,Moderate,Gen Z
5705,4.7,0.4,9.7,3.0,5.3,2.68,High,Gen Z
5706,6.5,1.5,8.3,2.7,3.4,2.58,Low,Gen Z
5707,5.7,0.0,6.0,2.9,4.5,2.59,Moderate,Gen Z
5708,3.1,1.5,6.6,0.9,3.6,2.86,Moderate,Gen Z
5709,7.3,2.6,7.2,2.9,5.5,3.09,High,Gen Z
5710,7.5,1.0,8.4,6.2,5.4,2.93,Moderate,Gen Z
5711,2.9,4.1,6.3,1.2,3.0,3.05,High,Gen Z
5712,5.8,2.7,6.9,1.7,6.5,2.83,Moderate,Gen Z
5713,6.4,0.2,6.7,5.0,3.7,2.81,Low,Gen Z
5714,6.7,2.7,7.7,1.8,3.6,2.85,High,Gen Z
5715,2.5,4.9,5.7,3.0,2.8,2.63,Low,Gen Z
5716,4.9,1.2,7.3,4.1,5.4,2.95,Low,Gen Z
5717,4.5,0.0,5.8,6.2,3.8,3.19,Moderate,Gen Z
5718,4.9,2.0,7.0,2.3,6.6,3.73,Low,Gen Z
5719,3.8,0.0,8.5,4.8,4.7,2.93,Moderate,Gen Z
5720,2.0,2.4,8.3,5.9,3.8,2.89,High,Gen Z
5721,4.0,2.9,4.5,3.5,3.4,3.23,High,Gen Z
5722,3.1,1.9,5.7,2.5,4.3,2.85,Moderate,Gen Z
5723,4.6,1.2,5.6,6.7,4.1,3.18,High,Gen Z
5724,4.8,1.3,7.7,3.0,3.4,2.71,Low,Gen Z
5725,4.4,2.1,6.4,3.2,2.7,2.99,Moderate,Gen Z
5726,3.8,1.7,5.5,4.1,2.8,3.04,High,Gen Z
5727,5.4,1.9,6.5,3.0,4.3,2.66,Low,Gen Z
5728,4.8,0.7,7.2,4.3,4.3,3.53,Moderate,Gen Z
5729,3.3,1.3,5.9,2.4,4.9,2.41,High,Gen Z
5730,6.3,1.9,8.1,1.4,5.0,2.43,High,Gen Z
5731,4.9,1.0,6.9,6.8,4.9,3.4,High,Gen Z
5732,6.5,1.9,5.0,3.2,3.2,2.94,High,Gen Z
5733,4.2,1.8,7.6,3.8,4.0,2.72,High,Gen Z
5734,7.4,2.1,8.9,2.5,5.6,3.19,Low,Gen Z
5735,4.4,2.6,6.8,4.4,4.5,2.8,Low,Gen Z
5736,4.0,0.1,7.2,5.6,3.8,2.95,Moderate,Gen Z
5737,5.9,2.8,6.8,2.2,5.9,3.07,High,Gen Z
5738,3.6,1.2,6.1,1.6,3.8,2.97,Moderate,Gen Z
5739,5.2,2.4,8.0,3.7,4.8,2.9,Moderate,Gen Z
5740,6.7,0.0,6.5,1.6,4.4,3.59,Moderate,Gen Z
5741,3.4,3.3,5.9,3.5,3.7,2.63,Low,Gen Z
5742,8.6,0.4,7.3,2.2,2.9,3.31,Moderate,Gen Z
5743,6.1,1.1,7.8,3.0,4.5,3.65,High,Gen Z
5744,4.1,1.0,8.2,3.0,6.0,2.41,Moderate,Gen Z
5745,3.0,2.1,7.2,2.1,1.9,2.74,High,Gen Z
5746,5.0,1.3,5.0,1.6,5.7,2.68,High,Gen Z
5747,4.3,1.2,9.4,4.9,2.4,2.4,High,Gen Z
5748,5.6,0.7,7.3,2.9,4.9,2.75,Moderate,Gen Z
5749,5.0,2.7,7.5,3.7,3.8,3.08,Low,Gen Z
5750,6.7,1.2,7.3,1.5,6.3,3.17,Moderate,Gen Z
5751,7.1,2.0,7.0,3.5,3.1,3.15,Moderate,Gen Z
5752,4.1,0.0,5.7,1.2,2.7,2.61,Moderate,Gen Z
5753,5.3,1.0,7.8,2.5,5.0,3.12,High,Gen Z
5754,4.3,2.7,6.7,0.9,3.0,2.92,Low,Gen Z
5755,6.2,2.1,7.2,3.9,4.2,2.93,Moderate,Gen Z
5756,5.3,2.4,5.6,3.5,3.3,3.04,Moderate,Gen Z
5757,4.7,0.9,7.8,6.4,1.6,2.91,High,Gen Z
5758,4.3,1.6,7.2,4.0,3.7,2.89,Low,Gen Z
5759,5.3,1.6,7.2,4.2,3.7,3.01,Low,Gen Z
5760,3.9,2.8,9.1,4.2,2.1,3.11,High,Gen Z
5761,5.8,1.6,7.5,3.7,3.5,3.34,Moderate,Gen Z
5762,5.4,3.0,7.3,2.0,5.0,2.7,Low,Gen Z
5763,2.5,1.4,6.4,2.7,5.5,2.93,High,Gen Z
5764,4.7,2.5,6.5,3.2,3.0,3.23,Moderate,Gen Z
5765,6.8,2.1,5.6,4.7,5.0,3.07,Low,Gen Z
5766,4.1,2.4,6.6,2.6,5.3,3.18,High,Gen Z
5767,6.5,1.4,6.9,3.1,3.8,3.37,Moderate,Gen Z
5768,4.0,0.8,5.7,3.9,3.3,3.17,Moderate,Gen Z
5769,5.8,1.5,7.5,2.3,4.2,2.75,Moderate,Gen Z
5770,4.5,2.7,7.3,3.2,2.9,2.61,Low,Gen Z
5771,5.5,0.8,6.3,3.3,2.0,2.33,Moderate,Gen Z
5772,5.0,2.7,6.3,3.9,2.2,2.48,High,Gen Z
5773,4.2,1.5,7.5,1.1,5.2,3.42,Moderate,Gen Z
5774,4.8,2.5,8.4,2.7,2.0,2.72,Moderate,Gen Z
5775,4.6,2.7,8.8,2.2,4.5,3.45,Low,Gen Z
5776,5.8,0.0,7.8,4.4,2.9,2.92,High,Gen Z
5777,2.2,2.0,6.0,3.0,2.2,3.19,Moderate,Gen Z
5778,3.1,0.5,8.9,3.0,3.4,2.86,High,Gen Z
5779,4.3,1.9,6.1,3.0,0.9,3.33,High,Gen Z
5780,5.1,2.5,6.0,4.1,4.0,3.34,High,Gen Z
5781,5.7,1.2,6.0,4.9,4.9,2.3,Moderate,Gen Z
5782,6.6,1.5,6.6,2.3,2.0,2.46,Moderate,Gen Z
5783,2.9,0.9,7.9,3.5,7.7,2.67,High,Gen Z
5784,7.1,3.0,7.2,3.0,5.0,3.24,Moderate,Gen Z
5785,3.3,1.5,7.1,0.0,1.8,2.9,Moderate,Gen Z
5786,4.6,1.8,6.9,2.6,0.8,3.4,Moderate,Gen Z
5787,5.9,2.2,8.8,5.4,3.2,2.71,High,Gen Z
5788,8.0,0.8,5.8,4.7,3.8,3.71,Moderate,Gen Z
5789,4.6,2.4,8.2,5.0,2.9,2.96,Low,Gen Z
5790,4.8,0.2,8.2,1.9,4.0,2.67,High,Gen Z
5791,5.4,0.9,8.3,1.9,2.5,3.15,Moderate,Gen Z
5792,6.0,0.7,8.1,5.3,4.3,2.71,High,Gen Z
5793,4.1,3.1,8.5,2.1,4.1,2.81,Moderate,Gen Z
5794,6.5,2.2,6.9,5.7,3.8,3.55,Moderate,Gen Z
5795,2.7,1.5,8.5,4.1,2.4,2.63,Moderate,Gen Z
5796,5.6,2.3,6.9,3.7,4.1,3.59,Low,Gen Z
5797,5.3,2.1,6.5,1.7,4.7,2.65,Moderate,Gen Z
5798,5.1,1.7,6.9,1.4,3.1,2.95,Moderate,Gen Z
5799,7.1,3.7,8.3,1.4,4.7,3.2,Moderate,Gen Z
5800,5.4,0.0,6.9,0.0,3.0,3.04,Moderate,Gen Z
5801,4.9,0.8,7.7,2.8,5.5,2.81,Low,Gen Z
5802,6.6,2.1,6.7,5.7,1.5,2.94,Moderate,Gen Z
5803,6.9,0.5,6.7,3.7,7.2,3.61,High,Gen Z
5804,5.3,2.9,6.3,2.5,5.2,3.12,Moderate,Gen Z
5805,5.1,2.7,7.4,3.6,5.4,2.58,Moderate,Gen Z
5806,3.8,1.1,6.3,2.8,3.2,3.25,Low,Gen Z
5807,5.2,0.9,7.5,5.0,4.7,3.03,High,Gen Z
5808,6.0,0.8,7.5,3.3,3.7,2.97,Moderate,Gen Z
5809,5.1,1.7,6.0,3.7,2.2,3.55,High,Gen Z
5810,3.0,2.3,6.4,5.1,5.0,3.09,Moderate,Gen Z
5811,3.9,1.8,7.7,2.8,2.2,3.39,High,Gen Z
5812,3.2,1.8,4.9,3.2,2.0,3.14,High,Gen Z
5813,6.0,3.9,8.3,4.3,2.7,3.01,Low,Gen Z
5814,5.6,1.4,6.8,4.2,3.8,2.81,Moderate,Gen Z
5815,3.2,1.1,6.0,3.3,3.2,2.96,High,Gen Z
5816,6.8,2.6,6.6,2.7,4.5,2.49,Moderate,Gen Z
5817,5.5,2.0,6.4,3.1,1.6,3.27,High,Gen Z
5818,4.9,0.0,7.4,3.4,4.9,2.64,High,Gen Z
5819,3.1,1.5,8.0,2.3,6.3,3.03,Low,Gen Z
5820,5.0,3.7,8.1,2.2,5.4,3.27,Moderate,Gen Z
5821,6.5,2.1,8.0,1.0,3.4,2.69,High,Gen Z
5822,5.9,0.6,6.8,3.6,2.4,3.54,High,Gen Z
5823,1.6,0.0,7.1,3.5,1.8,2.73,High,Gen Z
5824,4.6,2.2,7.1,3.4,3.6,3.16,Moderate,Gen Z
5825,5.2,1.5,8.3,5.7,2.8,2.82,High,Gen Z
5826,3.8,2.3,6.7,3.3,4.4,3.29,High,Gen Z
5827,4.3,0.9,8.9,5.2,2.4,3.03,Moderate,Gen Z
5828,5.8,0.0,6.4,3.4,2.3,2.58,High,Gen Z
5829,7.0,0.2,7.0,5.7,4.1,2.99,Low,Gen Z
5830,6.2,1.3,6.8,3.8,5.5,2.85,Moderate,Gen Z
5831,7.2,1.9,7.6,2.6,4.4,3.13,Moderate,Gen Z
5832,4.9,1.6,6.3,3.3,1.3,3.31,Moderate,Gen Z
5833,5.2,1.6,5.6,2.2,4.3,3.2,Moderate,Gen Z
5834,2.7,1.8,7.9,2.7,2.3,3.33,Low,Gen Z
5835,5.5,3.6,7.1,2.2,1.7,2.51,Moderate,Gen Z
5836,5.5,1.5,6.4,3.4,3.8,3.35,Low,Gen Z
5837,5.4,3.2,7.1,2.3,4.8,3.25,Moderate,Gen Z
5838,4.7,0.7,6.2,5.5,5.1,3.06,High,Gen Z
5839,4.2,2.1,5.5,6.2,4.3,3.62,Moderate,Gen Z
5840,5.0,0.8,6.8,0.9,2.8,3.18,Moderate,Gen Z
5841,6.6,1.0,7.6,2.2,2.9,2.98,High,Gen Z
5842,3.0,1.4,7.4,3.2,2.7,2.65,Low,Gen Z
5843,5.0,0.5,6.3,2.3,3.2,3.28,Low,Gen Z
5844,6.5,2.4,7.6,1.0,5.5,2.85,Moderate,Gen Z
5845,4.0,0.9,6.4,6.3,4.6,2.82,Moderate,Gen Z
5846,5.2,2.7,6.2,1.4,3.9,2.55,High,Gen Z
5847,5.4,1.4,8.1,2.1,2.1,2.66,Moderate,Gen Z
5848,2.6,0.9,6.2,1.3,2.1,2.9,Moderate,Gen Z
5849,6.6,2.5,4.7,0.0,3.8,3.3,High,Gen Z
5850,7.4,0.9,7.7,2.8,5.1,2.8,High,Gen Z
5851,8.3,1.9,6.7,3.2,4.4,2.84,Moderate,Gen Z
5852,3.4,2.4,7.0,1.6,4.8,3.05,High,Gen Z
5853,5.0,2.4,6.9,3.6,5.4,3.55,High,Gen Z
5854,5.3,1.6,7.6,2.4,4.6,2.93,Low,Gen Z
5855,5.4,0.0,5.8,3.0,4.9,2.74,Moderate,Gen Z
5856,3.5,2.6,4.1,2.0,2.7,2.68,Low,Gen Z
5857,2.9,1.0,7.5,1.4,6.5,3.27,Moderate,Gen Z
5858,4.7,2.3,7.3,3.5,6.0,2.67,High,Gen Z
5859,3.9,2.2,8.3,4.3,4.9,3.1,Low,Gen Z
5860,5.3,0.3,6.2,2.4,4.6,3.37,High,Gen Z
5861,4.6,3.3,8.1,3.1,4.0,3.26,Moderate,Gen Z
5862,5.3,1.9,5.7,2.3,1.5,2.82,Moderate,Gen Z
5863,7.0,0.2,7.1,3.6,5.0,3.02,Low,Gen Z
5864,4.6,1.7,5.3,4.2,3.9,3.29,Low,Gen Z
5865,5.3,1.5,7.5,0.0,5.7,3.16,High,Gen Z
5866,4.9,1.5,5.0,3.0,5.3,2.49,High,Gen Z
5867,4.0,1.3,8.2,0.0,4.6,2.78,Low,Gen Z
5868,7.1,3.4,7.0,1.7,4.2,2.77,High,Gen Z
5869,4.6,2.8,7.0,1.2,2.6,2.88,High,Gen Z
5870,2.3,3.5,7.5,2.6,2.2,2.56,Moderate,Gen Z
5871,4.2,1.0,6.2,2.3,2.4,3.03,Moderate,Gen Z
5872,4.2,5.0,6.8,4.6,4.2,2.95,High,Gen Z
5873,2.6,0.8,6.0,3.5,1.9,3.11,Moderate,Gen Z
5874,3.0,1.9,8.6,3.4,4.5,2.79,High,Gen Z
5875,4.6,3.4,5.5,1.7,3.0,2.81,High,Gen Z
5876,8.5,1.5,7.3,2.9,5.7,2.94,Moderate,Gen Z
5877,6.8,4.0,6.8,1.5,4.1,3.06,High,Gen Z
5878,4.9,1.7,5.8,2.8,3.1,2.69,High,Gen Z
5879,4.2,2.2,6.8,4.2,2.3,3.02,Moderate,Gen Z
5880,3.2,0.0,7.1,5.3,1.4,3.3,High,Gen Z
5881,6.7,1.1,7.8,1.8,2.7,2.58,Low,Gen Z
5882,5.1,2.2,7.1,0.8,6.8,2.96,Moderate,Gen Z
5883,4.0,1.4,7.2,2.9,3.6,3.13,High,Gen Z
5884,5.2,1.7,6.0,4.6,6.5,2.96,Moderate,Gen Z
5885,5.3,0.6,6.9,5.5,5.1,3.59,Moderate,Gen Z
5886,7.3,2.2,5.8,3.2,2.0,3.37,High,Gen Z
5887,4.3,1.4,6.5,2.9,3.8,3.6,Low,Gen Z
5888,2.9,0.8,6.2,2.5,3.5,3.52,Low,Gen Z
5889,5.9,3.2,6.8,4.7,8.0,3.36,Moderate,Gen Z
5890,4.1,1.7,5.4,4.2,3.0,3.17,High,Gen Z
5891,4.6,1.2,6.6,1.0,2.6,2.75,Low,Gen Z
5892,6.6,2.5,5.4,3.1,4.2,3.02,High,Gen Z
5893,5.8,1.1,7.2,2.0,3.7,2.5,Moderate,Gen Z
5894,4.0,3.5,6.1,2.9,3.7,2.69,Low,Gen Z
5895,5.4,1.6,7.9,3.4,3.4,3.22,Low,Gen Z
5896,3.7,3.1,4.3,3.2,2.9,2.64,High,Gen Z
5897,5.1,1.2,7.5,3.2,4.9,2.72,Moderate,Gen Z
5898,4.2,0.5,7.5,1.2,6.3,3.08,Moderate,Gen Z
5899,4.3,1.8,9.1,3.4,4.4,2.17,High,Gen Z
5900,3.7,0.9,9.0,2.2,3.9,2.7,Moderate,Gen Z
5901,3.0,1.4,6.9,3.0,2.3,3.26,High,Gen Z
5902,4.8,0.7,6.8,4.2,5.2,2.78,High,Gen Z
5903,5.6,1.6,6.8,4.0,3.9,3.17,High,Gen Z
5904,6.0,2.2,7.0,5.6,3.8,2.82,High,Gen Z
5905,8.9,1.2,7.4,4.2,4.4,3.59,Moderate,Gen Z
5906,3.1,1.5,6.1,5.3,3.1,2.94,Moderate,Gen Z
5907,3.0,1.0,6.9,4.7,4.3,2.8,Moderate,Gen Z
5908,3.8,1.4,5.0,1.2,2.7,3.31,Moderate,Gen Z
5909,4.4,1.2,8.1,2.1,3.6,3.36,Moderate,Gen Z
5910,3.6,1.8,6.7,4.8,5.0,2.85,Moderate,Gen Z
5911,4.0,3.6,8.2,3.4,3.3,3.47,Low,Gen Z
5912,5.5,2.4,6.8,3.7,5.6,3.48,Moderate,Gen Z
5913,6.2,1.0,6.4,2.4,3.5,2.83,High,Gen Z
5914,5.5,2.0,6.8,3.2,3.2,3.25,Moderate,Gen Z
5915,5.7,1.9,7.3,3.5,4.0,3.04,Moderate,Gen Z
5916,5.3,1.8,6.8,1.6,4.0,2.82,Moderate,Gen Z
5917,4.1,2.5,8.8,0.4,1.2,3.13,Low,Gen Z
5918,5.6,1.1,8.6,2.9,6.3,2.92,Moderate,Gen Z
5919,3.5,2.1,8.5,3.6,4.2,3.19,High,Gen Z
5920,3.9,3.0,6.7,3.3,2.8,3.32,Low,Gen Z
5921,4.8,1.2,7.7,2.4,2.0,2.86,Low,Gen Z
5922,6.0,2.4,8.8,5.6,4.1,3.03,High,Gen Z
5923,4.2,2.1,8.6,2.6,3.0,3.05,High,Gen Z
5924,3.0,0.5,6.5,1.6,3.9,2.75,Low,Gen Z
5925,7.6,0.9,5.6,1.9,4.0,3.61,High,Gen Z
5926,5.9,2.3,7.2,0.8,3.1,2.88,High,Gen Z
5927,5.6,1.9,5.3,5.4,3.7,2.73,High,Gen Z
5928,4.3,1.6,7.1,0.4,3.4,2.75,High,Gen Z
5929,6.9,2.5,8.4,5.7,4.8,2.86,High,Gen Z
5930,6.6,1.1,6.3,0.0,2.9,2.91,High,Gen Z
5931,5.4,0.0,8.5,0.7,3.1,2.96,Low,Gen Z
5932,5.3,0.5,8.3,0.4,3.0,3.24,Moderate,Gen Z
5933,6.4,1.0,7.8,1.9,4.1,2.66,Moderate,Gen Z
5934,6.4,0.0,7.2,5.6,3.9,2.98,Moderate,Gen Z
5935,5.3,2.6,6.3,2.4,1.4,3.01,Moderate,Gen Z
5936,4.2,2.1,5.6,1.7,3.0,3.16,High,Gen Z
5937,3.8,3.6,6.6,3.4,4.2,2.6,Moderate,Gen Z
5938,7.3,1.9,8.1,3.4,3.3,3.11,Low,Gen Z
5939,5.6,1.7,6.9,5.3,4.9,3.02,High,Gen Z
5940,5.6,1.2,7.4,3.4,2.8,3.18,Moderate,Gen Z
5941,3.9,1.6,6.5,3.2,3.3,2.54,High,Gen Z
5942,7.1,1.1,5.7,1.5,4.2,2.73,High,Gen Z
5943,6.3,0.7,6.4,2.4,6.6,2.76,Low,Gen Z
5944,5.1,3.8,7.1,3.3,3.6,3.54,Moderate,Gen Z
5945,1.5,2.2,6.8,2.9,3.6,2.76,High,Gen Z
5946,6.7,1.7,6.9,5.1,4.3,2.7,Low,Gen Z
5947,3.4,1.5,7.0,3.0,2.5,3.41,High,Gen Z
5948,4.9,2.6,7.7,3.5,3.3,2.5,High,Gen Z
5949,3.2,1.3,8.1,1.2,3.9,2.8,Low,Gen Z
5950,4.1,0.7,6.6,3.3,0.5,3.94,High,Gen Z
5951,3.6,2.0,7.9,5.1,5.6,2.81,Moderate,Gen Z
5952,4.6,0.4,7.2,2.9,2.3,2.92,Moderate,Gen Z
5953,4.0,1.7,8.5,1.7,3.9,2.8,High,Gen Z
5954,7.1,3.8,7.7,1.4,5.4,2.7,High,Gen Z
5955,7.9,0.9,7.3,3.5,2.6,3.02,Low,Gen Z
5956,3.5,2.6,5.8,3.8,4.5,3.22,Low,Gen Z
5957,5.6,3.8,6.7,4.0,6.9,3.34,Low,Gen Z
5958,7.4,1.0,6.9,4.4,3.4,2.79,Moderate,Gen Z
5959,4.9,1.7,7.6,3.2,0.8,2.87,High,Gen Z
5960,6.6,2.5,5.5,4.6,2.7,3.35,Low,Gen Z
5961,3.5,2.1,6.1,4.9,1.8,2.63,Moderate,Gen Z
5962,4.4,0.9,7.2,2.4,5.8,3.77,High,Gen Z
5963,4.3,1.6,6.2,5.6,4.0,2.69,Low,Gen Z
5964,5.1,0.0,7.6,3.0,2.7,3.04,Moderate,Gen Z
5965,6.0,0.5,8.5,1.3,5.7,3.2,Low,Gen Z
5966,4.1,1.7,8.3,1.5,3.5,3.07,Moderate,Gen Z
5967,5.2,1.7,4.1,4.1,4.1,3.31,Moderate,Gen Z
5968,3.3,3.0,6.8,2.8,3.1,2.56,High,Gen Z
5969,2.6,1.2,6.4,1.0,3.6,3.54,Low,Gen Z
5970,5.1,2.5,6.1,6.9,0.2,2.82,Moderate,Gen Z
5971,2.8,2.4,6.0,4.4,4.4,3.08,High,Gen Z
5972,4.3,1.7,6.0,2.1,3.9,3.88,Low,Gen Z
5973,4.8,2.6,7.3,3.1,4.3,3.17,High,Gen Z
5974,5.6,2.1,6.7,2.8,3.1,3.14,Moderate,Gen Z
5975,3.3,2.3,7.5,1.4,3.9,2.93,Moderate,Gen Z
5976,5.4,2.4,6.3,4.5,5.1,3.15,High,Gen Z
5977,5.9,2.9,7.7,3.5,1.4,2.71,High,Gen Z
5978,4.6,0.4,7.6,1.1,3.1,2.82,High,Gen Z
5979,6.7,1.0,6.1,4.6,4.9,3.46,High,Gen Z
5980,1.9,1.6,8.1,1.8,1.5,2.25,High,Gen Z
5981,3.5,2.7,7.2,3.6,6.2,1.97,Low,Gen Z
5982,4.6,1.8,7.5,0.0,2.7,3.21,High,Gen Z
5983,4.1,2.4,6.9,1.7,4.7,3.22,High,Gen Z
5984,3.9,0.2,8.9,2.3,4.3,2.91,High,Gen Z
5985,6.1,1.7,6.2,3.1,1.8,2.94,High,Gen Z
5986,6.0,2.2,8.0,1.4,5.2,2.7,Moderate,Gen Z
5987,6.3,1.9,5.5,3.7,1.6,2.6,High,Gen Z
5988,3.5,1.9,8.8,5.7,1.3,2.97,High,Gen Z
5989,5.7,1.3,7.6,2.6,4.7,2.44,Moderate,Gen Z
5990,2.9,1.9,8.6,1.7,1.6,3.31,Moderate,Gen Z
5991,4.3,1.5,7.1,2.6,0.6,3.35,High,Gen Z
5992,4.7,1.4,5.6,1.7,1.9,3.1,High,Gen Z
5993,5.1,1.9,7.7,3.4,1.4,2.02,Low,Gen Z
5994,4.5,2.9,6.1,2.5,3.6,3.23,Low,Gen Z
5995,5.9,3.6,6.7,0.9,2.9,2.8,Low,Gen Z
5996,6.0,0.3,7.3,2.7,4.0,2.74,High,Gen Z
5997,4.7,2.0,7.2,3.2,3.1,3.27,High,Gen Z
5998,3.3,1.5,6.6,1.7,3.1,3.34,Moderate,Gen Z
5999,3.4,2.4,6.8,2.1,6.0,3.57,Moderate,Gen Z
6000,4.1,3.1,7.4,0.8,3.5,2.82,High,Gen Z
6001,5.9,0.0,6.3,1.9,3.1,3.37,Low,Gen Z
6002,4.6,0.5,7.7,1.3,3.7,3.02,Low,Gen Z
6003,3.4,2.6,7.4,0.0,4.5,2.69,High,Gen Z
6004,6.8,0.0,6.1,1.5,3.6,3.1,High,Gen Z
6005,4.8,1.9,6.7,3.9,3.1,3.0,Low,Gen Z
6006,3.1,1.6,7.6,3.5,1.2,2.79,Moderate,Gen Z
6007,7.1,2.3,8.0,1.5,1.9,1.93,Moderate,Gen Z
6008,4.0,2.4,6.6,3.0,4.7,2.93,High,Gen Z
6009,7.1,2.8,7.3,3.2,2.3,3.63,High,Gen Z
6010,5.5,3.6,7.0,4.4,5.6,3.23,Moderate,Gen Z
6011,7.2,1.1,6.3,5.2,2.4,2.65,High,Gen Z
6012,6.7,3.9,7.6,3.6,6.3,3.03,Low,Gen Z
6013,6.4,0.2,7.1,2.6,3.5,2.64,High,Gen Z
6014,3.6,3.5,6.9,0.0,4.7,2.88,High,Gen Z
6015,3.7,2.1,6.0,4.2,4.1,3.29,Low,Gen Z
6016,7.6,1.5,6.0,2.0,4.4,3.42,High,Gen Z
6017,4.4,3.1,7.5,5.1,0.9,3.26,Moderate,Gen Z
6018,5.6,2.1,7.3,2.4,5.0,2.8,Moderate,Gen Z
6019,4.5,1.4,7.4,3.0,6.7,3.14,Moderate,Gen Z
6020,7.5,1.8,7.0,2.5,2.7,3.74,High,Gen Z
6021,6.3,2.4,7.0,4.5,6.9,2.91,High,Gen Z
6022,2.9,0.0,7.6,3.6,2.7,2.63,Moderate,Gen Z
6023,5.9,1.5,5.0,1.4,2.8,2.59,Moderate,Gen Z
6024,5.3,1.4,8.2,0.4,5.2,2.98,Low,Gen Z
6025,5.4,3.9,6.1,0.1,2.2,3.18,Moderate,Gen Z
6026,3.6,2.1,7.7,4.4,4.5,2.98,High,Gen Z
6027,6.0,1.6,7.5,0.6,3.4,2.86,Low,Gen Z
6028,6.1,4.7,6.5,4.0,1.3,2.83,High,Gen Z
6029,6.2,1.1,6.6,3.7,4.2,3.31,Moderate,Gen Z
6030,3.7,3.4,5.9,4.2,5.4,2.84,High,Gen Z
6031,1.0,0.6,7.0,3.0,1.8,3.15,High,Gen Z
6032,6.9,3.7,7.0,0.4,5.5,3.51,Moderate,Gen Z
6033,6.2,1.1,6.3,2.2,3.4,3.42,High,Gen Z
6034,8.1,1.3,6.9,3.2,3.1,3.25,High,Gen Z
6035,3.9,1.2,6.1,4.4,3.4,2.8,Moderate,Gen Z
6036,6.7,1.9,8.6,2.0,4.4,3.34,Low,Gen Z
6037,5.1,3.7,8.6,2.9,3.1,3.07,Low,Gen Z
6038,7.0,0.0,7.3,3.0,2.5,3.37,Moderate,Gen Z
6039,5.8,2.5,6.1,2.3,3.1,3.22,Low,Gen Z
6040,6.4,3.1,6.0,3.3,1.0,2.81,High,Gen Z
6041,3.2,1.4,7.3,1.7,2.7,3.03,Moderate,Gen Z
6042,2.8,1.9,6.0,3.9,2.0,3.13,Low,Gen Z
6043,4.3,1.1,5.8,0.0,2.5,3.1,High,Gen Z
6044,3.9,1.8,6.6,2.4,6.3,2.67,Moderate,Gen Z
6045,6.3,2.6,7.9,2.5,2.2,3.09,Moderate,Gen Z
6046,3.2,2.0,8.1,4.9,3.9,2.9,Low,Gen Z
6047,8.5,3.5,5.0,3.7,6.0,2.96,High,Gen Z
6048,6.5,0.8,6.7,2.9,3.0,3.39,Moderate,Gen Z
6049,4.7,3.2,7.5,5.1,3.9,3.59,High,Gen Z
6050,3.8,1.5,6.0,4.0,5.7,2.69,Low,Gen Z
6051,6.6,2.2,5.5,3.5,5.2,2.78,Moderate,Gen Z
6052,6.2,1.7,5.3,1.3,2.6,3.34,Moderate,Gen Z
6053,5.1,0.0,6.3,3.3,5.2,3.16,High,Gen Z
6054,3.7,2.4,6.8,1.8,2.8,2.92,High,Gen Z
6055,5.3,3.4,7.3,2.9,4.5,2.52,Low,Gen Z
6056,2.0,2.5,5.5,5.0,4.3,3.08,Moderate,Gen Z
6057,4.7,0.7,7.3,3.8,1.9,3.46,High,Gen Z
6058,4.3,2.6,7.6,0.6,4.1,2.77,Moderate,Gen Z
6059,3.5,2.6,6.3,4.5,3.9,2.94,Low,Gen Z
6060,4.2,1.5,9.2,1.8,2.3,2.68,Moderate,Gen Z
6061,4.4,0.6,5.3,3.3,6.5,3.41,High,Gen Z
6062,3.5,2.7,7.0,3.7,4.6,3.49,Moderate,Gen Z
6063,7.3,2.1,6.7,0.4,2.2,2.83,High,Gen Z
6064,3.9,1.8,6.5,4.3,5.2,2.62,High,Gen Z
6065,3.5,0.4,7.5,3.3,1.4,3.22,High,Gen Z
6066,5.8,0.1,7.6,0.0,5.3,3.16,High,Gen Z
6067,3.8,0.5,8.1,3.7,4.8,2.24,High,Gen Z
6068,3.5,2.2,6.6,3.4,1.9,2.67,Moderate,Gen Z
6069,6.2,0.7,7.8,0.9,5.2,2.62,High,Gen Z
6070,5.7,0.8,6.2,0.6,4.3,3.15,Moderate,Gen Z
6071,3.2,1.6,7.1,1.8,1.8,3.4,Moderate,Gen Z
6072,6.4,2.7,6.3,0.1,5.5,3.21,Moderate,Gen Z
6073,4.9,0.0,6.9,2.9,7.1,2.77,Moderate,Gen Z
6074,3.8,0.8,8.6,2.1,3.1,3.1,High,Gen Z
6075,3.4,0.6,7.7,4.1,5.5,3.09,Low,Gen Z
6076,6.6,2.4,8.4,1.9,4.3,3.14,Moderate,Gen Z
6077,5.0,0.0,6.5,2.0,2.0,3.21,Low,Gen Z
6078,6.4,1.5,7.9,1.0,2.8,2.64,High,Gen Z
6079,5.3,0.2,7.6,3.7,4.9,3.22,High,Gen Z
6080,4.8,0.4,7.0,2.0,4.2,3.23,Moderate,Gen Z
6081,4.0,1.5,6.4,0.8,3.7,2.95,High,Gen Z
6082,4.8,1.8,9.5,3.0,3.4,2.36,Moderate,Gen Z
6083,5.3,2.3,5.4,1.9,0.8,3.38,High,Gen Z
6084,4.4,3.3,5.9,1.3,1.9,2.76,High,Gen Z
6085,4.7,0.0,6.2,2.8,2.9,3.51,Low,Gen Z
6086,3.4,3.4,7.0,0.7,2.9,3.15,Low,Gen Z
6087,4.0,0.0,6.3,1.8,4.1,3.36,Low,Gen Z
6088,6.1,0.0,8.7,5.2,3.3,3.11,High,Gen Z
6089,4.3,1.6,6.4,4.8,2.3,2.78,High,Gen Z
6090,6.0,0.8,7.3,4.3,5.0,2.98,Moderate,Gen Z
6091,4.5,1.9,8.3,4.0,3.8,2.02,High,Gen Z
6092,5.2,2.2,7.5,1.3,4.5,2.98,Low,Gen Z
6093,4.5,2.4,6.1,1.3,3.8,2.98,High,Gen Z
6094,3.9,0.0,6.0,3.0,3.7,3.16,Moderate,Gen Z
6095,5.2,3.1,5.9,4.4,5.7,2.63,High,Gen Z
6096,4.9,0.2,5.3,2.3,1.8,3.51,High,Gen Z
6097,7.4,0.2,7.0,3.7,2.8,3.21,Moderate,Gen Z
6098,4.2,0.3,8.0,3.3,4.6,3.25,Low,Gen Z
6099,1.0,1.2,5.6,3.1,4.1,2.48,Moderate,Gen Z
6100,6.3,1.5,6.3,3.6,5.0,2.74,Moderate,Gen Z
6101,5.8,1.1,6.6,0.7,4.4,2.45,High,Gen Z
6102,7.8,2.6,6.1,0.4,2.6,2.84,Moderate,Gen Z
6103,6.1,1.9,6.8,0.0,3.0,2.71,High,Gen Z
6104,4.9,2.6,6.5,3.9,4.7,2.69,High,Gen Z
6105,2.4,1.2,7.7,3.5,2.5,2.63,Low,Gen Z
6106,4.5,3.1,9.1,4.2,2.2,3.17,Moderate,Gen Z
6107,6.4,0.2,6.4,3.8,4.3,3.44,Low,Gen Z
6108,3.8,2.4,7.9,2.2,3.9,3.28,Moderate,Gen Z
6109,6.4,3.2,8.1,2.6,3.3,2.75,Moderate,Gen Z
6110,7.2,0.9,6.0,5.7,3.9,3.09,Moderate,Gen Z
6111,5.9,2.1,8.1,2.7,5.8,3.03,High,Gen Z
6112,4.5,1.0,6.1,4.3,2.3,3.34,High,Gen Z
6113,4.3,1.3,8.3,4.5,5.3,3.66,High,Gen Z
6114,5.9,0.7,7.1,4.3,3.6,2.46,High,Gen Z
6115,7.1,1.8,8.6,3.9,4.3,3.01,Low,Gen Z
6116,7.3,0.7,6.4,3.8,3.4,2.71,High,Gen Z
6117,5.4,1.3,7.0,3.4,1.2,2.76,High,Gen Z
6118,7.2,0.9,7.9,3.1,5.2,2.6,Low,Gen Z
6119,4.8,1.2,7.2,0.7,3.8,3.4,Moderate,Gen Z
6120,4.4,2.0,6.5,3.2,7.2,3.05,Low,Gen Z
6121,4.7,1.6,6.9,0.0,4.2,3.08,Low,Gen Z
6122,3.9,0.2,6.1,4.6,3.6,2.97,High,Gen Z
6123,4.3,2.9,7.7,3.5,4.6,3.32,Moderate,Gen Z
6124,4.2,2.7,6.1,1.4,3.1,2.43,Moderate,Gen Z
6125,4.5,2.4,6.5,2.9,6.7,3.44,High,Gen Z
6126,4.1,3.1,6.3,0.6,3.0,3.08,High,Gen Z
6127,6.0,1.4,9.5,3.5,0.7,2.71,Moderate,Gen Z
6128,5.8,2.4,8.7,1.5,4.6,3.13,Moderate,Gen Z
6129,4.6,2.2,7.4,1.5,4.5,2.83,Moderate,Gen Z
6130,6.2,2.5,7.8,3.3,1.8,3.41,Moderate,Gen Z
6131,4.7,0.5,7.0,2.7,4.6,2.37,Moderate,Gen Z
6132,2.3,4.2,6.5,0.9,4.4,2.65,High,Gen Z
6133,6.2,1.5,6.1,2.7,3.9,2.61,High,Gen Z
6134,3.5,3.0,6.6,6.0,4.1,2.99,Moderate,Gen Z
6135,6.0,1.7,5.7,5.2,4.5,2.96,Low,Gen Z
6136,4.0,0.5,6.0,2.6,3.8,2.97,High,Gen Z
6137,4.9,2.9,7.4,3.6,5.8,3.21,High,Gen Z
6138,5.2,1.0,7.5,3.3,2.7,3.01,Moderate,Gen Z
6139,5.2,1.2,6.1,3.1,4.7,3.56,Moderate,Gen Z
6140,5.5,3.2,7.3,2.4,4.1,3.45,Moderate,Gen Z
6141,4.8,2.0,6.9,3.1,5.5,1.68,Moderate,Gen Z
6142,4.4,0.8,6.9,2.3,3.7,2.81,High,Gen Z
6143,6.1,1.4,4.0,3.9,4.0,3.16,Low,Gen Z
6144,6.6,0.2,7.7,2.1,4.6,3.25,High,Gen Z
6145,4.0,2.3,7.0,6.2,4.0,3.5,High,Gen Z
6146,3.7,1.2,7.6,2.4,3.3,3.38,High,Gen Z
6147,2.9,1.3,7.0,0.0,2.9,3.21,Moderate,Gen Z
6148,6.6,2.4,6.4,1.1,2.5,3.45,Low,Gen Z
6149,5.4,1.3,8.1,1.0,2.8,2.19,Moderate,Gen Z
6150,4.3,1.3,7.4,2.7,3.7,3.24,High,Gen Z
6151,4.2,1.1,6.3,5.2,3.2,3.41,Moderate,Gen Z
6152,4.8,2.3,6.7,2.7,4.5,2.8,High,Gen Z
6153,3.9,0.7,8.0,3.2,3.8,3.26,Moderate,Gen Z
6154,8.1,0.2,7.4,3.2,2.4,3.32,High,Gen Z
6155,4.6,2.9,8.6,1.7,2.0,3.33,High,Gen Z
6156,5.2,0.3,7.3,1.6,4.1,3.01,Low,Gen Z
6157,4.6,3.5,6.0,2.8,5.5,2.97,Low,Gen Z
6158,3.8,2.8,7.1,1.6,0.0,3.04,High,Gen Z
6159,3.0,1.9,9.2,5.7,2.5,3.44,High,Gen Z
6160,3.8,0.4,6.8,3.1,3.4,2.68,High,Gen Z
6161,3.7,1.7,7.4,4.6,4.1,2.89,High,Gen Z
6162,5.5,3.0,5.9,0.8,4.1,3.19,Low,Gen Z
6163,3.9,1.4,7.2,4.3,1.8,3.1,High,Gen Z
6164,4.7,1.2,7.8,5.5,1.9,2.76,Low,Gen Z
6165,5.3,0.9,7.7,1.7,3.9,2.65,Moderate,Gen Z
6166,4.2,0.4,6.8,6.4,3.3,3.15,High,Gen Z
6167,4.9,0.9,6.2,2.9,4.0,3.59,High,Gen Z
6168,3.6,3.7,7.3,1.6,3.9,3.16,Moderate,Gen Z
6169,7.3,0.7,8.0,2.5,3.9,3.25,Low,Gen Z
6170,3.4,3.6,7.6,5.4,6.4,2.73,High,Gen Z
6171,2.8,0.5,8.9,3.3,2.1,2.63,Moderate,Gen Z
6172,5.1,2.9,4.6,2.5,5.2,3.5,Low,Gen Z
6173,4.7,1.2,8.2,4.0,3.0,3.46,High,Gen Z
6174,3.6,0.7,6.5,4.3,4.1,3.34,High,Gen Z
6175,8.0,3.1,6.8,2.9,3.6,2.63,High,Gen Z
6176,4.8,0.7,6.8,4.0,6.0,3.29,Moderate,Gen Z
6177,4.0,2.8,6.1,2.3,4.7,2.8,Moderate,Gen Z
6178,2.2,1.9,5.9,2.6,3.4,3.45,High,Gen Z
6179,5.4,0.6,8.2,2.3,5.5,3.11,Moderate,Gen Z
6180,6.7,0.4,6.0,4.0,3.7,3.24,High,Gen Z
6181,5.8,2.7,6.9,2.5,4.5,2.72,Moderate,Gen Z
6182,4.5,0.6,8.8,0.0,4.3,2.76,High,Gen Z
6183,5.6,2.6,6.5,3.6,5.5,2.93,Low,Gen Z
6184,1.6,0.9,5.7,2.3,2.8,2.35,High,Gen Z
6185,5.4,1.7,6.7,2.8,0.3,2.62,Low,Gen Z
6186,4.9,1.3,4.8,2.5,6.7,3.27,High,Gen Z
6187,5.7,2.1,6.5,2.9,4.9,3.32,High,Gen Z
6188,6.4,2.1,8.2,2.1,0.7,3.19,High,Gen Z
6189,7.4,1.7,6.4,1.6,6.4,2.49,Moderate,Gen Z
6190,7.6,0.7,7.6,2.9,2.6,3.21,Moderate,Gen Z
6191,3.5,2.1,6.8,3.1,3.2,2.96,Moderate,Gen Z
6192,5.3,1.3,8.3,3.0,4.1,3.22,Low,Gen Z
6193,6.2,1.5,9.2,4.6,5.8,3.08,Moderate,Gen Z
6194,2.4,1.2,6.5,2.1,4.3,3.16,High,Gen Z
6195,5.7,2.3,7.1,3.1,4.9,2.67,High,Gen Z
6196,6.0,2.1,6.6,5.4,5.5,2.41,Moderate,Gen Z
6197,3.5,1.7,5.9,5.5,5.0,3.38,Moderate,Gen Z
6198,5.1,0.6,6.5,1.8,3.2,3.1,High,Gen Z
6199,5.3,3.0,7.1,4.2,3.9,2.56,High,Gen Z
6200,3.8,1.5,7.7,4.0,3.9,2.82,High,Gen Z
6201,6.0,1.4,10.0,6.0,5.0,2.95,Moderate,Gen Z
6202,5.5,2.0,7.1,3.5,5.4,3.0,High,Gen Z
6203,5.4,2.6,6.8,5.1,3.8,3.1,Low,Gen Z
6204,4.3,1.9,6.6,1.8,3.6,3.59,High,Gen Z
6205,5.0,0.9,7.1,6.3,1.6,2.95,Moderate,Gen Z
6206,3.0,1.7,6.1,3.3,1.3,2.77,Moderate,Gen Z
6207,2.6,1.9,5.9,1.0,4.1,3.16,Moderate,Gen Z
6208,4.3,1.7,7.0,1.0,3.1,3.23,High,Gen Z
6209,7.0,3.4,8.0,1.6,4.1,3.15,Low,Gen Z
6210,4.9,0.6,6.0,1.7,3.0,3.34,Moderate,Gen Z
6211,4.0,2.6,6.2,5.2,1.8,2.84,Moderate,Gen Z
6212,2.8,1.1,7.0,2.4,3.6,3.58,Moderate,Gen Z
6213,3.5,1.9,8.1,3.8,5.2,2.99,Moderate,Gen Z
6214,5.0,0.0,6.7,4.5,3.4,3.06,Moderate,Gen Z
6215,7.3,2.1,6.8,4.4,3.1,3.28,High,Gen Z
6216,2.9,0.0,6.6,4.5,4.2,2.98,High,Gen Z
6217,7.0,0.3,6.8,1.8,3.8,2.21,High,Gen Z
6218,7.4,0.0,8.5,3.9,6.7,3.06,Moderate,Gen Z
6219,7.1,1.2,5.8,2.2,2.7,2.52,Moderate,Gen Z
6220,7.1,1.7,5.7,3.6,1.1,3.15,Moderate,Gen Z
6221,5.4,0.7,7.0,3.1,4.7,2.67,High,Gen Z
6222,4.4,0.1,4.9,1.0,5.2,2.47,Moderate,Gen Z
6223,6.7,1.9,5.4,3.8,5.9,2.93,High,Gen Z
6224,4.4,2.4,8.1,3.6,4.1,3.19,Low,Gen Z
6225,2.7,1.7,7.4,0.4,1.9,3.27,Low,Gen Z
6226,4.3,1.2,6.9,3.4,2.5,2.68,High,Gen Z
6227,5.3,0.9,5.6,1.9,2.5,3.1,High,Gen Z
6228,7.2,2.0,6.8,4.0,3.9,3.11,High,Gen Z
6229,3.8,2.2,8.4,3.0,3.0,2.95,High,Gen Z
6230,7.4,2.8,8.4,3.1,1.7,3.35,Low,Gen Z
6231,2.1,1.6,5.5,1.3,4.1,3.78,High,Gen Z
6232,6.1,1.8,6.5,3.5,2.3,2.84,High,Gen Z
6233,1.0,1.8,6.3,0.0,6.0,3.28,High,Gen Z
6234,5.3,0.0,6.0,2.6,2.5,3.11,Moderate,Gen Z
6235,5.0,2.3,7.0,2.3,3.1,2.75,Low,Gen Z
6236,3.1,3.3,7.0,3.4,4.2,2.69,Low,Gen Z
6237,5.0,2.7,7.8,6.8,2.5,2.9,High,Gen Z
6238,4.6,1.7,7.2,2.9,4.6,3.33,High,Gen Z
6239,2.9,0.8,7.4,2.7,2.5,2.95,High,Gen Z
6240,4.0,2.1,6.6,2.9,1.4,3.36,High,Gen Z
6241,6.0,1.4,7.1,3.9,2.0,2.68,Moderate,Gen Z
6242,6.8,0.0,6.1,4.3,0.9,2.95,Moderate,Gen Z
6243,5.5,1.4,7.3,3.9,4.8,2.91,Moderate,Gen Z
6244,4.0,1.0,6.5,3.5,1.7,2.7,High,Gen Z
6245,5.9,0.0,7.5,4.4,1.6,2.89,Moderate,Gen Z
6246,5.2,3.1,6.5,4.1,5.0,2.87,High,Gen Z
6247,3.8,3.9,7.0,3.1,1.2,3.21,Moderate,Gen Z
6248,5.8,1.4,7.9,2.6,4.7,3.22,High,Gen Z
6249,6.1,2.1,6.6,5.1,2.9,2.39,High,Gen Z
6250,6.2,1.7,7.2,4.1,4.8,2.85,Low,Gen Z
6251,3.3,1.0,6.3,2.7,3.4,2.62,High,Gen Z
6252,5.6,0.7,9.0,0.8,2.2,2.53,High,Gen Z
6253,6.6,0.9,7.2,4.4,3.7,3.03,Moderate,Gen Z
6254,4.7,1.6,6.8,3.6,1.2,2.71,Low,Gen Z
6255,5.0,2.3,6.0,2.9,6.0,3.09,Low,Gen Z
6256,6.4,2.3,8.0,5.6,4.7,3.59,High,Gen Z
6257,4.3,2.4,6.8,1.0,2.8,3.22,High,Gen Z
6258,5.4,2.0,7.0,1.5,2.0,2.63,High,Gen Z
6259,4.6,2.0,6.1,2.3,2.8,2.88,High,Gen Z
6260,5.5,0.0,6.7,1.2,3.2,2.93,Moderate,Gen Z
6261,2.3,0.0,7.9,0.6,4.3,3.07,Moderate,Gen Z
6262,5.0,2.3,6.9,2.9,2.9,2.8,Moderate,Gen Z
6263,4.2,0.0,5.5,3.3,4.0,2.71,High,Gen Z
6264,4.7,2.3,7.4,2.2,1.9,2.73,Moderate,Gen Z
6265,5.0,2.3,8.3,4.1,4.2,3.08,Low,Gen Z
6266,3.9,1.2,4.5,2.5,3.3,2.63,Low,Gen Z
6267,4.4,3.4,6.2,3.1,3.3,2.94,High,Gen Z
6268,4.1,1.7,7.9,4.4,4.8,2.84,Moderate,Gen Z
6269,4.1,1.2,8.0,1.7,3.4,2.94,Low,Gen Z
6270,6.3,1.7,6.2,3.7,6.5,2.84,Moderate,Gen Z
6271,4.8,1.7,9.0,4.2,1.5,2.73,High,Gen Z
6272,5.5,1.2,6.0,2.2,4.8,2.91,Moderate,Gen Z
6273,3.5,2.6,7.1,3.8,3.5,3.46,Moderate,Gen Z
6274,3.8,2.6,7.0,2.0,4.2,3.45,Moderate,Gen Z
6275,4.5,1.0,8.6,3.8,4.6,2.77,Moderate,Gen Z
6276,4.3,1.5,8.1,2.0,4.2,2.72,High,Gen Z
6277,6.6,1.4,7.4,6.1,4.8,2.99,High,Gen Z
6278,5.1,2.8,9.0,4.3,2.4,3.06,Moderate,Gen Z
6279,6.9,2.4,6.8,1.9,4.3,3.2,Low,Gen Z
6280,4.7,2.0,8.6,2.7,2.5,3.04,Low,Gen Z
6281,6.7,0.5,6.5,4.2,4.4,2.6,High,Gen Z
6282,3.6,2.0,7.7,1.4,5.0,2.38,Moderate,Gen Z
6283,2.9,2.8,6.8,2.2,1.2,3.29,High,Gen Z
6284,5.4,3.5,7.4,4.4,5.5,3.62,Moderate,Gen Z
6285,5.2,2.5,7.1,5.2,3.1,2.6,High,Gen Z
6286,7.3,3.0,8.1,2.5,1.7,2.36,Moderate,Gen Z
6287,6.4,2.2,5.9,3.5,7.2,2.54,Low,Gen Z
6288,8.0,2.0,6.3,3.0,3.2,3.1,Moderate,Gen Z
6289,4.8,1.4,8.0,0.0,8.0,2.72,Moderate,Gen Z
6290,4.0,2.3,6.2,2.5,3.5,3.52,Moderate,Gen Z
6291,3.1,0.7,6.6,4.3,3.5,3.03,Moderate,Gen Z
6292,4.9,3.7,5.7,0.2,2.5,2.09,Low,Gen Z
6293,4.9,0.0,8.4,4.2,3.4,3.13,Moderate,Gen Z
6294,2.6,1.8,8.0,3.5,4.1,2.65,High,Gen Z
6295,6.4,1.0,8.8,3.3,3.4,2.87,Low,Gen Z
6296,6.9,1.7,6.7,5.4,4.6,3.18,High,Gen Z
6297,2.6,0.0,7.3,4.2,1.0,2.69,Low,Gen Z
6298,4.1,2.2,8.5,2.9,2.1,2.39,Moderate,Gen Z
6299,4.9,0.8,7.1,4.5,6.8,2.46,High,Gen Z
6300,4.5,1.8,7.3,4.1,3.7,3.2,Low,Gen Z
6301,4.3,1.8,6.0,4.5,2.5,2.95,High,Gen Z
6302,4.7,3.6,8.5,3.0,2.1,3.46,Moderate,Gen Z
6303,5.2,2.8,6.9,3.9,7.5,2.81,Moderate,Gen Z
6304,4.6,2.2,5.8,4.9,3.9,2.62,Low,Gen Z
6305,6.7,0.6,7.7,3.8,4.8,3.95,Moderate,Gen Z
6306,6.2,2.3,4.8,1.2,5.3,2.65,Low,Gen Z
6307,5.3,1.0,8.4,3.1,2.0,2.76,Moderate,Gen Z
6308,8.5,0.0,6.4,1.3,1.8,3.04,Moderate,Gen Z
6309,6.0,2.1,6.5,3.7,3.9,2.96,High,Gen Z
6310,3.0,0.5,6.8,0.3,5.2,3.34,Moderate,Gen Z
6311,4.4,1.6,8.3,3.2,2.1,2.62,High,Gen Z
6312,6.6,3.1,9.0,4.1,1.1,3.46,Moderate,Gen Z
6313,4.9,0.9,5.9,1.4,1.9,2.71,Moderate,Gen Z
6314,5.3,2.2,6.4,3.9,6.0,3.0,High,Gen Z
6315,5.6,0.7,7.9,3.1,1.4,2.81,Moderate,Gen Z
6316,5.1,0.2,6.4,3.9,0.6,3.01,Moderate,Gen Z
6317,8.1,0.7,5.5,1.7,3.3,2.87,Moderate,Gen Z
6318,5.7,0.8,6.2,2.9,2.7,3.46,Low,Gen Z
6319,3.8,2.4,8.1,0.0,3.8,2.34,High,Gen Z
6320,4.6,1.9,7.8,2.9,2.3,3.48,Moderate,Gen Z
6321,5.3,1.7,6.1,6.5,5.8,2.84,Moderate,Gen Z
6322,6.0,2.5,5.9,2.6,5.0,2.87,Moderate,Gen Z
6323,3.1,3.2,7.2,0.6,2.4,2.16,Low,Gen Z
6324,4.4,1.0,8.2,3.3,3.9,3.21,High,Gen Z
6325,4.6,2.7,6.8,4.1,3.9,2.69,Moderate,Gen Z
6326,5.2,3.7,8.5,2.9,1.8,3.15,Moderate,Gen Z
6327,6.7,1.9,7.4,1.7,3.1,3.37,High,Gen Z
6328,5.3,1.8,7.1,2.6,7.9,3.11,High,Gen Z
6329,3.9,0.3,6.8,2.8,2.8,2.62,Low,Gen Z
6330,6.5,1.5,7.3,3.5,2.9,2.89,High,Gen Z
6331,4.1,0.7,7.2,2.2,0.8,3.37,Low,Gen Z
6332,7.4,1.8,6.6,1.6,3.6,2.59,Moderate,Gen Z
6333,6.0,2.2,8.3,2.5,3.9,3.24,Moderate,Gen Z
6334,4.6,3.1,7.2,3.0,3.8,3.17,Moderate,Gen Z
6335,3.5,1.5,7.3,5.3,4.3,3.09,Moderate,Gen Z
6336,5.5,1.4,6.0,0.0,2.3,3.35,Low,Gen Z
6337,4.9,1.8,6.3,2.8,3.7,2.11,Moderate,Gen Z
6338,4.8,1.3,8.0,3.1,3.5,3.33,Low,Gen Z
6339,7.0,1.5,5.9,2.7,5.6,2.73,Moderate,Gen Z
6340,4.2,0.4,6.5,4.1,6.0,2.41,High,Gen Z
6341,6.0,3.4,5.5,3.2,4.1,2.69,Low,Gen Z
6342,6.5,0.4,4.8,3.5,2.5,3.42,High,Gen Z
6343,3.2,1.3,6.1,3.4,4.7,2.99,High,Gen Z
6344,3.8,2.5,6.0,3.7,2.3,3.3,Moderate,Gen Z
6345,3.1,0.4,6.6,2.4,3.6,2.72,Low,Gen Z
6346,2.8,4.4,8.9,2.2,2.4,3.25,Moderate,Gen Z
6347,7.0,3.6,8.0,1.0,1.9,3.47,High,Gen Z
6348,3.4,1.6,7.7,4.8,4.2,3.05,High,Gen Z
6349,4.6,2.5,8.3,1.9,3.2,2.58,Moderate,Gen Z
6350,5.5,0.7,7.1,5.1,5.0,2.99,Moderate,Gen Z
6351,3.6,1.5,7.5,4.7,3.9,2.58,Moderate,Gen Z
6352,8.8,0.8,7.1,2.0,4.3,3.32,High,Gen Z
6353,4.8,2.0,6.3,5.5,2.4,3.26,Low,Gen Z
6354,1.4,1.6,7.3,4.0,1.6,3.04,High,Gen Z
6355,5.4,3.0,5.1,2.2,3.5,3.47,Low,Gen Z
6356,5.8,4.4,6.6,3.1,2.8,2.9,High,Gen Z
6357,6.6,2.4,6.0,2.4,1.8,3.06,Moderate,Gen Z
6358,2.7,2.4,4.7,3.2,2.8,3.08,Low,Gen Z
6359,4.2,0.0,7.2,4.6,1.9,2.87,Low,Gen Z
6360,3.8,2.9,7.8,1.5,4.6,3.24,Moderate,Gen Z
6361,5.3,3.4,7.9,2.3,7.1,3.19,Low,Gen Z
6362,5.4,2.1,6.7,3.6,2.4,3.46,High,Gen Z
6363,4.1,2.9,7.6,2.9,7.4,3.21,Low,Gen Z
6364,5.0,0.5,8.1,3.2,3.6,3.07,Low,Gen Z
6365,5.8,0.7,6.5,1.1,4.3,2.75,High,Gen Z
6366,5.6,2.2,6.3,1.7,4.0,3.7,High,Gen Z
6367,1.6,2.9,7.5,3.7,1.8,3.45,High,Gen Z
6368,3.7,1.4,7.7,0.8,4.1,2.91,Moderate,Gen Z
6369,7.3,1.9,7.6,3.7,4.4,3.16,Low,Gen Z
6370,4.6,1.0,9.2,2.6,5.7,3.53,High,Gen Z
6371,5.0,0.4,7.3,3.8,0.1,2.79,Moderate,Gen Z
6372,4.9,1.4,6.9,5.1,4.2,2.66,High,Gen Z
6373,5.7,2.3,6.5,3.1,3.6,2.4,High,Gen Z
6374,5.0,0.2,7.7,1.9,4.8,3.04,High,Gen Z
6375,2.4,0.4,6.8,4.6,6.7,2.26,High,Gen Z
6376,5.1,0.7,5.9,2.8,1.7,2.33,High,Gen Z
6377,6.2,1.7,6.8,0.8,1.6,2.93,Moderate,Gen Z
6378,5.2,0.4,7.2,2.6,3.6,3.6,Moderate,Gen Z
6379,4.2,0.8,5.1,3.4,4.3,2.71,Moderate,Gen Z
6380,4.6,2.0,7.4,3.0,4.0,2.83,Moderate,Gen Z
6381,3.8,1.9,6.9,2.0,3.5,3.18,High,Gen Z
6382,7.3,3.6,6.3,1.6,0.6,2.83,Moderate,Gen Z
6383,5.1,0.8,9.3,3.7,5.2,3.02,High,Gen Z
6384,4.1,0.2,7.9,4.3,2.6,3.08,High,Gen Z
6385,3.3,1.0,7.5,4.4,4.0,2.72,High,Gen Z
6386,6.3,1.7,5.4,2.8,4.3,2.9,High,Gen Z
6387,4.9,0.6,6.3,4.7,1.8,3.16,Moderate,Gen Z
6388,2.7,1.2,8.5,3.0,4.5,3.07,High,Gen Z
6389,6.1,2.3,7.9,3.5,4.9,3.38,High,Gen Z
6390,3.6,0.6,7.6,1.1,3.3,2.83,Moderate,Gen Z
6391,7.3,0.2,6.4,5.9,4.3,2.79,Low,Gen Z
6392,3.6,1.6,9.7,1.0,5.3,2.64,High,Gen Z
6393,6.4,1.5,8.5,0.9,5.4,2.87,Low,Gen Z
6394,5.2,1.0,7.6,4.1,1.6,3.7,High,Gen Z
6395,7.4,0.0,5.1,3.7,3.4,2.54,Moderate,Gen Z
6396,3.8,0.7,6.1,2.5,6.7,2.8,Low,Gen Z
6397,3.0,2.2,4.7,1.5,0.4,2.97,Moderate,Gen Z
6398,5.4,2.1,5.1,1.9,2.7,2.53,High,Gen Z
6399,5.3,1.2,5.5,1.9,3.7,3.07,Moderate,Gen Z
6400,5.7,0.8,7.7,6.3,4.8,2.9,High,Gen Z
6401,6.5,1.6,7.1,5.6,1.7,2.79,Moderate,Gen Z
6402,3.0,2.0,6.2,3.0,3.1,3.06,High,Gen Z
6403,5.2,1.0,6.6,2.4,3.5,2.94,Low,Gen Z
6404,6.5,2.2,7.4,1.1,2.1,2.84,High,Gen Z
6405,2.8,1.7,6.5,1.7,5.5,3.02,Moderate,Gen Z
6406,8.0,2.5,8.5,5.1,4.6,2.23,High,Gen Z
6407,4.6,3.5,7.9,2.3,6.8,3.1,Moderate,Gen Z
6408,5.8,2.8,7.6,1.0,7.1,2.93,Moderate,Gen Z
6409,2.3,2.7,5.9,1.7,4.0,2.33,High,Gen Z
6410,3.3,1.3,6.6,5.0,4.4,2.29,Moderate,Gen Z
6411,6.8,1.5,5.7,2.5,3.7,3.32,High,Gen Z
6412,4.0,2.3,7.8,5.0,3.3,2.78,Moderate,Gen Z
6413,7.0,2.1,7.4,3.5,3.0,2.64,Low,Gen Z
6414,4.2,2.7,5.1,4.5,1.4,2.46,Low,Gen Z
6415,5.9,2.4,6.2,4.1,4.8,3.05,High,Gen Z
6416,5.1,3.5,6.6,2.7,5.6,2.48,Moderate,Gen Z
6417,4.4,2.2,6.4,0.7,3.0,3.08,Moderate,Gen Z
6418,4.5,1.0,7.8,1.6,6.2,3.39,High,Gen Z
6419,4.6,2.1,5.5,2.0,4.5,3.15,Moderate,Gen Z
6420,4.2,1.0,5.4,2.7,5.1,3.41,Moderate,Gen Z
6421,4.9,0.9,6.2,3.6,1.4,2.94,High,Gen Z
6422,5.5,4.5,5.4,3.0,3.8,2.79,Low,Gen Z
6423,4.3,2.5,7.3,4.8,3.6,2.41,High,Gen Z
6424,4.1,2.4,6.8,2.2,4.0,2.86,Moderate,Gen Z
6425,4.1,0.0,8.4,4.8,7.3,2.74,Moderate,Gen Z
6426,8.2,0.2,7.3,3.5,3.8,2.65,Low,Gen Z
6427,4.7,0.7,6.4,2.8,3.3,3.19,Moderate,Gen Z
6428,1.9,2.5,7.2,4.4,4.6,3.1,Low,Gen Z
6429,5.9,2.4,7.0,2.8,4.0,2.63,High,Gen Z
6430,6.6,2.8,5.9,2.6,2.0,2.72,Low,Gen Z
6431,6.4,2.3,7.1,2.5,4.5,2.9,Moderate,Gen Z
6432,6.0,0.0,5.9,2.9,2.8,2.71,Low,Gen Z
6433,7.6,0.1,7.2,3.9,4.7,3.5,Low,Gen Z
6434,6.3,1.4,6.2,2.4,3.0,3.12,High,Gen Z
6435,4.8,0.7,6.4,4.2,2.0,3.4,High,Gen Z
6436,4.1,3.0,8.0,2.5,4.5,2.82,Moderate,Gen Z
6437,5.9,0.2,7.3,1.5,1.5,2.97,Low,Gen Z
6438,6.1,0.0,6.3,1.2,2.4,2.49,Low,Gen Z
6439,3.1,0.0,5.6,2.7,6.2,3.59,Moderate,Gen Z
6440,3.3,0.1,5.7,2.8,3.8,3.19,High,Gen Z
6441,5.3,3.4,6.9,2.4,0.8,2.61,Moderate,Gen Z
6442,5.2,0.4,7.9,2.8,2.9,3.14,Low,Gen Z
6443,6.2,2.7,7.1,1.4,1.7,2.76,High,Gen Z
6444,4.8,1.3,10.0,0.4,3.8,2.91,Low,Gen Z
6445,6.5,0.5,5.6,3.0,2.1,2.5,High,Gen Z
6446,4.2,3.4,7.4,3.8,5.0,2.99,Moderate,Gen Z
6447,4.7,1.8,8.4,2.2,4.2,2.87,Moderate,Gen Z
6448,4.6,1.7,7.0,2.0,4.1,3.15,Low,Gen Z
6449,4.5,3.6,6.5,3.3,5.4,3.48,High,Gen Z
6450,4.2,1.0,7.8,3.3,5.2,3.42,Moderate,Gen Z
6451,5.0,2.5,6.7,2.5,6.3,3.12,Moderate,Gen Z
6452,5.0,3.6,7.4,3.8,5.5,2.93,Moderate,Gen Z
6453,4.9,1.5,8.3,3.2,5.0,2.61,Moderate,Gen Z
6454,4.1,2.9,7.3,3.3,5.1,2.85,Moderate,Gen Z
6455,3.2,1.1,8.2,1.5,3.3,3.04,Moderate,Gen Z
6456,4.7,1.2,7.8,4.1,4.2,2.98,High,Gen Z
6457,4.0,3.4,6.4,4.4,2.6,3.31,Moderate,Gen Z
6458,4.1,1.9,6.4,3.8,2.3,3.2,High,Gen Z
6459,7.5,1.3,8.2,3.1,1.7,3.16,High,Gen Z
6460,5.2,2.2,7.4,2.5,4.2,2.82,Moderate,Gen Z
6461,5.8,1.9,9.0,4.1,3.7,2.88,Moderate,Gen Z
6462,3.9,2.2,6.3,3.1,5.4,2.98,Moderate,Gen Z
6463,3.3,2.8,6.8,3.3,6.8,3.44,High,Gen Z
6464,3.8,2.3,7.8,1.2,3.1,3.31,High,Gen Z
6465,5.1,1.4,6.8,0.0,4.7,2.27,High,Gen Z
6466,2.8,2.9,8.2,3.2,4.6,2.88,Low,Gen Z
6467,4.5,3.0,7.1,3.0,4.0,3.24,High,Gen Z
6468,5.3,0.7,6.6,1.5,5.9,2.97,Low,Gen Z
6469,7.9,1.1,5.9,2.8,5.0,2.39,High,Gen Z
6470,3.6,2.3,5.6,4.3,4.4,2.74,High,Gen Z
6471,6.5,3.3,7.1,2.1,2.6,3.13,High,Gen Z
6472,5.9,1.0,7.8,3.4,5.9,2.51,High,Gen Z
6473,6.0,2.4,6.5,5.8,1.7,2.17,High,Gen Z
6474,6.8,0.6,6.9,3.9,4.6,2.22,High,Gen Z
6475,6.4,0.0,7.2,3.4,2.8,2.14,High,Gen Z
6476,4.1,0.5,7.0,0.0,1.0,3.13,Low,Gen Z
6477,5.6,2.3,7.4,4.1,6.4,2.49,Moderate,Gen Z
6478,6.9,1.2,8.5,4.6,2.7,2.57,High,Gen Z
6479,4.4,1.5,4.6,5.0,6.1,3.19,Moderate,Gen Z
6480,4.2,2.5,7.6,1.8,4.2,2.84,High,Gen Z
6481,4.2,2.2,6.2,1.8,1.7,3.1,High,Gen Z
6482,6.9,2.4,5.6,2.0,5.8,3.01,High,Gen Z
6483,3.1,2.4,5.3,1.9,4.9,3.09,High,Gen Z
6484,3.4,1.9,9.0,3.8,2.3,3.31,High,Gen Z
6485,5.9,3.5,8.1,2.3,3.1,2.83,High,Gen Z
6486,4.2,0.0,6.4,3.9,4.7,2.93,High,Gen Z
6487,4.4,2.2,9.8,2.5,3.0,3.13,Low,Gen Z
6488,4.7,2.1,6.3,5.5,2.6,2.95,Moderate,Gen Z
6489,7.4,2.1,7.6,2.4,7.1,3.05,Moderate,Gen Z
6490,4.0,2.3,6.0,1.7,4.2,3.73,Low,Gen Z
6491,5.8,2.7,7.7,2.5,2.3,3.02,Moderate,Gen Z
6492,3.5,1.6,7.1,5.1,2.7,3.14,Moderate,Gen Z
6493,2.5,0.7,8.1,2.8,5.1,2.65,Moderate,Gen Z
6494,3.7,4.2,4.4,2.0,2.9,2.52,High,Gen Z
6495,6.4,1.8,8.5,5.8,4.3,3.08,High,Gen Z
6496,4.9,0.5,7.9,1.0,3.2,2.83,Moderate,Gen Z
6497,6.1,0.5,8.2,0.2,5.3,2.89,Low,Gen Z
6498,6.9,1.4,10.0,3.3,5.1,2.86,High,Gen Z
6499,3.8,2.6,8.6,2.9,1.7,3.72,High,Gen Z
6500,5.0,1.8,7.2,3.0,2.6,3.33,High,Gen Z
6501,3.7,1.8,7.2,0.9,5.2,2.93,High,Gen Z
6502,3.4,2.2,7.4,2.2,1.3,3.85,Moderate,Gen Z
6503,5.6,1.3,7.8,1.3,2.3,3.02,Moderate,Gen Z
6504,6.0,0.2,5.6,3.7,4.5,3.07,High,Gen Z
6505,2.9,1.4,6.1,3.4,2.3,2.65,High,Gen Z
6506,5.2,2.1,8.3,2.9,2.7,3.16,Moderate,Gen Z
6507,3.5,1.6,7.0,3.3,2.5,2.81,Moderate,Gen Z
6508,6.1,1.0,6.6,2.6,3.7,3.11,High,Gen Z
6509,5.6,0.0,7.4,2.7,3.1,2.78,Moderate,Gen Z
6510,6.4,2.0,7.7,4.9,1.9,3.06,Moderate,Gen Z
6511,6.9,1.7,8.1,3.0,2.3,3.35,Moderate,Gen Z
6512,4.6,2.2,7.2,2.6,1.2,2.85,High,Gen Z
6513,6.1,1.7,8.9,1.4,2.4,2.77,Moderate,Gen Z
6514,3.4,2.3,6.2,3.4,4.4,2.66,High,Gen Z
6515,4.3,1.8,5.4,4.2,2.6,2.33,Moderate,Gen Z
6516,6.4,1.2,7.8,2.9,4.1,2.79,Moderate,Gen Z
6517,4.9,3.1,5.8,1.8,6.5,3.06,Moderate,Gen Z
6518,4.9,1.5,6.4,3.1,3.6,3.15,Moderate,Gen Z
6519,6.3,0.6,5.7,2.8,5.9,3.09,High,Gen Z
6520,4.1,0.9,6.5,2.1,1.7,2.32,Moderate,Gen Z
6521,6.5,1.7,6.5,2.3,4.4,3.14,Low,Gen Z
6522,6.5,0.0,8.5,2.1,4.7,3.2,High,Gen Z
6523,2.4,2.3,8.0,0.0,3.8,2.34,Moderate,Gen Z
6524,2.7,2.0,6.8,3.6,4.6,3.27,Low,Gen Z
6525,5.5,0.1,4.6,3.0,4.4,2.96,Moderate,Gen Z
6526,4.2,1.0,5.2,1.4,2.2,2.9,High,Gen Z
6527,7.3,3.8,7.3,2.3,4.5,3.29,High,Gen Z
6528,2.0,0.0,8.1,3.2,6.1,3.35,High,Gen Z
6529,4.3,1.1,6.2,5.1,5.1,2.85,Low,Gen Z
6530,4.4,2.8,6.2,0.0,2.3,2.97,Moderate,Gen Z
6531,2.5,1.2,8.1,3.9,3.6,2.58,Low,Gen Z
6532,3.4,0.5,6.5,2.2,5.8,2.45,Moderate,Gen Z
6533,4.3,1.5,8.1,5.1,3.9,2.68,High,Gen Z
6534,4.7,0.0,7.2,4.0,2.5,2.78,High,Gen Z
6535,3.5,3.1,6.6,6.3,3.4,2.92,Moderate,Gen Z
6536,6.1,1.3,5.6,2.1,4.2,3.54,High,Gen Z
6537,5.1,1.3,6.3,4.7,3.7,3.47,High,Gen Z
6538,4.1,0.7,5.2,2.9,6.5,3.08,High,Gen Z
6539,4.1,2.4,6.5,3.6,3.2,2.32,Moderate,Gen Z
6540,7.1,3.5,6.9,2.6,5.4,2.99,High,Gen Z
6541,5.4,3.1,7.7,3.9,1.5,2.45,High,Gen Z
6542,4.0,1.6,7.4,2.8,3.5,3.43,High,Gen Z
6543,4.9,0.0,8.2,0.6,2.2,3.33,Moderate,Gen Z
6544,6.3,2.0,5.9,4.1,6.2,2.69,Low,Gen Z
6545,2.8,1.1,7.7,0.0,6.2,3.08,High,Gen Z
6546,2.5,2.4,6.8,3.8,3.5,2.81,High,Gen Z
6547,5.4,0.9,7.4,4.2,3.5,2.27,Moderate,Gen Z
6548,2.9,3.7,7.8,2.6,2.3,3.22,Moderate,Gen Z
6549,5.9,0.0,6.3,3.6,1.9,2.91,High,Gen Z
6550,4.9,0.6,7.2,4.2,5.6,2.86,Low,Gen Z
6551,5.3,1.8,7.2,2.0,5.8,2.83,High,Gen Z
6552,5.1,1.4,8.8,2.5,6.6,2.81,Moderate,Gen Z
6553,4.4,1.5,6.9,3.9,5.1,2.63,High,Gen Z
6554,2.7,2.2,7.2,0.0,6.2,3.4,Low,Gen Z
6555,4.9,3.2,8.7,3.2,1.0,2.93,Moderate,Gen Z
6556,5.5,1.9,5.4,5.4,4.1,2.92,High,Gen Z
6557,3.5,1.8,6.2,3.0,4.7,3.22,High,Gen Z
6558,3.5,3.7,7.4,0.6,2.3,2.69,High,Gen Z
6559,5.7,0.9,8.6,4.8,1.3,2.48,High,Gen Z
6560,3.7,3.5,8.7,2.5,2.9,3.13,Moderate,Gen Z
6561,5.2,2.3,7.5,4.8,0.0,2.7,High,Gen Z
6562,2.7,1.2,7.1,3.5,3.0,2.89,Low,Gen Z
6563,4.3,2.6,6.7,1.9,5.7,3.04,High,Gen Z
6564,6.0,0.9,6.3,3.0,5.6,2.91,Low,Gen Z
6565,3.6,2.3,6.0,2.9,2.9,3.5,Low,Gen Z
6566,4.1,3.9,6.8,3.3,2.6,3.25,High,Gen Z
6567,4.6,1.5,6.6,5.8,7.7,2.58,Moderate,Gen Z
6568,3.7,1.9,7.3,3.3,2.0,2.82,Low,Gen Z
6569,5.0,3.0,7.9,3.9,4.9,2.56,High,Gen Z
6570,3.8,1.4,6.2,4.2,2.2,3.85,Moderate,Gen Z
6571,4.5,2.5,7.2,4.5,4.0,3.18,Low,Gen Z
6572,5.0,2.2,7.3,2.7,1.7,3.81,Moderate,Gen Z
6573,3.6,1.1,8.0,3.5,1.9,2.91,Low,Gen Z
6574,5.7,2.5,8.0,2.5,2.0,2.77,High,Gen Z
6575,3.2,0.7,8.1,5.4,3.7,3.01,Low,Gen Z
6576,4.2,3.0,6.7,5.5,4.2,3.1,Moderate,Gen Z
6577,7.2,2.5,7.8,1.7,6.1,2.99,Moderate,Gen Z
6578,7.7,0.5,6.4,2.4,2.4,2.67,Low,Gen Z
6579,5.1,2.3,6.9,2.6,5.0,3.02,Moderate,Gen Z
6580,6.2,3.1,9.0,2.9,5.3,2.58,Moderate,Gen Z
6581,7.6,1.7,6.7,1.3,2.2,4.0,Moderate,Gen Z
6582,2.3,1.5,5.0,2.4,3.1,3.18,Low,Gen Z
6583,5.2,2.3,8.0,2.3,4.7,2.72,Low,Gen Z
6584,5.8,2.0,6.5,3.4,4.1,2.85,Low,Gen Z
6585,4.5,3.1,5.6,3.4,4.8,3.09,Moderate,Gen Z
6586,6.8,0.1,6.7,3.2,3.1,3.05,Low,Gen Z
6587,7.2,3.1,6.9,4.1,4.8,3.17,Moderate,Gen Z
6588,4.3,3.1,6.8,3.6,5.5,3.01,Moderate,Gen Z
6589,3.3,1.5,6.0,3.7,4.7,3.16,Moderate,Gen Z
6590,3.3,2.0,6.8,5.9,2.3,3.1,Moderate,Gen Z
6591,4.0,1.8,6.9,2.5,6.2,2.9,Moderate,Gen Z
6592,6.0,1.1,6.8,3.5,3.3,3.4,Moderate,Gen Z
6593,3.8,3.1,6.9,5.9,4.1,3.11,Low,Gen Z
6594,6.6,1.8,6.3,3.5,3.7,2.89,Moderate,Gen Z
6595,7.2,2.7,9.5,1.8,4.1,3.09,Low,Gen Z
6596,4.3,1.5,5.5,0.9,1.2,2.85,Moderate,Gen Z
6597,6.5,0.0,6.3,2.1,4.9,3.3,High,Gen Z
6598,4.6,0.9,6.9,2.3,5.9,2.65,High,Gen Z
6599,3.5,1.3,4.1,2.7,1.8,2.95,Moderate,Gen Z
6600,4.0,0.1,5.9,4.0,4.6,3.52,High,Gen Z
6601,5.1,1.5,5.2,2.5,2.1,3.25,Low,Gen Z
6602,3.1,1.3,5.6,1.3,1.5,2.14,Moderate,Gen Z
6603,6.0,1.3,6.1,4.2,2.8,3.24,High,Gen Z
6604,6.4,1.3,6.6,2.5,4.6,2.83,High,Gen Z
6605,4.5,1.8,6.7,4.2,4.7,2.28,High,Gen Z
6606,4.5,0.0,8.7,0.3,2.4,3.3,Low,Gen Z
6607,4.6,2.3,8.6,0.1,1.2,3.29,Low,Gen Z
6608,5.8,2.3,5.7,3.5,5.7,2.46,Low,Gen Z
6609,5.2,0.6,5.7,2.1,4.1,2.89,Moderate,Gen Z
6610,5.4,0.3,8.2,2.5,3.7,3.22,Moderate,Gen Z
6611,3.4,0.0,7.3,1.0,3.4,3.03,Moderate,Gen Z
6612,6.3,1.7,6.4,4.2,3.7,2.74,High,Gen Z
6613,6.4,1.4,7.5,3.5,1.5,2.98,High,Gen Z
6614,3.4,0.4,6.2,2.3,3.9,2.8,High,Gen Z
6615,7.1,2.6,6.5,2.7,5.7,3.28,Moderate,Gen Z
6616,4.9,1.4,8.4,4.0,1.3,2.61,Moderate,Gen Z
6617,2.1,1.8,5.6,2.6,3.2,2.92,Low,Gen Z
6618,6.6,0.7,6.6,6.4,6.0,2.75,High,Gen Z
6619,5.3,1.8,8.6,6.1,2.1,3.07,Moderate,Gen Z
6620,6.5,1.6,6.4,3.3,4.3,3.76,High,Gen Z
6621,6.9,0.9,7.3,3.9,3.6,2.3,High,Gen Z
6622,5.0,2.1,7.5,3.3,3.9,3.21,Moderate,Gen Z
6623,3.0,1.3,9.3,0.2,2.0,2.78,Moderate,Gen Z
6624,6.5,2.2,8.1,2.1,1.5,3.28,Moderate,Gen Z
6625,4.0,2.1,7.8,3.6,4.3,3.71,High,Gen Z
6626,4.3,1.9,7.8,3.8,2.2,2.6,High,Gen Z
6627,3.3,1.4,6.0,4.1,3.7,3.13,High,Gen Z
6628,6.6,2.6,7.1,2.0,6.5,3.31,High,Gen Z
6629,4.2,2.0,6.7,4.6,5.0,3.39,High,Gen Z
6630,7.5,0.4,5.6,1.9,3.9,2.94,Moderate,Gen Z
6631,6.1,2.2,8.0,3.3,5.4,2.7,High,Gen Z
6632,6.8,0.5,6.9,3.8,3.5,2.38,Moderate,Gen Z
6633,4.9,1.3,8.0,2.8,2.8,2.89,Moderate,Gen Z
6634,5.3,2.7,7.3,2.5,3.9,2.84,Moderate,Gen Z
6635,6.8,3.0,6.9,2.3,4.7,2.96,Low,Gen Z
6636,4.4,1.3,7.5,2.4,3.7,3.15,High,Gen Z
6637,4.4,1.3,6.6,3.9,1.8,2.74,Low,Gen Z
6638,4.1,0.9,7.1,3.1,3.7,2.46,High,Gen Z
6639,7.2,2.4,5.9,1.9,3.2,2.51,High,Gen Z
6640,2.7,1.0,5.7,4.0,2.9,2.7,Moderate,Gen Z
6641,5.9,1.3,6.1,2.0,5.5,3.09,High,Gen Z
6642,4.6,1.0,7.2,2.9,3.0,2.64,Moderate,Gen Z
6643,3.8,1.8,7.3,3.2,4.6,3.39,Moderate,Gen Z
6644,3.9,1.2,5.8,2.8,6.2,2.68,High,Gen Z
6645,5.9,1.9,5.7,3.0,4.7,2.99,Low,Gen Z
6646,4.3,4.0,6.7,2.5,6.7,3.26,High,Gen Z
6647,5.0,2.8,7.7,2.3,5.6,2.96,High,Gen Z
6648,7.2,1.9,8.4,4.5,3.0,2.82,Moderate,Gen Z
6649,3.9,3.1,5.1,3.8,2.5,2.35,High,Gen Z
6650,4.5,1.8,6.7,5.2,2.7,2.36,High,Gen Z
6651,3.1,2.6,5.7,3.0,0.3,2.65,Moderate,Gen Z
6652,5.1,0.7,6.5,1.8,3.6,2.54,High,Gen Z
6653,6.9,1.4,9.0,2.1,4.5,3.14,High,Gen Z
6654,7.9,0.8,6.9,2.7,5.3,2.86,Low,Gen Z
6655,5.1,1.5,7.4,2.4,2.2,3.17,Moderate,Gen Z
6656,4.8,1.1,6.8,3.3,5.1,3.23,High,Gen Z
6657,3.7,2.3,7.3,4.3,3.9,3.46,Moderate,Gen Z
6658,3.0,3.0,7.2,3.2,5.1,2.35,High,Gen Z
6659,5.9,0.9,8.4,1.9,4.1,2.97,High,Gen Z
6660,6.1,1.6,7.6,1.5,7.9,2.99,Low,Gen Z
6661,4.6,0.0,7.9,2.7,2.0,3.15,Moderate,Gen Z
6662,4.9,1.4,9.1,2.0,0.9,3.02,Low,Gen Z
6663,6.7,1.6,7.5,3.3,3.9,3.3,Low,Gen Z
6664,5.5,3.9,6.5,3.0,3.7,3.16,Moderate,Gen Z
6665,4.8,1.5,7.1,3.5,2.2,3.34,Moderate,Gen Z
6666,5.1,4.8,6.7,0.2,2.7,2.73,Moderate,Gen Z
6667,5.0,2.2,6.2,5.1,4.7,2.88,Moderate,Gen Z
6668,5.2,2.5,4.8,4.8,4.0,2.77,Moderate,Gen Z
6669,4.4,0.1,6.7,2.0,2.8,2.71,Moderate,Gen Z
6670,6.4,1.1,6.4,2.8,1.0,2.8,Low,Gen Z
6671,5.9,1.5,8.8,2.8,3.5,2.64,Moderate,Gen Z
6672,5.4,1.7,6.8,2.0,4.6,3.13,Moderate,Gen Z
6673,2.3,2.6,6.8,0.9,3.6,3.51,Moderate,Gen Z
6674,6.7,0.0,6.8,3.4,4.5,2.53,High,Gen Z
6675,5.1,1.2,5.5,4.9,2.3,3.04,Low,Gen Z
6676,6.4,2.0,8.3,3.2,6.0,2.99,Low,Gen Z
6677,6.5,0.7,7.4,2.0,1.9,3.07,Moderate,Gen Z
6678,5.7,3.6,6.3,0.9,5.2,3.06,Moderate,Gen Z
6679,5.5,1.3,8.0,1.7,4.6,3.05,Moderate,Gen Z
6680,5.1,2.7,6.8,2.8,0.0,3.53,Low,Gen Z
6681,6.8,3.3,7.6,2.3,4.2,2.55,Low,Gen Z
6682,3.6,0.2,9.0,1.1,4.1,3.16,Moderate,Gen Z
6683,8.3,2.6,6.6,4.2,6.2,3.81,Low,Gen Z
6684,5.4,3.3,7.3,0.5,4.2,3.14,High,Gen Z
6685,6.1,2.3,6.7,2.7,4.0,2.84,High,Gen Z
6686,5.1,3.2,7.4,3.1,2.7,2.92,Low,Gen Z
6687,4.0,0.9,7.9,2.0,2.5,2.99,High,Gen Z
6688,5.2,1.9,6.9,2.2,3.0,2.8,Moderate,Gen Z
6689,5.2,2.7,7.0,3.1,4.2,2.98,Moderate,Gen Z
6690,5.1,0.0,9.1,3.8,4.4,2.83,High,Gen Z
6691,6.3,1.3,7.8,3.3,3.5,3.09,Moderate,Gen Z
6692,4.8,0.5,7.2,2.9,3.4,2.48,Low,Gen Z
6693,4.2,0.0,6.5,3.9,2.9,2.95,Moderate,Gen Z
6694,5.8,0.0,7.1,1.8,2.7,2.93,Moderate,Gen Z
6695,2.8,1.4,6.2,0.0,6.2,2.73,Low,Gen Z
6696,4.5,2.8,6.4,3.1,2.2,2.58,Moderate,Gen Z
6697,5.1,3.5,7.0,2.1,1.0,2.78,High,Gen Z
6698,4.9,3.0,5.0,1.3,2.1,3.14,High,Gen Z
6699,4.6,0.0,7.8,1.5,4.0,2.78,High,Gen Z
6700,5.8,1.2,9.3,4.4,4.0,3.02,High,Gen Z
6701,4.8,1.8,6.9,1.6,2.4,3.02,Moderate,Gen Z
6702,6.1,2.5,7.3,1.7,1.4,3.14,High,Gen Z
6703,6.6,2.3,4.6,6.0,3.4,3.53,High,Gen Z
6704,3.5,2.4,8.1,3.1,3.8,2.21,Moderate,Gen Z
6705,3.4,2.3,7.2,3.6,4.9,3.41,High,Gen Z
6706,3.5,0.9,7.4,2.3,3.2,2.91,High,Gen Z
6707,4.9,0.9,8.7,2.2,3.9,3.7,Moderate,Gen Z
6708,2.8,0.0,6.2,1.4,2.5,3.26,High,Gen Z
6709,6.0,0.2,5.4,1.9,2.7,2.99,Moderate,Gen Z
6710,4.8,3.0,7.0,1.7,3.3,2.65,Moderate,Gen Z
6711,3.5,1.6,7.2,4.0,2.0,3.14,Low,Gen Z
6712,3.2,1.9,7.9,2.4,5.9,2.82,High,Gen Z
6713,3.4,1.9,7.5,4.6,3.8,2.48,Low,Gen Z
6714,6.1,0.6,9.6,3.8,3.1,2.92,High,Gen Z
6715,5.3,0.0,5.7,0.8,1.9,2.9,Low,Gen Z
6716,6.4,0.9,6.8,3.4,3.3,2.94,Moderate,Gen Z
6717,7.1,1.6,6.8,3.6,6.1,3.05,Moderate,Gen Z
6718,4.2,3.1,5.7,3.2,3.5,2.96,Low,Gen Z
6719,4.8,1.6,7.9,6.2,6.6,3.32,Moderate,Gen Z
6720,6.5,1.6,5.7,0.6,4.4,2.47,Low,Gen Z
6721,4.4,2.4,6.3,1.6,5.3,2.88,Low,Gen Z
6722,6.0,1.9,8.0,1.8,1.6,3.24,Moderate,Gen Z
6723,4.4,0.9,7.1,3.3,6.7,2.61,High,Gen Z
6724,5.4,0.8,9.3,3.2,3.7,2.91,Moderate,Gen Z
6725,4.4,0.3,6.5,2.0,0.7,3.38,Moderate,Gen Z
6726,3.7,2.3,6.9,1.5,5.4,3.56,Low,Gen Z
6727,5.8,2.7,6.5,0.1,3.6,3.09,Moderate,Gen Z
6728,6.4,2.7,8.5,4.2,4.2,2.69,High,Gen Z
6729,4.1,0.4,6.0,0.9,4.5,3.57,High,Gen Z
6730,6.2,1.9,7.9,3.3,4.8,3.65,Moderate,Gen Z
6731,6.5,0.6,6.7,4.4,4.9,2.86,Low,Gen Z
6732,6.8,0.4,7.0,3.4,5.2,2.87,High,Gen Z
6733,7.4,1.2,6.5,4.0,4.3,4.0,Moderate,Gen Z
6734,4.8,1.0,6.2,2.4,4.2,3.05,Moderate,Gen Z
6735,6.3,0.9,7.2,4.9,4.9,2.97,High,Gen Z
6736,3.6,2.5,5.5,5.0,3.3,3.05,Moderate,Gen Z
6737,5.1,2.5,7.0,1.7,2.8,3.21,Moderate,Gen Z
6738,5.2,0.3,7.3,2.0,2.3,3.36,Moderate,Gen Z
6739,3.6,1.6,7.5,2.3,4.4,2.73,Moderate,Gen Z
6740,4.4,0.2,7.5,3.4,4.3,3.13,High,Gen Z
6741,5.6,1.1,6.4,2.9,4.9,3.12,Low,Gen Z
6742,6.7,3.5,8.4,3.3,4.0,3.29,High,Gen Z
6743,4.9,1.2,4.7,4.1,2.5,3.09,High,Gen Z
6744,4.2,1.5,8.1,1.7,1.8,3.06,Moderate,Gen Z
6745,3.2,2.3,5.6,4.4,3.6,3.02,High,Gen Z
6746,5.5,1.5,7.7,0.9,3.0,3.46,Low,Gen Z
6747,2.6,1.8,7.6,5.5,4.9,2.64,Moderate,Gen Z
6748,2.9,1.0,6.3,1.6,5.5,3.59,Moderate,Gen Z
6749,5.5,0.2,6.9,4.8,1.0,3.26,High,Gen Z
6750,3.7,1.9,5.4,4.7,2.9,2.89,Moderate,Gen Z
6751,5.2,0.7,8.2,1.6,5.4,2.79,High,Gen Z
6752,4.7,2.3,6.9,3.8,3.5,2.92,High,Gen Z
6753,4.4,2.0,7.3,2.2,3.0,2.75,High,Gen Z
6754,4.1,1.5,7.3,0.4,2.3,2.57,High,Gen Z
6755,6.5,2.2,5.6,1.6,2.4,2.43,High,Gen Z
6756,4.7,0.5,6.9,4.7,2.4,3.05,Low,Gen Z
6757,5.6,2.0,8.5,4.2,5.1,3.32,Moderate,Gen Z
6758,6.4,1.2,8.3,5.0,3.3,3.26,Moderate,Gen Z
6759,6.9,1.6,7.5,3.0,1.6,3.53,High,Gen Z
6760,6.8,2.8,7.7,2.0,3.3,2.61,High,Gen Z
6761,4.8,3.2,9.3,3.5,5.3,2.81,Low,Gen Z
6762,5.3,0.4,6.6,2.2,2.0,3.82,Moderate,Gen Z
6763,5.3,1.2,6.4,3.8,3.6,3.26,High,Gen Z
6764,7.2,1.3,7.4,3.1,6.8,2.94,High,Gen Z
6765,7.0,2.6,9.2,3.1,2.6,3.61,High,Gen Z
6766,3.4,2.1,5.6,4.0,3.2,2.78,High,Gen Z
6767,3.2,0.0,7.5,3.6,4.1,2.8,Moderate,Gen Z
6768,4.3,0.0,4.9,4.9,2.9,2.75,Moderate,Gen Z
6769,3.9,2.3,6.5,3.2,6.5,2.6,Moderate,Gen Z
6770,3.7,1.5,6.3,4.6,2.6,2.3,Low,Gen Z
6771,1.2,1.8,7.8,5.0,4.5,3.59,Moderate,Gen Z
6772,5.8,2.4,9.3,3.3,2.3,2.43,High,Gen Z
6773,4.2,1.3,7.0,3.6,6.7,3.19,Low,Gen Z
6774,2.1,0.2,7.7,3.5,3.6,2.64,Moderate,Gen Z
6775,5.9,1.3,7.7,2.9,3.8,2.27,Moderate,Gen Z
6776,2.0,1.3,6.9,4.0,5.5,3.37,Moderate,Gen Z
6777,4.0,2.9,7.4,3.2,1.5,2.55,Moderate,Gen Z
6778,6.4,0.0,8.0,2.1,2.1,3.26,Low,Gen Z
6779,6.3,1.7,6.5,3.4,4.3,2.86,High,Gen Z
6780,4.4,0.7,6.6,4.3,3.6,3.25,High,Gen Z
6781,4.0,1.2,7.7,0.6,4.3,2.98,Low,Gen Z
6782,5.5,1.3,8.4,3.6,2.5,3.04,Moderate,Gen Z
6783,5.9,1.9,5.4,6.0,5.2,3.17,Moderate,Gen Z
6784,6.1,1.1,6.1,2.5,5.7,3.01,High,Gen Z
6785,7.1,1.4,5.5,1.8,3.9,2.93,High,Gen Z
6786,4.7,2.3,6.5,1.2,2.3,3.49,Low,Gen Z
6787,5.5,1.8,7.2,2.6,3.1,2.9,Moderate,Gen Z
6788,3.3,3.0,6.4,0.0,5.2,2.65,Moderate,Gen Z
6789,6.3,1.0,8.2,3.7,5.5,3.27,High,Gen Z
6790,4.3,2.6,5.1,1.3,3.3,3.0,Moderate,Gen Z
6791,5.0,0.0,6.9,2.6,2.8,3.64,Moderate,Gen Z
6792,5.5,2.3,7.3,5.4,3.8,2.67,Moderate,Gen Z
6793,6.3,1.1,7.0,2.5,1.8,3.78,Moderate,Gen Z
6794,8.0,4.3,7.3,3.8,2.6,2.35,Low,Gen Z
6795,4.2,0.3,5.3,1.3,3.7,2.63,Low,Gen Z
6796,3.0,1.0,7.5,1.5,1.8,2.7,High,Gen Z
6797,5.4,1.0,6.6,2.4,2.4,2.91,High,Gen Z
6798,4.3,2.3,7.1,3.9,4.3,3.1,High,Gen Z
6799,6.8,2.5,6.5,1.7,5.3,2.47,Moderate,Gen Z
6800,6.9,2.6,6.2,0.4,3.2,2.93,High,Gen Z
6801,3.8,3.7,8.5,2.7,2.1,3.32,High,Gen Z
6802,4.5,0.0,6.0,2.6,3.3,3.38,Moderate,Gen Z
6803,4.6,0.9,7.5,1.3,5.1,3.31,Moderate,Gen Z
6804,1.3,2.2,7.7,1.4,0.9,3.59,Moderate,Gen Z
6805,6.1,0.0,7.8,1.8,3.0,3.36,Moderate,Gen Z
6806,6.1,2.6,6.8,2.8,4.0,3.53,Low,Gen Z
6807,8.2,0.0,7.4,4.8,1.1,2.57,High,Gen Z
6808,3.6,3.1,8.1,4.2,3.5,3.38,High,Gen Z
6809,6.1,0.8,7.2,2.4,2.7,2.56,Moderate,Gen Z
6810,5.4,1.6,7.4,4.0,5.0,3.08,Moderate,Gen Z
6811,2.2,1.7,8.8,4.7,2.2,2.61,High,Gen Z
6812,7.0,2.7,7.7,1.2,4.1,3.29,High,Gen Z
6813,6.9,2.5,7.5,2.8,4.2,3.13,High,Gen Z
6814,3.2,0.0,7.1,2.1,1.7,2.73,Moderate,Gen Z
6815,4.7,1.4,7.7,2.6,2.8,2.41,High,Gen Z
6816,4.2,1.9,6.8,2.1,4.3,3.71,Moderate,Gen Z
6817,5.2,0.0,9.1,3.5,2.8,3.22,High,Gen Z
6818,3.7,0.4,6.5,2.5,3.3,2.96,Low,Gen Z
6819,1.0,2.8,6.8,2.2,3.8,2.73,Low,Gen Z
6820,3.7,3.1,6.5,1.5,2.5,3.46,High,Gen Z
6821,5.5,2.1,7.7,2.3,6.4,3.4,High,Gen Z
6822,3.9,1.4,7.5,4.7,2.9,2.81,High,Gen Z
6823,3.4,0.6,7.8,2.6,4.5,3.36,Moderate,Gen Z
6824,7.4,1.0,5.1,0.8,3.5,2.87,Moderate,Gen Z
6825,3.4,0.9,7.7,4.0,4.9,2.99,Moderate,Gen Z
6826,3.2,1.5,7.6,2.8,1.6,2.7,Moderate,Gen Z
6827,3.5,1.2,6.4,5.4,3.2,3.36,Moderate,Gen Z
6828,7.8,2.4,6.1,0.5,4.6,3.31,Moderate,Gen Z
6829,6.3,0.3,8.6,3.5,5.2,2.5,High,Gen Z
6830,5.3,1.3,5.1,5.8,6.0,2.75,High,Gen Z
6831,4.1,2.2,7.6,0.4,2.0,3.3,Moderate,Gen Z
6832,3.7,3.9,8.8,3.7,6.0,2.8,Moderate,Gen Z
6833,8.0,1.3,7.1,1.0,3.4,3.22,Low,Gen Z
6834,7.3,1.1,8.7,2.5,3.9,3.05,Low,Gen Z
6835,5.7,1.8,8.0,4.2,2.5,2.86,Moderate,Gen Z
6836,7.1,3.9,6.7,1.2,3.6,2.85,Moderate,Gen Z
6837,4.6,1.5,8.0,5.4,6.1,3.35,Moderate,Gen Z
6838,4.0,0.9,7.3,5.9,4.6,2.74,Low,Gen Z
6839,3.6,1.3,7.3,4.2,4.4,2.78,High,Gen Z
6840,5.4,0.3,7.4,3.3,5.3,2.61,Moderate,Gen Z
6841,4.7,2.2,6.8,3.6,4.6,3.38,High,Gen Z
6842,9.2,1.1,6.3,3.9,1.2,3.01,Low,Gen Z
6843,5.2,0.7,7.2,3.3,3.4,2.7,Moderate,Gen Z
6844,5.8,2.2,6.2,2.4,3.1,2.73,Low,Gen Z
6845,3.8,2.2,6.1,1.8,2.6,2.76,Low,Gen Z
6846,6.5,2.8,5.4,2.2,3.0,3.11,Moderate,Gen Z
6847,6.2,1.9,6.8,0.7,0.0,3.83,Moderate,Gen Z
6848,6.4,1.9,6.6,1.5,4.0,2.8,High,Gen Z
6849,4.1,1.5,4.4,0.0,0.4,2.96,Low,Gen Z
6850,5.4,3.1,8.7,2.1,3.1,3.37,High,Gen Z
6851,4.2,0.4,7.6,6.0,3.3,2.2,Moderate,Gen Z
6852,4.7,2.7,5.4,4.1,6.4,3.2,High,Gen Z
6853,8.0,3.7,8.9,2.8,2.5,2.5,Moderate,Gen Z
6854,5.7,1.4,8.6,4.6,3.1,3.66,Moderate,Gen Z
6855,4.8,2.3,6.1,1.3,4.3,3.53,High,Gen Z
6856,4.7,2.9,7.4,3.9,3.5,3.1,Moderate,Gen Z
6857,5.8,1.0,6.9,1.1,2.2,3.12,Moderate,Gen Z
6858,6.3,1.9,8.7,5.8,1.2,4.0,Moderate,Gen Z
6859,6.0,2.4,5.4,3.7,6.4,3.11,Low,Gen Z
6860,3.0,2.2,6.7,4.6,3.7,2.67,High,Gen Z
6861,3.2,0.7,7.6,1.7,1.6,3.14,High,Gen Z
6862,8.8,3.2,8.3,1.6,2.8,2.93,Low,Gen Z
6863,1.6,2.4,7.0,4.1,2.5,3.65,High,Gen Z
6864,7.8,1.6,5.7,1.4,2.5,3.18,High,Gen Z
6865,5.2,2.7,8.1,5.5,1.6,3.65,High,Gen Z
6866,7.0,1.8,6.8,4.0,3.1,2.92,High,Gen Z
6867,4.4,0.9,5.6,2.1,3.7,2.97,High,Gen Z
6868,7.7,0.9,6.5,2.3,4.0,3.22,Low,Gen Z
6869,5.5,3.3,6.9,1.7,3.5,3.22,Low,Gen Z
6870,5.3,2.0,6.9,4.6,3.6,3.17,Moderate,Gen Z
6871,2.1,1.5,6.7,2.6,3.9,3.81,Low,Gen Z
6872,5.3,0.0,6.5,6.1,5.5,2.28,High,Gen Z
6873,4.1,1.0,6.4,2.9,4.6,2.68,High,Gen Z
6874,4.9,0.3,7.4,4.1,7.1,2.94,High,Gen Z
6875,5.7,2.7,6.8,4.3,4.1,2.76,High,Gen Z
6876,3.9,2.1,6.0,0.9,0.5,2.85,Moderate,Gen Z
6877,4.7,1.0,6.6,3.1,3.0,2.59,Moderate,Gen Z
6878,3.3,2.5,5.5,4.3,1.0,3.28,High,Gen Z
6879,4.2,3.6,5.8,3.8,3.7,3.07,High,Gen Z
6880,4.9,0.8,6.2,2.4,3.0,3.3,Moderate,Gen Z
6881,2.6,0.8,7.5,4.1,2.8,3.23,Low,Gen Z
6882,1.7,2.0,6.4,3.3,4.4,2.93,High,Gen Z
6883,3.9,3.6,5.3,3.3,1.7,3.38,Low,Gen Z
6884,5.9,0.3,9.3,4.2,6.2,2.69,Low,Gen Z
6885,4.3,2.7,7.1,0.1,3.5,3.07,Moderate,Gen Z
6886,4.4,0.4,7.2,1.8,2.8,2.8,Moderate,Gen Z
6887,5.6,0.9,6.5,2.4,3.4,2.55,High,Gen Z
6888,4.7,1.5,6.8,3.6,5.1,2.79,Moderate,Gen Z
6889,3.3,1.1,7.5,2.7,3.9,3.91,High,Gen Z
6890,5.3,2.5,8.1,3.3,3.8,3.06,High,Gen Z
6891,4.5,1.1,7.4,1.8,4.1,3.16,High,Gen Z
6892,5.9,1.9,8.0,3.3,4.1,3.51,High,Gen Z
6893,4.8,2.1,7.3,2.1,4.6,3.39,Moderate,Gen Z
6894,4.7,0.3,7.1,2.1,3.5,2.97,Low,Gen Z
6895,4.9,2.8,7.8,2.4,3.5,3.16,Moderate,Gen Z
6896,5.5,3.9,7.9,1.7,6.4,3.5,Low,Gen Z
6897,5.7,0.3,8.3,5.8,3.5,3.24,Low,Gen Z
6898,6.1,1.8,8.3,4.2,3.5,3.07,High,Gen Z
6899,5.2,1.2,7.8,3.0,5.4,3.41,High,Gen Z
6900,3.5,0.9,7.9,5.0,2.1,3.07,Moderate,Gen Z
6901,5.0,3.9,7.0,3.3,2.5,3.16,High,Gen Z
6902,5.9,3.3,4.5,2.3,3.7,2.91,Moderate,Gen Z
6903,5.4,3.0,8.1,3.0,4.0,2.1,High,Gen Z
6904,5.5,0.2,5.4,4.3,3.8,3.58,Low,Gen Z
6905,2.5,2.7,7.0,3.3,2.7,2.82,Moderate,Gen Z
6906,4.4,2.2,7.7,1.6,5.1,3.06,High,Gen Z
6907,2.1,1.6,7.9,1.3,1.2,2.82,High,Gen Z
6908,8.4,1.6,6.9,1.9,4.3,2.86,High,Gen Z
6909,5.8,1.5,6.6,3.4,4.3,2.47,Low,Gen Z
6910,6.4,0.4,6.6,4.1,3.5,3.56,High,Gen Z
6911,5.8,1.1,4.9,0.7,5.9,2.5,High,Gen Z
6912,2.8,1.5,4.6,2.9,2.7,3.05,High,Gen Z
6913,5.6,2.8,7.5,3.7,1.0,2.86,High,Gen Z
6914,4.7,0.5,7.8,0.1,3.6,3.35,Low,Gen Z
6915,3.3,0.8,6.6,3.1,3.5,2.95,Moderate,Gen Z
6916,3.9,1.5,5.4,1.5,3.8,3.08,Moderate,Gen Z
6917,7.5,3.1,5.3,4.7,2.0,3.14,High,Gen Z
6918,4.6,3.0,5.5,3.7,6.1,3.33,High,Gen Z
6919,5.0,0.5,4.5,3.8,4.2,2.87,Moderate,Gen Z
6920,6.4,0.9,6.7,4.0,1.0,2.98,High,Gen Z
6921,5.8,0.9,5.9,3.1,2.9,3.37,High,Gen Z
6922,5.7,1.5,7.4,1.4,5.3,2.73,Low,Gen Z
6923,5.0,1.7,8.3,5.0,5.0,3.33,High,Gen Z
6924,7.9,0.8,8.1,2.0,1.8,3.54,High,Gen Z
6925,5.1,1.8,5.6,4.5,3.6,3.5,Moderate,Gen Z
6926,4.1,0.0,6.1,1.8,3.4,3.39,Moderate,Gen Z
6927,4.4,2.5,8.5,1.5,2.4,3.15,Low,Gen Z
6928,5.5,0.4,6.3,2.8,3.2,3.0,Low,Gen Z
6929,5.8,1.4,6.9,1.1,2.9,3.23,High,Gen Z
6930,4.3,1.8,9.1,4.7,3.9,2.56,Low,Gen Z
6931,5.3,3.3,7.3,0.6,4.3,3.0,High,Gen Z
6932,4.7,3.0,6.4,0.0,4.6,2.99,High,Gen Z
6933,2.7,1.9,7.6,1.9,1.5,3.36,Moderate,Gen Z
6934,2.9,2.1,5.6,2.2,3.9,3.09,Moderate,Gen Z
6935,8.1,2.8,6.5,3.7,6.6,2.68,Moderate,Gen Z
6936,6.9,0.3,6.0,2.5,4.2,3.1,Low,Gen Z
6937,4.2,2.4,5.4,1.4,4.6,2.66,Moderate,Gen Z
6938,4.4,2.7,5.7,4.6,1.5,2.96,High,Gen Z
6939,5.9,1.4,7.7,3.6,3.5,2.67,High,Gen Z
6940,6.6,1.5,7.8,1.4,3.0,3.29,High,Gen Z
6941,5.5,2.9,5.9,2.1,4.8,3.02,High,Gen Z
6942,4.9,0.9,7.8,2.9,4.8,2.69,Moderate,Gen Z
6943,2.3,0.9,6.9,3.0,1.2,3.92,Moderate,Gen Z
6944,4.7,0.5,7.3,3.9,1.7,3.68,Low,Gen Z
6945,7.2,1.0,6.0,3.4,3.8,3.51,Moderate,Gen Z
6946,5.3,2.8,5.4,3.7,4.7,2.84,Moderate,Gen Z
6947,5.1,1.2,5.4,1.1,3.4,2.65,Low,Gen Z
6948,7.5,2.3,6.4,2.5,2.1,2.74,Low,Gen Z
6949,6.9,2.4,6.8,4.2,3.1,3.29,High,Gen Z
6950,2.5,3.5,6.8,4.4,3.6,2.31,Low,Gen Z
6951,5.1,0.0,6.5,1.7,4.5,2.24,High,Gen Z
6952,4.5,2.4,6.7,3.9,4.9,2.88,Low,Gen Z
6953,6.4,0.4,7.8,1.4,3.4,2.78,High,Gen Z
6954,2.9,3.1,5.8,3.8,3.8,2.92,Low,Gen Z
6955,5.5,2.6,6.4,2.0,1.1,2.69,Moderate,Gen Z
6956,2.8,0.3,8.5,2.3,1.7,3.79,High,Gen Z
6957,5.0,1.3,8.0,3.6,4.5,3.16,High,Gen Z
6958,5.7,0.0,7.4,4.2,1.5,3.44,Low,Gen Z
6959,4.5,0.9,6.3,4.4,1.9,2.75,Moderate,Gen Z
6960,5.2,1.3,7.0,4.1,2.3,3.14,Moderate,Gen Z
6961,6.5,2.8,5.3,4.8,4.6,3.15,Moderate,Gen Z
6962,5.2,1.5,6.8,4.7,4.4,2.92,High,Gen Z
6963,3.3,0.2,5.4,0.7,5.1,2.6,High,Gen Z
6964,3.2,0.0,6.4,2.7,1.4,3.01,Moderate,Gen Z
6965,4.4,2.5,8.6,4.4,2.4,2.95,High,Gen Z
6966,6.1,0.0,5.0,4.7,1.7,2.8,Moderate,Gen Z
6967,4.7,0.2,7.0,3.8,2.8,2.8,Low,Gen Z
6968,4.0,0.0,7.0,3.6,2.4,3.15,Low,Gen Z
6969,4.9,2.2,9.1,3.0,2.6,2.61,Moderate,Gen Z
6970,5.6,4.0,6.1,3.7,2.6,3.04,Moderate,Gen Z
6971,4.2,0.6,6.6,2.3,3.6,2.77,Moderate,Gen Z
6972,5.4,0.9,6.8,2.5,6.3,2.52,High,Gen Z
6973,6.6,1.0,7.7,5.0,3.1,2.86,High,Gen Z
6974,6.7,3.6,8.1,1.8,2.6,2.78,Moderate,Gen Z
6975,5.6,3.1,5.7,2.4,2.8,2.5,High,Gen Z
6976,5.7,3.0,7.1,2.7,6.8,3.48,Moderate,Gen Z
6977,3.1,2.4,7.1,2.7,4.6,3.37,High,Gen Z
6978,5.7,2.4,6.0,4.1,1.6,2.61,High,Gen Z
6979,6.3,0.3,6.9,1.5,4.9,2.71,Moderate,Gen Z
6980,4.4,0.0,7.2,2.1,3.7,2.68,Low,Gen Z
6981,6.1,0.7,7.9,2.4,2.8,2.96,High,Gen Z
6982,6.7,2.6,6.2,2.9,3.9,3.14,Low,Gen Z
6983,2.3,3.2,5.0,3.3,5.3,2.98,Low,Gen Z
6984,6.9,2.3,7.9,1.6,4.1,3.24,High,Gen Z
6985,5.5,2.2,8.4,1.9,4.2,3.19,Moderate,Gen Z
6986,5.6,2.2,7.6,3.6,5.1,3.2,Low,Gen Z
6987,4.6,2.7,7.4,3.9,3.5,2.65,High,Gen Z
6988,6.2,0.7,7.0,4.2,7.2,3.75,Moderate,Gen Z
6989,4.9,0.4,6.8,2.5,2.7,2.97,High,Gen Z
6990,4.6,3.8,6.4,3.7,2.7,2.59,Moderate,Gen Z
6991,5.8,1.3,8.0,3.4,5.4,2.96,High,Gen Z
6992,2.3,2.9,7.4,2.9,2.4,2.87,Moderate,Gen Z
6993,4.8,1.5,8.4,1.6,4.7,3.0,Moderate,Gen Z
6994,2.8,1.6,7.9,1.5,5.5,2.94,High,Gen Z
6995,2.4,1.6,8.8,2.1,2.7,3.25,High,Gen Z
6996,6.6,1.6,6.5,2.0,0.0,3.21,High,Gen Z
6997,3.4,1.1,9.7,3.3,4.2,2.73,High,Gen Z
6998,6.5,0.7,7.6,2.5,5.6,3.15,High,Gen Z
6999,5.4,1.4,6.6,0.0,4.0,3.19,Moderate,Gen Z
7000,3.3,1.0,7.0,4.4,2.0,2.64,High,Gen Z
7001,3.0,2.5,8.4,3.0,2.5,3.9,Moderate,Gen Z
7002,6.7,1.1,5.6,3.1,3.0,2.78,Moderate,Gen Z
7003,6.1,1.4,7.5,1.7,2.9,3.05,High,Gen Z
7004,5.8,0.9,5.0,3.7,5.2,2.95,Low,Gen Z
7005,6.0,1.0,7.4,3.9,4.3,2.53,Low,Gen Z
7006,6.2,0.2,7.1,3.4,6.0,2.84,High,Gen Z
7007,6.2,2.0,8.1,3.2,4.9,3.11,Moderate,Gen Z
7008,5.4,1.0,6.5,3.6,5.1,2.4,High,Gen Z
7009,3.9,0.5,8.0,0.6,1.0,2.86,High,Gen Z
7010,3.6,0.8,5.8,7.7,6.4,3.64,High,Gen Z
7011,6.9,0.7,5.9,1.2,3.9,2.7,Moderate,Gen Z
7012,5.6,1.5,5.7,5.3,6.0,2.65,Moderate,Gen Z
7013,5.8,0.0,6.5,0.0,3.7,2.94,Moderate,Gen Z
7014,5.2,1.2,7.6,5.4,4.3,3.04,Moderate,Gen Z
7015,5.4,2.9,6.8,1.3,3.7,2.32,Moderate,Gen Z
7016,5.8,0.3,6.2,3.0,3.0,3.67,Moderate,Gen Z
7017,4.3,1.9,6.0,2.9,3.4,3.01,High,Gen Z
7018,5.7,0.9,8.2,1.8,3.0,2.94,High,Gen Z
7019,3.4,1.9,6.4,4.7,1.6,2.62,Low,Gen Z
7020,2.6,3.8,9.2,5.3,4.2,3.37,High,Gen Z
7021,3.2,1.5,5.8,1.0,3.2,3.1,Low,Gen Z
7022,6.1,1.1,6.6,3.4,2.8,3.37,Moderate,Gen Z
7023,5.3,3.6,7.7,2.1,3.7,3.02,Moderate,Gen Z
7024,4.5,0.9,7.5,4.2,4.9,3.54,High,Gen Z
7025,3.6,1.3,6.2,1.2,2.3,2.89,Low,Gen Z
7026,6.4,1.7,8.1,4.9,2.6,2.64,High,Gen Z
7027,1.9,2.7,8.0,4.1,8.0,2.98,Moderate,Gen Z
7028,5.1,0.6,7.6,2.6,3.5,2.74,High,Gen Z
7029,6.2,1.5,6.5,4.1,3.7,3.06,Moderate,Gen Z
7030,6.7,1.9,4.0,1.9,4.3,2.57,Low,Gen Z
7031,4.7,2.4,6.1,2.9,5.5,3.22,High,Gen Z
7032,5.3,1.4,7.0,5.0,2.6,3.19,Moderate,Gen Z
7033,4.5,1.7,6.1,4.7,0.8,2.49,High,Gen Z
7034,4.8,2.4,7.4,1.6,3.2,2.51,High,Gen Z
7035,4.8,2.2,8.3,4.2,4.0,2.53,High,Gen Z
7036,4.5,2.0,8.7,3.3,4.9,2.65,Moderate,Gen Z
7037,3.4,2.2,6.2,0.4,5.4,2.57,High,Gen Z
7038,3.5,1.0,6.2,3.7,5.1,2.85,Low,Gen Z
7039,3.7,1.1,8.6,1.9,2.8,2.81,Low,Gen Z
7040,3.4,2.6,7.8,4.0,4.6,3.55,High,Gen Z
7041,6.7,2.6,7.9,3.6,4.3,2.65,Low,Gen Z
7042,6.5,0.9,7.5,2.6,2.0,3.0,Moderate,Gen Z
7043,2.9,1.8,7.2,1.8,2.6,2.96,Moderate,Gen Z
7044,2.7,0.6,6.9,0.0,3.8,3.16,High,Gen Z
7045,6.3,2.0,6.1,5.7,6.9,2.63,Moderate,Gen Z
7046,5.1,2.2,7.9,0.4,5.4,2.91,Low,Gen Z
7047,6.8,1.4,5.0,3.5,3.9,2.87,Low,Gen Z
7048,4.8,1.9,8.0,2.9,3.5,2.62,High,Gen Z
7049,3.7,2.0,5.7,4.6,1.9,3.46,Moderate,Gen Z
7050,4.8,1.6,8.9,2.3,2.3,2.64,Moderate,Gen Z
7051,7.2,2.8,6.8,3.4,3.9,2.84,High,Gen Z
7052,4.3,0.6,6.0,5.7,4.6,2.85,High,Gen Z
7053,9.1,1.7,6.6,3.3,2.6,2.89,High,Gen Z
7054,4.9,1.2,7.8,3.0,3.8,2.84,High,Gen Z
7055,2.7,1.1,7.7,2.8,4.2,2.99,High,Gen Z
7056,5.3,0.8,7.5,2.2,3.6,2.95,Moderate,Gen Z
7057,5.7,2.6,9.4,2.9,5.3,3.24,Moderate,Gen Z
7058,3.3,1.7,8.1,1.5,5.2,3.34,High,Gen Z
7059,3.5,1.0,5.8,4.3,5.3,2.46,High,Gen Z
7060,4.4,1.4,8.0,4.1,5.0,2.78,Moderate,Gen Z
7061,4.4,2.4,6.3,1.8,6.0,3.06,Moderate,Gen Z
7062,5.2,2.3,9.2,1.6,4.9,3.14,High,Gen Z
7063,4.2,0.0,7.8,3.0,3.1,3.16,Moderate,Gen Z
7064,4.2,0.2,6.7,0.1,4.7,4.0,Low,Gen Z
7065,4.3,4.0,8.0,1.1,3.1,2.9,Moderate,Gen Z
7066,4.8,2.4,8.7,3.2,0.0,2.67,Moderate,Gen Z
7067,2.9,1.0,6.7,2.9,5.2,2.45,Moderate,Gen Z
7068,4.5,0.1,8.5,2.6,6.1,3.17,High,Gen Z
7069,4.7,3.1,6.8,2.9,3.9,2.98,High,Gen Z
7070,5.7,3.1,7.3,3.6,5.6,2.84,High,Gen Z
7071,4.9,0.3,6.6,3.0,3.9,3.27,Moderate,Gen Z
7072,2.7,0.4,7.0,5.8,2.2,2.66,High,Gen Z
7073,4.9,0.1,6.8,3.0,3.4,2.8,Moderate,Gen Z
7074,4.7,0.4,6.9,3.5,3.8,2.63,Low,Gen Z
7075,4.7,0.9,6.7,0.0,5.1,3.69,Moderate,Gen Z
7076,5.7,1.3,9.1,3.2,3.3,3.0,Moderate,Gen Z
7077,4.3,0.0,8.7,2.5,2.8,2.59,Moderate,Gen Z
7078,2.9,1.7,7.3,2.6,2.1,3.5,High,Gen Z
7079,4.6,1.2,7.4,4.5,3.0,2.88,Moderate,Gen Z
7080,3.8,3.2,7.5,3.3,6.3,3.18,Moderate,Gen Z
7081,4.4,1.8,8.3,5.2,4.9,2.75,Moderate,Gen Z
7082,3.3,1.0,6.3,3.5,2.0,3.67,Moderate,Gen Z
7083,4.7,2.8,6.0,2.3,5.0,2.5,High,Gen Z
7084,6.6,0.1,7.0,3.9,4.1,3.16,Moderate,Gen Z
7085,4.8,2.1,6.9,0.6,2.9,3.05,Moderate,Gen Z
7086,3.7,2.2,7.0,3.2,2.6,2.48,Low,Gen Z
7087,5.3,0.5,8.0,0.0,5.7,2.97,Moderate,Gen Z
7088,3.3,2.6,5.5,3.0,5.5,2.86,Moderate,Gen Z
7089,4.9,0.0,4.6,2.3,7.0,3.75,High,Gen Z
7090,7.4,3.1,6.4,3.2,5.1,2.61,Moderate,Gen Z
7091,4.1,3.4,5.9,4.1,2.4,2.94,Moderate,Gen Z
7092,3.5,2.5,8.7,2.7,3.5,2.63,Moderate,Gen Z
7093,4.8,2.1,7.9,2.9,3.4,2.5,Low,Gen Z
7094,3.3,1.0,7.7,3.3,0.3,2.88,Low,Gen Z
7095,4.8,1.4,5.6,1.8,4.1,2.99,Moderate,Gen Z
7096,5.3,2.5,6.9,0.0,3.9,3.53,Low,Gen Z
7097,4.3,1.5,7.2,4.2,1.8,3.51,Low,Gen Z
7098,8.0,1.6,6.8,3.0,2.7,2.81,High,Gen Z
7099,6.5,0.5,7.9,2.6,4.1,3.13,High,Gen Z
7100,4.9,2.5,7.7,0.4,3.8,2.89,Low,Gen Z
7101,3.3,1.6,7.6,3.7,2.0,3.23,High,Gen Z
7102,4.0,2.6,7.3,3.5,3.6,2.92,High,Gen Z
7103,1.1,3.6,7.0,2.7,5.1,3.47,High,Gen Z
7104,4.5,1.4,9.7,2.7,4.7,3.28,High,Gen Z
7105,6.4,1.8,7.8,2.3,5.3,2.87,High,Gen Z
7106,5.1,1.4,6.0,3.2,4.0,3.56,Moderate,Gen Z
7107,8.0,2.1,7.7,2.9,2.1,2.85,High,Gen Z
7108,6.0,1.3,8.0,3.7,5.2,3.38,Low,Gen Z
7109,5.5,3.2,6.3,4.6,7.4,2.58,Moderate,Gen Z
7110,6.3,1.9,6.8,1.9,3.2,2.85,High,Gen Z
7111,4.0,3.2,9.1,3.4,4.1,2.14,High,Gen Z
7112,4.6,0.0,7.4,4.5,4.0,2.65,Low,Gen Z
7113,6.6,0.3,8.3,3.8,0.9,3.27,High,Gen Z
7114,5.5,1.8,6.0,4.3,2.1,2.17,Moderate,Gen Z
7115,2.9,2.2,6.6,2.5,2.1,2.65,High,Gen Z
7116,4.4,1.6,6.5,3.8,2.7,3.19,High,Gen Z
7117,3.6,3.1,6.5,1.6,2.7,3.15,High,Gen Z
7118,4.3,1.9,7.6,0.7,3.6,2.57,Moderate,Gen Z
7119,6.7,0.0,7.3,3.3,2.8,2.95,Moderate,Gen Z
7120,3.9,0.9,6.1,1.5,4.1,3.04,Moderate,Gen Z
7121,6.1,1.7,6.9,2.8,2.9,2.98,Moderate,Gen Z
7122,6.0,3.6,6.3,2.9,5.0,3.06,Moderate,Gen Z
7123,4.2,2.0,6.8,2.8,1.4,3.36,Moderate,Gen Z
7124,2.1,1.7,5.0,2.0,4.1,2.9,Moderate,Gen Z
7125,4.6,1.6,6.2,4.0,3.6,3.58,High,Gen Z
7126,3.5,3.9,7.3,5.3,4.4,2.75,High,Gen Z
7127,5.6,0.0,7.6,2.4,5.7,3.07,Moderate,Gen Z
7128,3.3,3.1,5.4,2.6,4.4,3.01,Moderate,Gen Z
7129,6.0,0.0,7.2,4.1,4.6,2.89,Moderate,Gen Z
7130,5.9,0.8,7.4,2.5,3.9,2.79,Low,Gen Z
7131,4.9,2.1,6.2,2.7,6.8,3.22,Moderate,Gen Z
7132,8.4,2.1,6.4,4.7,4.0,3.36,High,Gen Z
7133,6.2,3.0,5.6,2.9,2.6,2.73,High,Gen Z
7134,4.3,2.3,8.1,2.8,6.6,2.69,Moderate,Gen Z
7135,6.1,4.1,8.2,4.1,3.5,2.91,Moderate,Gen Z
7136,4.5,3.8,6.4,2.7,3.7,3.15,High,Gen Z
7137,6.2,0.8,6.3,2.8,5.4,2.62,Moderate,Gen Z
7138,4.6,1.0,7.6,3.8,1.1,2.8,Moderate,Gen Z
7139,6.8,2.2,8.6,3.8,5.6,3.45,Moderate,Gen Z
7140,3.4,0.7,7.7,4.9,2.8,3.87,Moderate,Gen Z
7141,2.7,2.1,7.4,2.6,7.8,2.87,High,Gen Z
7142,1.0,1.5,7.9,0.2,3.5,2.69,Low,Gen Z
7143,3.7,4.1,8.8,3.0,3.7,3.28,Moderate,Gen Z
7144,3.1,3.0,6.0,2.5,3.6,2.87,Moderate,Gen Z
7145,3.5,1.4,7.2,3.9,2.7,2.98,Moderate,Gen Z
7146,4.4,2.5,6.0,2.3,1.9,3.0,Moderate,Gen Z
7147,5.8,2.1,7.5,1.9,0.3,2.81,Moderate,Gen Z
7148,4.9,0.0,7.6,3.2,3.6,2.39,Low,Gen Z
7149,4.4,2.0,7.7,4.3,5.4,3.24,Low,Gen Z
7150,4.7,3.3,7.1,3.9,4.0,2.74,Moderate,Gen Z
7151,4.6,1.7,8.0,1.0,3.7,3.19,Moderate,Gen Z
7152,5.8,3.0,4.9,1.7,1.8,3.16,High,Gen Z
7153,6.1,1.1,8.4,4.2,5.6,3.32,Moderate,Gen Z
7154,8.3,3.1,8.1,3.7,1.6,3.3,Moderate,Gen Z
7155,5.5,2.5,6.6,0.6,2.6,3.24,Low,Gen Z
7156,7.9,2.1,7.8,4.4,2.0,3.17,High,Gen Z
7157,4.1,2.6,8.0,2.2,2.4,3.47,High,Gen Z
7158,4.7,1.0,5.8,1.4,5.2,2.77,Low,Gen Z
7159,5.6,0.0,8.3,1.4,4.8,3.14,High,Gen Z
7160,5.3,1.3,6.4,5.3,4.2,2.98,High,Gen Z
7161,2.6,1.8,6.7,4.0,4.9,3.36,Moderate,Gen Z
7162,6.2,0.4,7.1,0.0,3.8,2.85,High,Gen Z
7163,3.5,0.9,4.9,3.0,3.7,3.15,High,Gen Z
7164,3.5,1.8,6.6,1.4,7.5,2.7,Moderate,Gen Z
7165,7.7,1.0,8.2,0.3,2.4,2.7,Moderate,Gen Z
7166,1.5,0.0,7.2,4.3,5.4,3.01,Moderate,Gen Z
7167,2.3,0.7,7.9,4.5,3.7,2.96,Low,Gen Z
7168,5.0,2.0,9.5,1.9,4.0,3.01,High,Gen Z
7169,1.7,3.1,7.0,3.6,6.9,3.37,High,Gen Z
7170,5.9,0.7,7.6,4.1,5.1,2.65,Moderate,Gen Z
7171,6.1,1.5,8.0,2.5,3.7,3.65,High,Gen Z
7172,8.6,2.6,7.7,2.6,2.8,2.92,Moderate,Gen Z
7173,4.3,1.2,6.8,1.9,0.8,3.15,High,Gen Z
7174,5.1,0.0,6.4,5.6,3.8,2.66,Low,Gen Z
7175,4.5,3.8,6.8,2.5,3.0,2.73,Moderate,Gen Z
7176,6.0,3.3,6.1,3.9,3.4,3.04,Moderate,Gen Z
7177,4.7,1.7,7.8,1.6,2.7,2.73,High,Gen Z
7178,6.7,2.0,4.6,3.4,2.8,3.02,High,Gen Z
7179,7.5,0.9,7.9,3.4,3.2,2.63,High,Gen Z
7180,2.9,2.9,6.6,3.7,2.0,3.08,Low,Gen Z
7181,5.6,0.9,8.3,2.4,4.7,2.97,High,Gen Z
7182,6.1,2.6,7.6,3.0,5.2,3.02,Moderate,Gen Z
7183,4.0,1.0,8.3,0.7,3.8,3.47,Moderate,Gen Z
7184,6.0,1.8,7.3,0.0,2.8,2.66,High,Gen Z
7185,7.2,2.2,5.7,2.6,4.7,3.1,High,Gen Z
7186,6.8,2.1,7.4,1.4,2.9,2.87,Moderate,Gen Z
7187,5.8,3.7,6.0,3.5,3.8,2.12,Moderate,Gen Z
7188,6.2,1.7,5.1,3.6,2.8,2.98,Moderate,Gen Z
7189,4.2,1.5,7.6,2.8,4.7,2.99,High,Gen Z
7190,4.2,0.6,6.9,2.6,3.0,3.12,Low,Gen Z
7191,6.4,4.1,7.0,0.0,3.0,3.18,Moderate,Gen Z
7192,5.6,3.2,8.1,1.6,5.9,2.81,High,Gen Z
7193,6.5,0.0,8.9,0.8,3.6,2.62,Low,Gen Z
7194,4.6,0.3,7.7,5.2,4.2,2.93,High,Gen Z
7195,7.3,4.0,7.7,2.0,4.5,2.62,High,Gen Z
7196,4.5,3.5,6.4,3.4,3.3,2.76,High,Gen Z
7197,4.3,0.3,7.2,0.4,2.8,2.64,Moderate,Gen Z
7198,8.7,1.7,6.0,6.1,4.4,2.59,High,Gen Z
7199,3.7,2.1,7.8,2.9,3.6,2.5,High,Gen Z
7200,3.6,0.8,6.8,4.8,2.8,2.52,High,Gen Z
7201,2.9,2.7,8.3,3.8,1.1,2.34,High,Gen Z
7202,4.1,3.5,7.8,3.0,5.2,3.56,Low,Gen Z
7203,5.8,0.8,7.2,1.9,2.2,3.32,High,Gen Z
7204,5.0,0.5,6.7,2.8,2.4,3.03,Low,Gen Z
7205,5.3,2.3,7.9,1.9,5.3,2.88,High,Gen Z
7206,3.6,2.0,6.9,1.8,6.4,2.95,High,Gen Z
7207,5.6,1.3,7.7,3.8,4.2,3.65,High,Gen Z
7208,4.2,1.4,7.7,3.6,4.4,2.35,High,Gen Z
7209,3.6,3.8,6.3,1.9,3.8,3.32,Moderate,Gen Z
7210,4.8,2.6,8.0,1.6,4.2,3.28,Moderate,Gen Z
7211,4.1,0.1,5.9,3.3,6.3,2.14,Moderate,Gen Z
7212,7.4,0.1,4.6,0.0,5.9,2.77,High,Gen Z
7213,4.9,1.2,7.1,1.7,4.8,2.82,Moderate,Gen Z
7214,3.3,1.1,6.5,4.4,2.3,2.5,Low,Gen Z
7215,6.7,1.2,6.4,1.9,4.1,3.14,Moderate,Gen Z
7216,5.5,1.9,8.2,1.6,4.6,3.0,High,Gen Z
7217,5.1,2.3,5.8,1.7,5.0,2.94,Moderate,Gen Z
7218,3.5,0.7,6.4,1.7,4.0,2.44,Low,Gen Z
7219,6.2,2.3,7.6,2.3,4.0,2.89,Moderate,Gen Z
7220,2.5,1.7,6.7,1.3,4.6,1.91,High,Gen Z
7221,3.2,0.0,7.0,5.3,3.2,2.66,High,Gen Z
7222,6.4,2.6,5.7,2.6,5.8,2.89,Moderate,Gen Z
7223,5.3,2.1,5.7,3.2,5.4,3.25,Moderate,Gen Z
7224,6.6,1.1,6.2,4.8,3.6,3.1,Moderate,Gen Z
7225,4.6,3.2,7.8,2.1,2.7,2.42,High,Gen Z
7226,5.5,1.0,8.1,1.0,5.5,3.07,High,Gen Z
7227,7.1,3.0,7.0,6.7,2.0,2.65,Moderate,Gen Z
7228,5.4,3.9,8.0,1.7,5.4,3.28,Low,Gen Z
7229,3.2,3.4,6.4,4.3,3.3,2.84,Moderate,Gen Z
7230,6.6,2.7,5.4,3.5,5.2,3.0,Moderate,Gen Z
7231,7.4,0.0,5.0,1.0,5.0,2.89,High,Gen Z
7232,5.2,1.5,7.4,5.1,3.9,3.14,High,Gen Z
7233,5.2,1.5,6.5,2.8,3.4,2.79,High,Gen Z
7234,3.1,3.5,7.7,3.0,0.6,2.6,High,Gen Z
7235,6.4,0.3,6.0,3.9,0.0,3.0,Moderate,Gen Z
7236,3.3,2.1,7.4,3.6,4.4,3.38,High,Gen Z
7237,2.5,2.3,8.2,3.2,4.2,2.94,High,Gen Z
7238,5.4,1.7,8.3,0.2,4.9,2.17,Low,Gen Z
7239,5.9,2.3,6.8,4.2,0.0,2.8,Moderate,Gen Z
7240,3.5,3.1,9.1,5.6,2.0,3.03,Low,Gen Z
7241,5.1,2.7,6.6,2.9,3.4,3.03,High,Gen Z
7242,3.1,0.9,5.9,2.8,4.8,3.27,High,Gen Z
7243,6.5,2.6,8.1,3.6,7.1,2.28,High,Gen Z
7244,3.8,1.3,8.4,3.1,3.9,2.57,Moderate,Gen Z
7245,7.1,1.9,8.5,2.3,6.2,2.71,Moderate,Gen Z
7246,2.7,0.1,6.5,4.3,5.2,3.09,High,Gen Z
7247,4.7,1.2,8.2,1.0,4.7,2.87,Moderate,Gen Z
7248,5.0,0.4,6.9,1.9,3.4,2.11,High,Gen Z
7249,4.6,1.5,6.1,4.9,4.6,2.5,Moderate,Gen Z
7250,6.2,1.5,5.8,4.3,2.4,3.55,High,Gen Z
7251,3.3,1.2,5.8,5.4,4.9,3.3,High,Gen Z
7252,5.2,1.4,5.0,4.4,6.1,3.45,High,Gen Z
7253,5.2,2.7,6.0,4.4,4.7,2.81,Moderate,Gen Z
7254,5.1,1.4,6.1,5.6,5.4,2.83,High,Gen Z
7255,4.9,3.0,6.5,5.5,3.8,3.41,High,Gen Z
7256,4.4,1.2,7.7,2.5,4.0,3.93,Low,Gen Z
7257,5.3,2.3,5.4,4.7,3.0,3.22,Moderate,Gen Z
7258,5.6,1.4,5.5,3.2,1.4,2.99,High,Gen Z
7259,4.5,0.3,7.9,0.0,5.4,2.36,Moderate,Gen Z
7260,5.7,2.7,8.0,3.2,2.4,3.44,Moderate,Gen Z
7261,2.2,2.7,6.6,0.7,6.1,3.27,Moderate,Gen Z
7262,8.6,2.1,7.9,3.0,1.1,2.88,High,Gen Z
7263,5.2,3.1,6.0,4.4,4.3,2.73,High,Gen Z
7264,4.0,3.1,6.3,2.1,0.3,2.98,High,Gen Z
7265,6.2,2.4,6.8,0.6,2.2,3.07,High,Gen Z
7266,3.9,1.4,5.7,4.4,1.3,3.38,Moderate,Gen Z
7267,6.0,1.1,7.3,3.9,5.9,2.3,Moderate,Gen Z
7268,6.6,2.0,6.0,3.0,3.8,3.48,Moderate,Gen Z
7269,6.2,1.8,7.7,4.4,4.1,2.51,Moderate,Gen Z
7270,4.1,0.6,10.0,3.1,5.5,3.18,Moderate,Gen Z
7271,6.4,1.7,7.8,4.1,3.2,3.02,Moderate,Gen Z
7272,7.0,3.6,5.3,2.3,3.5,3.41,High,Gen Z
7273,5.5,2.0,7.9,2.8,7.4,3.08,Low,Gen Z
7274,3.2,1.5,7.3,1.8,4.6,3.18,High,Gen Z
7275,5.1,0.0,7.6,2.6,5.5,3.0,Moderate,Gen Z
7276,3.6,0.8,5.5,1.7,2.8,3.4,High,Gen Z
7277,4.6,1.7,7.9,0.6,6.2,3.11,Low,Gen Z
7278,3.3,0.3,7.0,1.8,3.5,3.32,High,Gen Z
7279,4.4,2.3,6.1,2.2,6.2,3.04,Moderate,Gen Z
7280,2.8,2.7,6.9,2.7,2.8,3.18,Moderate,Gen Z
7281,2.2,0.6,7.3,1.4,2.5,3.29,High,Gen Z
7282,6.3,1.8,7.7,2.1,3.6,3.27,High,Gen Z
7283,2.9,2.0,6.4,3.6,4.8,3.41,Moderate,Gen Z
7284,6.0,2.6,5.0,1.5,7.0,2.48,Moderate,Gen Z
7285,5.5,2.6,6.8,4.5,4.6,3.07,High,Gen Z
7286,6.7,2.1,6.9,3.2,6.3,3.01,High,Gen Z
7287,4.9,2.6,7.3,5.1,3.6,2.84,Moderate,Gen Z
7288,7.1,2.8,6.2,0.6,2.3,3.34,High,Gen Z
7289,6.4,0.6,8.6,4.6,3.5,3.51,Low,Gen Z
7290,5.3,1.9,6.6,0.1,3.5,2.75,Moderate,Gen Z
7291,4.9,1.4,6.5,1.1,1.7,2.62,High,Gen Z
7292,6.2,0.8,7.5,4.7,4.4,3.55,Moderate,Gen Z
7293,6.0,2.2,6.2,3.6,4.3,3.29,Moderate,Gen Z
7294,2.6,1.3,6.4,4.5,1.9,2.79,High,Gen Z
7295,5.5,2.0,7.9,2.1,8.0,3.34,Moderate,Gen Z
7296,5.4,2.5,6.0,4.1,2.8,2.91,High,Gen Z
7297,3.7,2.4,7.1,1.1,1.8,2.65,Moderate,Gen Z
7298,6.2,1.2,4.0,0.6,4.8,2.85,Moderate,Gen Z
7299,5.7,2.8,7.4,5.0,4.9,2.93,Moderate,Gen Z
7300,7.9,0.0,7.4,4.5,7.6,2.91,High,Gen Z
7301,3.5,1.8,5.3,1.9,3.9,3.39,Moderate,Gen Z
7302,4.9,0.6,6.7,4.0,6.2,2.76,Moderate,Gen Z
7303,4.4,3.0,6.9,0.9,2.9,3.38,Low,Gen Z
7304,5.7,0.9,7.1,3.5,5.8,3.57,Low,Gen Z
7305,6.7,3.4,5.8,5.3,3.3,2.78,Moderate,Gen Z
7306,3.6,3.1,6.9,4.0,3.8,2.24,High,Gen Z
7307,3.6,1.1,7.1,4.5,3.9,2.76,High,Gen Z
7308,5.0,1.7,7.4,2.1,4.6,3.12,Low,Gen Z
7309,5.6,0.1,8.4,2.9,3.4,2.58,High,Gen Z
7310,5.1,0.7,7.6,2.6,3.5,2.33,High,Gen Z
7311,5.8,2.3,5.0,2.0,3.0,2.49,Low,Gen Z
7312,4.2,1.4,7.5,2.5,4.4,2.78,Moderate,Gen Z
7313,2.7,1.9,7.5,3.7,5.4,2.75,Moderate,Gen Z
7314,3.6,1.5,7.4,2.5,4.6,3.16,Moderate,Gen Z
7315,5.6,1.5,7.9,3.2,5.5,3.29,Moderate,Gen Z
7316,4.1,2.5,6.6,3.9,4.8,3.09,High,Gen Z
7317,4.2,1.5,7.5,1.0,4.6,2.75,Low,Gen Z
7318,5.3,3.2,7.5,2.1,3.5,3.05,High,Gen Z
7319,5.6,1.6,9.0,1.2,3.5,2.77,Moderate,Gen Z
7320,7.4,2.2,6.5,1.2,3.2,3.2,High,Gen Z
7321,6.2,2.2,5.5,1.7,4.8,2.76,Low,Gen Z
7322,4.5,0.0,5.6,3.9,6.2,2.7,High,Gen Z
7323,6.0,1.1,5.4,0.8,5.1,3.17,Moderate,Gen Z
7324,2.1,3.0,6.3,0.9,4.1,2.84,Moderate,Gen Z
7325,7.9,3.0,6.0,4.8,3.4,2.87,Moderate,Gen Z
7326,5.2,1.2,6.7,3.8,3.6,3.25,Moderate,Gen Z
7327,4.7,0.4,8.0,6.3,3.4,3.1,Moderate,Gen Z
7328,3.7,2.1,7.7,2.7,3.2,3.25,Moderate,Gen Z
7329,5.6,4.1,7.4,3.1,2.5,3.05,High,Gen Z
7330,5.7,0.2,7.3,3.1,3.6,3.42,Low,Gen Z
7331,5.4,1.7,6.4,2.4,1.9,2.91,Low,Gen Z
7332,4.7,0.4,7.7,3.6,4.2,3.25,Moderate,Gen Z
7333,7.3,1.5,7.3,2.2,5.0,3.54,Moderate,Gen Z
7334,3.5,2.0,7.8,4.7,1.7,2.74,Low,Gen Z
7335,6.3,1.2,6.2,2.4,4.3,3.25,Low,Gen Z
7336,5.8,1.9,8.5,3.1,1.9,3.32,Moderate,Gen Z
7337,4.0,0.7,7.9,1.5,6.3,3.1,Moderate,Gen Z
7338,4.3,2.0,6.0,3.9,4.1,2.53,Moderate,Gen Z
7339,4.9,3.1,7.4,4.5,6.6,3.51,Moderate,Gen Z
7340,5.8,2.1,6.9,2.9,4.3,2.89,Moderate,Gen Z
7341,6.3,1.7,6.8,4.9,3.3,3.04,Moderate,Gen Z
7342,6.2,2.1,6.6,4.2,5.0,3.41,Low,Gen Z
7343,4.7,0.6,6.5,3.3,6.1,3.58,Low,Gen Z
7344,7.5,1.9,7.0,2.5,2.6,2.96,High,Gen Z
7345,6.5,2.6,6.2,1.8,4.1,3.81,Moderate,Gen Z
7346,4.9,1.4,7.5,2.3,1.8,2.68,Low,Gen Z
7347,4.8,2.8,6.4,2.5,2.1,2.58,Moderate,Gen Z
7348,6.8,0.2,5.8,3.2,3.4,3.36,High,Gen Z
7349,4.9,1.7,5.6,2.4,2.7,3.04,High,Gen Z
7350,4.3,1.8,8.1,2.9,3.2,2.8,Moderate,Gen Z
7351,6.0,0.8,8.4,3.2,3.2,3.2,High,Gen Z
7352,6.9,2.3,5.4,2.3,5.3,3.31,High,Gen Z
7353,6.6,2.3,7.0,1.3,3.5,3.06,High,Gen Z
7354,4.8,3.3,7.1,2.7,2.5,3.82,Moderate,Gen Z
7355,5.4,1.7,6.2,1.4,3.8,3.41,Moderate,Gen Z
7356,6.3,1.4,6.5,1.4,2.5,3.73,Moderate,Gen Z
7357,5.1,0.0,4.7,3.2,3.8,2.76,High,Gen Z
7358,6.4,2.9,7.4,2.5,4.2,2.8,Low,Gen Z
7359,4.1,1.1,7.1,4.1,6.2,3.71,Moderate,Gen Z
7360,5.2,2.1,7.7,4.8,2.7,3.14,Moderate,Gen Z
7361,4.4,1.6,8.5,4.5,2.8,2.35,Moderate,Gen Z
7362,6.4,2.0,7.2,5.3,3.7,2.69,Moderate,Gen Z
7363,7.0,1.2,9.4,3.4,2.7,3.44,Moderate,Gen Z
7364,5.7,2.0,6.8,1.4,4.0,2.6,High,Gen Z
7365,8.2,2.3,6.1,0.2,6.9,3.08,Moderate,Gen Z
7366,6.0,0.8,7.4,3.1,4.2,3.4,Moderate,Gen Z
7367,7.4,1.2,6.8,2.6,2.7,3.31,Low,Gen Z
7368,4.2,1.2,7.8,3.0,3.1,3.26,Low,Gen Z
7369,5.0,2.7,6.1,4.3,2.8,2.42,High,Gen Z
7370,4.1,2.4,7.4,5.6,5.8,2.52,Moderate,Gen Z
7371,4.8,1.9,6.9,2.8,3.1,2.69,Moderate,Gen Z
7372,5.5,1.4,8.6,4.8,3.2,2.95,High,Gen Z
7373,5.8,1.8,6.5,4.4,1.7,3.39,High,Gen Z
7374,5.8,2.0,8.1,1.5,1.6,3.03,Moderate,Gen Z
7375,4.8,3.1,8.5,1.3,3.0,3.06,Low,Gen Z
7376,4.0,2.3,8.4,5.3,5.7,2.46,Low,Gen Z
7377,2.9,0.0,7.2,3.3,0.0,2.93,High,Gen Z
7378,5.9,0.0,6.6,2.2,2.5,3.01,Low,Gen Z
7379,4.3,1.2,8.5,3.2,5.2,3.0,High,Gen Z
7380,5.9,2.5,7.2,4.0,5.0,2.62,High,Gen Z
7381,6.8,2.8,7.7,2.3,2.7,2.57,Moderate,Gen Z
7382,3.7,0.0,5.9,3.1,5.0,3.55,Moderate,Gen Z
7383,4.8,0.8,8.5,0.5,2.5,3.35,Moderate,Gen Z
7384,7.5,0.4,7.1,4.9,3.3,2.45,High,Gen Z
7385,7.7,2.6,6.3,3.4,5.9,3.03,High,Gen Z
7386,4.0,1.0,8.8,2.8,3.4,3.22,Moderate,Gen Z
7387,6.2,2.2,5.4,1.9,4.5,2.65,Moderate,Gen Z
7388,3.5,0.0,7.4,2.2,3.4,3.59,Low,Gen Z
7389,6.8,2.3,7.4,3.1,2.4,2.52,Moderate,Gen Z
7390,4.4,1.8,6.8,4.1,5.1,3.13,High,Gen Z
7391,6.0,2.7,7.3,2.5,2.0,3.16,Moderate,Gen Z
7392,5.5,2.8,6.8,2.5,1.8,3.22,Moderate,Gen Z
7393,5.2,1.2,6.4,1.8,3.6,3.22,Low,Gen Z
7394,6.1,0.9,6.6,1.2,2.2,2.74,High,Gen Z
7395,5.8,1.2,6.6,4.8,0.0,3.07,Low,Gen Z
7396,4.5,3.0,7.2,1.9,3.5,3.05,Low,Gen Z
7397,4.8,2.6,7.2,1.8,5.5,3.23,High,Gen Z
7398,6.8,2.5,6.1,1.9,4.6,3.01,High,Gen Z
7399,1.3,2.1,6.8,2.6,0.8,2.45,High,Gen Z
7400,5.2,1.3,7.5,4.7,4.5,3.02,Moderate,Gen Z
7401,5.6,0.0,8.0,2.9,3.0,2.78,High,Gen Z
7402,5.3,2.3,8.4,2.3,4.4,2.82,Moderate,Gen Z
7403,4.1,3.0,5.9,3.5,5.6,2.68,High,Gen Z
7404,7.6,0.8,7.3,3.1,5.8,3.73,High,Gen Z
7405,4.6,0.1,6.6,3.1,3.4,2.72,Low,Gen Z
7406,6.5,2.9,7.3,4.5,3.5,1.86,High,Gen Z
7407,5.3,1.1,8.2,1.4,3.7,3.05,Moderate,Gen Z
7408,6.0,2.0,8.5,5.1,7.8,2.47,High,Gen Z
7409,4.7,0.0,7.7,2.7,5.4,3.04,High,Gen Z
7410,6.6,4.0,5.3,3.9,5.1,2.86,Moderate,Gen Z
7411,4.0,2.5,7.7,2.2,5.3,3.16,Moderate,Gen Z
7412,6.2,1.5,7.9,3.2,1.1,3.05,High,Gen Z
7413,5.9,2.1,6.5,1.9,6.4,3.15,High,Gen Z
7414,5.5,3.2,7.8,1.5,2.5,2.92,Moderate,Gen Z
7415,4.4,1.2,7.1,1.7,3.4,2.62,High,Gen Z
7416,4.4,1.8,6.1,0.0,3.2,2.54,High,Gen Z
7417,1.4,0.0,6.1,3.7,2.9,2.65,High,Gen Z
7418,5.5,3.0,7.6,3.7,4.6,3.18,High,Gen Z
7419,6.3,1.5,6.3,2.2,3.9,2.64,High,Gen Z
7420,4.8,0.8,5.3,1.8,2.3,2.73,High,Gen Z
7421,5.9,0.8,7.0,2.0,2.8,3.17,High,Gen Z
7422,3.1,1.5,5.9,4.1,4.7,2.98,Low,Gen Z
7423,4.6,1.2,5.7,2.5,2.8,2.95,High,Gen Z
7424,4.3,3.4,7.6,0.6,4.7,3.49,High,Gen Z
7425,2.5,3.9,6.6,2.4,5.6,2.71,Moderate,Gen Z
7426,5.0,1.7,7.5,1.9,1.7,3.31,High,Gen Z
7427,3.7,2.0,6.3,4.0,2.1,3.07,Moderate,Gen Z
7428,3.2,2.0,6.1,3.4,6.2,2.76,High,Gen Z
7429,6.9,1.1,7.3,4.8,5.0,2.94,Moderate,Gen Z
7430,1.4,2.5,6.0,1.7,4.8,2.7,Moderate,Gen Z
7431,4.4,0.9,6.9,3.0,4.2,3.28,Low,Gen Z
7432,4.8,2.0,6.8,4.3,3.4,2.79,High,Gen Z
7433,6.7,1.6,6.7,7.0,4.0,2.65,Low,Gen Z
7434,5.2,1.2,7.1,5.0,2.9,3.43,Low,Gen Z
7435,5.2,4.6,7.1,4.9,4.6,2.64,Moderate,Gen Z
7436,5.8,2.3,7.8,2.6,4.3,3.45,Moderate,Gen Z
7437,4.1,2.5,7.7,4.0,3.4,3.11,High,Gen Z
7438,3.9,1.6,7.3,5.1,6.0,2.39,High,Gen Z
7439,5.5,2.7,6.3,1.2,2.2,2.72,Moderate,Gen Z
7440,4.1,1.9,7.6,2.2,2.5,2.87,Moderate,Gen Z
7441,5.2,0.0,6.6,4.5,5.0,3.24,High,Gen Z
7442,4.4,1.4,6.4,3.5,1.5,3.18,High,Gen Z
7443,3.3,2.3,6.5,4.5,3.9,2.67,High,Gen Z
7444,5.9,1.3,7.8,1.9,5.9,3.24,Moderate,Gen Z
7445,9.0,2.7,7.0,0.9,5.2,2.91,Moderate,Gen Z
7446,3.7,2.1,6.4,2.1,5.3,3.04,High,Gen Z
7447,6.4,1.6,6.8,1.1,5.4,3.62,Moderate,Gen Z
7448,5.1,1.5,7.6,0.0,3.7,2.96,High,Gen Z
7449,4.5,1.2,6.5,2.0,3.0,3.39,Moderate,Gen Z
7450,4.8,0.3,8.3,1.0,3.8,3.2,High,Gen Z
7451,7.2,0.3,6.4,5.4,5.8,3.18,High,Gen Z
7452,6.9,1.8,7.4,2.7,4.3,2.36,Moderate,Gen Z
7453,5.2,0.9,5.3,3.8,7.5,3.13,High,Gen Z
7454,4.4,2.8,6.7,1.3,5.6,2.85,High,Gen Z
7455,3.6,1.3,6.5,5.1,0.1,2.94,Moderate,Gen Z
7456,3.2,3.4,6.3,3.0,2.8,3.25,Low,Gen Z
7457,4.4,1.0,7.1,5.1,3.8,3.54,Moderate,Gen Z
7458,5.8,2.9,5.5,2.8,2.8,2.81,High,Gen Z
7459,4.7,0.3,6.9,2.2,2.6,2.69,Moderate,Gen Z
7460,5.9,1.7,7.7,0.9,2.6,2.94,Moderate,Gen Z
7461,6.8,2.6,9.3,2.5,4.0,2.54,Moderate,Gen Z
7462,2.0,2.2,8.9,2.3,4.4,3.06,Low,Gen Z
7463,5.4,2.6,6.9,0.5,2.8,3.29,Low,Gen Z
7464,4.8,0.1,6.8,4.7,5.1,2.65,High,Gen Z
7465,5.7,0.4,6.8,1.1,4.7,3.04,Moderate,Gen Z
7466,3.9,0.4,7.6,1.9,3.8,3.14,High,Gen Z
7467,4.5,0.7,8.3,3.1,1.5,2.83,High,Gen Z
7468,4.4,2.0,8.4,3.2,4.5,3.0,High,Gen Z
7469,4.1,1.4,7.6,2.1,3.8,3.45,High,Gen Z
7470,2.8,0.6,6.8,2.2,3.7,2.71,Moderate,Gen Z
7471,5.9,0.4,5.2,5.2,3.5,3.2,High,Gen Z
7472,5.7,1.4,9.6,4.0,2.1,3.51,Moderate,Gen Z
7473,3.1,2.3,6.5,0.0,1.9,3.21,Low,Gen Z
7474,5.5,0.8,7.5,2.2,3.2,2.8,High,Gen Z
7475,8.4,3.4,7.3,3.8,4.1,3.62,High,Gen Z
7476,7.1,2.1,6.4,4.3,2.9,2.79,Moderate,Gen Z
7477,5.6,1.5,6.9,2.6,5.8,3.06,High,Gen Z
7478,4.4,2.2,7.9,4.6,3.4,3.34,Moderate,Gen Z
7479,6.3,2.3,7.0,4.0,5.3,3.4,Moderate,Gen Z
7480,3.8,1.6,6.9,0.9,3.0,3.8,High,Gen Z
7481,5.6,1.5,5.2,3.8,3.3,3.2,Moderate,Gen Z
7482,4.5,1.8,6.2,0.9,5.1,2.57,High,Gen Z
7483,4.7,3.4,8.1,2.9,4.8,2.92,High,Gen Z
7484,6.2,2.4,6.5,4.6,2.2,2.6,Low,Gen Z
7485,4.7,0.5,5.0,2.4,7.0,2.97,Moderate,Gen Z
7486,3.7,0.9,8.0,3.7,5.4,3.16,Low,Gen Z
7487,5.0,0.1,7.0,2.1,0.0,3.07,Moderate,Gen Z
7488,4.4,1.8,6.6,3.8,3.5,2.87,Low,Gen Z
7489,5.4,1.1,7.3,3.1,3.7,3.19,Moderate,Gen Z
7490,4.6,2.2,5.7,2.5,4.6,2.88,High,Gen Z
7491,6.2,1.6,7.6,2.4,3.5,2.88,High,Gen Z
7492,2.7,1.1,8.0,4.3,1.9,2.73,Low,Gen Z
7493,8.1,1.1,6.5,2.8,3.7,2.41,Low,Gen Z
7494,4.4,1.3,5.2,2.3,3.5,3.08,Low,Gen Z
7495,2.1,2.5,7.0,2.1,4.4,3.52,Low,Gen Z
7496,4.7,1.5,6.5,4.4,5.2,2.45,Moderate,Gen Z
7497,5.8,1.8,6.2,4.6,2.7,3.53,Moderate,Gen Z
7498,5.0,0.4,6.6,2.1,5.2,2.86,Moderate,Gen Z
7499,7.6,1.1,6.2,2.5,4.0,3.38,Moderate,Gen Z
7500,5.1,2.1,7.5,1.9,4.1,2.48,Moderate,Gen Z
7501,7.4,2.5,7.5,4.8,4.0,3.03,High,Gen Z
7502,3.1,3.6,7.1,1.8,4.8,3.05,High,Gen Z
7503,4.1,1.1,7.8,3.8,4.4,2.79,Moderate,Gen Z
7504,1.6,4.5,6.2,3.2,3.3,2.72,Moderate,Gen Z
7505,6.5,0.4,7.6,3.6,5.8,2.54,Moderate,Gen Z
7506,4.6,2.2,6.0,3.9,3.1,2.56,High,Gen Z
7507,5.5,2.1,8.6,1.9,4.7,3.51,High,Gen Z
7508,7.5,3.8,6.0,1.9,3.1,3.49,High,Gen Z
7509,5.6,2.3,6.6,2.2,4.8,3.55,Low,Gen Z
7510,5.3,0.5,6.7,3.0,4.6,3.56,Low,Gen Z
7511,6.3,1.0,9.0,3.4,4.4,3.2,High,Gen Z
7512,5.5,1.1,7.0,2.8,2.6,3.47,High,Gen Z
7513,4.5,1.0,7.3,2.1,2.5,2.75,Low,Gen Z
7514,4.1,0.9,6.3,1.7,3.8,2.23,High,Gen Z
7515,6.0,1.1,6.6,0.6,2.5,2.77,High,Gen Z
7516,2.8,1.3,7.5,3.0,4.5,3.19,Moderate,Gen Z
7517,5.9,2.7,9.1,3.4,0.8,2.66,Moderate,Gen Z
7518,5.8,2.4,6.9,2.4,4.2,3.37,High,Gen Z
7519,6.5,1.5,8.0,4.1,2.5,2.98,Moderate,Gen Z
7520,4.2,0.2,8.4,3.2,2.8,2.45,High,Gen Z
7521,5.8,1.0,6.9,3.3,4.4,3.13,High,Gen Z
7522,3.7,2.0,6.0,2.7,4.6,2.83,Moderate,Gen Z
7523,5.2,1.1,8.3,4.1,2.7,3.28,Moderate,Gen Z
7524,4.7,1.8,5.0,2.4,5.7,3.1,Low,Gen Z
7525,5.5,0.8,6.6,1.6,2.9,2.82,Low,Gen Z
7526,7.2,0.2,7.2,0.9,4.9,3.32,High,Gen Z
7527,3.2,1.9,6.0,5.0,2.9,2.75,High,Gen Z
7528,4.6,0.4,6.9,0.1,3.4,2.93,High,Gen Z
7529,5.1,2.7,7.4,2.5,5.3,3.37,High,Gen Z
7530,7.3,3.3,6.1,3.4,3.3,2.86,Moderate,Gen Z
7531,2.9,1.9,6.6,2.1,0.4,3.33,High,Gen Z
7532,5.2,1.1,7.8,2.2,2.2,2.66,High,Gen Z
7533,3.5,2.5,6.9,4.1,1.3,2.85,Low,Gen Z
7534,7.1,0.2,7.9,2.7,3.1,3.65,High,Gen Z
7535,5.4,2.3,6.0,2.2,5.8,2.48,High,Gen Z
7536,4.7,0.0,6.5,2.2,2.1,2.91,Low,Gen Z
7537,7.6,1.4,7.1,4.3,0.7,2.91,Moderate,Gen Z
7538,5.7,4.1,8.5,1.4,3.5,3.28,Moderate,Gen Z
7539,6.2,0.7,7.5,3.4,0.5,3.03,Moderate,Gen Z
7540,8.8,0.2,6.6,3.7,2.7,3.74,High,Gen Z
7541,6.8,1.9,5.5,2.4,4.7,2.83,Moderate,Gen Z
7542,4.3,1.7,6.5,0.0,4.2,3.36,High,Gen Z
7543,5.8,1.1,8.2,0.5,3.1,2.63,High,Gen Z
7544,4.0,0.0,5.9,2.9,2.0,3.32,Moderate,Gen Z
7545,6.8,2.8,7.6,5.3,4.4,3.17,Low,Gen Z
7546,6.4,2.1,8.3,4.8,3.4,2.85,Moderate,Gen Z
7547,2.3,3.1,8.1,3.6,5.7,3.76,Moderate,Gen Z
7548,2.3,2.7,6.8,3.9,5.0,3.14,Moderate,Gen Z
7549,5.3,2.3,6.7,3.0,2.9,2.66,High,Gen Z
7550,4.9,3.6,8.4,0.0,2.2,3.43,Moderate,Gen Z
7551,4.5,3.6,6.0,3.9,5.8,3.15,High,Gen Z
7552,7.1,0.8,6.2,5.4,2.1,3.3,High,Gen Z
7553,5.7,2.9,7.1,2.0,3.6,2.82,Moderate,Gen Z
7554,3.7,2.8,7.3,3.0,3.6,2.78,Moderate,Gen Z
7555,3.3,2.5,7.4,3.5,3.2,3.49,Moderate,Gen Z
7556,6.8,1.1,6.8,5.5,6.1,2.79,Moderate,Gen Z
7557,6.2,1.8,9.4,2.4,1.8,3.4,Low,Gen Z
7558,8.7,3.9,7.9,4.7,1.9,2.15,Moderate,Gen Z
7559,4.4,2.9,8.8,2.3,3.7,3.15,Moderate,Gen Z
7560,5.7,2.3,6.7,3.3,1.9,3.03,High,Gen Z
7561,6.0,2.1,5.8,3.7,2.7,2.62,Low,Gen Z
7562,4.2,2.4,8.3,3.5,2.0,3.24,Low,Gen Z
7563,6.5,1.0,4.0,3.3,3.0,3.13,Low,Gen Z
7564,5.3,1.6,7.1,2.2,4.1,2.7,High,Gen Z
7565,4.7,2.6,6.2,2.9,5.7,3.69,Moderate,Gen Z
7566,4.4,1.8,6.9,3.8,3.6,2.67,Moderate,Gen Z
7567,5.5,2.8,7.4,4.0,5.8,3.06,Low,Gen Z
7568,5.8,1.6,7.6,2.7,4.8,3.37,Low,Gen Z
7569,4.7,2.2,6.3,2.5,4.9,2.77,Moderate,Gen Z
7570,6.1,2.0,7.5,5.2,4.6,2.6,Moderate,Gen Z
7571,4.3,1.0,6.6,0.7,2.6,3.34,Low,Gen Z
7572,6.0,2.3,6.3,1.1,3.0,3.1,High,Gen Z
7573,5.1,2.6,6.5,2.7,2.8,3.77,High,Gen Z
7574,6.0,0.9,6.3,2.5,3.4,3.82,High,Gen Z
7575,3.5,1.4,7.7,1.7,4.1,3.08,Moderate,Gen Z
7576,4.6,2.0,8.4,2.7,3.6,2.99,Low,Gen Z
7577,5.0,1.3,7.1,2.7,2.0,3.72,Moderate,Gen Z
7578,4.5,1.7,8.9,2.6,4.5,3.42,Moderate,Gen Z
7579,4.7,2.3,7.0,5.6,5.5,2.43,Moderate,Gen Z
7580,6.2,1.9,6.5,5.9,1.9,2.87,Moderate,Gen Z
7581,5.1,0.6,7.3,0.9,1.9,2.79,Low,Gen Z
7582,4.8,2.1,5.6,2.3,5.0,2.64,Moderate,Gen Z
7583,5.6,0.0,7.6,2.1,4.3,3.47,High,Gen Z
7584,5.9,1.8,5.2,3.6,3.1,3.09,High,Gen Z
7585,4.5,3.5,8.6,5.1,0.0,3.4,Low,Gen Z
7586,5.3,1.8,8.8,5.4,3.1,2.31,Moderate,Gen Z
7587,6.2,0.0,8.0,1.7,1.9,2.97,Moderate,Gen Z
7588,6.1,1.3,6.7,4.2,4.5,3.24,Moderate,Gen Z
7589,3.1,1.7,8.8,2.9,2.6,3.13,High,Gen Z
7590,2.9,1.9,7.1,1.5,5.3,3.35,Moderate,Gen Z
7591,3.5,2.2,8.4,1.2,6.8,3.6,Moderate,Gen Z
7592,7.4,1.5,6.7,4.3,6.5,2.67,Moderate,Gen Z
7593,4.7,0.0,5.8,4.3,2.0,2.8,High,Gen Z
7594,4.6,2.3,7.9,3.1,3.8,2.62,Low,Gen Z
7595,3.9,2.4,7.9,0.6,3.8,2.65,Moderate,Gen Z
7596,5.2,1.9,5.3,2.1,3.9,3.03,High,Gen Z
7597,7.8,2.5,7.3,6.5,6.0,2.67,High,Gen Z
7598,3.2,0.0,7.7,2.4,4.5,2.67,Moderate,Gen Z
7599,5.9,1.9,8.0,3.9,5.0,2.84,Moderate,Gen Z
7600,6.6,2.2,6.6,5.0,3.3,3.07,Moderate,Gen Z
7601,6.0,2.6,8.1,0.6,1.7,3.36,High,Gen Z
7602,5.1,2.7,7.3,3.8,4.6,2.87,Moderate,Gen Z
7603,5.9,1.9,7.3,3.3,3.8,3.04,Low,Gen Z
7604,5.8,1.6,8.4,0.7,2.4,3.13,Moderate,Gen Z
7605,5.2,0.8,9.6,1.4,3.8,3.1,High,Gen Z
7606,4.2,1.7,7.4,5.4,3.1,3.0,Low,Gen Z
7607,4.9,3.4,8.6,1.1,3.7,2.95,Low,Gen Z
7608,4.9,2.0,7.2,1.3,2.6,3.06,High,Gen Z
7609,4.4,2.3,4.9,1.1,6.5,2.9,Moderate,Gen Z
7610,5.3,3.0,6.6,0.4,5.0,2.81,High,Gen Z
7611,5.2,2.4,6.7,2.4,6.2,3.04,High,Gen Z
7612,1.3,0.8,8.3,2.0,5.6,3.49,High,Gen Z
7613,6.3,0.4,5.3,2.4,6.6,3.24,Moderate,Gen Z
7614,6.2,3.3,7.1,3.4,3.9,2.34,Moderate,Gen Z
7615,3.7,2.0,6.4,3.6,3.7,2.82,Moderate,Gen Z
7616,4.5,1.9,7.0,4.9,6.0,2.51,Low,Gen Z
7617,2.8,1.6,6.2,4.1,5.2,3.04,Moderate,Gen Z
7618,6.0,1.6,6.4,2.6,5.9,3.21,Low,Gen Z
7619,2.0,2.0,6.5,3.2,3.9,3.06,Moderate,Gen Z
7620,4.3,1.4,7.8,3.3,3.9,3.19,Moderate,Gen Z
7621,6.2,0.8,6.9,4.8,3.1,3.18,High,Gen Z
7622,5.5,1.5,6.2,3.6,4.5,2.75,High,Gen Z
7623,5.5,3.8,8.3,1.2,3.7,2.76,Moderate,Gen Z
7624,5.0,3.0,6.4,1.8,3.2,2.4,Moderate,Gen Z
7625,5.9,3.1,7.2,3.2,2.2,2.65,Moderate,Gen Z
7626,4.2,0.8,7.5,1.5,5.7,2.98,High,Gen Z
7627,5.7,1.8,5.8,0.8,3.5,2.89,Moderate,Gen Z
7628,4.7,0.6,7.0,3.2,4.0,2.9,Low,Gen Z
7629,6.7,1.4,7.1,0.0,4.6,2.91,Moderate,Gen Z
7630,5.2,2.4,5.5,1.2,4.1,2.76,Low,Gen Z
7631,5.9,2.8,5.5,2.1,1.6,2.88,Moderate,Gen Z
7632,6.3,1.0,6.4,1.5,1.2,3.28,High,Gen Z
7633,6.5,1.4,8.1,2.5,2.8,2.9,Moderate,Gen Z
7634,3.8,1.6,7.1,2.6,3.9,2.82,High,Gen Z
7635,3.8,0.0,6.0,1.3,2.0,3.23,Moderate,Gen Z
7636,7.8,1.6,5.4,2.8,2.5,3.06,High,Gen Z
7637,2.6,0.9,7.3,1.2,2.7,3.13,Moderate,Gen Z
7638,4.8,2.5,8.6,0.6,6.6,2.91,High,Gen Z
7639,4.6,1.1,6.1,2.4,2.9,3.0,Moderate,Gen Z
7640,6.1,1.8,6.3,3.1,4.7,2.69,High,Gen Z
7641,3.2,1.6,6.7,3.4,2.2,2.65,Moderate,Gen Z
7642,4.8,3.5,6.8,3.8,4.7,3.35,Low,Gen Z
7643,7.0,2.5,8.1,2.8,2.7,3.32,Moderate,Gen Z
7644,6.1,1.2,8.0,2.9,0.3,2.95,Moderate,Gen Z
7645,5.5,2.0,7.6,1.8,4.7,3.51,Moderate,Gen Z
7646,3.9,1.1,5.9,2.1,1.8,2.63,Low,Gen Z
7647,2.5,2.1,6.7,4.4,2.5,3.07,High,Gen Z
7648,5.7,1.4,6.6,3.1,0.7,3.25,High,Gen Z
7649,2.4,2.3,5.4,2.0,4.3,3.02,Low,Gen Z
7650,6.2,0.0,7.6,2.1,1.6,2.85,Moderate,Gen Z
7651,8.1,2.2,6.8,2.9,3.1,3.19,Moderate,Gen Z
7652,3.6,2.0,5.6,2.4,3.1,3.02,Low,Gen Z
7653,5.6,0.0,5.6,0.8,4.3,2.46,High,Gen Z
7654,3.2,1.7,7.7,5.0,3.4,3.21,Moderate,Gen Z
7655,2.8,0.7,7.6,0.9,2.1,3.83,High,Gen Z
7656,4.6,1.8,5.8,1.9,3.1,3.4,High,Gen Z
7657,5.1,1.6,6.8,3.5,5.5,3.14,Moderate,Gen Z
7658,4.9,1.9,8.8,3.7,5.4,2.8,Moderate,Gen Z
7659,8.8,2.5,8.2,3.8,4.0,2.94,Low,Gen Z
7660,6.6,3.1,7.5,1.2,5.8,3.37,Moderate,Gen Z
7661,3.4,3.2,7.4,3.8,6.2,3.62,Moderate,Gen Z
7662,5.4,1.8,8.8,4.8,2.6,3.09,Moderate,Gen Z
7663,5.3,1.9,8.5,2.2,4.0,3.04,Low,Gen Z
7664,4.4,1.1,6.8,2.2,2.4,3.32,High,Gen Z
7665,4.3,1.0,6.9,0.7,6.4,2.98,Low,Gen Z
7666,7.0,0.4,5.7,3.1,3.6,2.84,Moderate,Gen Z
7667,4.1,2.1,6.4,2.8,1.7,3.15,Moderate,Gen Z
7668,7.8,0.0,7.9,3.3,4.9,3.14,Moderate,Gen Z
7669,5.0,1.1,7.3,3.4,5.1,3.11,High,Gen Z
7670,3.4,3.9,8.0,4.7,3.7,3.03,Low,Gen Z
7671,5.4,1.8,8.1,4.9,3.9,2.9,High,Gen Z
7672,3.4,1.4,6.5,4.4,3.3,2.71,High,Gen Z
7673,7.4,2.0,7.1,3.5,1.5,3.36,High,Gen Z
7674,7.1,2.0,6.8,2.9,5.0,3.08,Moderate,Gen Z
7675,6.4,2.2,6.3,4.1,4.8,2.93,High,Gen Z
7676,3.1,0.3,5.8,3.7,4.2,2.43,Moderate,Gen Z
7677,7.5,1.1,8.7,2.7,3.1,2.8,High,Gen Z
7678,5.1,2.4,7.7,4.0,2.5,2.88,Moderate,Gen Z
7679,5.4,2.1,5.7,2.4,0.1,2.86,Moderate,Gen Z
7680,2.5,4.0,6.3,1.0,5.1,2.76,High,Gen Z
7681,4.7,2.6,7.0,4.0,2.6,2.48,Moderate,Gen Z
7682,5.3,1.1,7.4,2.4,5.2,3.52,Moderate,Gen Z
7683,6.9,2.3,5.5,6.2,3.8,3.26,High,Gen Z
7684,4.5,3.5,8.1,1.9,4.7,3.02,High,Gen Z
7685,1.0,3.1,8.1,5.0,5.3,2.94,Moderate,Gen Z
7686,4.9,3.0,6.0,2.6,4.4,3.41,Moderate,Gen Z
7687,4.8,1.5,6.0,4.5,2.5,2.71,High,Gen Z
7688,3.0,2.2,5.8,3.6,5.1,3.09,Moderate,Gen Z
7689,5.1,4.2,8.4,1.6,2.6,2.8,Low,Gen Z
7690,2.5,1.8,6.5,1.7,1.7,2.9,High,Gen Z
7691,7.4,1.8,7.2,3.2,5.4,3.19,High,Gen Z
7692,5.9,2.1,7.2,0.7,5.0,3.19,High,Gen Z
7693,7.7,0.0,5.8,0.9,3.3,2.66,Moderate,Gen Z
7694,6.7,2.2,4.2,2.8,2.3,3.22,High,Gen Z
7695,4.1,3.0,7.2,1.9,3.5,3.13,Moderate,Gen Z
7696,5.0,1.0,7.5,1.3,6.6,2.79,Moderate,Gen Z
7697,4.2,0.0,7.7,1.2,3.5,3.3,High,Gen Z
7698,4.3,0.3,7.4,4.9,3.4,3.4,Moderate,Gen Z
7699,5.5,1.1,7.9,4.2,1.7,3.45,Low,Gen Z
7700,5.3,0.4,6.3,3.9,4.4,3.15,Moderate,Gen Z
7701,3.2,3.7,6.7,2.0,4.6,3.1,Low,Gen Z
7702,5.7,0.0,4.9,5.2,3.9,2.81,Moderate,Gen Z
7703,5.6,0.5,6.6,2.3,4.1,3.36,Low,Gen Z
7704,4.8,2.3,6.0,0.9,2.2,3.06,Low,Gen Z
7705,8.1,2.2,8.6,2.2,3.1,2.87,High,Gen Z
7706,2.2,2.9,6.5,5.7,1.9,2.5,Moderate,Gen Z
7707,4.2,0.5,7.8,2.4,5.2,2.85,Low,Gen Z
7708,3.8,3.0,5.7,2.8,4.6,2.75,High,Gen Z
7709,6.8,0.0,7.2,3.0,3.6,2.64,Moderate,Gen Z
7710,8.2,2.1,5.5,4.4,4.7,2.97,Moderate,Gen Z
7711,2.1,1.3,5.1,4.5,3.2,3.36,Low,Gen Z
7712,4.4,1.5,8.9,0.0,4.9,3.79,Moderate,Gen Z
7713,8.3,3.6,6.8,4.0,5.1,2.98,High,Gen Z
7714,5.5,3.5,7.0,2.0,4.4,2.99,Moderate,Gen Z
7715,5.9,2.2,8.1,1.4,2.7,3.69,Moderate,Gen Z
7716,2.2,2.6,5.2,3.0,7.9,3.45,High,Gen Z
7717,5.5,1.8,7.8,5.4,3.5,3.44,Moderate,Gen Z
7718,4.5,0.1,7.0,4.2,2.4,3.46,Moderate,Gen Z
7719,4.9,3.5,5.8,3.7,3.2,3.21,High,Gen Z
7720,6.2,3.4,4.0,5.0,3.5,3.02,Moderate,Gen Z
7721,3.4,0.7,6.1,0.3,4.1,3.25,High,Gen Z
7722,7.6,0.4,8.5,2.7,5.1,2.23,Moderate,Gen Z
7723,5.9,1.0,5.6,3.1,3.3,2.81,High,Gen Z
7724,2.6,3.3,6.4,0.8,5.8,2.93,High,Gen Z
7725,4.5,1.4,8.4,4.4,4.8,3.08,High,Gen Z
7726,5.6,2.5,8.2,4.9,4.1,2.92,Moderate,Gen Z
7727,6.7,1.6,7.5,4.6,2.8,3.6,Low,Gen Z
7728,4.7,3.6,6.6,3.5,6.2,2.97,High,Gen Z
7729,3.5,2.0,8.3,2.1,6.3,3.3,Moderate,Gen Z
7730,5.2,1.4,5.0,5.5,3.2,2.71,High,Gen Z
7731,5.4,1.4,6.6,1.7,3.5,3.07,High,Gen Z
7732,3.7,1.0,6.6,2.8,5.8,2.92,High,Gen Z
7733,4.5,1.5,5.9,5.7,4.8,3.66,Low,Gen Z
7734,4.2,2.4,5.9,1.4,4.7,2.46,High,Gen Z
7735,6.1,2.8,4.9,2.9,5.0,2.73,Moderate,Gen Z
7736,2.6,2.9,6.0,2.9,3.5,2.66,High,Gen Z
7737,3.2,1.7,7.4,4.1,7.8,2.56,High,Gen Z
7738,6.7,0.0,5.9,0.0,5.0,3.31,Moderate,Gen Z
7739,3.6,1.2,6.2,5.4,5.6,3.05,Moderate,Gen Z
7740,7.6,1.4,7.6,3.6,4.4,2.79,Low,Gen Z
7741,5.8,0.2,8.6,3.3,2.5,3.49,Moderate,Gen Z
7742,3.6,3.3,5.5,4.0,4.0,3.19,High,Gen Z
7743,4.9,1.4,6.9,1.1,5.1,2.92,Moderate,Gen Z
7744,5.0,3.0,5.0,3.2,4.0,3.13,Moderate,Gen Z
7745,8.5,0.8,7.4,2.3,5.3,2.93,Low,Gen Z
7746,4.8,1.6,7.4,4.0,3.5,2.93,High,Gen Z
7747,4.8,3.2,7.7,4.0,4.3,2.81,High,Gen Z
7748,7.1,1.5,7.8,2.2,4.7,2.99,Low,Gen Z
7749,4.0,0.3,8.4,2.0,1.3,3.06,Low,Gen Z
7750,5.0,3.0,7.3,0.4,5.2,3.27,Moderate,Gen Z
7751,5.3,1.1,6.8,5.5,6.0,2.3,Moderate,Gen Z
7752,6.5,5.2,8.0,1.4,1.3,2.87,Moderate,Gen Z
7753,5.0,1.7,7.3,1.7,4.8,3.28,High,Gen Z
7754,4.4,2.6,7.0,4.0,2.6,2.81,Low,Gen Z
7755,5.7,0.6,7.1,3.9,4.2,2.39,High,Gen Z
7756,5.5,2.6,8.9,2.7,2.5,3.05,High,Gen Z
7757,3.2,1.9,8.5,3.6,3.6,3.3,Moderate,Gen Z
7758,4.4,1.1,7.2,2.9,1.1,2.8,High,Gen Z
7759,6.0,3.0,6.1,1.5,4.4,3.48,High,Gen Z
7760,5.3,1.7,6.9,5.1,4.1,2.71,Moderate,Gen Z
7761,6.5,2.4,6.1,5.3,1.7,2.79,Moderate,Gen Z
7762,7.5,2.1,6.0,1.6,4.8,3.36,High,Gen Z
7763,5.1,3.1,7.6,1.3,5.0,2.97,Low,Gen Z
7764,4.5,1.4,8.4,2.7,5.0,2.45,Moderate,Gen Z
7765,2.7,2.4,7.0,2.7,6.5,3.52,Moderate,Gen Z
7766,6.5,0.0,6.2,3.4,2.1,2.42,Low,Gen Z
7767,3.4,2.3,7.9,3.5,3.1,2.73,Low,Gen Z
7768,4.5,1.7,5.7,4.0,2.9,2.62,Low,Gen Z
7769,5.6,0.0,7.7,1.8,2.4,3.26,High,Gen Z
7770,4.1,2.7,5.5,1.3,4.2,2.11,Moderate,Gen Z
7771,7.2,2.3,7.1,1.9,2.2,2.87,Moderate,Gen Z
7772,6.0,2.8,8.1,2.9,5.1,2.64,Low,Gen Z
7773,2.8,0.8,7.9,4.2,3.8,2.9,Low,Gen Z
7774,5.9,1.4,6.1,2.7,3.9,3.03,High,Gen Z
7775,2.7,2.6,7.6,1.9,3.1,2.93,High,Gen Z
7776,2.1,3.3,5.3,5.5,4.6,2.49,Moderate,Gen Z
7777,3.0,1.0,8.1,3.6,4.8,3.04,Moderate,Gen Z
7778,5.6,1.6,9.0,2.7,0.6,3.29,Low,Gen Z
7779,5.7,2.8,6.0,3.9,3.0,2.13,Moderate,Gen Z
7780,4.4,1.3,7.7,3.0,5.4,3.03,Moderate,Gen Z
7781,3.4,1.7,6.3,4.7,4.3,3.07,Low,Gen Z
7782,5.8,1.3,7.7,1.2,3.8,3.1,High,Gen Z
7783,3.8,1.6,7.3,2.5,4.1,3.26,Low,Gen Z
7784,6.7,1.6,5.0,3.9,3.9,2.61,High,Gen Z
7785,3.7,1.3,5.6,2.2,4.4,2.5,Moderate,Gen Z
7786,5.6,1.4,7.4,0.0,3.6,2.77,High,Gen Z
7787,7.1,3.8,8.0,5.2,2.4,3.08,High,Gen Z
7788,5.6,0.9,5.3,1.4,2.6,2.6,Moderate,Gen Z
7789,1.8,2.1,7.5,2.0,5.2,3.06,Low,Gen Z
7790,1.9,3.2,5.5,4.8,2.7,2.67,High,Gen Z
7791,4.8,2.9,5.4,1.5,2.9,3.18,Low,Gen Z
7792,4.9,3.2,6.8,2.1,4.8,2.75,High,Gen Z
7793,4.0,2.9,8.2,1.5,3.8,3.45,Moderate,Gen Z
7794,4.3,1.4,7.2,2.4,2.5,3.03,Low,Gen Z
7795,3.5,1.0,5.6,3.4,2.6,2.94,Low,Gen Z
7796,5.7,0.7,8.3,3.2,4.8,3.02,Moderate,Gen Z
7797,6.0,1.7,7.4,4.5,4.2,2.61,High,Gen Z
7798,5.3,2.8,7.5,2.9,3.5,3.09,High,Gen Z
7799,4.6,1.7,7.2,4.0,4.6,3.11,High,Gen Z
7800,6.1,1.2,6.1,5.4,2.4,2.96,High,Gen Z
7801,5.6,0.6,6.3,4.3,4.2,2.84,Low,Gen Z
7802,6.5,1.3,5.3,5.4,0.8,2.52,High,Gen Z
7803,5.0,1.3,7.9,3.9,1.7,3.09,Moderate,Gen Z
7804,7.2,2.0,5.3,2.6,4.1,2.79,High,Gen Z
7805,3.1,0.0,8.9,4.3,4.0,3.46,High,Gen Z
7806,6.1,2.0,7.2,2.0,4.3,3.53,Moderate,Gen Z
7807,4.9,2.3,6.8,1.6,5.7,3.2,Moderate,Gen Z
7808,7.9,1.3,6.9,2.8,3.2,2.94,Low,Gen Z
7809,4.2,1.4,6.0,2.2,2.5,3.18,High,Gen Z
7810,3.0,1.4,8.5,2.9,3.1,3.26,High,Gen Z
7811,6.0,1.3,6.7,3.4,5.3,2.99,Moderate,Gen Z
7812,3.5,3.4,6.8,4.9,6.5,3.03,Moderate,Gen Z
7813,4.7,0.0,6.2,4.2,3.4,2.95,Moderate,Gen Z
7814,6.4,1.9,7.7,3.0,3.8,3.08,High,Gen Z
7815,2.6,2.1,7.4,3.8,4.4,3.58,Moderate,Gen Z
7816,3.0,3.1,6.8,4.1,2.8,3.22,Moderate,Gen Z
7817,7.7,2.5,5.8,2.2,5.1,2.97,High,Gen Z
7818,5.9,1.3,5.1,1.7,3.2,3.4,High,Gen Z
7819,6.8,1.3,8.1,2.4,5.5,2.52,Moderate,Gen Z
7820,8.5,2.4,7.3,4.7,5.2,3.19,Moderate,Gen Z
7821,6.3,1.2,8.0,3.1,5.0,2.27,High,Gen Z
7822,4.1,1.3,7.9,2.4,3.5,2.85,Moderate,Gen Z
7823,5.1,1.0,7.0,3.3,5.4,2.91,Low,Gen Z
7824,2.9,4.0,6.8,3.7,6.2,3.0,Moderate,Gen Z
7825,5.4,2.0,6.0,1.5,4.2,2.94,High,Gen Z
7826,5.4,2.3,5.7,3.1,4.9,3.2,Low,Gen Z
7827,4.9,0.5,6.1,4.3,3.8,3.14,High,Gen Z
7828,6.3,2.0,7.3,2.1,5.4,2.78,Low,Gen Z
7829,4.5,1.9,8.4,1.6,4.4,3.45,High,Gen Z
7830,7.5,1.8,7.1,5.6,5.7,2.54,Low,Gen Z
7831,6.4,3.1,6.7,2.2,3.7,2.81,Low,Gen Z
7832,4.6,2.8,6.9,4.4,5.4,3.88,Moderate,Gen Z
7833,3.3,0.2,5.5,1.3,4.3,3.05,High,Gen Z
7834,5.3,2.1,4.8,3.8,4.4,3.51,High,Gen Z
7835,4.5,1.2,7.2,4.2,4.3,2.9,Moderate,Gen Z
7836,3.5,1.1,7.5,3.8,4.0,2.55,High,Gen Z
7837,4.4,0.0,7.2,4.7,5.0,3.35,Moderate,Gen Z
7838,2.4,1.1,6.8,2.3,3.9,3.07,High,Gen Z
7839,4.3,0.0,8.0,0.0,2.2,2.07,Moderate,Gen Z
7840,3.2,2.7,8.4,2.2,5.8,2.42,High,Gen Z
7841,4.8,1.9,7.1,2.1,5.1,2.56,Low,Gen Z
7842,7.0,0.4,7.6,3.9,3.1,2.99,High,Gen Z
7843,4.1,2.8,6.8,0.3,0.6,3.22,High,Gen Z
7844,4.5,1.8,8.9,2.2,3.6,2.9,Moderate,Gen Z
7845,5.0,2.7,6.9,2.8,3.1,3.3,Low,Gen Z
7846,4.0,1.3,7.0,2.6,0.8,2.92,Moderate,Gen Z
7847,5.8,2.7,6.9,5.1,1.1,3.07,Low,Gen Z
7848,5.3,1.2,7.3,2.7,3.8,3.31,High,Gen Z
7849,3.9,1.5,7.6,3.9,6.7,2.32,High,Gen Z
7850,3.0,1.6,6.7,1.5,2.1,2.89,High,Gen Z
7851,7.2,1.7,5.7,2.0,3.3,3.17,Moderate,Gen Z
7852,5.3,2.8,5.5,0.2,3.8,3.12,High,Gen Z
7853,6.4,2.4,9.1,5.9,3.1,2.98,High,Gen Z
7854,5.9,0.8,6.9,1.1,3.5,3.2,High,Gen Z
7855,4.0,2.5,6.6,4.4,5.0,3.03,Moderate,Gen Z
7856,5.4,1.1,7.4,2.5,5.9,3.21,High,Gen Z
7857,6.3,1.3,7.4,5.4,6.9,2.58,Low,Gen Z
7858,4.2,3.0,6.9,2.6,3.5,3.23,High,Gen Z
7859,2.0,3.4,7.1,1.2,6.1,2.79,High,Gen Z
7860,7.5,2.0,5.4,2.6,0.9,3.42,Moderate,Gen Z
7861,3.1,2.8,7.6,4.4,2.1,2.51,Moderate,Gen Z
7862,4.0,3.2,9.2,1.2,5.1,2.95,Moderate,Gen Z
7863,4.8,1.3,8.4,3.5,3.1,2.47,Moderate,Gen Z
7864,6.6,2.4,8.6,2.8,0.0,2.7,High,Gen Z
7865,4.9,0.3,8.2,5.4,5.5,3.53,Moderate,Gen Z
7866,5.6,2.0,8.9,5.1,3.1,3.05,High,Gen Z
7867,4.4,2.4,6.9,4.1,3.4,2.86,High,Gen Z
7868,5.2,0.3,8.6,2.9,5.1,3.04,High,Gen Z
7869,4.6,4.0,6.4,4.1,0.0,3.32,Moderate,Gen Z
7870,5.4,1.7,7.5,3.4,5.7,2.96,High,Gen Z
7871,6.9,0.0,6.0,0.4,6.1,2.51,Moderate,Gen Z
7872,4.8,2.4,7.2,2.0,4.8,2.05,High,Gen Z
7873,1.3,1.4,5.6,1.0,1.4,2.98,Low,Gen Z
7874,6.6,0.0,5.3,1.0,2.4,3.11,High,Gen Z
7875,6.3,4.4,7.0,2.9,4.1,2.84,High,Gen Z
7876,8.4,1.3,8.8,1.6,3.1,3.13,High,Gen Z
7877,4.1,3.3,8.3,0.0,5.3,3.46,High,Gen Z
7878,4.8,1.9,5.9,4.7,4.9,2.45,Low,Gen Z
7879,5.1,0.5,7.5,5.0,5.1,3.18,High,Gen Z
7880,4.6,1.6,7.9,3.6,3.6,3.34,High,Gen Z
7881,4.5,0.2,7.5,6.4,5.9,2.45,High,Gen Z
7882,3.7,0.0,8.4,2.8,5.1,3.29,Low,Gen Z
7883,4.8,1.5,5.9,0.9,2.7,2.97,Moderate,Gen Z
7884,5.2,2.6,6.2,2.5,4.1,2.89,High,Gen Z
7885,6.2,1.8,7.8,0.0,1.8,2.37,High,Gen Z
7886,2.3,0.0,6.6,1.5,5.3,2.6,High,Gen Z
7887,3.4,0.2,7.9,3.4,1.2,3.43,Moderate,Gen Z
7888,5.6,2.1,5.9,1.6,2.6,3.4,Moderate,Gen Z
7889,5.1,0.0,7.2,1.8,4.2,3.08,Moderate,Gen Z
7890,6.2,1.4,7.8,3.5,3.8,3.65,Low,Gen Z
7891,5.8,0.3,7.6,3.5,2.7,3.09,Moderate,Gen Z
7892,3.0,2.2,6.6,3.4,6.7,2.68,Moderate,Gen Z
7893,6.7,0.8,7.0,3.4,2.9,3.15,Low,Gen Z
7894,5.1,0.0,5.4,1.7,4.0,2.76,High,Gen Z
7895,5.3,1.1,7.3,1.3,4.1,3.27,Low,Gen Z
7896,6.4,2.5,6.8,2.6,5.8,2.56,Moderate,Gen Z
7897,3.2,1.0,5.8,3.7,4.2,2.54,Moderate,Gen Z
7898,5.5,2.9,9.3,2.5,2.7,3.6,Low,Gen Z
7899,7.3,1.6,7.0,1.6,4.3,2.56,Moderate,Gen Z
7900,6.4,0.0,7.2,2.2,5.4,2.52,High,Gen Z
7901,4.2,1.0,7.9,1.7,5.1,2.37,Low,Gen Z
7902,4.3,0.7,7.8,4.2,3.5,2.99,Moderate,Gen Z
7903,2.9,2.0,6.5,2.5,3.6,2.8,High,Gen Z
7904,4.7,2.2,5.4,1.4,4.0,2.81,High,Gen Z
7905,4.7,4.2,7.1,1.7,4.8,3.16,High,Gen Z
7906,5.3,0.3,7.2,1.5,3.4,3.13,Moderate,Gen Z
7907,5.3,0.2,5.7,4.1,4.5,2.81,Moderate,Gen Z
7908,2.6,0.0,6.2,1.3,1.9,3.04,High,Gen Z
7909,5.7,2.3,7.8,3.6,4.2,3.31,Low,Gen Z
7910,4.5,1.5,5.7,1.1,4.1,2.95,Low,Gen Z
7911,6.0,1.5,6.4,2.4,3.2,3.04,High,Gen Z
7912,8.5,1.8,5.2,4.1,5.5,2.39,High,Gen Z
7913,6.6,2.4,6.4,1.5,3.7,2.8,Moderate,Gen Z
7914,6.1,2.8,7.3,1.7,3.7,3.41,Moderate,Gen Z
7915,4.7,2.3,6.8,5.0,4.4,2.72,Moderate,Gen Z
7916,5.8,4.0,6.6,3.0,4.5,2.85,Moderate,Gen Z
7917,2.2,0.3,6.2,3.5,2.8,2.56,Moderate,Gen Z
7918,2.1,2.4,8.8,2.2,7.2,3.19,Low,Gen Z
7919,2.9,0.0,4.7,1.2,1.4,2.83,Low,Gen Z
7920,3.7,1.9,5.0,2.3,1.8,2.91,High,Gen Z
7921,5.0,1.9,7.1,1.4,4.1,2.25,Moderate,Gen Z
7922,5.5,0.4,6.4,3.5,6.4,3.28,Moderate,Gen Z
7923,5.5,1.0,6.7,1.5,3.7,3.73,Low,Gen Z
7924,5.9,1.6,7.1,3.5,1.4,3.09,Moderate,Gen Z
7925,6.0,1.7,6.3,4.5,0.7,3.22,Moderate,Gen Z
7926,4.8,1.5,8.5,3.9,2.1,2.84,High,Gen Z
7927,4.6,1.1,7.9,3.0,3.7,3.85,High,Gen Z
7928,7.0,2.6,6.8,4.3,1.9,2.72,Moderate,Gen Z
7929,3.2,0.0,5.4,1.4,2.2,3.54,Moderate,Gen Z
7930,6.2,2.9,7.3,1.3,3.4,3.21,High,Gen Z
7931,4.0,1.8,6.9,0.2,3.9,3.53,High,Gen Z
7932,2.7,0.2,8.1,1.2,4.9,2.84,Moderate,Gen Z
7933,2.7,3.9,7.6,0.6,5.0,2.14,High,Gen Z
7934,4.4,0.0,6.5,2.9,1.5,3.39,High,Gen Z
7935,5.6,3.2,5.8,2.1,3.7,2.79,High,Gen Z
7936,4.4,0.0,6.5,0.6,4.4,2.64,Moderate,Gen Z
7937,4.7,0.5,5.9,3.5,8.0,2.75,Low,Gen Z
7938,5.1,2.1,5.0,3.6,2.4,2.99,Moderate,Gen Z
7939,6.1,3.6,6.9,2.3,3.0,3.11,Low,Gen Z
7940,4.7,3.4,7.6,1.7,2.1,2.47,Moderate,Gen Z
7941,5.3,1.9,8.2,3.1,3.7,2.95,Low,Gen Z
7942,8.5,0.0,6.9,4.7,5.9,2.35,High,Gen Z
7943,2.7,1.1,7.8,5.0,4.9,3.06,Low,Gen Z
7944,2.1,2.8,6.8,3.6,4.6,3.02,High,Gen Z
7945,5.2,2.7,6.0,3.1,1.4,2.75,Moderate,Gen Z
7946,5.2,2.0,6.0,2.7,5.8,2.81,High,Gen Z
7947,5.1,4.2,7.1,3.2,3.3,2.45,High,Gen Z
7948,1.0,1.8,7.1,3.5,5.0,3.11,High,Gen Z
7949,4.5,1.5,5.8,3.3,4.5,3.24,High,Gen Z
7950,5.1,1.5,7.5,4.9,4.8,3.27,Moderate,Gen Z
7951,3.4,2.4,6.6,4.4,2.6,2.36,Low,Gen Z
7952,4.5,1.9,6.7,3.8,2.3,2.99,Low,Gen Z
7953,4.3,2.2,6.5,1.5,4.0,2.81,High,Gen Z
7954,6.7,3.4,8.8,3.4,4.2,2.96,Moderate,Gen Z
7955,6.4,3.4,6.3,2.9,2.9,2.57,Moderate,Gen Z
7956,3.4,2.9,8.9,4.0,0.8,2.61,High,Gen Z
7957,5.8,1.7,6.4,0.0,2.6,2.9,High,Gen Z
7958,5.3,2.5,6.6,3.9,6.2,2.83,Low,Gen Z
7959,3.6,1.3,6.2,2.7,2.7,3.33,High,Gen Z
7960,3.3,3.0,5.9,2.0,4.2,2.99,High,Gen Z
7961,2.4,1.5,5.4,3.4,2.6,2.62,High,Gen Z
7962,7.0,0.0,7.0,5.2,2.2,2.32,High,Gen Z
7963,3.0,1.5,6.6,3.5,0.6,3.04,High,Gen Z
7964,4.9,1.0,7.6,1.9,6.0,3.01,Moderate,Gen Z
7965,2.6,0.1,6.7,3.2,4.5,3.35,High,Gen Z
7966,3.2,1.8,8.0,1.9,3.5,3.15,Moderate,Gen Z
7967,5.7,1.7,6.6,3.6,4.1,3.36,Moderate,Gen Z
7968,5.1,0.6,7.7,4.6,2.0,3.67,Moderate,Gen Z
7969,6.0,1.3,7.2,0.6,2.0,3.06,Low,Gen Z
7970,1.6,2.3,7.9,2.2,3.7,3.07,High,Gen Z
7971,7.9,2.7,7.1,2.5,4.9,2.21,Moderate,Gen Z
7972,7.1,2.8,4.5,3.7,3.1,2.98,High,Gen Z
7973,4.5,3.2,7.4,3.5,2.8,3.16,High,Gen Z
7974,5.9,1.6,5.4,5.0,3.8,2.99,High,Gen Z
7975,5.7,0.5,7.2,4.3,6.6,2.13,Low,Gen Z
7976,4.7,2.5,7.4,4.0,3.2,3.64,Low,Gen Z
7977,4.8,2.5,5.6,3.3,4.4,3.43,High,Gen Z
7978,6.3,2.4,6.9,2.2,1.3,3.32,High,Gen Z
7979,4.3,3.8,6.7,2.8,4.0,2.5,Low,Gen Z
7980,3.8,1.9,7.7,4.1,3.0,2.85,High,Gen Z
7981,3.7,2.7,6.4,2.7,0.8,2.97,Low,Gen Z
7982,8.1,1.9,6.4,0.3,7.1,3.18,Low,Gen Z
7983,4.4,1.9,7.0,2.6,2.9,2.31,Moderate,Gen Z
7984,3.5,0.5,6.8,2.0,1.5,2.79,Moderate,Gen Z
7985,5.2,1.2,6.2,3.1,6.7,2.55,High,Gen Z
7986,5.2,2.3,7.6,5.4,4.1,3.2,Moderate,Gen Z
7987,5.5,1.7,8.0,3.3,5.5,3.04,Low,Gen Z
7988,7.3,2.2,7.7,4.1,3.1,3.34,High,Gen Z
7989,4.4,1.8,5.0,2.6,2.6,2.94,Moderate,Gen Z
7990,2.3,2.5,7.3,2.4,2.5,2.9,High,Gen Z
7991,4.8,3.2,7.5,0.3,4.1,2.8,Low,Gen Z
7992,2.4,2.8,6.7,1.8,3.1,3.7,Moderate,Gen Z
7993,6.3,3.9,7.2,6.1,4.1,3.27,High,Gen Z
7994,2.5,3.4,7.0,2.8,4.7,3.1,Moderate,Gen Z
7995,5.6,0.7,6.6,3.5,2.1,2.96,Low,Gen Z
7996,7.7,1.0,8.3,4.0,4.0,2.69,Low,Gen Z
7997,7.6,3.2,6.9,3.9,3.6,3.2,Moderate,Gen Z
7998,5.0,3.6,6.4,3.9,4.1,3.1,High,Gen Z
7999,5.1,2.7,6.9,2.9,1.6,2.93,Moderate,Gen Z
8000,5.7,2.7,6.0,2.2,5.4,2.94,Moderate,Gen Z
8001,3.9,2.6,8.8,0.7,2.0,3.15,Moderate,Gen Z
8002,7.2,1.1,8.0,2.7,5.5,2.89,Moderate,Gen Z
8003,4.9,3.6,8.1,5.3,4.8,3.43,Moderate,Gen Z
8004,5.4,1.8,5.8,2.5,2.1,3.03,Low,Gen Z
8005,3.9,2.2,7.2,3.2,3.6,2.59,Moderate,Gen Z
8006,3.9,2.2,7.5,3.2,3.9,3.56,High,Gen Z
8007,5.4,1.6,5.8,3.2,5.7,2.29,Low,Gen Z
8008,4.7,1.3,7.7,2.8,5.3,3.12,High,Gen Z
8009,5.6,2.3,7.5,3.1,2.1,2.82,High,Gen Z
8010,8.3,1.8,7.6,3.8,6.3,2.87,Moderate,Gen Z
8011,5.9,0.0,7.1,4.2,4.0,3.15,High,Gen Z
8012,5.2,2.3,7.0,4.1,5.6,3.6,Moderate,Gen Z
8013,3.4,0.0,6.6,2.3,4.7,3.13,Moderate,Gen Z
8014,3.3,0.6,5.6,3.5,6.6,2.82,High,Gen Z
8015,2.0,1.6,5.6,2.3,1.3,3.2,High,Gen Z
8016,4.6,0.4,6.5,2.9,0.1,2.78,High,Gen Z
8017,4.7,2.1,7.7,3.6,6.1,2.43,Low,Gen Z
8018,4.1,1.6,6.2,1.7,5.0,2.97,Moderate,Gen Z
8019,6.1,2.7,6.9,3.6,4.4,3.17,Low,Gen Z
8020,5.1,2.9,7.1,2.7,4.7,3.1,Moderate,Gen Z
8021,1.6,6.0,6.8,3.2,5.1,2.91,High,Gen Z
8022,6.7,2.1,5.7,2.7,4.0,3.11,High,Gen Z
8023,9.3,2.7,8.1,1.0,3.7,3.29,High,Gen Z
8024,6.7,1.3,6.7,3.2,1.3,3.05,Moderate,Gen Z
8025,5.2,0.0,7.7,3.5,3.3,2.92,High,Gen Z
8026,5.9,2.5,6.8,3.7,4.7,2.84,High,Gen Z
8027,6.8,3.0,7.3,3.7,4.4,2.36,Low,Gen Z
8028,4.3,1.5,6.8,3.6,4.4,3.29,Low,Gen Z
8029,6.5,1.4,8.5,0.4,3.1,2.46,Moderate,Gen Z
8030,5.0,1.8,7.6,0.3,3.7,2.99,Moderate,Gen Z
8031,5.2,2.3,7.1,3.3,5.9,2.43,Moderate,Gen Z
8032,5.9,1.3,7.3,3.0,5.0,3.37,High,Gen Z
8033,6.4,1.7,7.0,1.7,3.7,2.5,Low,Gen Z
8034,2.2,1.6,5.0,3.7,2.9,2.67,High,Gen Z
8035,5.6,2.7,8.4,5.5,2.6,3.18,Moderate,Gen Z
8036,6.5,1.5,7.4,1.1,4.7,3.22,High,Gen Z
8037,7.4,2.0,7.0,2.9,4.6,3.04,Low,Gen Z
8038,2.4,1.5,8.0,4.0,4.6,3.07,Low,Gen Z
8039,7.0,1.7,7.5,3.2,4.0,2.62,High,Gen Z
8040,6.3,2.0,6.8,1.7,5.2,3.57,High,Gen Z
8041,5.4,1.7,6.8,2.6,4.2,2.57,High,Gen Z
8042,4.0,1.4,6.5,2.4,3.5,3.24,Moderate,Gen Z
8043,3.6,1.8,6.1,2.0,2.2,2.46,High,Gen Z
8044,4.8,2.5,6.7,1.9,1.5,2.7,High,Gen Z
8045,3.9,1.7,7.4,2.0,2.3,2.6,Moderate,Gen Z
8046,5.8,0.0,6.4,2.2,3.9,3.14,High,Gen Z
8047,6.7,1.2,6.9,2.4,5.4,2.67,Low,Gen Z
8048,4.0,0.9,8.8,1.5,1.2,3.36,Moderate,Gen Z
8049,5.1,1.6,8.3,0.0,2.8,3.11,Low,Gen Z
8050,3.9,2.9,8.5,2.5,3.6,2.85,Moderate,Gen Z
8051,4.6,1.5,8.5,6.0,2.7,2.73,Low,Gen Z
8052,5.6,2.1,6.7,4.7,1.4,2.59,High,Gen Z
8053,5.7,1.3,6.6,2.3,2.3,3.06,Low,Gen Z
8054,4.8,1.6,8.4,1.9,5.8,3.06,High,Gen Z
8055,4.7,1.6,6.7,1.7,5.8,2.47,High,Gen Z
8056,2.3,2.0,5.7,2.8,4.5,3.52,Low,Gen Z
8057,7.7,0.5,7.1,2.7,3.7,3.3,High,Gen Z
8058,4.5,1.4,6.8,1.7,2.1,2.93,High,Gen Z
8059,4.2,1.2,5.2,3.4,4.8,3.32,Moderate,Gen Z
8060,2.7,1.0,7.3,5.5,5.6,3.6,Low,Gen Z
8061,1.6,2.2,6.4,3.0,6.8,2.3,Moderate,Gen Z
8062,5.5,2.0,8.0,3.4,4.3,2.66,High,Gen Z
8063,4.8,2.1,6.6,4.8,2.1,2.87,Low,Gen Z
8064,8.0,0.0,6.2,3.0,2.3,3.77,Moderate,Gen Z
8065,4.9,1.6,5.0,3.3,4.3,2.75,High,Gen Z
8066,4.5,2.4,7.5,2.5,5.9,2.84,Low,Gen Z
8067,4.5,1.7,5.5,2.9,2.7,3.48,Low,Gen Z
8068,6.1,1.4,7.5,3.9,4.2,3.34,Low,Gen Z
8069,6.1,1.6,6.2,1.8,4.8,3.35,Low,Gen Z
8070,6.2,0.0,6.9,1.9,2.9,2.7,High,Gen Z
8071,3.7,1.6,6.1,3.2,5.0,2.96,Moderate,Gen Z
8072,6.2,2.7,7.3,3.2,3.6,2.85,High,Gen Z
8073,3.6,3.9,5.5,3.4,4.0,2.77,High,Gen Z
8074,6.0,1.9,6.8,1.5,3.1,3.16,Low,Gen Z
8075,4.9,2.7,6.2,4.5,4.7,3.36,Moderate,Gen Z
8076,5.4,1.6,8.2,3.6,4.7,2.96,Moderate,Gen Z
8077,2.9,0.5,4.0,2.5,3.8,3.25,High,Gen Z
8078,2.9,2.7,8.0,2.1,5.4,3.08,High,Gen Z
8079,4.1,0.1,7.7,3.0,3.3,2.85,High,Gen Z
8080,3.6,4.7,5.4,3.1,7.8,3.06,Moderate,Gen Z
8081,3.8,3.2,6.3,3.3,4.8,2.85,High,Gen Z
8082,5.1,2.6,6.4,0.0,4.6,2.75,Moderate,Gen Z
8083,6.3,2.3,6.7,2.5,2.8,2.93,Moderate,Gen Z
8084,4.2,1.5,7.1,2.1,6.6,3.01,Moderate,Gen Z
8085,7.9,2.0,5.1,1.6,5.9,3.48,Low,Gen Z
8086,7.3,3.3,7.6,2.1,2.5,3.51,Moderate,Gen Z
8087,6.5,3.8,5.8,2.9,3.4,2.95,Low,Gen Z
8088,5.2,0.8,7.7,1.2,3.8,2.63,Moderate,Gen Z
8089,5.8,1.7,7.9,3.7,3.7,2.67,Low,Gen Z
8090,6.8,1.8,6.5,2.0,5.5,2.94,High,Gen Z
8091,5.2,1.7,7.1,3.9,2.4,3.62,High,Gen Z
8092,3.3,2.2,7.3,1.8,3.2,3.33,High,Gen Z
8093,6.5,1.6,7.5,4.0,2.8,3.0,Moderate,Gen Z
8094,6.0,1.9,6.3,3.0,3.4,2.73,Low,Gen Z
8095,3.7,2.1,6.7,3.4,3.0,2.6,High,Gen Z
8096,4.3,3.8,9.3,3.7,4.7,3.56,Moderate,Gen Z
8097,5.1,1.3,5.8,3.6,2.9,3.78,Moderate,Gen Z
8098,4.9,3.4,6.8,2.7,2.0,3.01,Moderate,Gen Z
8099,4.6,0.8,8.7,2.1,4.6,3.03,Moderate,Gen Z
8100,3.7,4.4,9.1,2.9,1.3,3.77,Moderate,Gen Z
8101,5.8,2.9,6.2,3.2,0.8,3.25,Moderate,Gen Z
8102,7.6,2.8,6.6,0.8,5.1,2.66,High,Gen Z
8103,2.4,2.2,6.9,3.9,5.2,3.21,Moderate,Gen Z
8104,9.5,1.1,5.1,0.3,4.6,2.82,Moderate,Gen Z
8105,5.6,2.1,6.1,1.5,4.0,3.0,Moderate,Gen Z
8106,4.0,2.3,6.9,2.3,1.8,2.44,High,Gen Z
8107,5.4,1.5,7.2,3.5,5.9,2.87,Low,Gen Z
8108,2.4,3.3,8.0,1.7,2.6,3.17,Moderate,Gen Z
8109,4.3,2.5,6.8,3.2,3.7,2.93,High,Gen Z
8110,5.3,3.0,7.6,3.2,2.6,3.39,Low,Gen Z
8111,2.5,2.7,7.4,3.4,3.5,3.81,Moderate,Gen Z
8112,5.4,1.5,7.3,4.0,5.2,3.46,High,Gen Z
8113,3.2,1.8,7.6,2.9,1.9,3.25,Low,Gen Z
8114,6.4,1.8,7.2,3.0,2.0,3.41,High,Gen Z
8115,1.8,2.7,6.5,7.2,3.8,3.27,High,Gen Z
8116,7.1,1.5,5.7,1.7,3.1,2.67,High,Gen Z
8117,7.5,2.7,5.3,2.3,3.5,3.26,High,Gen Z
8118,5.2,2.2,6.1,2.7,5.0,3.1,Moderate,Gen Z
8119,4.3,3.7,6.2,4.0,1.1,2.66,High,Gen Z
8120,6.2,1.9,7.2,4.5,1.5,2.77,Moderate,Gen Z
8121,4.2,0.5,5.9,1.3,2.7,3.43,High,Gen Z
8122,2.2,0.2,7.6,3.2,5.3,2.71,Moderate,Gen Z
8123,8.0,1.4,7.5,3.0,2.5,3.41,Moderate,Gen Z
8124,3.7,0.9,7.1,1.0,3.9,2.48,High,Gen Z
8125,5.2,2.1,6.6,2.7,3.5,3.08,High,Gen Z
8126,2.8,1.2,7.4,3.0,4.5,2.76,Moderate,Gen Z
8127,5.1,1.0,7.6,4.4,4.1,3.11,High,Gen Z
8128,6.7,3.9,8.3,3.4,4.0,2.98,High,Gen Z
8129,5.7,0.5,7.5,1.7,2.7,2.46,High,Gen Z
8130,4.3,2.4,8.6,1.1,4.5,2.73,Moderate,Gen Z
8131,2.5,2.8,8.0,4.9,3.0,3.45,High,Gen Z
8132,5.3,0.9,5.6,6.1,3.7,3.07,Moderate,Gen Z
8133,5.9,2.1,6.4,3.5,3.3,4.0,High,Gen Z
8134,4.7,2.1,8.6,4.3,2.8,3.24,Moderate,Gen Z
8135,4.1,2.1,9.1,3.2,2.5,3.53,Moderate,Gen Z
8136,2.4,1.3,7.8,1.5,2.5,2.67,High,Gen Z
8137,3.9,3.4,6.6,0.0,4.0,3.26,Moderate,Gen Z
8138,4.9,2.9,7.7,4.9,5.2,2.98,Moderate,Gen Z
8139,4.9,2.2,7.1,3.6,0.9,3.27,High,Gen Z
8140,3.6,0.0,5.8,4.1,5.8,2.68,High,Gen Z
8141,7.2,1.6,7.7,1.9,2.3,3.36,Moderate,Gen Z
8142,4.3,0.6,6.7,3.0,3.9,2.8,High,Gen Z
8143,4.1,1.6,6.6,4.3,5.0,3.26,High,Gen Z
8144,4.3,2.2,8.6,3.5,3.2,2.75,High,Gen Z
8145,5.4,2.5,8.4,1.9,5.8,3.15,Moderate,Gen Z
8146,3.5,1.7,7.3,2.6,3.8,2.48,Low,Gen Z
8147,4.1,2.5,5.2,2.8,1.9,2.91,High,Gen Z
8148,4.3,2.1,7.0,1.9,0.7,2.91,Moderate,Gen Z
8149,3.7,1.6,6.8,5.8,1.5,2.98,High,Gen Z
8150,7.5,2.3,7.7,5.4,6.4,3.29,Moderate,Gen Z
8151,5.3,3.0,5.5,2.6,4.0,3.51,High,Gen Z
8152,3.5,2.3,6.7,4.1,2.2,3.16,Moderate,Gen Z
8153,7.1,2.6,7.6,4.7,3.1,3.21,Low,Gen Z
8154,2.3,1.3,9.3,0.7,3.3,3.65,Moderate,Gen Z
8155,5.6,2.3,6.5,6.9,5.0,2.86,Low,Gen Z
8156,3.6,1.7,7.1,3.6,4.5,2.65,Moderate,Gen Z
8157,6.6,0.6,7.7,2.6,4.1,3.14,Low,Gen Z
8158,6.6,3.8,6.6,2.6,3.6,2.63,Moderate,Gen Z
8159,5.0,0.0,6.7,3.8,5.1,2.59,Moderate,Gen Z
8160,4.8,1.3,7.0,2.5,2.6,2.72,High,Gen Z
8161,6.1,0.5,7.2,3.4,5.1,3.39,Low,Gen Z
8162,5.2,2.3,8.0,4.8,0.9,2.95,High,Gen Z
8163,3.8,2.5,7.7,2.7,4.5,2.57,High,Gen Z
8164,4.3,0.1,7.4,2.9,0.7,2.79,Low,Gen Z
8165,6.1,0.9,7.1,4.6,5.3,2.72,High,Gen Z
8166,2.7,0.0,7.4,0.8,5.8,2.97,Moderate,Gen Z
8167,3.6,1.7,6.3,2.6,4.7,2.6,High,Gen Z
8168,3.9,1.6,7.9,2.2,3.4,2.94,Moderate,Gen Z
8169,5.3,1.9,4.9,2.9,3.8,3.17,High,Gen Z
8170,4.3,0.0,6.9,4.4,6.1,3.4,High,Gen Z
8171,6.0,2.5,6.9,4.1,4.7,2.47,Moderate,Gen Z
8172,6.5,0.1,6.0,3.1,4.2,3.33,High,Gen Z
8173,4.0,0.1,7.8,3.5,2.5,2.55,Low,Gen Z
8174,5.0,0.0,6.3,5.1,2.7,3.59,High,Gen Z
8175,4.6,0.8,6.8,4.6,0.9,2.67,Low,Gen Z
8176,5.5,2.9,7.0,1.0,2.0,3.0,Moderate,Gen Z
8177,5.5,0.5,6.9,1.5,1.4,3.1,High,Gen Z
8178,5.2,2.8,5.8,2.9,4.0,3.04,Low,Gen Z
8179,4.1,0.5,5.9,1.7,3.6,3.57,Low,Gen Z
8180,3.9,0.8,8.5,3.7,2.3,3.19,Moderate,Gen Z
8181,6.1,2.7,5.8,0.7,4.1,2.78,Moderate,Gen Z
8182,8.2,0.8,7.6,0.9,5.1,2.15,High,Gen Z
8183,6.1,2.9,7.7,2.7,4.2,2.75,High,Gen Z
8184,5.4,2.2,5.4,1.1,3.3,3.16,Moderate,Gen Z
8185,6.7,0.0,8.5,2.2,4.6,3.51,Low,Gen Z
8186,2.7,0.6,6.4,0.6,3.9,3.05,Low,Gen Z
8187,7.0,2.3,9.0,4.5,4.1,2.9,Moderate,Gen Z
8188,6.3,2.6,6.0,0.9,2.3,3.43,High,Gen Z
8189,5.2,2.2,6.4,2.5,3.6,2.76,High,Gen Z
8190,3.3,1.0,7.4,2.3,6.2,2.89,Moderate,Gen Z
8191,5.1,0.5,7.5,1.7,4.2,3.1,Moderate,Gen Z
8192,6.5,1.6,4.7,2.5,4.3,3.04,Moderate,Gen Z
8193,4.2,3.1,7.3,1.9,2.8,3.11,High,Gen Z
8194,5.7,2.7,7.0,3.3,4.4,3.7,High,Gen Z
8195,5.5,1.3,7.4,1.4,4.3,2.82,Moderate,Gen Z
8196,5.7,0.8,7.8,1.4,4.2,2.68,Moderate,Gen Z
8197,5.4,0.0,6.9,2.0,4.5,3.87,High,Gen Z
8198,5.2,1.7,8.1,5.4,7.0,3.0,High,Gen Z
8199,6.4,0.1,6.8,1.3,3.0,2.89,Moderate,Gen Z
8200,3.9,3.7,8.5,4.2,3.1,3.26,Low,Gen Z
8201,6.0,2.1,8.8,1.5,4.4,3.23,Low,Gen Z
8202,5.7,2.9,6.5,3.1,0.4,2.81,High,Gen Z
8203,3.7,3.1,7.6,3.8,4.7,2.83,High,Gen Z
8204,4.6,0.0,6.8,4.2,3.6,3.26,Moderate,Gen Z
8205,6.6,0.0,6.7,4.8,3.8,3.22,Low,Gen Z
8206,3.0,2.6,7.2,1.7,5.1,2.9,Moderate,Gen Z
8207,3.4,2.1,8.1,3.9,3.0,3.32,High,Gen Z
8208,5.3,2.2,6.1,4.2,4.1,2.61,Moderate,Gen Z
8209,4.3,0.0,7.4,2.4,2.9,2.67,High,Gen Z
8210,5.0,3.6,7.1,2.4,3.7,3.56,Low,Gen Z
8211,3.7,1.9,6.9,2.7,3.9,2.76,Low,Gen Z
8212,3.4,4.6,7.5,2.8,6.8,3.36,High,Gen Z
8213,5.4,2.2,7.0,0.8,4.9,2.93,High,Gen Z
8214,5.5,0.0,7.0,4.4,4.4,2.86,Low,Gen Z
8215,3.1,1.3,6.9,1.7,2.6,3.51,High,Gen Z
8216,6.1,0.8,6.7,3.2,3.3,2.94,High,Gen Z
8217,4.9,3.6,7.7,4.0,3.9,2.99,High,Gen Z
8218,5.9,2.2,7.3,3.2,2.8,2.8,Moderate,Gen Z
8219,5.0,2.9,7.3,5.5,5.2,3.35,Low,Gen Z
8220,5.6,0.7,6.6,2.1,7.3,3.41,High,Gen Z
8221,6.2,3.2,6.8,3.2,4.2,3.19,High,Gen Z
8222,4.9,0.2,6.1,4.5,1.4,2.77,Moderate,Gen Z
8223,3.5,1.0,7.1,3.4,1.9,3.13,Moderate,Gen Z
8224,2.8,1.5,7.5,3.1,4.8,3.78,High,Gen Z
8225,6.3,0.4,6.5,2.9,5.3,3.19,Moderate,Gen Z
8226,2.5,2.4,6.9,4.7,4.1,3.4,Low,Gen Z
8227,8.1,2.0,8.4,4.7,2.7,2.6,High,Gen Z
8228,6.9,2.8,5.7,3.6,4.8,3.08,Low,Gen Z
8229,7.4,2.5,8.5,1.7,2.3,3.63,Moderate,Gen Z
8230,5.9,1.1,7.7,1.0,5.2,3.43,Low,Gen Z
8231,5.3,1.6,8.0,2.3,2.5,3.63,Low,Gen Z
8232,7.0,2.0,7.5,3.7,4.0,2.0,High,Gen Z
8233,5.2,2.0,8.0,4.7,5.8,2.79,High,Gen Z
8234,6.2,1.5,6.1,4.0,2.2,2.89,High,Gen Z
8235,6.0,2.1,6.1,0.0,5.7,3.21,Low,Gen Z
8236,6.5,1.8,7.1,3.4,1.5,3.33,Moderate,Gen Z
8237,1.0,1.5,7.0,4.7,1.8,3.08,Moderate,Gen Z
8238,3.4,1.1,6.0,1.1,4.5,2.85,High,Gen Z
8239,3.8,2.2,7.0,2.9,3.1,2.94,High,Gen Z
8240,4.8,0.9,7.9,5.0,6.1,3.16,High,Gen Z
8241,3.1,2.8,8.8,2.1,3.9,2.91,Low,Gen Z
8242,5.1,2.0,6.1,6.8,6.0,2.58,High,Gen Z
8243,4.8,0.7,7.9,4.4,3.0,2.95,Moderate,Gen Z
8244,6.3,2.2,7.8,2.0,1.6,2.58,High,Gen Z
8245,4.8,0.7,6.2,3.9,6.9,2.84,Moderate,Gen Z
8246,3.6,0.8,6.5,2.2,1.5,2.77,Low,Gen Z
8247,3.6,2.0,8.8,4.3,5.2,2.73,High,Gen Z
8248,5.7,1.9,7.4,1.3,6.8,2.93,Low,Gen Z
8249,4.3,0.3,6.6,2.3,4.7,2.7,Low,Gen Z
8250,5.7,1.9,5.0,2.1,2.5,3.06,High,Gen Z
8251,2.6,3.0,7.0,2.7,4.0,2.61,Moderate,Gen Z
8252,4.2,3.1,6.7,2.8,4.1,2.48,High,Gen Z
8253,6.2,2.6,5.9,2.6,2.9,3.32,High,Gen Z
8254,6.6,1.7,9.1,4.9,3.2,2.21,Moderate,Gen Z
8255,5.6,1.5,5.7,4.4,4.2,2.98,High,Gen Z
8256,7.0,1.6,6.9,4.0,4.3,3.5,High,Gen Z
8257,4.0,2.3,5.4,2.6,2.9,2.8,Low,Gen Z
8258,4.5,0.4,8.4,2.7,2.7,3.03,Low,Gen Z
8259,7.3,3.1,7.4,2.9,3.8,3.17,Low,Gen Z
8260,3.7,0.3,7.8,4.2,2.5,3.97,Moderate,Gen Z
8261,2.7,1.8,8.7,4.4,5.5,3.3,Moderate,Gen Z
8262,5.3,1.7,6.4,2.0,5.3,2.98,High,Gen Z
8263,5.2,1.8,8.2,2.6,5.0,2.98,High,Gen Z
8264,4.0,2.0,8.4,4.1,4.8,2.39,High,Gen Z
8265,8.2,0.9,7.1,1.5,3.3,3.48,Moderate,Gen Z
8266,6.1,1.7,7.3,5.0,4.2,3.06,Low,Gen Z
8267,3.9,1.4,5.8,3.2,3.8,3.51,Moderate,Gen Z
8268,5.4,0.3,7.7,5.1,2.7,3.29,Low,Gen Z
8269,6.2,2.5,8.7,2.5,5.9,3.11,Moderate,Gen Z
8270,5.5,0.6,5.5,5.7,3.4,3.23,Moderate,Gen Z
8271,1.7,0.0,7.7,5.9,2.9,2.83,Moderate,Gen Z
8272,4.9,3.3,6.1,3.3,3.7,3.22,High,Gen Z
8273,3.5,2.3,5.1,2.4,0.0,3.16,Moderate,Gen Z
8274,3.7,1.1,7.4,3.7,5.3,2.38,Moderate,Gen Z
8275,6.4,2.1,6.9,4.0,3.1,3.37,Moderate,Gen Z
8276,7.3,1.7,7.3,2.0,3.1,3.15,Low,Gen Z
8277,7.8,3.1,7.5,4.0,2.5,3.25,High,Gen Z
8278,4.3,1.3,6.8,4.3,2.4,2.76,Moderate,Gen Z
8279,5.3,1.8,6.8,0.0,5.7,3.43,Moderate,Gen Z
8280,5.3,2.2,6.8,3.8,2.4,2.79,Low,Gen Z
8281,8.9,1.5,7.0,4.0,7.1,3.21,Moderate,Gen Z
8282,3.3,2.1,7.3,0.7,3.3,2.66,High,Gen Z
8283,4.9,3.0,6.6,3.0,3.8,3.18,Low,Gen Z
8284,5.0,2.1,8.2,4.0,8.0,2.83,Moderate,Gen Z
8285,2.0,0.2,7.6,2.5,4.6,3.4,High,Gen Z
8286,3.4,4.2,7.6,1.4,3.3,3.17,Moderate,Gen Z
8287,6.2,0.1,7.3,0.7,5.1,2.74,High,Gen Z
8288,3.6,1.5,7.7,2.5,3.6,3.28,Moderate,Gen Z
8289,4.3,1.7,5.5,0.0,1.7,3.03,Moderate,Gen Z
8290,4.8,3.5,7.0,0.1,3.4,2.57,Moderate,Gen Z
8291,5.6,1.9,7.3,3.8,2.2,2.97,High,Gen Z
8292,4.9,1.8,5.4,6.6,5.2,3.04,High,Gen Z
8293,4.6,1.7,7.8,2.6,4.7,2.87,Moderate,Gen Z
8294,5.5,2.9,6.7,3.9,5.7,2.86,High,Gen Z
8295,7.9,0.7,7.6,3.2,3.9,2.93,Moderate,Gen Z
8296,9.0,0.0,7.9,4.2,1.9,2.34,Low,Gen Z
8297,6.7,0.3,5.5,1.6,2.9,2.98,High,Gen Z
8298,4.4,4.3,6.4,3.3,4.5,3.07,Moderate,Gen Z
8299,6.9,2.6,6.2,3.3,2.7,3.07,Moderate,Gen Z
8300,7.0,1.5,8.8,4.3,3.1,2.2,High,Gen Z
8301,3.7,2.1,7.2,2.4,3.3,3.2,Low,Gen Z
8302,3.5,3.0,5.2,2.6,5.4,2.55,High,Gen Z
8303,5.5,2.4,6.2,3.9,5.4,2.71,High,Gen Z
8304,7.0,0.0,7.2,0.0,5.4,3.37,High,Gen Z
8305,5.3,2.5,6.1,4.8,4.3,3.08,Moderate,Gen Z
8306,2.5,0.6,7.4,3.9,4.1,2.89,Moderate,Gen Z
8307,7.7,0.0,6.1,4.3,2.8,3.4,Moderate,Gen Z
8308,4.0,0.7,8.0,3.9,3.4,3.15,Low,Gen Z
8309,5.6,0.8,7.0,6.0,2.3,3.28,High,Gen Z
8310,5.4,1.4,5.6,3.2,1.9,3.32,Moderate,Gen Z
8311,7.2,1.3,10.0,1.9,3.9,3.41,High,Gen Z
8312,4.1,2.7,7.5,3.8,6.0,2.62,Low,Gen Z
8313,2.6,0.7,6.7,5.5,6.8,3.05,Low,Gen Z
8314,4.6,2.9,6.3,3.2,2.1,2.69,High,Gen Z
8315,4.8,2.4,8.4,4.0,2.1,3.01,Moderate,Gen Z
8316,5.6,4.0,7.7,1.2,2.3,3.74,High,Gen Z
8317,5.5,0.0,7.8,3.0,3.6,3.41,High,Gen Z
8318,6.9,1.9,6.4,4.5,3.5,3.01,Moderate,Gen Z
8319,4.7,2.3,6.2,2.1,5.9,3.39,Low,Gen Z
8320,5.4,0.5,8.2,3.2,4.6,2.94,High,Gen Z
8321,2.5,2.6,6.2,3.4,4.3,2.57,Moderate,Gen Z
8322,5.6,1.1,6.7,5.0,3.4,2.78,High,Gen Z
8323,6.3,1.8,5.0,4.0,4.3,2.42,Low,Gen Z
8324,6.5,0.0,6.4,1.9,4.2,3.71,Low,Gen Z
8325,2.6,2.7,6.0,5.5,4.9,3.0,High,Gen Z
8326,6.1,0.4,6.9,1.9,2.0,2.44,High,Gen Z
8327,7.5,0.0,7.1,3.9,4.0,2.33,High,Gen Z
8328,6.1,3.8,8.0,0.0,4.6,2.36,Low,Gen Z
8329,6.3,0.3,7.9,1.8,4.8,3.05,Moderate,Gen Z
8330,5.6,0.8,7.2,3.3,3.6,2.9,High,Gen Z
8331,4.7,2.3,7.9,4.2,3.8,2.93,High,Gen Z
8332,5.1,2.0,7.8,1.8,4.3,3.68,High,Gen Z
8333,3.5,2.5,8.0,4.0,2.0,2.83,Moderate,Gen Z
8334,8.0,1.8,5.9,3.3,3.4,3.52,High,Gen Z
8335,3.0,0.0,5.7,3.5,2.9,3.24,High,Gen Z
8336,4.9,1.0,5.6,3.7,5.9,3.15,High,Gen Z
8337,5.6,3.5,7.1,2.2,5.6,3.51,Moderate,Gen Z
8338,6.2,0.0,7.7,2.6,3.7,3.25,Moderate,Gen Z
8339,8.9,1.4,8.4,2.8,2.4,2.95,Moderate,Gen Z
8340,3.6,1.6,6.8,2.6,6.1,2.57,Moderate,Gen Z
8341,6.5,0.3,8.1,4.1,4.0,2.91,Low,Gen Z
8342,4.7,0.3,6.8,0.2,5.1,2.95,Moderate,Gen Z
8343,6.8,0.8,7.1,4.4,6.1,3.11,Moderate,Gen Z
8344,5.5,1.3,5.4,4.5,2.2,3.08,Low,Gen Z
8345,3.3,3.4,6.7,1.4,3.8,2.69,Moderate,Gen Z
8346,5.1,0.0,6.6,2.9,0.7,2.69,High,Gen Z
8347,3.1,0.0,7.9,2.8,3.8,3.04,Moderate,Gen Z
8348,6.9,1.1,7.6,3.3,5.6,2.95,Moderate,Gen Z
8349,4.4,0.8,6.2,1.5,5.2,2.51,Low,Gen Z
8350,1.6,1.0,7.2,3.0,6.9,2.97,Moderate,Gen Z
8351,6.1,0.0,8.4,4.1,5.4,3.13,High,Gen Z
8352,4.4,2.8,6.8,0.0,4.9,3.69,Moderate,Gen Z
8353,4.3,1.5,6.7,4.5,2.3,3.12,High,Gen Z
8354,6.0,0.7,6.0,2.6,2.7,3.61,Low,Gen Z
8355,4.8,0.7,5.9,4.4,5.8,3.57,High,Gen Z
8356,6.0,0.8,8.0,6.0,3.9,2.73,High,Gen Z
8357,4.6,1.4,8.1,5.5,2.2,3.4,Moderate,Gen Z
8358,7.0,4.5,6.7,3.0,6.3,3.24,High,Gen Z
8359,4.5,0.0,6.2,4.5,1.9,2.59,Moderate,Gen Z
8360,6.5,2.7,5.8,1.2,3.5,3.03,Moderate,Gen Z
8361,6.3,2.2,7.2,5.0,6.5,2.9,High,Gen Z
8362,7.9,1.2,6.3,0.0,5.0,2.65,Low,Gen Z
8363,4.9,1.6,5.6,0.0,1.9,2.78,Moderate,Gen Z
8364,4.4,1.3,7.1,2.6,3.6,2.98,Moderate,Gen Z
8365,2.1,1.9,5.4,5.0,1.4,3.44,High,Gen Z
8366,4.2,1.9,5.7,1.2,5.2,3.36,Low,Gen Z
8367,6.4,1.1,8.1,4.0,2.8,3.01,High,Gen Z
8368,5.6,1.7,7.7,4.2,4.0,3.39,Moderate,Gen Z
8369,6.2,2.2,6.4,2.7,5.7,2.92,Moderate,Gen Z
8370,5.1,1.3,6.7,4.4,5.7,3.42,High,Gen Z
8371,4.2,1.8,8.1,0.7,2.9,3.04,Low,Gen Z
8372,5.4,1.1,6.5,2.2,2.9,3.39,Moderate,Gen Z
8373,5.5,2.2,8.2,3.8,5.1,2.91,High,Gen Z
8374,4.1,0.0,7.2,3.3,2.6,3.57,High,Gen Z
8375,5.4,0.0,7.8,5.0,4.8,2.69,Low,Gen Z
8376,5.4,3.9,7.9,4.7,5.4,3.26,Moderate,Gen Z
8377,3.6,2.8,7.8,5.0,3.4,2.49,High,Gen Z
8378,2.5,3.0,7.6,2.2,2.8,3.06,Moderate,Gen Z
8379,3.4,2.6,6.8,2.4,3.7,2.81,Moderate,Gen Z
8380,7.0,0.6,6.2,3.9,6.4,3.28,Low,Gen Z
8381,5.3,3.0,7.2,2.8,6.4,3.27,High,Gen Z
8382,8.3,4.1,6.7,4.3,5.0,3.43,Moderate,Gen Z
8383,5.1,2.5,6.6,4.1,4.3,2.42,Low,Gen Z
8384,6.8,2.1,6.4,2.0,3.6,3.32,Low,Gen Z
8385,4.8,1.8,7.5,3.8,5.6,3.15,High,Gen Z
8386,1.9,1.6,6.6,3.2,2.0,2.86,Moderate,Gen Z
8387,7.1,0.0,7.7,4.0,2.8,2.81,Moderate,Gen Z
8388,4.5,1.5,7.6,1.3,7.0,3.29,High,Gen Z
8389,4.7,1.9,7.8,2.7,1.8,3.19,Moderate,Gen Z
8390,6.1,0.1,6.9,3.8,2.9,2.65,High,Gen Z
8391,3.0,2.2,6.7,1.9,2.9,3.06,Moderate,Gen Z
8392,4.7,0.2,6.3,6.3,3.2,3.22,Low,Gen Z
8393,6.0,0.7,7.8,1.1,3.3,3.03,Moderate,Gen Z
8394,4.0,1.0,8.0,3.1,4.5,3.1,Moderate,Gen Z
8395,5.2,0.0,6.2,1.2,5.2,2.8,High,Gen Z
8396,2.8,1.5,9.1,1.7,4.9,3.22,Moderate,Gen Z
8397,6.0,1.1,8.1,2.7,6.0,2.88,High,Gen Z
8398,4.3,1.6,6.3,5.7,2.1,2.98,High,Gen Z
8399,4.3,0.8,7.1,2.2,2.8,3.32,Moderate,Gen Z
8400,6.3,1.9,7.5,1.8,4.2,3.02,High,Gen Z
8401,5.2,1.0,5.8,6.1,4.4,3.64,Low,Gen Z
8402,4.5,1.6,5.9,2.1,6.0,2.95,Low,Gen Z
8403,7.5,0.2,7.3,2.5,1.9,3.52,Low,Gen Z
8404,4.3,0.8,8.2,1.6,4.3,3.33,Moderate,Gen Z
8405,6.2,0.9,9.7,3.9,2.3,3.25,Low,Gen Z
8406,4.0,2.2,7.0,2.6,3.9,3.17,Moderate,Gen Z
8407,5.8,1.6,5.8,2.8,1.7,2.67,Moderate,Gen Z
8408,5.8,0.7,7.6,4.2,4.0,2.97,Low,Gen Z
8409,4.5,1.1,6.9,3.5,4.3,3.3,High,Gen Z
8410,4.7,1.7,7.8,2.9,4.7,2.9,Low,Gen Z
8411,5.2,3.3,7.9,3.5,5.0,2.84,Moderate,Gen Z
8412,7.4,1.5,6.9,1.0,5.8,3.41,Low,Gen Z
8413,2.8,0.0,6.9,4.1,4.8,3.32,Moderate,Gen Z
8414,6.4,1.4,7.4,1.9,5.7,3.57,High,Gen Z
8415,6.1,2.2,6.8,3.1,5.7,2.88,Low,Gen Z
8416,7.3,1.2,7.4,2.4,4.3,2.85,Moderate,Gen Z
8417,4.1,0.7,7.3,4.8,4.4,3.28,Moderate,Gen Z
8418,4.0,1.8,6.5,4.7,5.2,3.46,Low,Gen Z
8419,4.6,1.0,8.4,3.1,1.2,3.38,High,Gen Z
8420,4.0,2.6,6.4,3.6,5.0,2.81,Low,Gen Z
8421,7.1,2.0,5.3,1.6,3.7,2.97,Low,Gen Z
8422,4.9,1.4,9.3,3.2,4.0,3.3,Moderate,Gen Z
8423,6.2,0.0,8.1,3.3,3.3,3.11,High,Gen Z
8424,6.1,0.9,7.9,3.9,2.2,3.07,Moderate,Gen Z
8425,5.5,0.8,7.7,1.9,3.2,3.11,Moderate,Gen Z
8426,5.8,0.0,7.9,2.2,2.2,2.93,Moderate,Gen Z
8427,5.1,0.5,8.7,4.9,2.6,2.49,Moderate,Gen Z
8428,5.5,1.9,6.3,1.5,2.7,3.43,Moderate,Gen Z
8429,4.3,1.1,6.2,7.0,1.4,3.62,High,Gen Z
8430,5.7,3.5,5.5,4.4,3.1,3.47,Low,Gen Z
8431,3.8,0.0,7.1,2.7,3.4,3.12,High,Gen Z
8432,5.0,1.4,6.6,3.9,3.1,2.66,High,Gen Z
8433,4.8,1.9,7.7,2.3,4.4,2.82,Low,Gen Z
8434,5.4,0.0,6.7,3.9,4.5,3.06,Moderate,Gen Z
8435,7.3,2.8,8.0,3.4,3.5,2.54,Moderate,Gen Z
8436,4.8,2.3,7.8,3.0,5.8,3.63,High,Gen Z
8437,6.1,0.7,7.3,3.0,8.0,2.98,Low,Gen Z
8438,3.7,0.0,6.1,4.3,4.5,3.1,Moderate,Gen Z
8439,4.7,1.3,6.5,0.9,5.4,3.13,High,Gen Z
8440,4.6,0.9,7.5,3.6,3.3,2.94,High,Gen Z
8441,3.4,1.4,5.6,3.2,2.2,3.47,Moderate,Gen Z
8442,4.4,2.0,7.5,2.0,3.4,3.48,High,Gen Z
8443,6.3,0.9,7.7,3.0,4.1,2.85,Low,Gen Z
8444,3.1,0.7,6.4,2.8,5.0,2.95,Moderate,Gen Z
8445,7.5,1.8,6.1,4.3,3.8,3.14,Low,Gen Z
8446,2.8,0.8,7.5,1.5,3.8,3.41,Low,Gen Z
8447,6.5,0.3,7.7,2.2,3.6,2.84,Low,Gen Z
8448,4.5,1.2,5.7,4.1,5.7,3.21,Moderate,Gen Z
8449,6.8,2.8,7.5,2.7,3.5,2.55,Moderate,Gen Z
8450,7.8,0.0,8.1,1.8,3.6,2.47,High,Gen Z
8451,5.5,0.0,7.4,1.4,4.4,2.87,High,Gen Z
8452,4.2,0.9,8.4,1.9,5.4,3.14,High,Gen Z
8453,6.5,3.3,7.9,1.8,4.2,3.18,High,Gen Z
8454,7.2,3.6,8.1,2.7,6.1,3.03,Low,Gen Z
8455,5.8,1.9,7.9,0.6,5.4,3.45,Moderate,Gen Z
8456,6.5,1.7,7.3,4.3,2.8,2.76,Moderate,Gen Z
8457,6.9,2.3,7.0,0.0,6.4,3.21,High,Gen Z
8458,4.3,0.0,9.2,0.0,6.7,3.56,Moderate,Gen Z
8459,6.2,2.0,4.7,1.9,2.5,3.55,Moderate,Gen Z
8460,7.4,0.9,8.1,2.6,1.2,3.5,Moderate,Gen Z
8461,4.8,0.5,8.1,2.8,2.3,2.08,High,Gen Z
8462,6.0,2.5,8.6,3.0,5.4,3.4,Moderate,Gen Z
8463,2.0,0.9,7.6,3.0,4.7,3.04,Moderate,Gen Z
8464,4.2,2.3,8.5,0.1,5.7,2.53,Moderate,Gen Z
8465,2.9,2.1,8.3,2.1,4.1,2.62,High,Gen Z
8466,7.0,2.9,6.1,2.3,2.0,3.57,Moderate,Gen Z
8467,7.9,2.3,6.4,1.8,4.5,3.27,Moderate,Gen Z
8468,4.2,2.1,7.3,2.6,4.4,3.19,Moderate,Gen Z
8469,4.7,0.7,5.8,4.1,3.7,3.06,Moderate,Gen Z
8470,5.5,3.1,6.4,6.0,1.6,3.2,Moderate,Gen Z
8471,4.9,2.0,6.0,0.0,5.8,3.06,High,Gen Z
8472,4.8,0.9,6.2,2.7,5.4,2.52,High,Gen Z
8473,3.4,2.1,5.7,3.6,4.1,2.53,High,Gen Z
8474,3.4,3.4,6.4,4.2,4.4,2.73,High,Gen Z
8475,4.4,0.0,5.8,1.8,5.6,2.97,Low,Gen Z
8476,1.8,2.2,6.1,2.3,3.4,3.22,Moderate,Gen Z
8477,4.5,2.9,7.1,4.5,3.6,3.27,Moderate,Gen Z
8478,5.1,1.2,7.0,2.1,1.1,3.37,Moderate,Gen Z
8479,6.2,3.1,7.0,4.3,2.1,2.67,High,Gen Z
8480,3.0,0.0,8.4,3.1,5.4,2.66,High,Gen Z
8481,5.0,2.9,6.3,2.8,5.2,3.1,Moderate,Gen Z
8482,3.5,1.7,6.2,1.8,4.6,3.59,Low,Gen Z
8483,4.0,2.1,9.3,2.8,2.4,3.17,Moderate,Gen Z
8484,4.3,1.3,5.4,2.0,3.7,2.92,High,Gen Z
8485,5.4,1.4,8.0,1.5,4.5,3.34,High,Gen Z
8486,5.5,0.1,7.3,2.0,2.6,2.3,High,Gen Z
8487,3.3,0.0,7.1,3.3,5.4,3.09,High,Gen Z
8488,6.2,0.9,7.1,2.9,7.0,2.84,Moderate,Gen Z
8489,4.9,0.9,7.2,4.0,2.2,3.32,Low,Gen Z
8490,5.4,0.0,6.7,3.1,1.2,2.78,High,Gen Z
8491,6.4,1.3,8.3,4.7,6.1,2.6,High,Gen Z
8492,5.8,3.0,7.4,2.0,5.1,3.38,Moderate,Gen Z
8493,4.6,2.2,7.9,4.5,4.1,3.65,Low,Gen Z
8494,3.4,2.9,6.6,1.3,3.1,2.68,High,Gen Z
8495,6.7,3.4,9.4,2.2,5.6,2.82,Moderate,Gen Z
8496,3.4,0.8,7.5,2.9,4.7,2.73,Moderate,Gen Z
8497,5.1,2.1,6.7,0.8,3.6,2.45,High,Gen Z
8498,5.7,0.4,8.4,0.3,4.1,2.68,Low,Gen Z
8499,5.5,1.4,8.0,4.2,3.8,3.17,High,Gen Z
8500,4.0,0.9,8.5,4.4,1.7,3.16,High,Gen Z
8501,5.9,1.6,6.5,1.1,1.6,2.45,Low,Gen Z
8502,2.6,0.6,5.4,2.0,3.2,3.17,High,Gen Z
8503,4.2,3.4,4.0,1.9,2.7,3.65,High,Gen Z
8504,3.7,0.0,6.0,2.4,3.0,3.54,Low,Gen Z
8505,5.2,2.0,8.6,3.8,2.3,2.66,High,Gen Z
8506,5.3,2.6,6.3,2.0,3.2,3.5,Moderate,Gen Z
8507,7.0,0.9,5.9,2.5,3.9,3.9,Moderate,Gen Z
8508,5.9,2.2,6.6,2.0,4.8,2.92,High,Gen Z
8509,2.9,0.7,5.7,1.9,6.2,3.15,Moderate,Gen Z
8510,4.2,3.2,6.6,2.3,2.2,3.33,Moderate,Gen Z
8511,6.4,0.0,6.5,2.7,6.1,2.43,Moderate,Gen Z
8512,6.3,0.5,6.0,2.2,5.2,3.32,Moderate,Gen Z
8513,5.3,0.0,7.6,0.7,3.4,2.77,Moderate,Gen Z
8514,6.2,0.8,7.4,1.9,1.7,2.85,Low,Gen Z
8515,7.0,1.4,5.1,4.7,2.8,3.87,Moderate,Gen Z
8516,5.3,4.2,4.6,3.6,4.2,2.44,High,Gen Z
8517,2.0,0.2,8.5,3.8,4.0,3.38,Moderate,Gen Z
8518,4.0,1.3,7.2,2.6,5.1,2.91,Moderate,Gen Z
8519,4.1,1.8,6.1,2.3,2.3,3.32,Low,Gen Z
8520,4.1,1.3,6.4,3.3,5.7,3.47,Low,Gen Z
8521,4.9,1.1,6.6,2.1,6.0,2.68,High,Gen Z
8522,6.0,0.9,6.0,0.0,2.7,2.44,Low,Gen Z
8523,6.1,0.0,6.7,2.3,5.9,3.13,High,Gen Z
8524,7.0,2.4,4.9,1.8,4.2,2.84,Moderate,Gen Z
8525,3.8,2.1,6.5,2.8,5.1,3.4,Moderate,Gen Z
8526,1.3,3.9,5.9,3.6,2.6,2.69,High,Gen Z
8527,7.0,1.4,8.1,1.9,5.1,2.69,Moderate,Gen Z
8528,4.0,2.6,6.9,1.1,5.9,2.7,Moderate,Gen Z
8529,4.1,2.0,10.0,3.5,4.6,2.98,Moderate,Gen Z
8530,4.4,1.0,7.0,2.4,3.1,2.21,Moderate,Gen Z
8531,5.7,2.9,4.7,2.8,4.0,3.34,High,Gen Z
8532,4.5,1.8,7.7,5.5,2.3,2.98,High,Gen Z
8533,6.1,2.0,7.6,2.8,4.1,3.1,Low,Gen Z
8534,5.0,1.3,6.9,3.7,2.9,2.52,Moderate,Gen Z
8535,5.1,2.1,7.1,3.9,2.7,3.17,Moderate,Gen Z
8536,7.5,1.7,7.8,0.1,2.3,3.18,Moderate,Gen Z
8537,7.1,1.9,7.6,2.4,2.7,3.09,High,Gen Z
8538,7.5,3.7,6.6,5.5,3.9,3.29,Low,Gen Z
8539,3.1,0.0,6.7,5.5,3.0,2.98,Moderate,Gen Z
8540,4.8,0.5,7.0,2.8,4.2,3.67,High,Gen Z
8541,6.6,2.1,7.4,4.0,4.1,2.83,Moderate,Gen Z
8542,4.1,1.4,7.8,3.3,6.6,3.56,Moderate,Gen Z
8543,4.7,3.5,8.2,4.8,2.5,3.47,High,Gen Z
8544,5.4,3.2,6.4,3.4,6.6,3.29,High,Gen Z
8545,5.6,1.7,9.1,3.8,5.8,3.02,High,Gen Z
8546,6.5,0.5,6.9,2.2,2.4,3.0,High,Gen Z
8547,4.2,2.5,7.4,2.6,3.9,3.1,High,Gen Z
8548,3.9,3.3,7.7,4.9,2.9,2.79,Moderate,Gen Z
8549,5.2,0.7,6.1,3.7,0.7,2.57,High,Gen Z
8550,5.8,1.9,8.3,1.7,4.0,3.01,High,Gen Z
8551,3.3,1.8,8.4,2.2,1.4,2.95,High,Gen Z
8552,5.3,2.3,5.3,3.7,3.1,3.27,High,Gen Z
8553,4.1,0.0,6.3,3.7,1.7,3.27,Moderate,Gen Z
8554,4.8,1.6,6.8,5.4,3.2,2.68,High,Gen Z
8555,6.4,1.3,7.9,3.3,3.6,2.81,Low,Gen Z
8556,3.6,2.9,6.7,2.5,3.1,2.75,High,Gen Z
8557,3.7,1.4,8.0,2.8,5.6,2.99,High,Gen Z
8558,3.0,2.2,9.4,2.3,2.9,3.36,Moderate,Gen Z
8559,6.0,2.3,8.9,5.3,3.2,2.27,Low,Gen Z
8560,5.4,0.0,6.0,1.9,2.6,2.8,High,Gen Z
8561,7.0,1.2,7.9,4.9,5.0,3.23,High,Gen Z
8562,4.7,2.1,6.8,2.9,4.5,2.88,Moderate,Gen Z
8563,5.3,1.4,8.5,3.2,6.5,2.71,Low,Gen Z
8564,7.4,2.2,8.1,2.0,5.2,2.49,High,Gen Z
8565,5.2,0.7,8.3,4.2,4.0,2.59,Moderate,Gen Z
8566,6.3,1.8,6.2,2.3,3.1,3.2,Low,Gen Z
8567,6.1,1.7,6.3,4.9,2.4,3.08,Moderate,Gen Z
8568,4.4,2.1,8.2,3.4,6.4,2.87,Moderate,Gen Z
8569,4.7,1.1,6.8,3.7,6.4,3.23,Low,Gen Z
8570,5.1,0.8,6.0,4.8,2.3,2.96,High,Gen Z
8571,2.2,1.3,7.7,2.9,3.8,2.29,High,Gen Z
8572,4.6,2.6,5.7,2.3,4.8,3.18,High,Gen Z
8573,5.9,3.1,6.9,3.4,1.9,3.14,Moderate,Gen Z
8574,5.9,2.6,6.6,5.1,6.0,2.97,Moderate,Gen Z
8575,3.8,2.4,6.6,0.2,4.5,2.92,High,Gen Z
8576,4.9,2.4,7.1,2.7,3.1,3.1,Moderate,Gen Z
8577,5.7,1.3,7.3,2.7,3.2,3.38,High,Gen Z
8578,2.8,3.0,7.4,3.3,2.9,3.0,Moderate,Gen Z
8579,4.3,0.6,6.6,5.1,4.2,2.95,High,Gen Z
8580,6.3,0.5,8.5,3.1,3.5,3.24,High,Gen Z
8581,5.7,2.1,5.8,2.1,2.2,2.62,High,Gen Z
8582,4.4,2.2,8.3,3.8,2.7,2.87,Moderate,Gen Z
8583,4.4,4.2,7.8,3.0,1.3,3.13,High,Gen Z
8584,4.4,3.3,6.7,4.6,3.9,2.48,Moderate,Gen Z
8585,3.8,1.8,7.0,1.4,6.6,2.52,High,Gen Z
8586,5.5,0.0,6.3,3.0,3.2,2.9,High,Gen Z
8587,4.1,2.3,7.1,2.9,5.9,2.93,High,Gen Z
8588,5.7,2.4,6.9,3.3,5.8,2.92,Moderate,Gen Z
8589,7.1,3.8,7.3,2.6,5.7,3.19,Moderate,Gen Z
8590,3.5,2.6,7.4,1.8,4.5,2.6,High,Gen Z
8591,4.4,2.9,8.0,5.2,6.1,2.99,High,Gen Z
8592,5.2,3.3,5.6,3.8,5.9,2.61,Moderate,Gen Z
8593,7.1,0.5,6.8,2.4,4.9,3.09,Moderate,Gen Z
8594,5.8,1.2,7.5,3.9,4.6,2.59,Moderate,Gen Z
8595,5.1,4.7,6.2,0.1,4.0,2.83,High,Gen Z
8596,3.9,0.8,8.0,3.1,4.1,3.64,High,Gen Z
8597,5.3,1.5,6.6,2.6,2.0,3.05,Low,Gen Z
8598,4.0,1.4,7.2,1.4,3.3,3.58,High,Gen Z
8599,3.1,0.2,8.5,3.3,4.4,3.22,Low,Gen Z
8600,6.2,1.4,8.2,3.5,2.9,3.25,Low,Gen Z
8601,5.2,1.4,7.5,0.6,3.3,2.7,Low,Gen Z
8602,1.6,2.9,6.8,4.9,2.7,3.35,High,Gen Z
8603,3.1,0.9,8.5,1.3,3.5,3.12,Moderate,Gen Z
8604,2.1,1.0,6.7,4.3,5.0,3.7,Moderate,Gen Z
8605,3.6,2.1,6.1,4.2,4.2,3.15,High,Gen Z
8606,3.7,1.4,6.4,4.5,4.9,2.86,High,Gen Z
8607,5.5,1.4,6.3,3.4,0.0,2.51,High,Gen Z
8608,6.4,0.5,7.9,3.2,1.4,2.74,Low,Gen Z
8609,4.6,2.4,6.2,4.2,2.0,2.84,High,Gen Z
8610,5.2,1.1,5.9,0.2,3.4,3.02,Moderate,Gen Z
8611,3.7,1.9,7.5,2.8,3.3,3.36,Moderate,Gen Z
8612,6.5,1.4,7.5,1.7,2.0,3.16,Low,Gen Z
8613,3.9,1.8,6.0,3.6,3.6,3.18,Moderate,Gen Z
8614,5.6,1.4,6.8,2.6,1.9,2.83,Moderate,Gen Z
8615,2.8,0.0,6.5,3.4,2.4,3.27,Moderate,Gen Z
8616,4.7,0.5,7.1,1.4,1.9,2.52,Moderate,Gen Z
8617,4.6,0.0,5.2,3.0,3.5,2.81,Moderate,Gen Z
8618,2.7,1.2,4.6,3.7,2.3,2.73,Low,Gen Z
8619,5.6,3.4,6.2,1.3,3.2,3.36,Moderate,Gen Z
8620,2.0,1.5,6.0,3.6,2.7,2.99,Low,Gen Z
8621,2.0,1.0,7.1,1.1,2.2,2.53,High,Gen Z
8622,5.7,2.6,8.7,2.9,5.0,3.04,Moderate,Gen Z
8623,7.2,2.4,7.9,5.1,3.2,3.23,Moderate,Gen Z
8624,5.1,0.8,6.6,1.0,3.2,2.63,Moderate,Gen Z
8625,4.2,0.0,4.6,1.8,1.6,3.27,High,Gen Z
8626,6.6,3.4,5.8,3.6,0.0,2.86,Low,Gen Z
8627,3.8,2.3,7.0,3.7,3.4,4.0,High,Gen Z
8628,5.4,1.3,7.2,0.4,1.9,2.67,Moderate,Gen Z
8629,3.3,1.2,7.2,4.6,5.2,2.47,Moderate,Gen Z
8630,3.7,2.0,6.4,2.3,7.8,3.06,High,Gen Z
8631,6.5,1.8,6.4,2.0,1.4,2.91,High,Gen Z
8632,2.7,1.8,7.5,1.7,3.3,3.03,High,Gen Z
8633,7.0,1.9,6.6,3.6,3.4,2.67,Moderate,Gen Z
8634,3.2,1.2,8.3,3.4,3.4,3.21,Moderate,Gen Z
8635,4.1,1.0,6.3,0.0,3.3,3.57,High,Gen Z
8636,6.8,0.4,7.5,0.0,3.4,3.11,Moderate,Gen Z
8637,6.0,1.3,7.9,2.5,3.9,2.47,Moderate,Gen Z
8638,4.5,1.9,6.0,0.8,4.3,2.98,High,Gen Z
8639,5.6,0.4,6.7,3.2,1.6,3.19,Moderate,Gen Z
8640,5.2,2.3,7.4,1.3,3.0,3.32,High,Gen Z
8641,3.5,3.3,6.1,3.4,4.6,2.43,Low,Gen Z
8642,5.5,2.2,6.0,3.5,2.4,2.76,Moderate,Gen Z
8643,5.1,2.3,7.5,2.2,2.8,3.13,High,Gen Z
8644,5.6,0.1,7.1,2.1,3.7,3.16,Moderate,Gen Z
8645,5.3,0.0,6.3,3.5,4.3,2.83,High,Gen Z
8646,7.5,0.9,7.7,3.7,2.7,2.81,Moderate,Gen Z
8647,3.0,1.5,6.8,4.7,5.2,3.07,High,Gen Z
8648,6.0,2.4,6.3,4.5,4.3,2.84,High,Gen Z
8649,4.6,1.5,6.1,0.1,7.5,3.5,High,Gen Z
8650,3.5,2.1,7.3,2.1,4.8,2.75,High,Gen Z
8651,6.5,3.0,5.3,6.3,4.1,2.66,Moderate,Gen Z
8652,5.7,1.4,7.6,4.2,3.2,3.29,High,Gen Z
8653,5.2,0.0,8.5,1.3,3.8,3.13,High,Gen Z
8654,5.1,3.6,6.3,2.6,3.6,3.68,Moderate,Gen Z
8655,6.6,1.0,8.5,3.5,2.0,3.23,Moderate,Gen Z
8656,5.6,2.7,6.8,4.3,1.1,2.8,Moderate,Gen Z
8657,4.5,1.0,8.5,4.4,2.1,2.71,Low,Gen Z
8658,5.1,3.0,8.5,3.8,7.7,3.49,High,Gen Z
8659,5.7,3.6,7.2,2.3,2.5,3.57,High,Gen Z
8660,2.9,0.8,8.6,4.7,4.9,3.24,High,Gen Z
8661,4.6,2.8,8.2,1.9,3.1,2.7,High,Gen Z
8662,3.1,1.8,6.5,3.0,2.7,3.22,Moderate,Gen Z
8663,6.3,3.3,7.1,4.4,4.7,2.8,Moderate,Gen Z
8664,3.1,2.7,6.6,4.0,5.1,3.07,High,Gen Z
8665,6.5,2.1,6.9,1.9,3.7,2.68,Low,Gen Z
8666,5.9,1.4,6.4,1.8,2.8,3.0,High,Gen Z
8667,5.8,2.2,5.2,2.4,3.6,3.45,High,Gen Z
8668,6.6,1.3,7.9,2.4,2.5,3.0,Low,Gen Z
8669,2.1,2.6,6.3,3.5,4.0,2.78,High,Gen Z
8670,3.8,1.7,7.2,1.6,1.9,2.52,Low,Gen Z
8671,2.7,1.4,5.6,2.8,4.0,3.07,Low,Gen Z
8672,7.5,0.7,5.4,0.0,3.8,3.3,Moderate,Gen Z
8673,5.5,2.2,8.2,3.9,4.6,2.16,Moderate,Gen Z
8674,4.7,3.7,9.9,2.4,3.6,2.43,High,Gen Z
8675,4.1,3.2,5.7,1.7,2.8,2.91,Moderate,Gen Z
8676,3.2,1.9,6.1,3.4,4.9,3.19,High,Gen Z
8677,3.5,0.9,5.9,2.8,4.1,3.18,Low,Gen Z
8678,4.6,1.4,7.0,4.6,0.0,2.92,Low,Gen Z
8679,7.9,0.2,7.7,3.4,5.8,2.99,Low,Gen Z
8680,5.3,2.2,7.1,2.7,1.2,3.1,High,Gen Z
8681,6.0,3.2,6.0,3.4,2.3,3.01,Moderate,Gen Z
8682,4.7,2.7,7.3,3.8,4.0,2.92,High,Gen Z
8683,5.0,0.0,6.4,3.3,6.2,2.93,Low,Gen Z
8684,7.5,2.3,7.5,4.6,2.6,3.32,Low,Gen Z
8685,6.2,2.4,6.0,0.8,3.6,2.75,High,Gen Z
8686,6.2,1.8,8.2,5.2,3.9,3.04,High,Gen Z
8687,5.6,1.8,8.0,4.8,3.8,3.11,Moderate,Gen Z
8688,3.4,1.6,6.7,4.4,3.0,3.51,High,Gen Z
8689,7.2,1.0,7.2,2.2,1.3,2.32,High,Gen Z
8690,6.3,0.4,7.0,4.8,5.3,3.25,High,Gen Z
8691,5.1,3.8,7.4,2.5,3.2,2.67,Moderate,Gen Z
8692,8.5,1.9,8.4,1.9,6.2,2.62,High,Gen Z
8693,5.7,1.7,6.6,5.7,5.1,3.51,Moderate,Gen Z
8694,4.1,2.7,7.5,1.9,5.9,3.47,Low,Gen Z
8695,2.8,1.5,6.7,4.5,2.6,3.35,Moderate,Gen Z
8696,1.6,3.0,6.8,3.6,2.4,3.21,High,Gen Z
8697,4.9,1.7,7.0,3.0,2.5,3.0,Low,Gen Z
8698,6.4,2.4,6.5,2.3,3.4,2.78,Moderate,Gen Z
8699,4.5,0.3,6.7,2.3,1.5,2.73,High,Gen Z
8700,7.7,2.0,6.9,0.8,4.9,3.14,Moderate,Gen Z
8701,4.4,2.6,7.4,2.5,4.1,3.16,Moderate,Gen Z
8702,6.5,0.3,5.8,2.8,4.9,3.3,Moderate,Gen Z
8703,3.6,1.6,7.0,2.5,4.0,3.26,High,Gen Z
8704,5.1,0.5,5.5,3.0,0.9,3.42,High,Gen Z
8705,5.5,2.3,6.9,2.9,1.8,3.34,Moderate,Gen Z
8706,3.1,0.8,6.5,5.3,6.0,2.56,High,Gen Z
8707,4.9,1.8,6.0,1.4,5.5,2.56,Low,Gen Z
8708,2.9,0.6,6.5,4.4,6.4,2.62,Low,Gen Z
8709,5.3,1.7,8.5,3.4,1.3,3.05,Moderate,Gen Z
8710,5.7,2.1,9.4,0.8,3.9,2.82,Moderate,Gen Z
8711,2.2,2.8,7.6,2.8,6.8,2.72,Moderate,Gen Z
8712,5.0,0.0,5.8,2.2,3.1,2.97,Low,Gen Z
8713,2.9,1.0,6.6,3.2,5.5,2.44,High,Gen Z
8714,7.1,3.1,6.4,5.1,4.7,2.48,High,Gen Z
8715,5.4,1.7,7.2,3.0,4.0,3.11,High,Gen Z
8716,2.8,0.3,8.2,2.3,2.7,2.98,Low,Gen Z
8717,3.3,3.6,7.9,2.8,0.4,3.14,High,Gen Z
8718,5.6,1.9,6.7,2.2,4.7,3.07,Moderate,Gen Z
8719,6.1,0.1,8.7,2.2,3.3,3.21,Moderate,Gen Z
8720,7.2,2.5,6.3,4.7,3.4,2.29,Moderate,Gen Z
8721,6.4,1.6,8.3,3.6,4.1,2.49,Moderate,Gen Z
8722,5.3,2.6,6.6,0.0,5.0,2.65,High,Gen Z
8723,6.2,0.4,7.4,3.3,5.6,2.93,Moderate,Gen Z
8724,5.9,2.6,6.6,4.1,4.2,3.18,Moderate,Gen Z
8725,6.0,1.2,8.3,3.9,3.6,3.37,High,Gen Z
8726,7.5,0.4,8.4,2.9,2.6,2.93,Moderate,Gen Z
8727,5.4,1.3,6.7,1.9,4.8,2.9,High,Gen Z
8728,4.4,2.2,5.5,2.9,4.3,2.83,Moderate,Gen Z
8729,3.9,3.2,8.6,1.6,3.4,2.76,Moderate,Gen Z
8730,5.4,3.0,7.5,5.4,4.1,3.6,High,Gen Z
8731,6.2,1.7,6.4,3.0,3.1,3.21,High,Gen Z
8732,4.8,2.6,8.0,5.7,3.4,2.84,High,Gen Z
8733,3.9,1.2,5.1,3.6,2.6,3.85,High,Gen Z
8734,5.7,2.5,7.0,1.8,2.1,2.84,High,Gen Z
8735,5.8,1.8,6.9,3.4,3.7,2.71,Low,Gen Z
8736,4.1,3.4,6.9,4.7,4.4,3.28,High,Gen Z
8737,7.9,2.1,5.8,1.3,7.3,2.97,High,Gen Z
8738,5.8,3.7,5.4,5.5,3.6,3.61,Moderate,Gen Z
8739,6.8,1.2,7.8,2.4,5.8,3.33,High,Gen Z
8740,6.5,0.0,4.5,4.5,8.0,3.18,High,Gen Z
8741,2.9,4.1,7.6,2.7,0.2,2.69,Moderate,Gen Z
8742,5.8,2.2,5.1,3.8,7.2,3.49,High,Gen Z
8743,4.2,0.8,6.7,1.9,4.8,3.21,Moderate,Gen Z
8744,5.6,2.3,7.3,1.4,1.9,3.15,High,Gen Z
8745,3.9,0.8,6.8,2.0,2.1,2.49,High,Gen Z
8746,6.8,2.7,6.1,3.7,6.9,3.32,Moderate,Gen Z
8747,4.8,1.0,6.4,3.6,1.8,2.89,High,Gen Z
8748,4.6,2.4,6.1,6.3,4.4,3.03,Moderate,Gen Z
8749,6.0,2.4,7.9,4.1,5.7,2.7,High,Gen Z
8750,7.7,0.1,6.4,2.5,3.9,3.02,Moderate,Gen Z
8751,5.3,2.5,6.8,2.6,4.9,2.56,High,Gen Z
8752,3.8,0.9,7.6,0.3,2.1,2.89,Moderate,Gen Z
8753,5.2,0.9,7.1,1.9,5.6,2.87,Moderate,Gen Z
8754,5.0,2.9,7.6,2.9,3.3,2.97,High,Gen Z
8755,5.5,1.8,7.3,2.1,0.7,3.52,Moderate,Gen Z
8756,4.8,2.8,7.8,2.7,3.3,3.47,High,Gen Z
8757,5.0,1.1,4.6,4.8,5.1,3.15,Moderate,Gen Z
8758,6.1,1.6,7.5,1.3,3.3,2.73,High,Gen Z
8759,7.1,1.1,7.1,6.7,4.7,3.29,High,Gen Z
8760,4.6,2.5,7.1,4.1,5.2,2.68,Moderate,Gen Z
8761,5.8,3.3,6.6,3.8,1.8,2.68,Moderate,Gen Z
8762,5.0,2.6,6.3,1.7,1.8,2.81,High,Gen Z
8763,8.4,1.1,6.5,3.5,6.6,3.68,High,Gen Z
8764,5.0,3.1,6.8,4.0,3.6,2.57,Moderate,Gen Z
8765,1.5,0.5,7.0,3.0,4.0,2.89,Moderate,Gen Z
8766,4.9,1.2,5.1,1.5,3.7,2.95,High,Gen Z
8767,4.7,1.3,7.2,1.6,2.8,2.67,Moderate,Gen Z
8768,2.5,0.8,7.6,4.4,2.3,2.71,High,Gen Z
8769,4.1,2.1,8.7,2.8,3.5,3.72,High,Gen Z
8770,6.0,2.1,6.1,4.2,4.4,2.45,High,Gen Z
8771,7.3,1.8,8.5,4.2,4.2,3.46,High,Gen Z
8772,3.2,3.0,8.3,5.2,6.2,3.31,Moderate,Gen Z
8773,4.2,1.8,7.3,2.1,6.0,2.71,Moderate,Gen Z
8774,5.9,0.6,6.4,2.0,3.8,2.83,Moderate,Gen Z
8775,5.6,2.8,5.8,3.8,3.7,3.57,Moderate,Gen Z
8776,3.5,0.0,8.6,1.9,4.0,3.15,Moderate,Gen Z
8777,3.8,1.9,6.4,1.2,0.9,2.97,Low,Gen Z
8778,4.5,0.8,7.8,1.9,1.6,3.02,Low,Gen Z
8779,5.5,3.3,8.8,1.9,2.8,3.59,High,Gen Z
8780,7.7,2.7,7.6,5.4,6.4,2.85,Moderate,Gen Z
8781,4.4,0.6,6.6,3.6,2.9,3.01,Moderate,Gen Z
8782,5.0,1.1,7.0,3.0,4.5,3.4,High,Gen Z
8783,3.9,3.1,9.4,2.5,4.3,3.28,Moderate,Gen Z
8784,6.0,1.7,7.6,1.8,6.2,3.29,High,Gen Z
8785,5.7,1.8,7.9,4.4,3.6,3.32,High,Gen Z
8786,4.5,3.7,6.2,4.2,2.1,3.54,Low,Gen Z
8787,4.9,1.7,5.6,3.6,6.8,3.18,Moderate,Gen Z
8788,6.4,1.9,8.3,3.3,3.1,2.67,High,Gen Z
8789,4.0,1.1,6.8,1.7,3.9,2.99,Moderate,Gen Z
8790,6.7,3.1,6.3,1.1,4.8,3.13,Moderate,Gen Z
8791,4.8,2.7,7.8,2.7,0.0,2.76,Low,Gen Z
8792,4.7,0.7,6.7,2.6,4.2,2.65,Moderate,Gen Z
8793,4.1,1.9,6.5,3.6,4.2,3.12,High,Gen Z
8794,4.0,2.1,6.7,2.8,4.1,3.07,High,Gen Z
8795,5.0,3.3,6.6,0.7,5.9,3.55,High,Gen Z
8796,5.3,0.1,6.2,4.2,4.2,2.78,High,Gen Z
8797,7.0,1.4,7.9,0.4,4.2,3.74,Low,Gen Z
8798,4.9,1.7,8.2,4.0,4.0,3.05,Moderate,Gen Z
8799,4.6,3.1,6.5,0.3,2.2,3.21,Low,Gen Z
8800,6.5,0.5,6.9,0.1,4.5,2.6,High,Gen Z
8801,5.1,1.3,5.1,2.4,4.5,3.48,High,Gen Z
8802,5.8,2.8,6.8,2.2,2.8,2.33,High,Gen Z
8803,5.1,2.4,6.9,4.5,4.8,3.21,High,Gen Z
8804,4.7,0.7,7.1,3.6,5.2,3.76,Moderate,Gen Z
8805,6.6,2.7,7.1,3.6,2.1,3.43,Low,Gen Z
8806,5.3,1.2,6.5,5.5,5.9,3.11,High,Gen Z
8807,4.7,2.0,7.6,3.1,4.8,3.28,High,Gen Z
8808,3.2,2.2,7.5,2.7,0.7,3.19,Low,Gen Z
8809,6.9,1.5,8.0,3.5,3.9,3.05,Moderate,Gen Z
8810,5.7,1.9,7.4,2.8,4.9,3.25,Low,Gen Z
8811,5.2,1.9,4.8,2.8,3.1,2.94,Moderate,Gen Z
8812,4.1,1.9,7.4,4.6,1.9,3.18,Low,Gen Z
8813,4.7,2.5,8.1,0.0,3.1,2.85,Low,Gen Z
8814,8.4,0.3,5.8,4.0,5.7,3.52,Moderate,Gen Z
8815,5.8,2.4,7.2,2.8,4.9,3.32,Moderate,Gen Z
8816,6.4,2.3,5.7,2.6,2.9,2.82,Moderate,Gen Z
8817,5.7,1.6,5.2,0.3,4.7,3.56,Moderate,Gen Z
8818,4.9,1.7,7.1,3.2,4.3,2.6,Moderate,Gen Z
8819,1.8,3.2,7.5,4.2,2.8,3.16,Moderate,Gen Z
8820,5.4,4.1,7.2,4.2,0.7,2.99,Low,Gen Z
8821,5.0,2.7,7.5,4.2,1.9,2.8,High,Gen Z
8822,4.8,0.0,9.1,0.7,2.5,2.47,High,Gen Z
8823,7.9,2.0,6.9,4.0,2.7,3.3,High,Gen Z
8824,3.7,2.1,6.0,3.2,5.1,2.79,High,Gen Z
8825,5.2,0.9,6.8,3.2,2.1,2.76,High,Gen Z
8826,6.2,1.4,7.6,4.2,5.3,3.5,Moderate,Gen Z
8827,6.3,1.1,9.1,3.1,3.0,2.89,Moderate,Gen Z
8828,4.2,2.8,6.1,3.8,3.6,2.72,Moderate,Gen Z
8829,5.3,0.5,6.8,4.3,0.0,2.53,Low,Gen Z
8830,3.9,2.3,6.5,2.1,4.6,2.83,Low,Gen Z
8831,7.1,1.3,6.6,2.8,3.4,3.13,Low,Gen Z
8832,6.1,3.5,6.2,2.8,3.4,2.22,Moderate,Gen Z
8833,3.5,0.0,6.3,5.0,3.4,3.35,High,Gen Z
8834,7.8,2.1,6.0,4.7,7.2,3.22,High,Gen Z
8835,6.0,2.0,6.8,2.0,1.5,3.0,Moderate,Gen Z
8836,1.8,0.7,5.8,3.9,1.5,2.44,Moderate,Gen Z
8837,5.8,1.5,7.6,1.8,4.0,3.56,Low,Gen Z
8838,4.2,0.7,6.0,1.8,2.4,3.91,High,Gen Z
8839,6.2,0.7,5.7,2.9,7.0,2.43,Moderate,Gen Z
8840,2.6,0.6,8.1,2.6,4.6,2.89,Moderate,Gen Z
8841,5.8,2.2,5.9,4.6,2.7,3.04,Moderate,Gen Z
8842,3.4,1.8,7.0,3.0,1.2,3.57,Moderate,Gen Z
8843,5.9,1.9,7.9,3.5,1.8,2.58,High,Gen Z
8844,5.8,0.0,8.4,1.1,3.4,2.85,Moderate,Gen Z
8845,6.8,0.9,4.9,3.8,6.4,2.95,High,Gen Z
8846,5.2,1.9,7.3,3.5,3.5,3.41,Moderate,Gen Z
8847,6.7,0.0,6.6,2.7,2.8,2.93,Moderate,Gen Z
8848,7.9,2.7,6.9,5.8,3.8,3.01,Moderate,Gen Z
8849,5.5,0.2,6.7,2.1,3.1,2.95,High,Gen Z
8850,6.1,1.8,7.5,4.7,4.8,3.21,Moderate,Gen Z
8851,4.8,2.5,7.5,4.8,1.4,3.21,Moderate,Gen Z
8852,5.4,1.9,5.0,2.6,3.9,2.64,Low,Gen Z
8853,5.8,0.4,6.3,4.7,5.2,3.1,High,Gen Z
8854,3.4,1.9,6.2,3.4,4.9,3.09,Low,Gen Z
8855,4.5,2.7,6.2,2.0,3.3,3.29,Moderate,Gen Z
8856,5.7,1.8,6.8,3.0,3.5,3.11,Low,Gen Z
8857,4.8,2.5,5.6,3.1,5.0,3.02,Moderate,Gen Z
8858,5.9,1.5,6.9,2.2,3.3,3.35,Moderate,Gen Z
8859,6.2,2.2,7.0,2.9,3.6,2.74,Low,Gen Z
8860,3.4,2.5,8.8,4.4,4.4,3.2,Low,Gen Z
8861,4.9,2.3,7.3,4.2,3.9,3.46,Moderate,Gen Z
8862,5.9,3.7,7.5,2.6,5.6,2.77,Moderate,Gen Z
8863,7.2,1.7,6.5,2.8,5.3,2.27,Moderate,Gen Z
8864,5.0,1.5,4.8,4.2,2.8,2.26,High,Gen Z
8865,5.0,3.0,6.4,3.0,4.5,2.96,Moderate,Gen Z
8866,6.3,2.7,5.9,2.5,5.3,3.46,Moderate,Gen Z
8867,2.6,2.6,7.4,2.6,3.9,3.44,Moderate,Gen Z
8868,4.6,3.1,5.5,2.2,4.0,2.58,Moderate,Gen Z
8869,3.3,1.6,8.2,3.2,3.9,3.46,Moderate,Gen Z
8870,6.0,1.5,6.7,1.5,3.3,2.67,Moderate,Gen Z
8871,6.1,0.6,6.6,3.0,6.2,3.14,Low,Gen Z
8872,5.7,4.3,4.0,2.5,0.9,3.16,High,Gen Z
8873,6.7,1.8,7.6,1.2,3.7,2.99,High,Gen Z
8874,4.8,3.2,6.2,4.0,3.9,3.34,Moderate,Gen Z
8875,2.8,1.5,5.6,0.0,0.4,3.61,High,Gen Z
8876,5.7,0.0,7.5,4.0,4.0,2.95,Moderate,Gen Z
8877,5.1,0.5,8.8,2.8,3.3,2.43,High,Gen Z
8878,6.1,1.7,6.9,4.9,3.9,2.55,Moderate,Gen Z
8879,7.0,2.1,8.2,2.3,0.0,2.88,Low,Gen Z
8880,4.4,0.0,7.2,5.0,4.3,2.65,Low,Gen Z
8881,4.9,1.8,8.1,3.0,4.2,2.33,Low,Gen Z
8882,5.3,2.9,8.4,1.9,2.4,2.91,Moderate,Gen Z
8883,6.9,2.5,6.3,3.4,2.7,3.11,Low,Gen Z
8884,4.8,2.6,7.8,3.3,6.4,2.94,High,Gen Z
8885,5.5,0.9,8.0,3.2,3.0,2.69,Moderate,Gen Z
8886,4.0,1.6,6.9,4.0,3.6,3.5,High,Gen Z
8887,3.3,0.8,8.3,2.4,4.0,2.9,High,Gen Z
8888,7.0,2.9,6.7,1.8,2.1,3.48,Low,Gen Z
8889,5.7,1.5,6.7,3.3,3.2,3.22,High,Gen Z
8890,2.1,1.4,7.6,1.8,3.5,2.92,High,Gen Z
8891,6.7,3.8,7.4,4.1,4.8,2.93,High,Gen Z
8892,4.4,2.1,6.7,3.7,4.0,2.89,Low,Gen Z
8893,4.3,1.1,6.5,6.8,3.7,2.97,Moderate,Gen Z
8894,4.5,3.6,6.7,1.3,4.3,2.81,High,Gen Z
8895,3.8,1.1,5.4,1.9,3.8,3.27,Low,Gen Z
8896,5.2,1.4,6.8,4.8,2.6,3.06,High,Gen Z
8897,1.4,1.0,8.0,5.0,5.1,3.16,Moderate,Gen Z
8898,6.2,2.9,6.2,3.9,4.1,3.01,High,Gen Z
8899,5.3,0.0,7.7,2.9,4.6,2.11,High,Gen Z
8900,5.4,0.9,4.3,2.2,4.6,2.76,Low,Gen Z
8901,4.2,2.1,8.9,2.9,3.6,3.33,Moderate,Gen Z
8902,5.0,1.2,7.1,0.7,5.3,3.03,Low,Gen Z
8903,4.1,1.4,7.3,2.0,4.2,3.15,Moderate,Gen Z
8904,6.0,1.4,9.7,3.2,5.1,3.36,High,Gen Z
8905,6.1,2.7,7.4,3.0,5.2,3.38,Moderate,Gen Z
8906,5.6,3.1,6.1,1.9,2.6,2.9,Low,Gen Z
8907,4.2,2.3,7.3,4.9,5.6,2.61,Moderate,Gen Z
8908,5.3,1.1,5.8,4.0,5.4,2.7,Low,Gen Z
8909,4.6,1.2,9.0,1.8,1.6,2.36,Moderate,Gen Z
8910,6.0,3.3,7.3,2.5,3.6,3.5,High,Gen Z
8911,4.8,1.7,6.8,5.0,6.4,2.91,Moderate,Gen Z
8912,4.5,3.0,8.2,0.1,4.9,2.94,Moderate,Gen Z
8913,6.7,1.2,5.9,1.8,4.1,3.04,Moderate,Gen Z
8914,4.4,1.1,6.4,2.8,4.1,2.58,High,Gen Z
8915,5.1,1.7,5.6,4.7,4.5,2.68,Moderate,Gen Z
8916,6.8,1.8,7.3,1.8,5.2,3.21,High,Gen Z
8917,2.0,1.9,8.6,1.6,4.4,2.95,Moderate,Gen Z
8918,3.6,0.4,8.3,3.5,2.6,3.17,High,Gen Z
8919,5.1,1.6,6.8,5.0,5.3,3.02,High,Gen Z
8920,5.9,2.6,5.3,3.4,4.0,2.94,Moderate,Gen Z
8921,4.4,2.6,7.0,0.8,3.4,3.05,Low,Gen Z
8922,6.0,0.7,6.9,4.2,2.7,2.59,Moderate,Gen Z
8923,6.2,2.2,6.4,2.7,3.0,2.99,High,Gen Z
8924,5.7,1.3,6.6,4.3,3.4,2.97,High,Gen Z
8925,3.0,1.8,5.8,4.4,4.8,2.58,High,Gen Z
8926,4.0,0.6,5.2,2.6,4.6,2.53,High,Gen Z
8927,3.8,1.8,5.6,3.3,4.5,2.93,Moderate,Gen Z
8928,2.9,0.8,7.0,5.2,1.7,2.45,Moderate,Gen Z
8929,2.1,2.9,5.8,4.6,2.6,3.32,Moderate,Gen Z
8930,9.1,1.4,7.2,3.8,2.9,2.84,Moderate,Gen Z
8931,5.4,1.5,6.5,2.0,0.0,3.1,High,Gen Z
8932,4.6,1.2,6.5,4.2,5.1,3.02,Low,Gen Z
8933,5.9,0.0,9.5,2.0,4.5,3.39,Low,Gen Z
8934,4.4,0.7,6.5,3.7,2.4,2.57,High,Gen Z
8935,6.1,0.5,8.4,2.4,4.0,3.28,High,Gen Z
8936,4.7,0.9,7.2,2.8,2.5,3.04,Moderate,Gen Z
8937,5.8,2.0,7.2,3.8,5.6,3.23,High,Gen Z
8938,5.3,2.5,7.0,1.8,2.4,2.61,Low,Gen Z
8939,3.4,3.3,8.0,3.3,4.4,2.38,High,Gen Z
8940,5.5,0.3,8.5,2.5,4.9,2.24,Low,Gen Z
8941,5.8,0.1,7.1,2.8,2.1,2.9,High,Gen Z
8942,5.5,0.0,7.4,3.3,7.0,3.38,High,Gen Z
8943,7.3,0.5,6.9,4.0,3.6,2.98,Moderate,Gen Z
8944,7.1,2.5,6.6,1.7,1.8,2.89,High,Gen Z
8945,6.0,4.9,8.3,5.0,2.4,3.51,Low,Gen Z
8946,5.1,2.6,5.3,3.1,4.8,3.3,High,Gen Z
8947,5.4,1.8,7.0,5.8,4.6,2.51,High,Gen Z
8948,4.8,3.3,6.9,3.0,2.5,3.32,Low,Gen Z
8949,3.2,2.0,7.7,3.7,4.2,3.6,High,Gen Z
8950,5.4,1.5,7.7,4.2,4.0,3.14,Moderate,Gen Z
8951,4.7,1.5,6.8,2.5,2.3,2.99,High,Gen Z
8952,6.4,2.3,7.2,3.2,4.6,3.02,Moderate,Gen Z
8953,4.6,2.9,5.0,5.1,0.9,3.44,High,Gen Z
8954,6.8,0.5,8.1,3.2,3.4,2.43,Low,Gen Z
8955,2.7,3.4,5.4,2.5,5.9,3.09,Low,Gen Z
8956,4.1,0.0,6.0,4.3,4.8,2.76,Moderate,Gen Z
8957,6.3,2.2,7.0,3.7,2.9,2.49,Moderate,Gen Z
8958,5.2,1.5,6.5,1.5,3.3,2.66,Moderate,Gen Z
8959,6.1,1.2,8.5,1.9,3.1,2.99,High,Gen Z
8960,6.7,1.1,7.8,3.9,4.7,3.05,Moderate,Gen Z
8961,6.4,3.5,6.2,6.2,2.5,3.02,Moderate,Gen Z
8962,5.8,2.3,7.1,3.8,2.7,2.78,Low,Gen Z
8963,5.2,0.8,9.0,5.6,5.6,3.5,Low,Gen Z
8964,4.2,0.8,9.0,4.2,1.6,2.76,High,Gen Z
8965,4.2,1.0,7.7,1.9,2.2,2.13,Moderate,Gen Z
8966,4.9,1.7,6.8,0.7,4.4,2.98,High,Gen Z
8967,6.4,3.1,8.2,3.4,5.1,2.93,Low,Gen Z
8968,6.9,1.4,6.5,1.1,1.8,3.29,Low,Gen Z
8969,6.1,0.0,7.2,1.7,4.0,2.9,High,Gen Z
8970,6.6,1.8,6.2,0.9,5.6,2.87,High,Gen Z
8971,6.0,2.3,7.2,0.0,3.4,2.92,High,Gen Z
8972,5.3,0.5,5.8,5.6,4.5,2.49,High,Gen Z
8973,7.9,1.5,7.2,1.5,7.0,2.91,Low,Gen Z
8974,3.8,1.8,7.0,2.7,5.5,2.91,Moderate,Gen Z
8975,6.9,2.5,6.7,3.3,5.1,3.43,Moderate,Gen Z
8976,5.3,2.4,5.8,4.3,1.7,2.23,Moderate,Gen Z
8977,5.2,0.0,6.8,1.5,4.8,3.31,Moderate,Gen Z
8978,4.4,1.1,7.6,2.5,1.7,3.12,Moderate,Gen Z
8979,4.6,0.0,4.2,4.0,4.9,3.39,Moderate,Gen Z
8980,6.2,1.5,7.7,1.9,2.8,2.8,Moderate,Gen Z
8981,6.3,3.0,5.6,0.5,3.8,2.59,Moderate,Gen Z
8982,2.4,1.7,5.2,3.9,5.5,3.13,High,Gen Z
8983,4.7,3.8,8.5,3.3,3.8,2.74,Moderate,Gen Z
8984,4.1,1.6,5.7,4.8,3.1,2.91,Low,Gen Z
8985,3.1,2.1,6.3,3.9,2.5,2.89,High,Gen Z
8986,6.1,1.9,6.4,4.1,3.4,2.77,Low,Gen Z
8987,4.3,1.3,7.7,2.3,2.9,2.77,Moderate,Gen Z
8988,4.9,2.3,7.5,3.6,3.5,3.1,High,Gen Z
8989,5.0,0.7,7.5,2.3,2.9,3.08,High,Gen Z
8990,6.1,2.1,5.2,1.3,3.9,2.06,Moderate,Gen Z
8991,7.3,1.2,7.0,4.6,7.1,2.52,High,Gen Z
8992,4.3,1.9,7.0,4.1,2.9,3.28,Low,Gen Z
8993,6.2,1.4,8.1,1.6,4.7,2.7,High,Gen Z
8994,7.3,3.2,8.6,0.9,5.1,3.37,Moderate,Gen Z
8995,4.6,2.1,8.2,2.5,1.6,2.8,Moderate,Gen Z
8996,5.1,0.8,6.5,2.9,4.7,2.84,Low,Gen Z
8997,6.2,1.3,7.1,0.0,2.7,2.8,Low,Gen Z
8998,5.0,0.4,8.2,3.8,5.1,2.72,Low,Gen Z
8999,3.5,2.4,7.1,3.5,3.2,2.74,High,Gen Z
9000,5.9,1.9,7.7,2.6,2.9,4.0,High,Gen Z
9001,5.4,1.3,7.3,1.6,2.9,3.17,High,Gen Z
9002,3.6,0.9,6.1,3.9,2.8,3.41,Moderate,Gen Z
9003,5.0,1.2,6.3,2.7,5.2,2.87,Moderate,Gen Z
9004,4.1,0.4,7.3,1.6,3.9,2.9,High,Gen Z
9005,3.1,1.8,5.9,5.0,4.3,2.74,Moderate,Gen Z
9006,3.4,1.1,7.7,3.2,3.0,3.39,Low,Gen Z
9007,3.3,1.9,6.1,2.3,3.8,3.21,Low,Gen Z
9008,4.9,0.9,7.1,0.9,4.8,3.08,High,Gen Z
9009,6.3,2.4,7.0,0.9,3.7,3.12,High,Gen Z
9010,5.8,1.3,7.3,2.7,4.6,3.45,High,Gen Z
9011,6.5,1.9,6.9,4.1,3.2,2.99,Moderate,Gen Z
9012,3.2,2.2,7.4,3.7,2.7,2.8,Moderate,Gen Z
9013,3.8,2.5,8.1,3.4,4.6,2.7,High,Gen Z
9014,4.1,3.7,6.5,1.9,6.9,2.65,Moderate,Gen Z
9015,6.7,1.9,6.3,0.1,4.9,3.18,Moderate,Gen Z
9016,5.9,0.5,7.7,4.8,4.3,3.42,High,Gen Z
9017,2.9,0.8,8.9,1.8,5.7,3.31,Low,Gen Z
9018,3.3,0.8,7.5,3.4,4.6,2.75,Moderate,Gen Z
9019,2.6,0.8,6.1,3.1,5.0,3.23,High,Gen Z
9020,6.7,2.4,9.1,2.6,2.7,2.24,High,Gen Z
9021,6.3,0.0,5.5,2.7,6.9,3.67,High,Gen Z
9022,4.3,1.0,8.3,2.7,4.7,2.55,Low,Gen Z
9023,4.1,3.1,6.4,1.9,4.5,3.03,Low,Gen Z
9024,4.3,1.7,7.3,3.3,3.8,2.78,High,Gen Z
9025,5.2,4.8,8.0,3.3,5.5,2.76,Moderate,Gen Z
9026,6.4,2.5,7.4,5.4,4.3,2.84,Moderate,Gen Z
9027,4.4,0.2,6.7,1.7,4.5,2.6,High,Gen Z
9028,5.8,1.5,9.9,3.7,2.9,2.6,High,Gen Z
9029,5.3,1.0,6.5,1.5,5.0,3.55,Low,Gen Z
9030,6.8,2.0,7.4,3.8,2.9,2.74,High,Gen Z
9031,4.0,2.7,7.0,3.5,3.3,3.31,Moderate,Gen Z
9032,5.7,0.7,7.1,5.1,6.1,3.05,Moderate,Gen Z
9033,5.5,3.6,6.3,4.4,2.4,3.01,Moderate,Gen Z
9034,3.4,1.2,6.0,2.2,3.3,3.55,Moderate,Gen Z
9035,2.8,1.4,7.0,4.1,2.2,2.52,Moderate,Gen Z
9036,5.3,1.4,7.0,4.0,6.7,3.0,Moderate,Gen Z
9037,4.4,2.8,7.5,5.0,4.4,3.13,High,Gen Z
9038,5.7,3.0,8.4,3.0,6.8,2.74,Moderate,Gen Z
9039,5.6,1.9,6.0,1.6,3.8,3.15,Low,Gen Z
9040,6.8,1.7,6.9,3.8,3.1,2.71,Moderate,Gen Z
9041,5.0,2.6,7.3,4.2,5.7,3.53,Low,Gen Z
9042,4.2,3.3,5.6,1.3,2.5,3.14,High,Gen Z
9043,7.1,0.3,7.9,1.6,5.5,2.5,High,Gen Z
9044,7.1,0.0,6.7,2.5,6.5,3.68,High,Gen Z
9045,4.8,2.1,7.7,2.2,3.6,3.05,High,Gen Z
9046,4.0,0.0,8.0,6.2,5.1,3.29,High,Gen Z
9047,6.1,2.2,6.7,3.3,4.3,2.64,High,Gen Z
9048,6.2,2.1,6.7,3.8,3.5,2.9,Low,Gen Z
9049,2.4,0.8,5.6,4.7,0.9,3.21,Low,Gen Z
9050,5.1,3.1,6.5,3.8,5.7,3.21,High,Gen Z
9051,2.3,1.8,8.6,3.6,4.2,3.56,High,Gen Z
9052,4.1,1.8,6.9,2.5,3.0,3.0,Moderate,Gen Z
9053,3.6,2.1,5.7,3.8,2.0,2.84,Moderate,Gen Z
9054,5.3,2.1,5.4,4.2,5.9,2.61,High,Gen Z
9055,1.7,1.9,7.0,3.2,4.0,3.23,Low,Gen Z
9056,5.7,2.5,5.7,3.7,4.3,3.33,High,Gen Z
9057,5.1,0.0,7.6,4.0,1.2,3.06,Moderate,Gen Z
9058,4.6,1.6,6.5,3.0,0.7,3.7,Moderate,Gen Z
9059,6.3,2.6,6.6,2.7,5.2,2.86,High,Gen Z
9060,7.6,0.7,6.5,2.1,3.0,2.52,High,Gen Z
9061,2.5,0.6,5.9,2.1,2.4,3.2,Moderate,Gen Z
9062,6.6,2.1,8.1,0.8,3.9,2.32,High,Gen Z
9063,7.1,1.0,8.3,0.8,3.7,2.96,High,Gen Z
9064,4.0,2.7,4.3,2.9,6.9,2.67,High,Gen Z
9065,5.0,3.1,8.4,4.4,2.5,2.73,High,Gen Z
9066,3.8,1.7,7.2,2.4,2.7,2.74,High,Gen Z
9067,5.3,2.4,6.4,4.9,2.4,3.25,Moderate,Gen Z
9068,5.6,4.1,5.9,2.9,2.6,2.82,Low,Gen Z
9069,2.3,0.5,7.5,3.2,4.7,3.05,High,Gen Z
9070,5.0,0.0,9.2,5.1,3.4,2.84,Low,Gen Z
9071,5.9,2.3,4.8,3.8,6.8,3.4,Moderate,Gen Z
9072,2.7,1.9,5.2,4.1,5.1,2.46,High,Gen Z
9073,4.4,1.3,6.2,3.0,2.8,2.96,High,Gen Z
9074,5.4,2.6,6.8,0.6,4.2,3.47,Low,Gen Z
9075,5.8,1.6,7.3,5.1,3.1,2.99,High,Gen Z
9076,8.0,3.2,7.6,3.5,4.6,3.21,High,Gen Z
9077,5.0,3.1,9.7,3.6,4.3,2.99,High,Gen Z
9078,6.1,1.4,6.7,0.0,4.9,2.9,Moderate,Gen Z
9079,5.2,1.7,6.7,3.8,3.7,3.08,Moderate,Gen Z
9080,4.9,1.5,4.8,4.7,3.5,2.95,High,Gen Z
9081,7.1,4.0,7.4,1.5,1.8,3.12,Moderate,Gen Z
9082,2.6,1.9,7.2,2.1,3.1,3.38,Moderate,Gen Z
9083,4.7,0.8,8.5,2.4,4.7,2.53,High,Gen Z
9084,4.3,1.0,7.4,3.8,4.2,2.45,High,Gen Z
9085,3.9,1.6,8.0,2.5,2.9,2.89,High,Gen Z
9086,5.7,2.3,4.8,2.8,3.5,3.1,High,Gen Z
9087,5.5,2.0,6.9,4.6,1.7,3.25,Moderate,Gen Z
9088,6.7,2.6,5.8,0.0,6.1,2.22,High,Gen Z
9089,6.9,1.4,5.7,5.8,1.3,3.02,High,Gen Z
9090,3.1,0.4,6.9,3.5,2.4,3.01,High,Gen Z
9091,5.4,2.1,7.8,1.5,1.9,3.4,High,Gen Z
9092,5.0,3.8,8.5,4.6,2.4,2.95,Moderate,Gen Z
9093,5.9,1.4,7.0,1.6,7.3,3.38,Moderate,Gen Z
9094,5.0,2.1,8.2,2.7,0.9,2.71,Low,Gen Z
9095,4.8,1.4,7.5,2.0,5.1,3.41,Low,Gen Z
9096,5.0,1.1,7.9,1.4,4.0,3.41,Moderate,Gen Z
9097,7.0,2.7,4.8,2.5,5.3,3.53,High,Gen Z
9098,5.9,2.3,6.2,0.8,2.7,2.75,High,Gen Z
9099,5.3,3.1,7.5,2.2,2.2,3.2,Moderate,Gen Z
9100,8.1,2.4,6.1,1.4,3.8,2.79,High,Gen Z
9101,4.4,1.7,6.3,4.5,6.5,2.3,Moderate,Gen Z
9102,6.1,1.2,6.0,1.2,2.5,2.69,High,Gen Z
9103,4.9,0.5,9.4,0.8,5.0,2.85,Moderate,Gen Z
9104,3.9,1.7,7.4,0.8,6.2,2.95,Moderate,Gen Z
9105,1.0,1.9,6.3,3.0,2.2,3.35,High,Gen Z
9106,5.2,1.9,6.8,1.4,2.5,3.36,Moderate,Gen Z
9107,5.3,2.0,7.0,2.0,4.0,3.42,Low,Gen Z
9108,4.6,1.3,7.3,3.6,3.8,2.57,Moderate,Gen Z
9109,4.6,0.6,6.6,1.8,2.5,2.7,Moderate,Gen Z
9110,3.3,1.7,7.3,1.9,3.0,2.4,Low,Gen Z
9111,4.7,0.0,5.2,2.4,6.8,2.85,Moderate,Gen Z
9112,4.3,1.9,5.8,2.1,2.9,2.77,Moderate,Gen Z
9113,6.2,2.5,4.6,4.3,1.4,2.72,Moderate,Gen Z
9114,3.7,0.0,6.8,5.0,3.5,3.28,Low,Gen Z
9115,4.4,0.8,6.8,4.5,5.5,2.96,Moderate,Gen Z
9116,6.4,1.9,7.6,3.1,1.4,2.7,Moderate,Gen Z
9117,4.0,0.9,7.1,4.4,5.5,2.94,High,Gen Z
9118,3.8,0.0,5.5,2.0,4.7,2.35,Moderate,Gen Z
9119,3.4,1.3,5.7,3.2,0.1,3.24,Moderate,Gen Z
9120,4.7,2.7,6.5,5.3,0.8,2.93,High,Gen Z
9121,4.4,1.4,5.8,5.2,3.1,3.26,Moderate,Gen Z
9122,4.7,1.9,6.1,2.2,3.0,3.59,High,Gen Z
9123,5.9,1.7,6.9,2.8,4.9,3.54,High,Gen Z
9124,6.2,2.2,7.8,2.1,3.2,3.23,High,Gen Z
9125,3.7,2.3,8.3,2.7,4.6,2.69,High,Gen Z
9126,3.9,0.8,6.9,1.0,2.9,3.45,High,Gen Z
9127,4.3,1.9,6.8,1.4,5.3,3.07,Low,Gen Z
9128,5.0,0.2,8.0,0.9,4.6,2.26,High,Gen Z
9129,6.0,0.1,6.8,2.1,3.8,2.26,Moderate,Gen Z
9130,8.0,2.3,6.5,4.5,3.9,3.12,High,Gen Z
9131,2.5,1.8,8.9,4.3,3.3,2.89,Low,Gen Z
9132,6.1,2.4,7.1,2.2,2.2,2.91,Moderate,Gen Z
9133,6.5,1.0,7.9,4.8,6.1,3.3,Low,Gen Z
9134,4.1,0.0,7.0,0.4,4.9,3.04,Moderate,Gen Z
9135,7.0,2.0,7.6,4.1,4.4,2.72,High,Gen Z
9136,5.3,2.9,8.3,4.1,2.9,3.16,Moderate,Gen Z
9137,6.3,1.3,7.6,3.8,5.2,3.31,Moderate,Gen Z
9138,4.0,0.7,7.9,2.3,5.7,3.01,Moderate,Gen Z
9139,3.6,3.0,6.9,1.1,2.2,3.03,Moderate,Gen Z
9140,4.5,0.5,6.4,1.9,5.8,3.74,Moderate,Gen Z
9141,6.0,1.8,6.1,2.1,4.9,2.62,High,Gen Z
9142,3.7,2.5,6.9,2.9,2.6,3.12,High,Gen Z
9143,3.8,1.7,6.4,5.4,4.2,3.02,Low,Gen Z
9144,5.9,3.1,8.6,2.3,1.5,2.53,Moderate,Gen Z
9145,5.1,0.3,7.3,2.8,2.4,3.08,High,Gen Z
9146,4.5,2.9,7.0,2.2,5.3,3.33,Low,Gen Z
9147,8.2,1.3,7.8,2.8,4.2,2.88,High,Gen Z
9148,7.3,1.5,7.7,2.2,2.9,2.49,Low,Gen Z
9149,2.6,0.0,8.0,3.3,5.8,3.21,Moderate,Gen Z
9150,4.0,2.4,8.3,4.3,4.0,3.11,Low,Gen Z
9151,4.9,3.8,8.7,1.7,1.0,2.56,High,Gen Z
9152,2.6,3.1,8.4,1.5,5.1,3.35,High,Gen Z
9153,6.2,1.4,6.9,2.4,5.0,2.96,Moderate,Gen Z
9154,5.0,1.3,7.9,4.3,4.2,3.46,Moderate,Gen Z
9155,3.8,1.1,5.6,1.7,5.0,2.53,High,Gen Z
9156,3.6,0.4,6.9,2.3,3.1,3.01,High,Gen Z
9157,6.0,2.2,6.3,0.8,2.9,2.86,Low,Gen Z
9158,1.5,2.5,6.0,2.4,4.1,3.04,High,Gen Z
9159,5.3,0.9,6.3,0.8,5.3,2.8,High,Gen Z
9160,5.5,0.2,5.8,3.2,6.0,3.09,Moderate,Gen Z
9161,2.2,2.1,7.9,1.8,2.8,3.44,Low,Gen Z
9162,3.9,1.7,7.9,2.9,1.1,2.88,High,Gen Z
9163,4.8,0.1,8.8,4.0,5.1,3.3,Moderate,Gen Z
9164,6.0,3.6,5.9,6.2,6.8,2.98,High,Gen Z
9165,5.6,2.0,7.3,0.9,1.3,3.3,High,Gen Z
9166,2.4,1.3,6.4,3.9,3.5,3.8,High,Gen Z
9167,3.8,1.0,8.2,4.1,3.6,2.9,Low,Gen Z
9168,5.8,1.1,6.6,6.4,0.8,3.45,High,Gen Z
9169,6.1,1.3,6.7,1.9,3.8,3.64,High,Gen Z
9170,4.5,1.1,8.6,1.5,3.7,2.8,Moderate,Gen Z
9171,2.9,3.8,7.8,6.0,3.8,2.62,Low,Gen Z
9172,6.4,3.6,7.5,1.5,2.6,3.11,High,Gen Z
9173,4.5,2.7,5.1,2.8,5.2,2.87,Moderate,Gen Z
9174,5.0,1.6,5.1,3.1,2.5,2.74,High,Gen Z
9175,6.5,0.8,6.8,1.0,3.0,2.35,Moderate,Gen Z
9176,5.1,2.0,6.2,2.5,5.8,2.48,High,Gen Z
9177,5.3,0.5,6.6,0.7,3.5,2.69,High,Gen Z
9178,5.0,1.6,6.0,3.9,2.4,3.16,High,Gen Z
9179,3.3,0.2,7.1,3.5,2.4,3.15,Low,Gen Z
9180,3.0,3.1,8.5,2.1,4.7,3.38,High,Gen Z
9181,4.8,2.2,6.1,1.0,3.1,3.32,Moderate,Gen Z
9182,4.8,2.5,7.0,0.0,5.2,2.91,High,Gen Z
9183,5.0,0.9,7.8,4.8,3.0,2.49,High,Gen Z
9184,6.6,1.9,6.4,1.9,4.5,2.57,High,Gen Z
9185,4.2,1.4,7.2,3.8,2.2,2.23,High,Gen Z
9186,5.7,3.0,8.3,2.8,3.4,2.79,High,Gen Z
9187,4.3,2.9,7.0,4.7,3.9,2.83,Low,Gen Z
9188,5.9,2.4,8.6,1.7,7.9,3.54,Low,Gen Z
9189,5.0,3.8,6.0,3.4,4.2,3.39,Low,Gen Z
9190,5.8,3.9,6.6,3.8,3.1,3.18,High,Gen Z
9191,5.1,3.3,7.9,1.4,4.6,2.84,Moderate,Gen Z
9192,3.7,0.0,5.2,3.3,5.7,2.55,Low,Gen Z
9193,4.1,2.5,6.5,3.5,4.5,2.91,Moderate,Gen Z
9194,3.5,3.3,6.2,4.7,2.5,3.23,High,Gen Z
9195,4.7,3.7,7.7,2.1,4.0,2.76,Low,Gen Z
9196,4.5,2.0,6.2,3.1,4.1,3.37,Moderate,Gen Z
9197,7.4,1.0,6.3,4.6,4.1,2.89,Low,Gen Z
9198,7.3,0.0,7.2,3.6,4.1,3.35,Moderate,Gen Z
9199,5.1,1.1,4.9,2.0,4.1,2.45,High,Gen Z
9200,4.3,2.1,6.0,2.2,1.7,2.75,Moderate,Gen Z
9201,4.2,0.6,6.7,4.4,2.9,2.94,Moderate,Gen Z
9202,2.5,0.2,8.4,3.3,5.4,2.72,High,Gen Z
9203,5.7,2.9,6.8,3.6,2.4,2.92,Low,Gen Z
9204,5.4,1.7,8.5,3.3,5.3,2.78,Moderate,Gen Z
9205,5.3,1.2,6.3,3.1,3.6,2.9,Low,Gen Z
9206,1.6,2.6,5.0,3.1,2.5,2.78,Low,Gen Z
9207,5.6,1.7,8.7,4.2,6.1,2.62,Low,Gen Z
9208,4.9,1.2,7.2,2.4,2.3,3.17,High,Gen Z
9209,4.5,2.2,6.0,4.6,4.0,3.31,High,Gen Z
9210,4.6,3.9,6.5,3.8,2.7,2.81,High,Gen Z
9211,6.1,2.9,7.4,2.6,4.3,3.33,High,Gen Z
9212,3.9,1.0,8.1,2.1,4.6,3.18,Moderate,Gen Z
9213,6.5,0.5,7.1,1.6,3.7,3.31,Moderate,Gen Z
9214,5.8,1.1,7.7,4.5,5.5,3.49,High,Gen Z
9215,4.8,1.7,7.3,3.3,5.5,2.93,Low,Gen Z
9216,5.5,3.4,6.7,1.9,3.6,2.9,High,Gen Z
9217,7.0,2.2,6.0,2.8,3.9,3.48,High,Gen Z
9218,7.0,2.0,6.0,2.7,2.3,4.0,Low,Gen Z
9219,2.7,0.3,5.6,2.2,6.7,2.97,High,Gen Z
9220,4.9,1.9,8.5,2.4,6.1,2.84,High,Gen Z
9221,4.3,4.1,7.5,3.8,4.5,2.95,High,Gen Z
9222,5.8,0.8,6.6,3.0,3.7,3.18,Moderate,Gen Z
9223,4.0,0.3,7.8,2.7,5.5,3.53,Moderate,Gen Z
9224,4.8,1.8,7.9,3.5,5.3,2.68,Moderate,Gen Z
9225,3.8,1.5,5.2,1.0,4.0,3.41,Moderate,Gen Z
9226,7.5,1.3,7.6,2.5,5.8,3.73,Low,Gen Z
9227,4.6,2.4,7.9,2.0,3.7,2.99,Moderate,Gen Z
9228,5.7,1.3,7.8,3.2,3.4,3.14,Moderate,Gen Z
9229,5.5,2.3,7.6,3.2,4.8,3.52,High,Gen Z
9230,3.3,0.3,6.6,3.7,4.6,3.79,Low,Gen Z
9231,5.5,1.7,7.4,2.1,3.0,3.29,High,Gen Z
9232,5.8,0.0,8.0,1.8,4.6,2.41,High,Gen Z
9233,4.1,1.2,4.7,2.5,4.5,2.77,High,Gen Z
9234,8.0,1.9,8.1,0.8,3.9,3.02,Moderate,Gen Z
9235,6.6,0.6,8.2,3.8,2.6,2.84,High,Gen Z
9236,3.3,1.9,7.8,3.9,2.9,2.98,Moderate,Gen Z
9237,6.3,0.2,7.2,2.7,2.1,3.44,High,Gen Z
9238,5.9,2.6,8.3,0.5,5.3,3.01,High,Gen Z
9239,3.9,1.3,6.5,4.8,3.6,2.93,Moderate,Gen Z
9240,6.0,1.6,7.1,0.0,3.2,3.75,Moderate,Gen Z
9241,4.5,1.2,7.2,2.2,5.8,2.76,Moderate,Gen Z
9242,3.0,1.9,7.4,2.2,1.3,2.74,Moderate,Gen Z
9243,1.8,2.1,6.7,0.8,5.1,3.59,Moderate,Gen Z
9244,2.9,1.3,6.4,6.4,2.6,3.06,Low,Gen Z
9245,2.6,2.2,5.9,3.5,5.6,3.21,Moderate,Gen Z
9246,7.5,3.4,6.5,5.0,4.1,3.49,Low,Gen Z
9247,3.1,2.2,5.0,2.2,2.2,2.81,Moderate,Gen Z
9248,6.0,2.2,8.4,4.0,3.9,3.19,Moderate,Gen Z
9249,4.5,0.8,6.9,5.2,2.7,3.09,High,Gen Z
9250,4.1,0.5,7.4,2.1,3.8,2.62,Moderate,Gen Z
9251,7.5,1.5,5.6,3.3,5.3,2.4,Low,Gen Z
9252,5.2,2.4,8.5,1.1,7.5,3.41,High,Gen Z
9253,4.6,1.4,8.8,2.3,1.9,3.63,High,Gen Z
9254,4.9,0.7,6.9,1.2,5.4,3.23,Moderate,Gen Z
9255,6.8,2.2,7.4,4.1,3.1,2.68,Low,Gen Z
9256,5.6,1.0,6.9,2.9,4.3,2.11,High,Gen Z
9257,6.3,2.7,6.5,3.9,5.5,2.62,High,Gen Z
9258,5.1,1.8,6.8,4.3,4.9,2.95,Moderate,Gen Z
9259,5.6,3.1,6.1,3.2,3.0,3.29,Moderate,Gen Z
9260,4.2,3.6,7.3,4.6,6.7,2.59,High,Gen Z
9261,3.2,1.8,8.4,4.2,4.6,3.32,High,Gen Z
9262,5.5,4.4,7.4,2.8,5.1,3.22,Low,Gen Z
9263,6.3,0.6,6.7,3.6,4.4,2.51,Moderate,Gen Z
9264,6.3,2.3,5.2,2.4,1.4,2.9,Moderate,Gen Z
9265,3.8,3.4,7.9,3.1,4.6,3.34,Low,Gen Z
9266,3.2,0.7,7.4,1.3,2.3,2.86,Low,Gen Z
9267,5.7,1.5,4.4,4.8,5.9,3.53,High,Gen Z
9268,4.0,1.2,6.9,4.0,2.3,2.62,Moderate,Gen Z
9269,3.0,0.7,8.7,3.5,3.0,3.07,High,Gen Z
9270,6.8,0.0,5.7,6.6,4.7,2.8,High,Gen Z
9271,6.6,1.0,6.8,2.9,4.2,3.45,High,Gen Z
9272,6.5,1.8,7.5,2.4,2.1,3.26,High,Gen Z
9273,4.7,1.5,6.0,4.4,3.4,3.13,Low,Gen Z
9274,5.8,1.8,6.9,2.1,2.6,2.79,High,Gen Z
9275,4.0,1.5,7.7,2.5,3.6,3.4,Moderate,Gen Z
9276,4.9,2.6,6.8,2.7,0.6,3.46,Moderate,Gen Z
9277,2.2,0.0,7.6,1.5,3.9,3.57,High,Gen Z
9278,7.3,1.2,6.3,2.6,4.2,3.36,Moderate,Gen Z
9279,5.8,3.2,7.6,4.3,4.7,2.92,Low,Gen Z
9280,7.2,0.0,8.1,3.6,5.5,3.43,Low,Gen Z
9281,5.3,1.3,6.0,2.7,2.6,3.06,Low,Gen Z
9282,4.7,2.2,6.4,4.2,3.8,3.22,High,Gen Z
9283,7.7,1.2,5.5,1.3,2.2,2.58,Moderate,Gen Z
9284,6.6,1.6,8.9,2.3,5.7,3.28,Low,Gen Z
9285,5.8,1.3,7.3,4.0,3.0,3.16,High,Gen Z
9286,5.4,1.1,6.1,2.6,3.6,2.64,Moderate,Gen Z
9287,1.5,1.8,8.4,2.4,5.9,2.93,High,Gen Z
9288,5.2,1.9,7.5,4.6,5.0,2.98,High,Gen Z
9289,4.5,3.7,5.1,4.5,4.6,3.33,High,Gen Z
9290,1.9,1.4,7.1,2.5,3.3,2.84,Moderate,Gen Z
9291,3.9,4.2,6.0,4.1,5.5,2.94,Low,Gen Z
9292,5.4,0.9,6.3,2.2,3.4,3.39,High,Gen Z
9293,6.4,0.5,7.4,3.9,4.3,3.53,High,Gen Z
9294,4.2,1.8,7.9,1.0,0.8,2.81,High,Gen Z
9295,4.9,3.2,7.2,3.4,5.0,3.0,High,Gen Z
9296,3.6,0.7,6.5,3.0,3.9,3.04,Moderate,Gen Z
9297,6.6,2.4,6.3,2.6,4.7,3.41,High,Gen Z
9298,7.6,1.8,7.7,3.2,1.4,3.02,High,Gen Z
9299,5.8,1.2,7.6,4.0,4.4,2.8,High,Gen Z
9300,3.9,2.2,7.9,5.0,2.0,3.47,Low,Gen Z
9301,4.2,2.3,6.5,3.5,4.8,4.0,High,Gen Z
9302,4.1,2.5,7.2,3.1,5.0,2.85,Low,Gen Z
9303,9.4,1.3,7.0,3.9,5.3,2.43,Moderate,Gen Z
9304,4.8,0.0,7.7,1.3,5.5,2.61,Low,Gen Z
9305,4.0,0.0,7.2,2.1,3.7,2.87,High,Gen Z
9306,1.9,2.2,6.3,4.6,3.5,2.48,Moderate,Gen Z
9307,4.2,1.5,7.4,2.9,4.7,2.91,High,Gen Z
9308,2.5,2.5,7.1,2.0,2.9,2.77,High,Gen Z
9309,5.3,2.1,5.7,4.6,4.5,2.92,Low,Gen Z
9310,5.3,1.2,7.3,0.8,1.9,2.78,High,Gen Z
9311,2.6,1.2,8.5,2.1,3.3,3.72,Moderate,Gen Z
9312,4.0,2.0,8.1,4.2,2.9,3.31,High,Gen Z
9313,7.0,2.0,4.8,3.1,3.3,3.1,High,Gen Z
9314,4.7,0.4,7.9,2.7,4.8,2.9,High,Gen Z
9315,3.1,3.7,7.1,1.8,5.0,2.98,Moderate,Gen Z
9316,4.1,2.9,7.9,2.7,2.9,2.89,High,Gen Z
9317,6.7,2.6,6.7,2.2,1.4,3.13,Low,Gen Z
9318,6.4,1.6,6.6,1.8,4.1,2.96,Moderate,Gen Z
9319,6.7,2.1,6.3,0.8,3.5,2.89,High,Gen Z
9320,6.0,3.1,7.8,2.4,3.0,2.56,Moderate,Gen Z
9321,5.4,2.7,4.6,3.2,4.5,2.71,Moderate,Gen Z
9322,3.1,0.0,8.1,2.4,5.4,3.43,High,Gen Z
9323,4.0,1.1,5.6,2.7,1.8,2.73,Low,Gen Z
9324,6.2,0.9,8.7,1.6,2.4,3.03,Low,Gen Z
9325,5.5,0.8,6.1,0.0,2.0,3.31,Moderate,Gen Z
9326,5.9,0.6,7.2,4.6,1.9,3.21,Moderate,Gen Z
9327,3.6,1.5,6.0,2.7,3.9,3.24,Moderate,Gen Z
9328,4.4,1.3,5.0,3.9,3.4,3.34,High,Gen Z
9329,5.2,1.5,7.1,1.7,1.0,2.63,Moderate,Gen Z
9330,6.4,1.4,6.0,5.2,2.1,2.9,High,Gen Z
9331,3.5,2.7,5.3,1.9,5.2,3.14,Moderate,Gen Z
9332,4.2,1.8,5.9,2.7,2.7,2.96,Low,Gen Z
9333,5.7,2.2,6.3,1.2,3.5,2.78,High,Gen Z
9334,5.8,2.8,7.0,1.3,4.2,2.8,High,Gen Z
9335,3.3,2.0,5.1,3.3,4.0,2.62,High,Gen Z
9336,5.0,1.9,7.0,3.4,5.5,2.7,High,Gen Z
9337,4.6,0.9,8.6,5.4,4.7,3.09,High,Gen Z
9338,6.1,0.7,6.4,4.2,5.4,2.31,Moderate,Gen Z
9339,4.0,2.8,6.4,1.3,2.2,2.68,High,Gen Z
9340,5.5,2.4,6.5,2.0,3.5,3.02,Moderate,Gen Z
9341,6.9,0.0,6.9,2.4,4.3,2.86,High,Gen Z
9342,5.2,1.4,6.9,3.1,3.2,2.76,Moderate,Gen Z
9343,4.2,0.6,5.6,3.3,2.1,2.57,High,Gen Z
9344,7.3,2.6,6.1,5.1,3.1,2.8,Moderate,Gen Z
9345,7.6,2.5,8.3,5.3,3.3,2.78,Moderate,Gen Z
9346,6.8,3.8,5.3,0.6,2.8,3.37,Moderate,Gen Z
9347,5.1,1.1,6.8,3.4,4.1,3.0,High,Gen Z
9348,2.7,0.2,8.5,3.3,3.9,2.55,High,Gen Z
9349,4.3,2.6,7.1,2.6,5.6,3.44,High,Gen Z
9350,5.6,1.0,8.3,4.6,2.2,2.84,High,Gen Z
9351,5.8,1.3,7.9,2.2,3.0,3.37,High,Gen Z
9352,6.6,1.2,6.8,3.2,0.8,2.37,High,Gen Z
9353,5.1,1.8,7.9,2.0,2.3,2.67,High,Gen Z
9354,2.9,1.4,6.7,5.3,1.5,3.34,Moderate,Gen Z
9355,7.2,3.3,7.4,3.4,2.9,2.56,Moderate,Gen Z
9356,5.0,0.3,7.1,2.9,4.0,2.51,High,Gen Z
9357,2.7,1.3,6.0,2.5,3.5,2.46,High,Gen Z
9358,5.8,1.7,8.0,3.4,4.6,3.12,Moderate,Gen Z
9359,4.4,0.0,8.7,3.7,4.4,3.2,Moderate,Gen Z
9360,6.8,2.4,7.9,3.9,0.8,2.93,Moderate,Gen Z
9361,6.0,1.2,7.7,1.3,0.2,2.28,High,Gen Z
9362,6.6,1.8,6.7,1.9,3.2,2.57,Low,Gen Z
9363,5.1,1.8,6.5,4.1,1.9,3.02,Low,Gen Z
9364,3.1,3.6,4.9,2.7,3.2,3.45,Low,Gen Z
9365,3.9,3.5,5.1,5.3,5.9,3.52,High,Gen Z
9366,4.6,2.7,7.6,0.6,3.9,2.94,Moderate,Gen Z
9367,7.5,2.9,7.8,4.0,4.5,3.0,High,Gen Z
9368,4.1,1.3,6.6,0.0,1.7,3.01,Moderate,Gen Z
9369,6.8,2.7,6.6,4.5,3.2,3.31,Moderate,Gen Z
9370,5.3,0.0,7.8,4.1,4.1,3.15,High,Gen Z
9371,3.8,2.6,6.9,2.3,8.0,2.91,High,Gen Z
9372,5.3,0.7,5.8,2.7,5.3,2.73,Low,Gen Z
9373,5.4,1.6,5.7,4.6,1.4,2.82,High,Gen Z
9374,4.4,1.5,6.9,4.9,4.3,3.64,Moderate,Gen Z
9375,6.0,1.2,7.5,2.7,3.3,3.12,Moderate,Gen Z
9376,3.2,0.5,8.2,3.9,5.1,2.95,High,Gen Z
9377,5.6,1.4,6.2,3.9,3.2,3.64,Moderate,Gen Z
9378,2.7,3.6,7.3,4.5,0.6,3.45,Moderate,Gen Z
9379,6.0,0.3,7.2,3.2,4.8,3.01,High,Gen Z
9380,3.1,0.7,7.8,3.3,4.1,3.42,Moderate,Gen Z
9381,5.2,3.5,7.8,1.3,4.4,3.27,Low,Gen Z
9382,2.0,2.7,5.8,1.4,4.0,2.92,Moderate,Gen Z
9383,6.8,0.7,7.4,3.2,3.6,3.02,High,Gen Z
9384,4.8,1.9,6.7,6.5,4.1,3.02,Moderate,Gen Z
9385,5.5,2.6,6.3,3.4,6.5,2.72,High,Gen Z
9386,6.3,2.4,7.0,4.6,1.6,2.09,Moderate,Gen Z
9387,5.1,1.9,6.7,2.9,2.8,2.8,High,Gen Z
9388,5.9,0.7,7.5,5.0,5.3,2.86,Moderate,Gen Z
9389,5.8,2.1,6.8,3.0,4.2,3.08,High,Gen Z
9390,4.6,0.0,7.7,1.9,3.7,3.2,Moderate,Gen Z
9391,5.8,2.5,6.9,6.4,2.7,3.26,High,Gen Z
9392,4.2,1.1,8.0,3.8,3.7,3.99,High,Gen Z
9393,7.5,0.5,6.0,4.0,5.6,3.02,Moderate,Gen Z
9394,5.7,1.6,6.0,3.7,2.3,2.56,Moderate,Gen Z
9395,7.2,0.2,7.2,4.4,4.8,2.78,Low,Gen Z
9396,5.2,1.1,6.1,2.0,1.1,3.55,High,Gen Z
9397,5.6,1.5,7.8,1.2,1.9,3.16,Moderate,Gen Z
9398,5.4,1.0,7.8,1.9,4.8,3.55,High,Gen Z
9399,5.2,2.0,5.7,4.6,4.5,2.87,High,Gen Z
9400,5.7,3.8,5.3,1.7,4.5,3.31,High,Gen Z
9401,4.4,0.8,7.0,1.7,7.3,3.84,High,Gen Z
9402,4.0,0.0,5.9,5.2,5.0,3.77,High,Gen Z
9403,5.8,3.3,6.2,3.0,6.3,3.06,High,Gen Z
9404,4.9,2.2,6.6,3.3,5.7,3.46,Low,Gen Z
9405,3.8,0.4,7.2,0.9,3.4,3.23,High,Gen Z
9406,4.1,2.1,6.1,0.7,3.0,3.54,High,Gen Z
9407,5.4,2.8,6.8,1.9,5.1,2.43,High,Gen Z
9408,6.0,1.3,4.4,0.0,5.3,2.95,High,Gen Z
9409,4.6,2.7,6.6,4.3,3.7,3.45,Low,Gen Z
9410,5.1,2.5,8.1,2.6,3.0,3.23,Moderate,Gen Z
9411,4.2,2.1,6.9,3.2,0.5,3.47,High,Gen Z
9412,4.9,2.8,6.6,4.8,5.6,3.78,High,Gen Z
9413,7.9,1.8,6.7,5.4,1.0,2.91,Low,Gen Z
9414,6.4,3.4,6.4,0.8,3.4,3.01,High,Gen Z
9415,4.7,1.2,6.5,4.1,3.7,2.98,Moderate,Gen Z
9416,6.3,0.7,8.8,0.3,3.6,2.66,High,Gen Z
9417,8.4,2.9,7.8,1.7,3.2,3.2,High,Gen Z
9418,6.4,2.8,8.3,4.1,2.4,2.7,Moderate,Gen Z
9419,4.7,3.4,7.1,1.4,5.0,3.31,Moderate,Gen Z
9420,6.9,2.9,4.7,5.8,3.7,3.14,High,Gen Z
9421,3.5,2.9,7.5,2.5,3.2,3.28,High,Gen Z
9422,4.9,2.8,6.8,4.4,5.7,3.17,Moderate,Gen Z
9423,6.9,1.6,7.1,5.7,5.3,2.8,Moderate,Gen Z
9424,4.9,2.8,7.9,1.4,2.5,2.68,High,Gen Z
9425,5.3,1.7,6.9,3.2,4.1,3.88,High,Gen Z
9426,4.8,1.5,6.3,1.4,4.8,2.71,High,Gen Z
9427,6.8,1.2,7.8,1.5,3.5,3.2,High,Gen Z
9428,3.6,0.8,7.3,0.6,3.2,3.0,Moderate,Gen Z
9429,6.3,2.2,7.1,4.0,2.7,3.18,Low,Gen Z
9430,3.5,1.7,7.5,3.1,4.2,2.2,High,Gen Z
9431,6.9,0.7,7.9,4.3,3.7,2.78,High,Gen Z
9432,4.8,2.7,7.4,2.4,4.0,2.68,Low,Gen Z
9433,4.7,1.2,6.3,4.3,3.9,2.86,Moderate,Gen Z
9434,5.4,1.4,6.8,3.6,5.3,3.02,Low,Gen Z
9435,3.3,3.2,6.3,3.6,5.6,2.77,Moderate,Gen Z
9436,6.8,1.1,5.8,5.0,3.6,2.73,Moderate,Gen Z
9437,6.9,4.7,6.3,2.5,0.5,3.0,Low,Gen Z
9438,7.2,2.3,8.2,2.4,5.2,3.23,Low,Gen Z
9439,5.0,2.3,7.1,6.0,3.2,2.88,Moderate,Gen Z
9440,5.0,2.3,8.9,2.3,3.6,3.09,High,Gen Z
9441,2.7,1.2,6.3,1.6,1.5,2.64,Low,Gen Z
9442,4.9,1.3,8.8,3.9,6.6,3.07,Low,Gen Z
9443,7.2,1.0,7.6,1.5,3.2,2.74,Moderate,Gen Z
9444,3.5,1.1,6.5,2.4,5.7,2.6,High,Gen Z
9445,5.8,1.6,7.4,6.3,6.3,3.05,High,Gen Z
9446,4.9,0.4,5.4,3.7,4.3,3.43,Low,Gen Z
9447,5.1,2.2,7.1,1.9,4.5,3.58,Moderate,Gen Z
9448,3.5,2.2,7.3,1.7,5.1,3.39,Low,Gen Z
9449,4.3,0.3,6.2,2.4,1.9,2.73,Low,Gen Z
9450,5.7,1.3,8.2,0.5,4.3,3.05,Moderate,Gen Z
9451,5.9,2.9,6.5,1.6,5.7,2.77,Moderate,Gen Z
9452,5.0,2.4,6.4,3.3,3.4,2.8,Low,Gen Z
9453,3.6,4.7,8.0,3.7,1.7,2.92,Moderate,Gen Z
9454,4.8,2.3,9.2,4.4,5.3,2.99,Moderate,Gen Z
9455,3.3,2.7,6.2,2.9,5.2,3.26,Moderate,Gen Z
9456,3.8,3.3,6.1,2.1,1.5,3.01,High,Gen Z
9457,6.6,1.1,7.0,0.9,1.4,2.72,Low,Gen Z
9458,2.2,2.4,7.5,3.3,5.6,2.96,Moderate,Gen Z
9459,5.6,0.0,6.8,1.9,2.4,2.66,High,Gen Z
9460,3.5,2.1,7.7,3.0,2.8,2.68,High,Gen Z
9461,6.0,1.6,7.9,3.1,4.3,2.93,Moderate,Gen Z
9462,3.4,2.0,5.2,2.8,5.6,2.4,High,Gen Z
9463,7.0,1.4,7.2,4.5,6.3,3.18,High,Gen Z
9464,3.4,0.0,8.0,3.4,4.8,3.29,Moderate,Gen Z
9465,2.8,2.8,6.8,3.3,5.2,3.49,Moderate,Gen Z
9466,6.4,2.6,6.9,4.1,1.0,2.8,High,Gen Z
9467,3.7,2.0,7.2,3.3,3.5,2.68,High,Gen Z
9468,3.2,3.8,7.9,1.0,4.4,2.69,High,Gen Z
9469,4.5,2.2,7.2,3.4,5.9,2.73,High,Gen Z
9470,4.7,0.7,8.9,1.4,2.5,3.03,Moderate,Gen Z
9471,4.9,2.0,7.2,2.0,3.2,2.51,Moderate,Gen Z
9472,4.5,1.6,8.2,4.1,2.9,2.83,Moderate,Gen Z
9473,5.3,0.5,8.2,0.0,4.2,3.1,Low,Gen Z
9474,2.7,1.7,8.1,1.1,5.0,3.28,High,Gen Z
9475,6.1,1.3,8.1,1.7,5.2,3.34,High,Gen Z
9476,6.6,1.4,6.7,4.2,2.8,3.3,High,Gen Z
9477,7.1,3.3,6.7,3.5,7.7,2.72,Low,Gen Z
9478,5.6,2.5,8.5,3.3,4.9,2.67,High,Gen Z
9479,6.2,3.2,7.3,3.2,3.7,2.91,Moderate,Gen Z
9480,5.3,1.9,7.5,3.5,4.2,2.17,Low,Gen Z
9481,4.4,2.5,7.9,3.7,3.7,3.19,Moderate,Gen Z
9482,6.0,0.0,6.5,3.6,1.6,3.15,High,Gen Z
9483,4.4,2.6,6.8,3.8,4.2,3.42,Moderate,Gen Z
9484,3.7,1.3,9.1,4.7,2.3,3.08,Moderate,Gen Z
9485,6.3,2.2,6.1,3.8,3.9,2.98,High,Gen Z
9486,4.6,1.6,7.3,2.5,0.1,2.81,Moderate,Gen Z
9487,4.5,1.8,7.9,4.2,2.8,2.82,Moderate,Gen Z
9488,4.1,0.0,7.0,3.8,2.4,3.31,Moderate,Gen Z
9489,4.0,3.4,6.0,3.0,6.5,2.54,Moderate,Gen Z
9490,1.6,1.8,8.6,4.2,3.5,3.22,High,Gen Z
9491,4.2,2.6,7.7,2.6,4.8,3.29,Moderate,Gen Z
9492,5.4,2.7,5.6,2.9,4.2,3.66,High,Gen Z
9493,4.4,3.6,7.8,4.6,4.5,3.12,Moderate,Gen Z
9494,4.8,1.1,6.0,2.0,4.6,3.34,Moderate,Gen Z
9495,7.5,4.2,7.4,6.1,2.5,3.51,Moderate,Gen Z
9496,6.2,1.1,7.0,3.7,4.3,3.1,High,Gen Z
9497,3.6,1.8,6.8,3.2,5.1,3.0,Moderate,Gen Z
9498,6.3,2.6,5.6,1.6,4.8,3.11,High,Gen Z
9499,6.1,1.6,7.8,1.8,3.9,3.16,High,Gen Z
9500,4.2,2.2,4.6,4.6,4.8,2.46,Moderate,Gen Z
9501,7.2,2.6,7.8,1.5,6.9,2.77,Moderate,Gen Z
9502,3.5,3.6,7.6,4.2,3.2,2.82,High,Gen Z
9503,7.0,3.0,7.0,2.7,5.7,3.03,Moderate,Gen Z
9504,6.3,4.0,9.5,4.0,3.1,3.1,Low,Gen Z
9505,7.0,2.3,6.3,5.0,3.8,3.06,High,Gen Z
9506,5.1,2.1,7.0,1.3,1.9,2.24,Moderate,Gen Z
9507,5.1,1.4,8.2,2.2,1.4,2.64,Low,Gen Z
9508,5.4,0.8,8.0,1.6,3.2,3.0,Low,Gen Z
9509,3.6,2.0,7.3,1.2,1.7,2.57,Moderate,Gen Z
9510,4.7,2.4,6.6,3.8,4.3,3.22,High,Gen Z
9511,6.5,1.6,6.1,5.1,1.5,3.0,High,Gen Z
9512,4.2,0.8,8.6,3.3,7.7,3.0,Moderate,Gen Z
9513,6.2,1.2,5.7,2.3,2.1,3.42,Moderate,Gen Z
9514,4.9,1.0,6.1,2.1,3.8,2.53,High,Gen Z
9515,5.4,1.7,4.1,2.3,3.7,3.13,High,Gen Z
9516,5.3,0.6,8.5,2.7,3.8,2.88,Low,Gen Z
9517,4.5,3.3,6.9,4.7,5.7,3.15,High,Gen Z
9518,5.8,1.1,7.6,5.1,2.9,2.82,High,Gen Z
9519,4.5,2.8,6.3,4.0,2.4,2.3,High,Gen Z
9520,6.0,2.5,8.8,3.5,5.6,3.12,High,Gen Z
9521,7.9,1.1,8.7,3.4,2.3,2.73,High,Gen Z
9522,6.8,1.3,7.2,2.9,3.9,3.22,Low,Gen Z
9523,4.1,1.6,7.6,2.5,3.6,2.72,High,Gen Z
9524,3.7,1.6,5.8,2.2,3.8,2.71,High,Gen Z
9525,3.8,4.2,6.5,5.6,0.0,2.58,High,Gen Z
9526,4.7,0.0,7.8,4.8,3.5,3.38,Moderate,Gen Z
9527,5.2,0.8,8.2,0.3,4.0,2.85,High,Gen Z
9528,3.9,1.0,6.9,3.6,4.3,3.27,High,Gen Z
9529,2.0,1.4,7.5,0.3,4.2,2.66,Low,Gen Z
9530,5.8,0.9,7.9,2.0,3.0,3.02,Low,Gen Z
9531,5.6,2.3,6.6,3.3,6.3,2.93,High,Gen Z
9532,4.8,1.4,5.4,3.8,4.4,3.27,Low,Gen Z
9533,5.7,0.8,7.1,2.7,3.4,3.33,High,Gen Z
9534,5.1,2.1,6.7,3.1,6.8,3.0,Moderate,Gen Z
9535,7.1,2.2,6.5,2.4,4.9,3.05,Low,Gen Z
9536,4.9,0.8,8.5,5.2,4.2,2.77,Moderate,Gen Z
9537,4.6,2.1,6.3,4.0,6.0,2.92,Low,Gen Z
9538,4.6,2.2,6.1,3.0,3.0,2.47,High,Gen Z
9539,5.3,0.6,7.3,2.7,3.2,2.92,High,Gen Z
9540,3.6,0.0,5.4,1.8,5.3,2.91,Moderate,Gen Z
9541,3.8,2.6,5.0,5.1,3.4,2.95,Moderate,Gen Z
9542,3.8,2.2,6.9,4.1,5.6,2.88,High,Gen Z
9543,7.2,3.2,5.5,2.1,4.2,2.64,Moderate,Gen Z
9544,5.3,0.0,7.8,4.0,3.6,2.71,Moderate,Gen Z
9545,5.7,1.9,7.4,2.7,0.1,2.9,High,Gen Z
9546,4.4,2.5,6.1,3.4,3.7,3.13,Moderate,Gen Z
9547,6.4,2.8,7.6,2.8,2.7,3.08,Low,Gen Z
9548,4.0,3.1,5.1,5.1,1.9,2.48,High,Gen Z
9549,4.9,4.2,7.6,3.0,1.0,2.47,High,Gen Z
9550,5.6,3.2,6.7,3.9,3.8,3.29,High,Gen Z
9551,5.5,0.4,9.5,2.8,4.6,3.27,Moderate,Gen Z
9552,5.6,0.0,8.0,3.2,5.1,3.37,Low,Gen Z
9553,3.6,2.8,5.5,3.5,5.7,3.28,High,Gen Z
9554,3.2,1.9,7.0,1.8,3.2,2.98,Moderate,Gen Z
9555,4.0,0.6,6.1,3.0,4.1,3.18,Moderate,Gen Z
9556,2.7,2.0,5.4,3.5,5.6,2.69,Moderate,Gen Z
9557,5.9,0.6,8.4,2.1,5.3,2.14,Moderate,Gen Z
9558,5.0,1.8,8.1,2.7,3.9,2.75,Moderate,Gen Z
9559,6.1,0.2,9.8,4.2,3.1,3.07,Moderate,Gen Z
9560,6.2,0.9,6.2,1.4,4.4,2.58,Moderate,Gen Z
9561,1.4,1.2,6.8,0.0,4.0,3.0,Low,Gen Z
9562,3.5,0.3,7.1,3.3,4.9,3.27,High,Gen Z
9563,6.0,0.4,7.7,1.6,2.3,3.18,Low,Gen Z
9564,6.7,0.0,4.7,3.9,2.0,3.13,Low,Gen Z
9565,4.5,1.7,8.3,2.4,5.4,2.72,Moderate,Gen Z
9566,4.2,1.9,6.6,1.5,1.9,2.8,High,Gen Z
9567,4.6,1.7,7.7,4.1,4.7,3.19,Moderate,Gen Z
9568,5.0,2.7,6.7,4.7,4.6,3.09,Moderate,Gen Z
9569,5.3,0.4,6.5,3.7,5.1,2.93,Low,Gen Z
9570,5.9,1.2,6.6,1.2,2.3,2.68,Low,Gen Z
9571,3.8,0.3,6.2,2.2,1.2,2.96,Low,Gen Z
9572,2.9,2.4,5.7,4.0,2.9,3.01,High,Gen Z
9573,4.2,2.0,6.6,3.6,1.8,2.78,Low,Gen Z
9574,9.1,3.6,7.8,3.3,3.2,2.42,High,Gen Z
9575,6.3,0.0,6.8,4.5,5.6,2.61,Moderate,Gen Z
9576,3.0,2.4,6.4,1.5,3.3,2.55,Moderate,Gen Z
9577,7.1,1.4,6.7,2.5,2.3,2.71,High,Gen Z
9578,6.4,1.6,6.1,2.5,1.1,3.12,Moderate,Gen Z
9579,6.5,2.4,6.5,2.4,1.5,2.84,Low,Gen Z
9580,5.2,2.0,6.2,1.4,4.2,3.49,Moderate,Gen Z
9581,7.9,3.4,6.9,5.4,5.0,3.09,Low,Gen Z
9582,5.2,1.7,5.6,1.2,1.4,3.07,High,Gen Z
9583,8.9,0.0,6.1,2.6,5.6,3.19,Moderate,Gen Z
9584,6.6,2.9,7.8,4.2,1.6,2.74,High,Gen Z
9585,4.4,1.2,7.0,2.6,3.8,3.3,Moderate,Gen Z
9586,4.5,3.3,8.7,2.4,3.5,3.32,Moderate,Gen Z
9587,4.5,1.8,6.2,1.3,2.0,2.82,Moderate,Gen Z
9588,4.6,1.8,6.9,2.1,3.8,2.83,Moderate,Gen Z
9589,6.9,0.0,6.8,3.3,3.3,2.88,Moderate,Gen Z
9590,4.3,1.7,6.6,5.1,2.4,2.32,High,Gen Z
9591,4.6,2.6,7.4,3.7,2.5,3.04,Moderate,Gen Z
9592,6.7,1.9,8.0,0.5,3.1,2.89,High,Gen Z
9593,3.5,1.6,7.5,3.0,1.7,2.92,Low,Gen Z
9594,3.0,2.8,5.6,2.3,5.3,2.36,High,Gen Z
9595,4.0,1.7,6.5,1.5,5.6,2.68,Low,Gen Z
9596,3.8,0.0,7.0,3.5,3.4,3.46,Moderate,Gen Z
9597,4.5,1.1,8.2,0.1,5.4,3.48,Low,Gen Z
9598,6.3,0.0,6.9,2.8,4.0,3.46,High,Gen Z
9599,4.1,3.1,5.1,4.8,3.3,3.26,High,Gen Z
9600,3.0,1.3,7.4,1.9,6.1,3.02,High,Gen Z
9601,5.9,0.9,6.0,4.3,3.2,2.88,High,Gen Z
9602,5.8,1.1,5.5,1.9,4.2,3.83,Moderate,Gen Z
9603,5.8,1.4,7.4,2.7,3.6,2.8,High,Gen Z
9604,6.2,2.6,5.6,3.6,4.6,2.49,Moderate,Gen Z
9605,6.7,1.1,4.4,2.6,7.1,3.06,Moderate,Gen Z
9606,6.0,2.4,7.6,2.3,4.3,2.73,High,Gen Z
9607,4.7,1.6,7.2,2.3,2.3,3.41,Low,Gen Z
9608,3.4,1.9,8.1,1.8,2.4,3.07,Moderate,Gen Z
9609,4.9,2.1,8.8,1.2,5.4,2.93,Moderate,Gen Z
9610,4.5,3.5,5.7,2.8,4.4,2.76,Low,Gen Z
9611,5.1,2.5,6.7,5.7,1.0,2.71,Moderate,Gen Z
9612,4.8,2.8,6.8,2.9,2.9,1.93,Moderate,Gen Z
9613,6.0,2.0,6.1,4.0,0.2,2.82,Moderate,Gen Z
9614,5.7,2.1,6.2,3.0,3.6,3.46,Low,Gen Z
9615,4.8,1.2,5.9,2.5,4.8,2.97,High,Gen Z
9616,7.5,1.2,8.4,2.3,3.0,3.17,High,Gen Z
9617,5.0,2.9,6.6,1.9,3.8,2.89,High,Gen Z
9618,4.3,3.9,5.5,5.8,4.0,2.84,Low,Gen Z
9619,4.4,3.5,6.6,4.5,2.8,3.31,High,Gen Z
9620,5.0,1.0,7.9,2.4,4.4,3.26,Moderate,Gen Z
9621,3.2,1.9,8.2,3.0,6.8,2.78,Low,Gen Z
9622,5.6,0.7,6.4,1.1,6.2,3.38,High,Gen Z
9623,6.5,1.7,6.7,3.8,1.1,2.69,High,Gen Z
9624,5.1,3.9,8.9,3.3,5.4,3.4,Moderate,Gen Z
9625,7.1,2.3,5.5,2.3,3.7,3.05,Moderate,Gen Z
9626,5.3,2.6,6.5,2.0,3.6,2.95,Low,Gen Z
9627,4.9,2.2,7.4,3.7,4.2,2.93,Moderate,Gen Z
9628,5.3,3.7,6.1,4.4,0.0,3.32,Low,Gen Z
9629,8.4,2.6,7.7,0.9,3.7,3.32,High,Gen Z
9630,5.5,2.9,7.8,2.1,0.7,2.49,High,Gen Z
9631,5.3,2.7,7.0,3.3,5.0,2.5,Low,Gen Z
9632,3.1,0.4,7.7,2.3,5.1,3.42,High,Gen Z
9633,6.2,1.4,6.9,2.0,2.9,2.93,Moderate,Gen Z
9634,6.7,0.0,7.9,4.4,4.0,3.1,Moderate,Gen Z
9635,5.1,2.7,7.1,3.4,3.5,3.08,Moderate,Gen Z
9636,5.5,1.7,6.7,4.4,2.9,3.39,High,Gen Z
9637,5.0,2.0,7.2,1.5,6.2,2.83,High,Gen Z
9638,4.1,1.7,7.8,0.5,2.4,2.74,High,Gen Z
9639,5.6,2.2,8.2,4.6,4.5,3.75,High,Gen Z
9640,4.4,1.5,7.2,3.7,0.0,3.11,Moderate,Gen Z
9641,5.1,2.5,7.0,0.0,2.3,3.15,Low,Gen Z
9642,5.8,2.1,5.6,2.6,7.2,2.96,Moderate,Gen Z
9643,6.4,0.8,8.8,3.6,7.0,3.15,High,Gen Z
9644,4.1,1.2,7.2,5.6,2.3,2.9,Moderate,Gen Z
9645,7.1,1.4,7.2,1.7,1.1,3.14,High,Gen Z
9646,4.9,1.3,6.6,4.3,1.7,2.38,Moderate,Gen Z
9647,7.1,2.2,5.0,4.0,3.9,2.61,High,Gen Z
9648,2.9,1.8,6.8,2.4,5.0,3.07,High,Gen Z
9649,4.4,2.8,6.6,3.2,3.0,2.68,High,Gen Z
9650,3.7,1.7,7.7,1.7,3.6,2.31,Low,Gen Z
9651,4.4,0.0,9.3,2.5,3.9,2.48,Moderate,Gen Z
9652,5.4,2.7,5.9,3.4,1.4,3.22,High,Gen Z
9653,4.2,0.8,7.7,3.0,4.8,2.58,High,Gen Z
9654,3.1,1.5,8.0,0.5,2.5,2.8,Low,Gen Z
9655,5.4,3.2,6.9,1.9,4.5,2.62,High,Gen Z
9656,3.7,2.1,8.3,3.1,1.6,3.43,Moderate,Gen Z
9657,5.8,2.9,7.7,1.4,1.1,3.21,Moderate,Gen Z
9658,7.1,0.6,5.2,4.3,7.6,3.33,Low,Gen Z
9659,6.6,0.0,6.0,1.9,4.9,2.71,High,Gen Z
9660,6.3,1.0,7.7,2.5,4.4,3.02,Low,Gen Z
9661,4.1,1.1,7.0,1.2,4.1,2.99,Moderate,Gen Z
9662,6.9,0.5,7.9,4.8,0.8,3.18,High,Gen Z
9663,2.4,3.2,7.0,0.9,3.3,3.68,High,Gen Z
9664,4.2,2.7,8.7,4.3,6.0,2.39,Moderate,Gen Z
9665,6.7,2.6,6.9,0.5,3.3,3.1,Moderate,Gen Z
9666,3.6,1.8,8.0,0.0,3.3,3.1,High,Gen Z
9667,2.8,2.7,7.6,3.5,5.0,2.56,High,Gen Z
9668,7.2,3.3,6.0,1.7,4.3,3.32,Low,Gen Z
9669,2.3,0.9,5.3,0.8,3.8,3.14,High,Gen Z
9670,6.4,1.4,6.9,2.1,3.5,3.1,Moderate,Gen Z
9671,5.1,2.2,7.4,1.4,4.8,3.42,Moderate,Gen Z
9672,5.2,2.3,7.8,3.7,5.1,3.39,Low,Gen Z
9673,7.1,2.6,6.4,2.3,3.8,3.18,High,Gen Z
9674,4.9,2.1,5.3,3.5,3.9,3.41,Moderate,Gen Z
9675,4.9,4.8,4.0,3.6,2.4,3.24,Moderate,Gen Z
9676,5.4,0.7,7.1,2.1,6.2,2.86,High,Gen Z
9677,7.7,2.1,7.0,2.1,3.3,2.69,Moderate,Gen Z
9678,3.7,1.8,5.1,4.1,4.6,3.11,Low,Gen Z
9679,7.0,0.5,6.1,2.4,3.8,2.7,Low,Gen Z
9680,4.9,0.7,7.6,2.1,2.7,3.26,Low,Gen Z
9681,7.1,3.9,7.1,1.0,5.3,3.23,High,Gen Z
9682,3.5,1.3,7.7,2.5,5.2,3.22,Moderate,Gen Z
9683,3.7,0.5,6.6,4.0,1.4,2.49,Moderate,Gen Z
9684,6.4,2.2,7.6,1.0,3.4,3.16,Moderate,Gen Z
9685,4.0,3.5,6.3,2.5,3.4,2.97,High,Gen Z
9686,4.3,2.1,8.4,2.4,3.4,3.14,Moderate,Gen Z
9687,4.2,1.8,4.1,5.5,4.4,2.25,High,Gen Z
9688,5.8,1.4,6.9,3.6,1.9,2.6,High,Gen Z
9689,6.6,1.6,7.8,3.2,3.5,2.81,Low,Gen Z
9690,3.5,2.9,7.0,3.7,6.1,3.41,High,Gen Z
9691,6.6,1.0,7.0,3.5,4.2,3.46,High,Gen Z
9692,5.8,0.0,5.9,2.4,5.4,2.39,High,Gen Z
9693,4.4,1.2,6.6,3.5,4.0,3.21,High,Gen Z
9694,4.0,2.0,6.5,4.6,4.0,2.95,High,Gen Z
9695,4.7,1.7,7.5,4.4,2.8,3.18,Low,Gen Z
9696,6.1,1.2,7.0,1.6,2.8,2.68,High,Gen Z
9697,3.5,1.4,6.5,3.6,3.3,3.01,Moderate,Gen Z
9698,2.5,2.1,6.1,0.9,5.5,3.76,Moderate,Gen Z
9699,2.7,3.6,8.4,1.1,5.9,2.95,Moderate,Gen Z
9700,3.2,2.0,7.4,3.1,2.1,3.39,Low,Gen Z
9701,4.3,1.1,8.3,4.0,3.9,2.74,Moderate,Gen Z
9702,4.7,2.8,7.1,3.6,5.4,2.95,Moderate,Gen Z
9703,4.3,1.5,6.5,1.3,3.7,2.86,Low,Gen Z
9704,4.6,2.7,7.8,3.8,5.2,2.92,Moderate,Gen Z
9705,7.7,2.1,5.5,4.5,2.6,3.23,High,Gen Z
9706,5.2,1.9,7.1,3.3,3.6,2.99,High,Gen Z
9707,4.7,1.7,6.3,2.9,2.6,3.59,Moderate,Gen Z
9708,4.4,1.7,7.1,3.3,3.6,3.28,Moderate,Gen Z
9709,5.3,1.9,5.5,2.2,5.8,2.74,Moderate,Gen Z
9710,4.8,1.8,7.4,4.6,2.1,3.24,High,Gen Z
9711,8.7,2.7,7.4,2.9,4.0,3.07,Low,Gen Z
9712,5.4,2.6,8.2,3.9,5.1,2.88,Moderate,Gen Z
9713,4.0,0.9,7.2,1.4,6.0,3.13,Low,Gen Z
9714,4.6,1.6,5.3,3.0,3.0,3.46,High,Gen Z
9715,4.5,3.6,8.0,3.9,2.1,2.34,Moderate,Gen Z
9716,3.2,1.9,7.6,2.9,3.0,2.7,High,Gen Z
9717,6.3,2.6,6.1,3.0,0.2,2.39,High,Gen Z
9718,7.2,1.0,7.9,2.5,2.0,2.49,Moderate,Gen Z
9719,3.6,0.0,8.3,3.0,2.2,2.72,Low,Gen Z
9720,4.7,3.9,7.7,0.7,3.4,2.61,High,Gen Z
9721,8.1,2.8,6.9,2.6,2.4,2.93,Moderate,Gen Z
9722,6.2,2.2,5.7,3.6,3.0,3.0,Moderate,Gen Z
9723,3.9,1.4,9.7,1.8,3.7,2.97,High,Gen Z
9724,2.5,1.6,7.7,2.6,4.1,3.78,Moderate,Gen Z
9725,3.7,1.5,7.7,2.4,3.5,3.23,Moderate,Gen Z
9726,5.5,1.5,6.4,2.2,4.3,2.97,High,Gen Z
9727,3.5,1.6,7.2,2.8,3.0,2.55,Moderate,Gen Z
9728,2.6,0.0,6.7,4.1,2.9,3.29,High,Gen Z
9729,2.8,3.3,6.1,1.5,4.6,3.79,Low,Gen Z
9730,7.1,3.2,7.0,4.9,2.5,3.13,Low,Gen Z
9731,2.2,3.0,7.7,4.2,4.7,2.26,High,Gen Z
9732,5.0,0.8,7.6,3.1,5.8,2.52,High,Gen Z
9733,5.4,0.9,7.8,2.4,1.9,3.41,Moderate,Gen Z
9734,4.7,1.0,7.5,3.5,2.1,3.35,High,Gen Z
9735,4.2,1.0,6.4,2.6,2.7,2.23,Low,Gen Z
9736,6.1,1.6,8.4,1.9,6.4,3.82,Moderate,Gen Z
9737,5.4,0.0,7.8,3.8,3.7,3.04,Moderate,Gen Z
9738,4.1,2.0,7.2,5.7,3.0,2.35,High,Gen Z
9739,5.4,1.5,5.8,4.2,3.3,2.57,High,Gen Z
9740,2.7,0.1,6.5,2.7,3.2,3.0,Moderate,Gen Z
9741,8.6,2.9,8.3,3.9,3.2,2.81,High,Gen Z
9742,7.1,0.8,7.3,0.7,0.7,2.35,Low,Gen Z
9743,7.2,1.3,5.0,2.0,5.2,2.66,High,Gen Z
9744,5.5,1.4,9.0,2.4,3.0,2.96,Moderate,Gen Z
9745,3.0,1.3,7.9,1.7,4.2,2.48,High,Gen Z
9746,3.9,1.1,4.9,2.7,2.4,2.63,Low,Gen Z
9747,4.9,2.0,6.1,5.5,1.9,2.48,Moderate,Gen Z
9748,4.8,0.9,6.1,6.5,4.7,2.66,Low,Gen Z
9749,5.2,3.2,9.8,0.0,3.1,3.25,Moderate,Gen Z
9750,4.8,0.8,6.6,3.9,4.8,2.95,Low,Gen Z
9751,3.0,0.0,7.3,2.3,4.6,2.86,Low,Gen Z
9752,4.4,1.1,6.9,2.3,3.8,2.83,High,Gen Z
9753,6.1,2.1,6.9,6.5,6.0,3.05,Moderate,Gen Z
9754,6.2,3.8,6.5,3.9,3.9,2.75,Moderate,Gen Z
9755,7.4,1.0,8.7,4.3,2.3,3.01,High,Gen Z
9756,5.6,3.0,8.5,3.0,6.0,3.08,High,Gen Z
9757,6.6,1.1,7.2,5.2,4.1,3.19,High,Gen Z
9758,4.8,2.2,8.4,0.9,3.1,3.17,Moderate,Gen Z
9759,7.1,2.2,6.6,1.8,3.2,2.98,Moderate,Gen Z
9760,7.2,2.1,7.8,4.3,3.6,3.33,Moderate,Gen Z
9761,5.3,0.0,7.3,3.5,3.6,2.8,High,Gen Z
9762,7.1,2.0,6.5,1.5,3.0,3.17,High,Gen Z
9763,4.4,1.9,6.9,3.8,4.2,2.61,High,Gen Z
9764,5.3,3.1,5.6,4.5,3.2,2.68,Moderate,Gen Z
9765,6.2,0.6,7.9,2.9,3.0,2.66,Moderate,Gen Z
9766,4.3,1.3,4.9,2.0,4.5,2.96,Low,Gen Z
9767,5.0,0.0,6.3,2.5,3.7,3.11,Low,Gen Z
9768,3.5,0.0,7.1,3.5,3.6,3.15,Low,Gen Z
9769,4.3,1.3,5.3,3.8,2.6,2.84,Low,Gen Z
9770,5.7,1.9,9.1,3.9,2.5,3.37,High,Gen Z
9771,3.8,2.8,5.7,4.5,6.1,3.41,Moderate,Gen Z
9772,5.5,2.8,5.5,3.7,1.9,2.98,Moderate,Gen Z
9773,5.3,2.9,5.6,3.5,2.9,3.05,Moderate,Gen Z
9774,3.8,3.6,5.0,2.5,1.8,3.14,Moderate,Gen Z
9775,6.3,1.2,6.5,6.0,3.6,2.54,Moderate,Gen Z
9776,3.2,1.7,7.7,4.4,3.0,3.09,Moderate,Gen Z
9777,7.9,1.3,7.7,3.3,3.8,2.92,High,Gen Z
9778,5.1,1.6,7.6,3.9,4.0,3.06,Low,Gen Z
9779,5.0,1.1,7.0,1.9,6.6,3.44,Moderate,Gen Z
9780,6.3,1.3,8.0,5.3,4.5,3.05,Moderate,Gen Z
9781,6.9,2.5,6.4,5.4,1.4,2.39,High,Gen Z
9782,5.5,4.5,7.5,2.5,3.1,3.01,High,Gen Z
9783,3.6,1.8,5.5,2.8,3.3,3.05,High,Gen Z
9784,5.2,1.2,7.5,2.3,2.4,2.76,High,Gen Z
9785,5.2,1.1,8.2,2.3,2.5,2.81,High,Gen Z
9786,2.3,0.5,7.0,3.4,6.4,2.92,High,Gen Z
9787,2.8,0.1,5.5,3.5,4.0,3.66,Moderate,Gen Z
9788,5.4,1.7,8.6,5.6,0.9,3.03,High,Gen Z
9789,6.2,2.3,6.0,3.5,2.2,3.4,Moderate,Gen Z
9790,6.4,1.1,5.5,3.4,0.0,3.4,High,Gen Z
9791,3.8,0.0,5.9,3.3,1.0,3.2,Moderate,Gen Z
9792,5.8,1.2,6.6,4.3,2.9,3.49,Moderate,Gen Z
9793,6.5,1.1,5.9,4.2,1.7,2.42,Moderate,Gen Z
9794,7.2,2.2,7.4,2.6,4.7,2.62,Moderate,Gen Z
9795,3.7,1.6,6.9,3.5,4.6,2.63,High,Gen Z
9796,4.9,2.5,7.2,2.5,2.8,3.19,Moderate,Gen Z
9797,2.9,2.5,7.6,3.1,5.9,3.72,Moderate,Gen Z
9798,4.2,1.5,7.2,5.7,3.0,2.85,High,Gen Z
9799,3.0,2.2,5.1,3.2,3.3,2.81,High,Gen Z
9800,2.6,2.1,6.7,2.1,3.8,2.99,Moderate,Gen Z
9801,3.0,0.0,7.7,0.0,3.9,3.31,High,Gen Z
9802,1.9,4.1,7.0,4.6,3.5,3.18,Moderate,Gen Z
9803,5.3,2.7,6.3,4.2,4.7,3.2,High,Gen Z
9804,6.8,0.7,6.6,0.8,5.0,2.92,Moderate,Gen Z
9805,4.4,1.7,7.7,4.6,1.1,3.62,Moderate,Gen Z
9806,5.1,1.1,6.2,4.4,2.9,3.64,Low,Gen Z
9807,4.7,1.7,6.5,4.3,4.7,2.98,High,Gen Z
9808,5.2,3.6,6.9,2.9,5.0,2.91,High,Gen Z
9809,4.2,0.4,6.4,4.5,5.7,2.63,High,Gen Z
9810,5.4,3.0,7.4,5.0,4.7,2.96,High,Gen Z
9811,7.4,1.3,4.4,3.8,2.0,3.63,Moderate,Gen Z
9812,7.4,0.7,5.7,2.4,3.2,3.65,High,Gen Z
9813,4.9,2.0,6.9,3.1,3.1,3.03,High,Gen Z
9814,5.5,0.8,6.8,0.0,5.2,3.01,Moderate,Gen Z
9815,3.8,1.7,4.7,3.8,4.3,3.13,High,Gen Z
9816,2.5,1.7,8.1,4.0,1.7,2.66,Moderate,Gen Z
9817,7.9,2.1,6.5,4.9,4.3,3.3,Moderate,Gen Z
9818,6.4,2.3,6.9,4.3,3.0,2.8,Moderate,Gen Z
9819,6.6,2.7,7.0,3.8,5.3,3.41,High,Gen Z
9820,3.5,1.9,7.8,5.9,4.2,2.45,High,Gen Z
9821,5.2,2.3,6.8,1.4,3.5,3.0,Low,Gen Z
9822,5.0,1.4,5.7,2.3,4.1,3.31,Moderate,Gen Z
9823,4.7,2.4,5.8,3.3,2.0,2.67,Moderate,Gen Z
9824,4.8,2.3,6.6,4.7,4.2,3.8,High,Gen Z
9825,6.1,1.8,7.0,3.1,4.5,3.21,High,Gen Z
9826,3.8,1.7,5.5,2.2,0.5,2.58,Moderate,Gen Z
9827,7.3,1.2,6.5,1.6,5.7,2.31,Moderate,Gen Z
9828,5.9,1.3,7.6,0.0,5.8,2.5,Low,Gen Z
9829,4.7,2.4,7.5,1.0,3.7,2.58,High,Gen Z
9830,6.2,3.9,6.7,3.2,5.5,2.64,Moderate,Gen Z
9831,6.2,2.6,9.1,2.1,5.1,2.83,High,Gen Z
9832,5.9,4.2,6.4,1.0,5.7,2.58,Moderate,Gen Z
9833,4.8,2.6,8.1,1.6,6.2,3.07,Moderate,Gen Z
9834,4.0,3.0,6.6,1.1,4.2,2.35,High,Gen Z
9835,3.8,0.8,8.2,2.4,5.7,3.22,Low,Gen Z
9836,6.9,1.5,5.6,0.3,4.3,3.72,Low,Gen Z
9837,6.9,1.2,6.8,3.6,1.7,3.43,High,Gen Z
9838,2.6,1.7,6.7,2.8,3.0,3.36,Moderate,Gen Z
9839,3.8,2.3,4.3,2.7,1.1,2.82,High,Gen Z
9840,5.4,0.8,7.5,4.9,4.3,2.76,High,Gen Z
9841,7.4,1.0,6.9,3.6,3.2,3.46,High,Gen Z
9842,8.7,0.8,7.3,0.0,3.6,3.14,High,Gen Z
9843,3.8,1.1,9.0,6.8,3.1,3.24,High,Gen Z
9844,4.9,2.4,7.7,3.3,3.1,3.04,High,Gen Z
9845,4.4,0.0,5.6,2.8,2.0,3.0,High,Gen Z
9846,5.8,1.8,4.9,1.7,1.9,2.82,Low,Gen Z
9847,4.2,0.3,5.6,3.3,4.0,3.03,Moderate,Gen Z
9848,5.8,1.9,7.8,5.1,7.2,3.39,Moderate,Gen Z
9849,4.3,0.0,7.5,0.8,4.9,3.44,Moderate,Gen Z
9850,5.7,0.8,6.9,3.2,5.8,3.04,High,Gen Z
9851,4.8,1.0,7.7,0.8,3.5,3.47,Moderate,Gen Z
9852,7.1,4.4,8.0,4.0,5.2,2.78,Moderate,Gen Z
9853,3.1,0.0,8.8,3.6,1.9,3.26,Moderate,Gen Z
9854,3.9,1.4,6.1,4.2,0.9,3.09,Moderate,Gen Z
9855,6.6,0.0,6.7,7.0,1.1,2.99,High,Gen Z
9856,4.5,2.7,8.0,0.2,5.4,2.3,Moderate,Gen Z
9857,3.6,4.2,7.8,5.1,3.6,3.49,Moderate,Gen Z
9858,6.4,1.1,7.5,2.7,4.3,2.95,High,Gen Z
9859,5.7,0.0,6.2,2.5,5.2,3.04,Moderate,Gen Z
9860,3.1,1.6,6.4,2.6,4.3,2.44,High,Gen Z
9861,6.2,0.3,5.1,1.4,3.2,2.49,Moderate,Gen Z
9862,5.9,1.7,6.6,3.5,1.4,3.29,Low,Gen Z
9863,4.2,2.4,6.4,3.2,4.9,3.54,High,Gen Z
9864,5.6,0.6,7.4,3.4,4.7,2.26,Moderate,Gen Z
9865,5.0,2.0,6.5,2.8,2.6,2.87,High,Gen Z
9866,5.7,2.7,7.1,2.9,2.5,2.8,Low,Gen Z
9867,7.5,0.1,5.9,1.8,4.1,3.15,Moderate,Gen Z
9868,6.0,1.5,7.5,4.5,5.8,3.29,Moderate,Gen Z
9869,4.0,1.0,7.7,3.0,3.2,3.43,Moderate,Gen Z
9870,5.9,0.9,6.1,6.5,2.6,2.81,High,Gen Z
9871,7.4,0.9,5.9,3.8,4.7,2.94,Low,Gen Z
9872,4.0,3.6,9.7,3.0,1.9,3.11,Moderate,Gen Z
9873,4.9,1.8,8.9,5.2,2.6,2.82,Moderate,Gen Z
9874,7.3,0.0,7.2,0.5,7.7,3.03,Low,Gen Z
9875,4.6,1.3,8.7,2.1,1.8,2.43,Low,Gen Z
9876,5.9,3.3,6.2,3.0,5.1,2.94,Moderate,Gen Z
9877,6.4,1.6,6.0,2.0,1.1,2.64,Moderate,Gen Z
9878,6.0,3.4,5.8,0.4,2.6,2.24,Low,Gen Z
9879,6.5,3.1,6.1,5.3,3.4,3.06,Moderate,Gen Z
9880,6.6,3.7,5.6,3.0,5.2,4.0,Moderate,Gen Z
9881,3.1,2.0,6.7,3.1,6.1,3.8,Moderate,Gen Z
9882,4.4,1.8,5.5,1.2,4.1,3.16,High,Gen Z
9883,5.8,1.4,7.3,3.6,4.1,2.33,High,Gen Z
9884,4.3,1.6,8.0,5.0,3.4,3.19,High,Gen Z
9885,5.2,1.6,7.7,3.4,4.3,3.35,High,Gen Z
9886,8.1,0.0,8.2,4.9,5.4,2.95,High,Gen Z
9887,4.3,2.3,7.9,3.5,4.2,2.85,Moderate,Gen Z
9888,5.6,1.7,6.6,3.2,2.0,3.06,High,Gen Z
9889,2.6,2.0,8.9,0.0,3.4,3.16,High,Gen Z
9890,4.5,2.1,8.6,4.0,4.4,2.94,Moderate,Gen Z
9891,5.0,1.2,6.1,1.8,4.4,3.39,Low,Gen Z
9892,1.0,2.7,8.2,2.4,5.1,2.24,High,Gen Z
9893,5.3,2.4,7.2,0.6,4.0,3.13,Moderate,Gen Z
9894,5.0,1.5,7.0,0.1,2.7,2.5,High,Gen Z
9895,4.3,1.6,5.5,5.1,4.0,3.63,High,Gen Z
9896,2.6,3.4,6.7,2.7,3.5,3.18,High,Gen Z
9897,4.1,0.4,8.4,2.3,0.4,3.74,High,Gen Z
9898,5.5,1.4,6.6,5.0,5.0,2.94,Moderate,Gen Z
9899,3.7,1.0,7.1,3.1,3.1,3.22,Moderate,Gen Z
9900,4.5,1.9,5.3,3.1,3.0,2.96,Moderate,Gen Z
9901,6.4,1.5,8.5,0.5,5.3,3.17,High,Gen Z
9902,3.2,1.7,7.7,3.0,7.4,2.84,Moderate,Gen Z
9903,3.9,0.5,8.5,1.5,4.2,2.73,Moderate,Gen Z
9904,5.1,1.2,6.8,4.2,3.6,3.53,Moderate,Gen Z
9905,4.6,0.0,6.1,1.5,5.2,2.83,High,Gen Z
9906,4.7,1.8,7.8,0.9,2.4,2.87,High,Gen Z
9907,4.0,1.9,7.5,2.3,1.9,2.94,Moderate,Gen Z
9908,6.8,2.1,6.8,4.1,6.2,2.8,Low,Gen Z
9909,5.5,1.9,7.0,3.8,4.2,2.9,High,Gen Z
9910,4.3,2.6,6.7,2.6,3.1,2.82,Low,Gen Z
9911,5.0,1.6,7.5,6.7,4.0,3.94,Moderate,Gen Z
9912,5.5,0.1,8.3,4.1,2.6,3.09,High,Gen Z
9913,5.9,1.4,6.9,4.4,1.8,3.22,Low,Gen Z
9914,3.9,2.6,8.5,3.4,5.0,2.59,Moderate,Gen Z
9915,4.3,3.3,6.6,2.7,5.9,3.03,High,Gen Z
9916,6.3,2.5,6.5,1.5,6.0,2.91,Low,Gen Z
9917,5.8,2.2,6.8,1.8,8.0,3.03,Moderate,Gen Z
9918,2.8,1.5,6.0,3.6,4.0,3.01,Low,Gen Z
9919,4.1,1.5,5.3,4.5,3.4,2.87,High,Gen Z
9920,4.6,0.6,7.2,2.7,1.7,3.07,Moderate,Gen Z
9921,5.3,1.8,6.3,3.9,5.4,3.35,Low,Gen Z
9922,2.8,3.4,6.5,4.7,3.2,2.69,Moderate,Gen Z
9923,4.1,1.6,8.6,7.5,5.3,3.47,High,Gen Z
9924,4.0,0.8,6.8,3.3,4.3,2.89,Moderate,Gen Z
9925,6.2,0.7,7.4,4.0,4.2,3.17,Moderate,Gen Z
9926,5.9,2.9,6.0,5.2,5.0,3.5,High,Gen Z
9927,6.5,1.9,4.7,3.6,1.8,2.95,High,Gen Z
9928,2.7,0.7,8.2,2.4,6.9,2.94,High,Gen Z
9929,5.6,2.3,6.4,1.6,3.3,2.63,Low,Gen Z
9930,7.1,1.6,7.5,1.3,4.4,2.96,Low,Gen Z
9931,4.9,0.8,6.8,4.2,2.2,3.3,Moderate,Gen Z
9932,4.1,0.1,7.7,0.9,4.4,3.31,High,Gen Z
9933,4.6,2.8,5.2,3.5,3.0,3.14,High,Gen Z
9934,2.1,0.0,7.0,6.3,2.8,2.25,High,Gen Z
9935,6.3,1.2,6.6,4.2,4.7,2.75,Moderate,Gen Z
9936,3.6,1.7,7.2,1.6,2.4,3.4,Moderate,Gen Z
9937,2.3,0.0,8.3,5.1,3.9,3.05,Moderate,Gen Z
9938,4.7,1.7,6.9,0.6,4.3,3.23,Moderate,Gen Z
9939,2.5,0.7,5.9,1.8,4.5,2.36,Low,Gen Z
9940,5.8,3.6,6.9,1.0,2.5,2.04,Moderate,Gen Z
9941,4.5,1.7,9.5,0.0,4.1,2.9,High,Gen Z
9942,6.4,2.1,7.4,2.0,5.2,2.59,Low,Gen Z
9943,5.3,2.0,8.2,3.9,1.4,3.27,Low,Gen Z
9944,5.4,2.9,8.6,3.4,6.1,2.47,Low,Gen Z
9945,2.9,1.6,6.5,1.7,5.3,2.89,Low,Gen Z
9946,4.1,0.5,5.7,2.1,5.3,2.72,High,Gen Z
9947,5.9,1.8,8.2,2.8,3.2,2.21,Low,Gen Z
9948,5.6,1.7,6.7,5.1,4.4,3.35,Low,Gen Z
9949,4.6,4.2,9.0,2.6,4.4,3.17,High,Gen Z
9950,5.6,2.1,8.4,4.1,4.0,2.29,High,Gen Z
9951,5.8,0.6,6.7,3.3,4.1,2.95,Moderate,Gen Z
9952,5.7,1.8,8.2,2.6,2.9,2.86,Moderate,Gen Z
9953,4.7,1.7,4.5,3.4,4.5,3.28,Moderate,Gen Z
9954,6.1,2.6,7.4,1.9,2.0,3.42,High,Gen Z
9955,1.1,1.2,5.5,4.5,2.6,3.06,High,Gen Z
9956,6.7,0.2,7.2,2.1,4.5,2.97,High,Gen Z
9957,5.7,3.7,6.6,4.8,5.3,3.16,Moderate,Gen Z
9958,4.1,0.7,6.6,3.0,3.8,2.95,High,Gen Z
9959,4.3,1.3,8.1,3.7,1.1,2.65,Moderate,Gen Z
9960,3.9,2.2,6.5,1.8,2.7,3.68,Moderate,Gen Z
9961,3.7,1.2,5.0,2.8,3.6,3.29,High,Gen Z
9962,3.8,0.1,7.3,3.6,1.1,3.5,Moderate,Gen Z
9963,2.1,2.5,7.9,3.2,2.5,2.6,Moderate,Gen Z
9964,7.2,0.8,6.7,2.9,1.4,3.06,Low,Gen Z
9965,6.9,1.0,5.8,4.1,2.6,2.95,High,Gen Z
9966,5.1,0.6,8.2,3.0,2.0,3.32,Moderate,Gen Z
9967,9.5,1.1,8.3,3.6,3.1,2.79,Moderate,Gen Z
9968,6.5,2.6,6.9,2.3,4.3,3.22,High,Gen Z
9969,3.9,2.4,7.4,2.7,3.5,2.44,High,Gen Z
9970,2.0,1.8,8.5,4.7,1.7,2.58,High,Gen Z
9971,4.6,1.2,7.5,2.4,2.4,3.43,High,Gen Z
9972,3.9,1.6,6.9,2.1,2.8,3.19,Moderate,Gen Z
9973,3.6,0.4,5.2,0.0,2.5,2.65,High,Gen Z
9974,6.0,2.0,7.9,3.2,4.0,3.08,Moderate,Gen Z
9975,3.5,3.2,6.8,3.9,5.8,3.37,High,Gen Z
9976,5.2,0.7,6.0,4.2,4.0,2.94,High,Gen Z
9977,6.9,2.4,5.6,2.7,3.7,3.29,Moderate,Gen Z
9978,5.9,2.3,7.1,1.2,3.0,2.67,High,Gen Z
9979,3.7,1.0,5.3,2.5,4.6,3.37,Low,Gen Z
9980,5.2,0.0,7.3,2.1,3.1,2.84,Moderate,Gen Z
9981,5.5,3.7,7.5,4.3,3.3,2.66,High,Gen Z
9982,4.3,1.9,7.5,3.1,4.9,3.3,Low,Gen Z
9983,2.7,0.0,5.8,0.5,6.2,2.8,High,Gen Z
9984,3.5,2.7,6.8,2.0,5.6,2.13,Low,Gen Z
9985,4.5,2.1,8.2,3.1,2.1,3.25,High,Gen Z
9986,4.9,0.6,7.0,4.2,2.2,2.97,High,Gen Z
9987,9.7,0.0,7.4,2.5,2.4,2.75,Moderate,Gen Z
9988,4.6,1.5,5.9,2.0,5.5,2.91,Low,Gen Z
9989,5.2,3.3,6.4,2.6,1.6,2.94,Low,Gen Z
9990,7.6,0.0,8.5,3.7,3.4,2.89,Low,Gen Z
9991,6.6,0.0,8.5,2.1,3.6,3.24,Low,Gen Z
9992,5.6,1.3,5.8,2.0,3.3,2.9,High,Gen Z
9993,4.8,2.2,6.6,2.6,3.1,3.08,Low,Gen Z
9994,5.5,1.8,5.9,3.2,2.0,2.75,High,Gen Z
9995,6.7,0.8,6.7,2.0,3.1,2.27,High,Gen Z
9996,4.1,1.2,7.1,3.8,3.2,2.72,High,Gen Z
9997,4.0,2.5,7.2,1.0,4.7,2.62,Moderate,Gen Z
9998,5.1,2.4,6.2,2.2,6.9,3.28,High,Gen Z
9999,4.9,0.8,6.3,1.7,1.7,3.18,High,Gen Z
10000,3.9,2.7,6.6,5.2,3.7,3.03,Moderate,Gen Z
10001,2.7,1.4,8.4,3.7,3.8,2.86,Moderate,Gen Z
10002,6.0,3.4,7.4,2.9,5.3,2.7,High,Gen Z
10003,5.7,3.1,6.8,2.5,1.7,3.1,Moderate,Gen Z
10004,2.3,1.2,6.1,1.4,3.9,2.74,High,Gen Z
10005,5.7,1.7,6.6,2.8,3.6,3.29,Moderate,Gen Z
10006,4.2,2.1,5.0,4.6,2.5,3.35,High,Gen Z
10007,6.3,2.5,7.6,3.8,3.1,2.3,Moderate,Gen Z
10008,2.6,0.0,6.3,0.1,0.2,3.26,Moderate,Gen Z
10009,2.5,3.6,7.6,4.4,2.4,3.52,Moderate,Gen Z
10010,5.7,1.6,8.2,2.8,2.6,3.19,Moderate,Gen Z
10011,2.4,0.0,4.9,4.6,2.8,2.49,Low,Gen Z
10012,3.4,0.4,8.4,2.0,4.8,3.43,High,Gen Z
10013,3.8,0.5,7.7,2.7,4.5,3.0,High,Gen Z
10014,4.0,1.6,7.2,2.4,0.0,3.36,Moderate,Gen Z
10015,5.0,0.1,7.0,2.6,4.0,2.83,Moderate,Gen Z
10016,7.5,3.7,7.0,5.5,3.2,3.48,High,Gen Z
10017,2.5,0.0,6.7,3.1,5.3,2.96,Moderate,Gen Z
10018,6.4,2.0,7.0,4.1,0.6,3.12,High,Gen Z
10019,5.1,2.1,6.4,2.2,0.7,2.31,High,Gen Z
10020,4.6,0.8,6.9,5.2,5.6,2.99,High,Gen Z
10021,4.3,0.3,6.0,2.1,0.8,3.33,Low,Gen Z
10022,4.1,1.8,6.4,3.4,4.0,3.16,Moderate,Gen Z
10023,5.8,0.0,7.1,4.6,1.9,3.5,Moderate,Gen Z
10024,5.8,1.2,7.0,1.5,3.0,3.08,Low,Gen Z
10025,3.4,1.4,6.2,0.8,4.9,2.68,Low,Gen Z
10026,3.9,1.0,9.1,2.7,2.6,3.23,Moderate,Gen Z
10027,7.3,3.0,5.7,2.7,4.3,3.22,Moderate,Gen Z
10028,5.9,0.6,6.6,1.6,4.8,2.92,Moderate,Gen Z
10029,5.6,1.4,8.3,0.8,5.1,3.26,High,Gen Z
10030,3.9,1.1,9.0,3.3,3.1,2.75,High,Gen Z
10031,3.5,2.2,8.1,2.8,4.3,2.81,Low,Gen Z
10032,3.9,2.4,5.5,5.5,4.7,2.7,Low,Gen Z
10033,5.3,3.8,7.1,2.1,1.4,3.14,High,Gen Z
10034,5.3,2.0,7.7,1.7,1.5,3.33,High,Gen Z
10035,2.9,0.6,9.6,2.8,3.9,3.45,Moderate,Gen Z
10036,3.7,3.8,8.0,2.5,2.1,2.8,High,Gen Z
10037,5.3,1.3,7.9,4.3,5.8,2.66,Low,Gen Z
10038,2.5,1.1,6.7,4.0,0.0,2.29,Moderate,Gen Z
10039,6.4,0.9,6.4,1.5,5.5,3.18,High,Gen Z
10040,4.4,2.8,7.0,0.5,4.6,3.34,High,Gen Z
10041,5.3,0.6,6.8,4.7,2.0,2.68,Moderate,Gen Z
10042,4.2,1.2,7.0,4.4,3.7,3.09,Low,Gen Z
10043,1.5,2.3,8.8,3.7,2.0,2.78,Low,Gen Z
10044,8.0,2.1,9.5,3.6,5.6,3.05,High,Gen Z
10045,5.3,2.9,7.7,3.2,3.4,2.44,Low,Gen Z
10046,3.0,3.6,5.6,4.7,1.2,2.9,Low,Gen Z
10047,5.2,2.1,6.1,5.9,1.4,2.67,Moderate,Gen Z
10048,3.9,1.5,7.3,2.8,3.4,3.01,High,Gen Z
10049,3.8,3.4,7.7,5.1,4.1,3.14,Moderate,Gen Z
10050,5.9,1.2,8.1,1.1,4.5,2.94,High,Gen Z
10051,3.2,0.2,5.9,4.1,2.6,2.52,Moderate,Gen Z
10052,2.0,0.1,7.7,3.9,3.4,2.98,Moderate,Gen Z
10053,4.9,1.0,6.3,4.6,5.2,2.98,Moderate,Gen Z
10054,4.0,2.5,7.2,0.7,0.0,2.71,Low,Gen Z
10055,4.6,1.5,6.3,1.1,0.8,3.37,Low,Gen Z
10056,5.7,2.4,7.2,3.0,5.6,2.69,Moderate,Gen Z
10057,3.9,3.2,7.5,4.1,3.6,3.47,Low,Gen Z
10058,4.9,1.5,7.9,4.1,3.5,2.44,Moderate,Gen Z
10059,3.5,2.5,6.8,2.5,3.4,3.76,Low,Gen Z
10060,5.6,3.2,6.7,0.0,5.5,3.13,Moderate,Gen Z
10061,7.0,2.5,7.1,3.2,4.1,2.56,High,Gen Z
10062,9.0,3.1,8.1,3.4,0.8,3.15,Moderate,Gen Z
10063,5.7,1.1,6.0,2.5,3.9,2.6,Moderate,Gen Z
10064,3.9,1.7,7.5,2.5,2.9,2.73,High,Gen Z
10065,4.4,1.2,6.1,2.5,1.1,3.18,Moderate,Gen Z
10066,5.7,0.0,5.9,4.6,2.2,3.24,High,Gen Z
10067,3.9,0.7,6.4,2.2,1.7,2.75,Moderate,Gen Z
10068,6.9,0.1,5.2,0.8,4.4,2.8,Moderate,Gen Z
10069,5.4,0.9,7.2,2.0,2.9,3.0,High,Gen Z
10070,4.8,2.5,7.1,3.6,6.6,3.29,Moderate,Gen Z
10071,3.2,3.2,5.8,3.5,2.0,3.93,High,Gen Z
10072,4.4,0.0,7.5,0.4,3.9,2.81,Low,Gen Z
10073,4.2,2.7,6.7,3.9,4.0,3.09,High,Gen Z
10074,3.6,0.7,7.2,2.6,4.8,2.89,Low,Gen Z
10075,4.3,1.6,7.7,1.5,4.3,3.06,High,Gen Z
10076,3.7,1.6,6.8,2.6,3.4,2.78,Moderate,Gen Z
10077,4.0,1.5,5.3,0.6,2.4,2.84,Moderate,Gen Z
10078,5.4,1.7,8.1,5.8,1.4,2.81,High,Gen Z
10079,4.9,2.8,5.9,4.4,2.1,2.68,High,Gen Z
10080,5.2,0.7,6.3,2.4,6.1,3.02,High,Gen Z
10081,2.5,0.2,5.5,2.6,0.9,3.15,Low,Gen Z
10082,3.1,0.3,8.8,2.8,2.1,3.43,Moderate,Gen Z
10083,5.9,1.0,8.2,1.9,2.3,2.83,Moderate,Gen Z
10084,4.3,1.4,6.3,0.4,5.4,3.49,Moderate,Gen Z
10085,6.0,3.5,6.0,5.9,3.0,3.15,Moderate,Gen Z
10086,3.3,0.3,7.6,3.9,0.9,3.07,High,Gen Z
10087,6.3,1.3,8.1,3.1,3.3,2.39,Low,Gen Z
10088,6.0,1.4,8.6,1.7,4.2,3.03,Low,Gen Z
10089,3.6,3.8,7.7,3.8,3.6,3.48,Moderate,Gen Z
10090,5.0,1.0,5.9,2.4,5.2,3.07,Low,Gen Z
10091,3.9,3.2,6.7,3.3,2.3,3.61,High,Gen Z
10092,6.9,2.1,7.8,4.4,2.0,3.16,Moderate,Gen Z
10093,5.6,1.6,7.8,3.6,2.9,3.43,High,Gen Z
10094,4.3,0.0,7.8,4.2,3.5,2.95,Moderate,Gen Z
10095,4.5,1.1,6.5,2.5,4.6,2.82,High,Gen Z
10096,4.2,0.2,6.4,2.9,6.8,3.03,High,Gen Z
10097,4.7,0.0,6.0,0.5,3.7,3.15,Low,Gen Z
10098,3.0,0.7,7.1,4.1,5.0,3.01,Moderate,Gen Z
10099,4.7,1.2,8.9,4.0,3.0,2.57,Moderate,Gen Z
10100,5.3,3.0,6.6,0.6,4.2,2.96,High,Gen Z
10101,5.6,1.8,6.9,3.4,2.3,2.32,High,Gen Z
10102,6.3,1.9,6.9,2.5,5.8,2.85,Moderate,Gen Z
10103,7.1,2.1,5.1,2.7,2.3,3.44,Moderate,Gen Z
10104,7.2,1.9,6.5,2.2,1.3,3.46,High,Gen Z
10105,4.9,2.7,6.6,2.6,5.3,2.73,Low,Gen Z
10106,4.1,1.0,4.9,2.0,4.8,3.4,Low,Gen Z
10107,4.0,1.2,6.4,5.8,4.2,2.65,High,Gen Z
10108,5.3,5.2,7.8,0.0,4.8,2.07,High,Gen Z
10109,6.5,2.1,5.7,4.1,5.2,2.41,Moderate,Gen Z
10110,2.6,1.2,8.1,0.0,5.7,3.08,Moderate,Gen Z
10111,5.9,0.4,7.6,3.8,5.5,2.22,Low,Gen Z
10112,5.4,0.5,7.5,0.8,5.0,2.75,High,Gen Z
10113,3.5,0.5,7.3,5.4,4.6,3.52,Low,Gen Z
10114,3.9,1.6,7.8,3.9,2.9,3.21,High,Gen Z
10115,4.5,2.5,7.5,2.5,3.2,4.0,Low,Gen Z
10116,6.2,0.4,7.0,4.7,5.8,3.54,Moderate,Gen Z
10117,5.5,0.8,6.1,4.1,4.4,2.67,High,Gen Z
10118,4.9,0.2,6.7,4.8,3.3,3.86,High,Gen Z
10119,3.9,2.6,8.6,5.4,3.4,2.57,Moderate,Gen Z
10120,4.7,2.4,7.5,5.7,4.6,2.83,Moderate,Gen Z
10121,5.8,0.0,5.5,1.1,3.3,2.88,Low,Gen Z
10122,3.5,0.7,9.1,2.9,6.0,3.65,High,Gen Z
10123,4.1,2.2,6.5,2.3,4.2,2.55,Moderate,Gen Z
10124,6.6,0.0,6.2,4.8,5.7,3.24,Moderate,Gen Z
10125,5.5,2.8,6.3,6.0,2.0,2.76,High,Gen Z
10126,4.8,0.9,6.3,4.2,4.2,3.74,High,Gen Z
10127,3.3,3.4,5.3,4.4,4.8,3.15,High,Gen Z
10128,6.3,2.4,9.5,2.4,4.3,2.67,Low,Gen Z
10129,2.7,2.6,6.1,3.0,3.8,3.02,High,Gen Z
10130,5.2,1.4,8.1,4.6,3.8,2.92,High,Gen Z
10131,7.5,2.0,7.1,2.8,3.0,3.1,Low,Gen Z
10132,3.4,0.0,7.5,3.1,4.0,3.22,Moderate,Gen Z
10133,5.1,0.0,7.0,1.3,3.6,3.4,High,Gen Z
10134,2.9,2.4,7.4,4.4,2.9,2.45,High,Gen Z
10135,3.9,3.7,6.2,2.1,2.3,3.25,Moderate,Gen Z
10136,1.3,2.2,8.6,0.2,2.0,3.0,High,Gen Z
10137,3.9,1.9,7.8,2.0,2.8,3.27,Moderate,Gen Z
10138,4.7,0.4,6.0,1.9,3.5,2.79,High,Gen Z
10139,6.2,1.3,7.0,5.8,0.0,2.8,Moderate,Gen Z
10140,7.3,2.0,6.2,1.9,5.5,3.35,Moderate,Gen Z
10141,4.8,3.9,5.4,3.8,4.3,3.13,High,Gen Z
10142,4.8,2.8,6.0,1.1,3.2,3.01,Moderate,Gen Z
10143,5.1,1.4,8.1,2.1,5.8,2.86,Low,Gen Z
10144,2.4,0.8,5.5,3.8,7.6,3.4,Moderate,Gen Z
10145,5.5,3.3,6.9,4.0,1.8,2.77,High,Gen Z
10146,3.6,1.4,8.5,2.6,3.5,2.88,Low,Gen Z
10147,5.5,3.4,6.1,1.8,4.3,2.96,High,Gen Z
10148,2.8,3.2,7.8,3.8,2.5,2.55,High,Gen Z
10149,5.7,0.0,7.0,0.9,3.5,2.87,Low,Gen Z
10150,6.4,2.0,8.3,4.7,5.0,3.44,High,Gen Z
10151,4.5,3.1,5.8,0.9,3.2,2.95,High,Gen Z
10152,3.9,2.5,7.7,4.2,3.6,2.95,High,Gen Z
10153,4.7,0.4,6.3,4.0,1.2,3.5,Moderate,Gen Z
10154,4.9,3.3,8.5,1.9,4.6,2.99,High,Gen Z
10155,1.0,1.8,7.4,4.3,5.9,2.44,Moderate,Gen Z
10156,4.3,2.8,7.2,2.6,1.8,3.48,High,Gen Z
10157,6.1,0.4,7.0,2.0,3.1,3.0,Moderate,Gen Z
10158,4.4,0.7,7.4,3.3,3.3,3.18,Low,Gen Z
10159,8.0,2.8,6.9,3.2,5.1,3.22,Moderate,Gen Z
10160,5.2,1.7,7.5,5.4,5.5,2.86,High,Gen Z
10161,6.3,0.5,7.9,3.9,6.7,3.94,Low,Gen Z
10162,5.7,1.0,7.4,5.7,2.1,3.55,Moderate,Gen Z
10163,5.0,0.3,8.8,5.9,4.2,3.12,Low,Gen Z
10164,5.7,3.3,6.9,2.9,6.5,2.39,Moderate,Gen Z
10165,5.0,1.4,6.1,2.6,4.8,3.31,High,Gen Z
10166,6.0,1.7,7.6,2.4,4.3,2.6,High,Gen Z
10167,4.4,1.0,8.3,1.5,3.3,2.97,Low,Gen Z
10168,4.0,2.0,7.1,1.0,2.5,3.37,High,Gen Z
10169,5.8,0.5,9.0,1.9,0.7,2.77,Moderate,Gen Z
10170,6.9,1.8,9.4,3.8,6.0,2.51,Moderate,Gen Z
10171,5.4,1.4,7.1,5.0,3.5,3.14,Moderate,Gen Z
10172,5.1,1.1,7.8,0.7,5.3,3.08,High,Gen Z
10173,6.1,2.8,4.8,3.4,3.9,3.3,High,Gen Z
10174,4.3,0.3,7.8,4.3,3.0,3.16,Moderate,Gen Z
10175,5.9,1.6,7.3,3.8,6.3,2.75,Moderate,Gen Z
10176,5.1,2.0,7.0,3.3,5.2,2.47,Low,Gen Z
10177,6.5,1.2,7.1,2.4,4.6,3.32,High,Gen Z
10178,4.0,2.9,8.7,2.7,4.4,3.03,High,Gen Z
10179,3.7,0.6,6.6,2.5,6.8,3.5,High,Gen Z
10180,5.1,0.9,7.9,3.4,2.0,2.75,Moderate,Gen Z
10181,3.9,2.3,8.9,4.8,2.8,3.23,Moderate,Gen Z
10182,6.8,1.8,7.7,2.0,4.5,2.2,Moderate,Gen Z
10183,5.3,1.5,7.4,2.1,4.6,3.03,Low,Gen Z
10184,5.9,2.2,6.6,2.4,3.5,3.18,High,Gen Z
10185,5.6,0.9,7.6,4.4,1.4,2.22,High,Gen Z
10186,3.7,0.0,7.3,2.1,4.0,2.69,Low,Gen Z
10187,6.7,1.2,6.8,3.9,1.6,3.01,Moderate,Gen Z
10188,4.7,2.4,5.8,5.2,2.6,3.18,Low,Gen Z
10189,4.0,2.2,7.5,4.0,4.3,2.75,High,Gen Z
10190,5.0,0.0,6.9,3.4,4.7,2.8,Low,Gen Z
10191,7.1,0.8,9.9,2.8,2.9,3.14,Moderate,Gen Z
10192,5.1,0.0,4.5,3.2,2.1,3.05,Moderate,Gen Z
10193,5.1,2.6,6.8,2.1,2.5,2.5,High,Gen Z
10194,1.2,1.0,6.9,2.9,4.8,3.19,Moderate,Gen Z
10195,3.2,1.2,7.0,1.8,5.5,3.34,High,Gen Z
10196,4.4,1.6,5.9,5.0,5.0,2.85,High,Gen Z
10197,6.5,2.6,7.0,2.2,3.9,2.86,Low,Gen Z
10198,6.7,0.6,7.9,4.7,2.1,2.55,Low,Gen Z
10199,2.2,1.7,7.5,1.7,2.8,2.59,Low,Gen Z
10200,5.5,0.0,6.2,6.2,4.2,2.5,Moderate,Gen Z
10201,6.4,1.1,6.5,3.6,3.7,2.19,High,Gen Z
10202,4.5,1.5,7.9,5.8,2.8,2.69,Moderate,Gen Z
10203,4.5,3.2,7.8,0.7,5.1,2.7,Low,Gen Z
10204,4.7,2.0,6.4,4.0,2.2,2.83,High,Gen Z
10205,6.9,1.0,8.6,2.4,1.3,2.57,Low,Gen Z
10206,6.4,1.5,6.4,2.2,1.8,3.16,Moderate,Gen Z
10207,5.4,1.1,6.5,3.8,0.7,3.34,Low,Gen Z
10208,3.5,0.1,7.0,3.0,4.5,3.07,High,Gen Z
10209,4.3,2.7,8.0,4.4,4.8,3.55,Low,Gen Z
10210,6.0,0.1,5.1,5.1,5.2,3.06,Low,Gen Z
10211,5.2,1.1,6.5,3.0,4.3,3.27,High,Gen Z
10212,4.9,2.2,8.3,2.8,0.9,3.13,High,Gen Z
10213,7.6,1.8,8.5,2.6,2.9,3.34,High,Gen Z
10214,5.5,0.8,6.1,2.3,0.5,3.01,Low,Gen Z
10215,5.9,2.6,5.6,2.7,5.9,3.31,High,Gen Z
10216,5.5,0.0,7.5,3.5,5.9,2.73,Moderate,Gen Z
10217,6.5,2.2,6.4,2.4,3.6,3.1,Low,Gen Z
10218,3.5,3.2,6.0,2.6,3.3,3.45,High,Gen Z
10219,4.1,0.7,5.0,5.1,0.0,2.94,Low,Gen Z
10220,8.1,2.2,6.4,3.0,5.6,2.72,High,Gen Z
10221,3.9,2.1,7.2,2.7,5.3,3.23,High,Gen Z
10222,3.7,4.0,5.3,2.4,7.0,2.93,High,Gen Z
10223,4.9,0.2,6.4,3.4,3.6,3.32,Moderate,Gen Z
10224,4.8,0.4,8.1,4.2,2.4,2.97,Moderate,Gen Z
10225,5.1,1.7,7.5,3.0,5.5,3.83,Low,Gen Z
10226,4.2,2.7,7.1,2.9,4.3,3.23,High,Gen Z
10227,6.7,1.2,7.8,1.5,3.8,2.67,Low,Gen Z
10228,5.2,1.6,6.3,4.0,5.5,3.19,High,Gen Z
10229,5.2,3.1,5.5,3.9,4.9,2.86,Moderate,Gen Z
10230,4.6,4.6,7.1,5.5,3.8,3.14,Low,Gen Z
10231,4.7,1.8,6.9,1.8,1.7,2.96,Moderate,Gen Z
10232,2.1,1.1,4.8,2.5,4.5,3.37,Low,Gen Z
10233,1.0,2.4,6.6,2.2,2.0,2.78,Low,Gen Z
10234,4.2,0.0,8.9,5.3,2.7,3.1,High,Gen Z
10235,4.0,1.8,6.3,4.8,4.3,2.63,High,Gen Z
10236,4.0,2.5,6.1,1.6,5.7,2.44,Low,Gen Z
10237,5.4,1.2,7.0,2.2,3.2,3.05,Moderate,Gen Z
10238,4.5,2.8,6.6,4.9,5.6,2.85,Moderate,Gen Z
10239,6.1,3.2,7.0,1.2,4.0,3.58,Low,Gen Z
10240,5.3,2.2,7.7,4.3,2.0,2.62,Moderate,Gen Z
10241,4.9,1.2,6.3,4.1,3.7,3.16,Moderate,Gen Z
10242,6.8,1.4,8.5,3.1,4.6,2.32,Low,Gen Z
10243,7.6,1.9,6.3,4.1,3.9,2.83,Low,Gen Z
10244,4.1,1.6,6.9,2.5,5.6,3.34,Low,Gen Z
10245,2.3,2.8,9.1,4.0,1.1,3.51,High,Gen Z
10246,4.9,2.5,5.7,1.9,4.6,3.42,High,Gen Z
10247,3.9,0.8,6.7,4.7,1.4,2.58,High,Gen Z
10248,5.8,1.5,6.7,2.0,3.1,3.86,Moderate,Gen Z
10249,5.7,0.4,6.9,0.3,3.4,2.43,High,Gen Z
10250,6.4,1.6,7.2,4.0,3.5,2.81,High,Gen Z
10251,5.5,1.5,6.7,5.0,1.6,2.92,Moderate,Gen Z
10252,5.5,1.0,6.6,4.5,0.0,3.34,Moderate,Gen Z
10253,7.2,0.6,6.5,3.1,3.3,2.92,Moderate,Gen Z
10254,4.7,2.7,7.1,3.4,2.0,2.66,Moderate,Gen Z
10255,5.0,2.3,7.3,1.3,2.5,2.37,Moderate,Gen Z
10256,4.7,2.2,5.5,3.3,5.8,3.12,High,Gen Z
10257,4.2,0.3,7.9,3.9,2.9,3.47,Moderate,Gen Z
10258,7.2,2.1,7.2,3.3,5.3,3.31,Moderate,Gen Z
10259,4.0,1.7,5.8,2.2,5.3,2.63,Moderate,Gen Z
10260,4.9,1.8,7.4,1.1,4.2,2.75,High,Gen Z
10261,4.9,1.4,6.9,3.1,4.8,3.24,High,Gen Z
10262,4.6,2.4,6.0,4.4,5.5,2.87,High,Gen Z
10263,3.4,2.4,6.7,3.7,5.2,3.68,Moderate,Gen Z
10264,5.9,2.8,7.8,1.4,5.6,3.26,High,Gen Z
10265,4.2,0.8,4.8,0.6,5.8,3.17,Low,Gen Z
10266,6.5,1.7,6.9,6.4,2.5,3.7,Moderate,Gen Z
10267,3.4,1.6,7.2,3.1,2.7,2.83,High,Gen Z
10268,2.6,0.0,6.8,3.9,4.5,2.82,High,Gen Z
10269,5.7,0.0,8.4,1.2,3.6,3.64,Moderate,Gen Z
10270,5.4,0.0,7.0,2.1,5.0,3.66,Moderate,Gen Z
10271,4.5,2.5,8.3,2.2,1.9,3.51,High,Gen Z
10272,6.0,1.4,6.5,3.8,5.7,2.78,High,Gen Z
10273,5.5,1.4,6.6,4.0,4.3,2.68,High,Gen Z
10274,3.6,0.9,7.4,2.9,5.8,3.38,High,Gen Z
10275,4.5,0.3,7.6,2.7,3.2,3.05,Low,Gen Z
10276,7.2,3.3,7.1,1.6,3.0,2.66,High,Gen Z
10277,6.5,2.6,5.1,0.3,4.9,3.08,Moderate,Gen Z
10278,2.0,3.9,7.6,5.9,1.4,2.31,High,Gen Z
10279,5.1,1.5,8.8,4.2,4.8,3.18,High,Gen Z
10280,5.5,2.6,9.4,3.6,3.4,3.04,High,Gen Z
10281,6.2,3.4,7.7,3.2,3.3,3.06,Moderate,Gen Z
10282,5.8,0.8,7.1,3.5,3.5,2.98,High,Gen Z
10283,3.4,2.3,8.0,3.9,3.2,2.89,High,Gen Z
10284,3.9,0.0,6.0,5.1,3.8,2.63,High,Gen Z
10285,3.4,3.5,8.3,4.0,2.3,3.18,Low,Gen Z
10286,5.7,0.9,7.8,2.6,3.5,2.77,Moderate,Gen Z
10287,6.1,3.7,7.6,2.3,2.0,3.03,Moderate,Gen Z
10288,5.5,0.3,6.9,3.4,2.7,2.85,High,Gen Z
10289,2.7,1.8,8.7,1.4,4.6,2.59,High,Gen Z
10290,4.1,3.2,6.9,4.4,3.4,3.19,High,Gen Z
10291,5.1,1.7,6.3,2.4,4.0,3.06,High,Gen Z
10292,5.0,2.5,7.8,3.7,5.0,2.98,Moderate,Gen Z
10293,4.7,0.7,5.3,3.0,3.5,2.31,Moderate,Gen Z
10294,4.8,2.7,7.1,3.1,5.7,3.28,High,Gen Z
10295,4.5,1.1,8.5,4.1,3.2,2.59,High,Gen Z
10296,5.7,2.3,5.5,3.6,3.3,2.98,Moderate,Gen Z
10297,5.6,2.6,6.2,5.6,1.7,2.93,Moderate,Gen Z
10298,4.0,3.0,7.2,5.3,1.4,3.94,Moderate,Gen Z
10299,5.7,4.5,6.0,5.0,4.9,2.31,High,Gen Z
10300,4.8,3.7,7.4,3.7,6.7,3.46,Moderate,Gen Z
10301,7.6,1.0,7.6,4.1,6.5,3.01,High,Gen Z
10302,4.0,1.2,7.7,3.4,4.4,2.97,Moderate,Gen Z
10303,5.1,2.0,7.2,1.5,2.8,2.53,Low,Gen Z
10304,4.6,1.1,6.4,0.5,3.4,3.16,High,Gen Z
10305,2.5,5.1,7.8,3.5,2.2,3.18,High,Gen Z
10306,5.2,1.9,6.8,5.3,1.5,2.73,High,Gen Z
10307,5.6,3.5,6.6,1.4,2.9,3.35,High,Gen Z
10308,5.8,1.7,7.5,5.2,5.7,3.11,Moderate,Gen Z
10309,5.2,1.3,7.2,1.5,4.9,2.94,Moderate,Gen Z
10310,6.3,3.0,5.9,3.3,6.8,2.69,High,Gen Z
10311,4.1,3.4,9.4,0.9,2.4,3.28,Low,Gen Z
10312,4.8,1.7,6.6,2.6,4.3,3.59,High,Gen Z
10313,5.9,2.4,7.7,5.7,5.2,2.69,High,Gen Z
10314,4.6,0.6,7.0,3.4,3.2,3.16,High,Gen Z
10315,6.9,0.6,6.0,3.0,4.4,2.78,Moderate,Gen Z
10316,3.0,1.5,7.4,2.7,3.7,2.96,Moderate,Gen Z
10317,7.3,1.9,8.2,2.9,6.7,3.17,High,Gen Z
10318,4.6,3.7,5.8,3.8,2.7,3.27,Moderate,Gen Z
10319,4.2,2.1,7.2,2.9,3.6,2.82,Low,Gen Z
10320,4.1,1.7,6.2,3.1,3.9,3.14,High,Gen Z
10321,4.2,0.6,4.8,2.9,5.7,2.95,Low,Gen Z
10322,7.5,0.0,9.4,4.4,1.2,3.05,High,Gen Z
10323,7.0,1.8,6.2,3.5,2.3,2.5,High,Gen Z
10324,6.5,0.0,6.3,5.2,3.8,2.75,High,Gen Z
10325,6.2,1.2,6.6,0.8,5.7,2.83,Moderate,Gen Z
10326,3.1,1.5,8.1,1.8,2.9,3.17,Moderate,Gen Z
10327,5.7,1.9,7.4,6.4,5.2,2.68,High,Gen Z
10328,4.4,2.3,6.7,1.5,5.0,2.65,High,Gen Z
10329,2.0,0.1,6.3,1.0,4.3,3.35,Low,Gen Z
10330,5.1,1.6,6.6,3.0,4.2,2.22,Moderate,Gen Z
10331,4.9,0.0,6.3,3.1,1.9,2.55,Moderate,Gen Z
10332,4.4,1.3,5.6,3.7,2.9,3.13,Moderate,Gen Z
10333,5.5,1.7,7.1,1.8,4.6,3.04,High,Gen Z
10334,5.6,0.8,8.1,2.9,7.3,3.38,Moderate,Gen Z
10335,3.3,3.1,7.9,3.8,5.7,3.4,Low,Gen Z
10336,5.6,0.7,7.2,6.0,6.8,2.61,High,Gen Z
10337,6.5,2.4,7.7,3.5,4.9,2.37,Moderate,Gen Z
10338,6.0,1.6,5.4,3.2,3.2,3.12,Low,Gen Z
10339,7.2,0.6,7.2,0.5,3.0,3.02,Moderate,Gen Z
10340,2.8,0.4,6.5,3.2,4.2,2.19,Moderate,Gen Z
10341,6.2,1.7,6.2,2.5,4.1,2.92,High,Gen Z
10342,6.7,0.7,8.0,3.0,3.2,2.32,Moderate,Gen Z
10343,4.2,0.6,7.5,1.5,4.4,3.06,High,Gen Z
10344,8.8,2.9,7.3,2.9,5.2,2.82,Moderate,Gen Z
10345,6.0,2.1,7.4,2.8,4.8,2.09,Moderate,Gen Z
10346,6.2,1.4,7.4,1.8,5.2,2.84,High,Gen Z
10347,4.5,0.0,6.7,2.9,2.8,2.67,Low,Gen Z
10348,3.1,3.3,7.6,3.2,3.6,3.4,Moderate,Gen Z
10349,5.5,1.2,7.0,3.6,3.7,2.94,High,Gen Z
10350,5.1,2.2,6.0,3.8,5.2,2.89,Low,Gen Z
10351,5.9,2.6,7.3,1.3,3.5,3.61,High,Gen Z
10352,6.1,1.1,5.9,4.3,6.6,2.55,Moderate,Gen Z
10353,6.8,1.2,5.7,5.3,1.6,2.3,High,Gen Z
10354,5.2,1.6,6.9,2.8,4.0,3.01,Moderate,Gen Z
10355,4.5,0.1,6.4,2.3,4.7,3.09,High,Gen Z
10356,6.1,0.2,7.2,1.9,4.4,2.74,Moderate,Gen Z
10357,4.1,2.7,6.9,3.0,2.7,3.28,Low,Gen Z
10358,6.1,3.7,8.3,2.4,5.5,3.15,Low,Gen Z
10359,3.5,1.2,8.3,0.3,2.4,3.16,High,Gen Z
10360,4.0,2.4,8.4,2.3,2.1,3.84,Moderate,Gen Z
10361,6.2,2.9,7.3,4.9,4.3,2.76,Moderate,Gen Z
10362,3.6,0.3,8.4,2.3,3.6,3.05,Moderate,Gen Z
10363,5.1,1.6,5.5,4.2,4.4,3.35,Moderate,Gen Z
10364,5.4,1.2,7.6,5.1,2.9,3.06,High,Gen Z
10365,5.4,3.5,6.4,2.6,3.4,3.06,Moderate,Gen Z
10366,3.5,1.5,5.7,2.5,5.0,2.94,High,Gen Z
10367,3.5,0.0,7.2,6.0,4.2,3.23,Moderate,Gen Z
10368,5.2,3.2,6.6,3.3,6.5,2.73,Moderate,Gen Z
10369,7.5,1.5,6.1,3.7,2.4,3.55,Moderate,Gen Z
10370,2.8,1.0,9.1,2.5,4.7,2.94,Low,Gen Z
10371,5.2,2.2,6.7,3.9,2.6,3.13,Moderate,Gen Z
10372,4.5,0.0,6.7,3.4,0.7,2.62,Moderate,Gen Z
10373,7.6,0.7,4.8,5.2,5.7,3.5,High,Gen Z
10374,7.2,1.9,6.5,6.4,4.4,3.5,Low,Gen Z
10375,7.0,3.4,6.9,5.0,3.6,3.59,Low,Gen Z
10376,6.4,1.5,8.0,2.9,1.4,2.27,Moderate,Gen Z
10377,3.9,1.1,7.0,3.0,5.0,2.88,High,Gen Z
10378,5.7,1.3,5.4,0.0,5.7,2.94,High,Gen Z
10379,5.1,1.5,6.7,2.4,3.7,3.29,Moderate,Gen Z
10380,4.2,2.2,5.3,3.2,3.1,3.8,High,Gen Z
10381,5.3,2.7,6.3,4.9,3.9,2.49,High,Gen Z
10382,5.7,1.4,7.6,3.2,4.5,3.29,High,Gen Z
10383,4.3,0.6,6.8,4.8,7.3,3.0,Moderate,Gen Z
10384,7.5,1.7,6.7,4.5,4.3,3.1,High,Gen Z
10385,5.4,0.6,7.6,3.3,4.2,2.86,Moderate,Gen Z
10386,5.4,2.5,6.3,4.1,6.7,3.17,Moderate,Gen Z
10387,4.9,0.7,9.2,4.5,4.5,3.31,Moderate,Gen Z
10388,5.7,3.5,8.0,1.8,5.3,2.87,High,Gen Z
10389,5.9,2.2,6.1,3.1,0.5,3.15,Moderate,Gen Z
10390,3.4,2.5,7.2,5.4,4.0,3.24,High,Gen Z
10391,3.5,0.2,6.8,1.4,4.0,3.03,High,Gen Z
10392,4.1,0.9,7.3,5.5,2.3,2.95,High,Gen Z
10393,4.9,3.0,6.2,1.2,1.9,2.63,High,Gen Z
10394,6.4,0.7,7.5,2.1,4.7,3.3,Moderate,Gen Z
10395,4.6,0.7,7.0,3.6,2.0,2.76,High,Gen Z
10396,1.7,2.9,8.1,2.3,3.7,3.56,Moderate,Gen Z
10397,6.7,3.1,8.3,1.2,4.7,2.79,Low,Gen Z
10398,4.4,0.4,7.0,3.0,5.5,2.93,Moderate,Gen Z
10399,3.4,1.0,7.4,1.8,1.7,3.33,Low,Gen Z
10400,5.5,1.5,8.4,5.3,3.2,3.47,Moderate,Gen Z
10401,3.8,1.7,6.9,5.1,4.2,3.25,Low,Gen Z
10402,4.8,0.6,6.0,4.0,5.8,2.63,Low,Gen Z
10403,6.1,0.7,6.6,1.5,1.7,3.16,Low,Gen Z
10404,3.5,2.1,7.7,1.5,6.7,2.8,High,Gen Z
10405,3.5,2.5,4.7,3.2,5.2,3.21,High,Gen Z
10406,7.5,1.7,7.3,1.7,4.1,3.14,Moderate,Gen Z
10407,6.3,3.4,6.6,2.5,1.7,2.4,Low,Gen Z
10408,5.6,2.2,6.3,3.1,3.8,3.35,Low,Gen Z
10409,5.7,1.3,7.9,2.3,5.2,3.32,Moderate,Gen Z
10410,5.5,2.7,5.6,3.5,2.3,3.12,Moderate,Gen Z
10411,7.9,3.1,8.2,2.2,5.1,2.29,High,Gen Z
10412,2.8,2.9,7.6,4.0,4.1,3.34,Moderate,Gen Z
10413,3.2,3.6,5.7,0.8,2.4,2.93,Moderate,Gen Z
10414,5.2,2.4,7.0,2.9,3.5,2.89,High,Gen Z
10415,5.7,1.3,7.7,2.2,6.4,2.77,Moderate,Gen Z
10416,5.6,1.0,7.0,4.1,3.3,3.27,Moderate,Gen Z
10417,7.0,4.0,7.3,3.7,2.5,3.04,High,Gen Z
10418,6.8,3.7,6.9,3.3,4.7,2.84,High,Gen Z
10419,6.5,2.6,6.6,4.4,5.7,3.25,Moderate,Gen Z
10420,7.3,1.9,6.7,1.6,4.5,2.92,Moderate,Gen Z
10421,6.8,3.5,7.5,0.7,4.8,2.89,Moderate,Gen Z
10422,5.1,2.3,6.8,1.3,0.9,3.24,High,Gen Z
10423,5.7,2.8,7.5,2.5,4.3,3.37,High,Gen Z
10424,6.7,2.6,8.1,4.0,3.8,3.04,High,Gen Z
10425,4.7,2.7,7.1,3.2,4.3,2.48,High,Gen Z
10426,4.7,0.0,6.8,2.1,5.5,2.58,Moderate,Gen Z
10427,4.6,1.4,7.4,2.9,1.9,2.91,Moderate,Gen Z
10428,4.7,0.7,7.2,2.5,5.1,3.3,High,Gen Z
10429,4.6,2.3,7.1,3.7,5.9,3.16,Moderate,Gen Z
10430,5.5,1.1,5.9,4.4,6.1,3.39,Moderate,Gen Z
10431,2.4,2.1,7.3,0.7,2.7,2.49,Low,Gen Z
10432,7.0,2.5,7.9,2.5,5.9,3.0,Low,Gen Z
10433,2.1,0.2,8.8,3.5,5.4,2.93,Low,Gen Z
10434,4.9,2.3,6.9,0.1,6.0,2.31,Moderate,Gen Z
10435,5.6,2.6,5.4,2.9,0.0,3.24,Moderate,Gen Z
10436,2.9,0.0,9.2,1.1,7.3,3.28,High,Gen Z
10437,6.0,2.9,8.3,4.9,3.7,2.74,High,Gen Z
10438,6.7,3.2,4.9,2.5,7.0,3.09,Low,Gen Z
10439,4.0,2.7,5.3,3.4,2.0,3.43,Moderate,Gen Z
10440,1.4,2.0,4.4,4.7,2.6,2.9,Low,Gen Z
10441,3.1,0.6,7.9,4.5,4.9,2.96,High,Gen Z
10442,3.3,1.3,8.5,4.5,3.2,2.99,Moderate,Gen Z
10443,4.5,1.1,6.8,2.4,3.7,3.51,Moderate,Gen Z
10444,7.7,2.7,7.2,3.4,4.1,3.37,High,Gen Z
10445,3.1,1.3,7.1,2.8,3.4,2.82,High,Gen Z
10446,6.5,1.0,6.0,3.8,5.8,3.41,Moderate,Gen Z
10447,5.3,3.9,8.4,3.1,3.6,2.89,High,Gen Z
10448,2.8,1.7,5.2,3.1,3.9,2.4,High,Gen Z
10449,4.1,1.5,6.6,4.0,3.9,2.98,High,Gen Z
10450,6.6,1.7,6.3,4.0,4.3,3.59,High,Gen Z
10451,3.0,2.4,6.0,1.7,2.6,2.6,High,Gen Z
10452,6.7,3.2,6.0,2.6,2.8,3.08,Low,Gen Z
10453,5.1,1.7,7.8,6.3,6.0,3.34,High,Gen Z
10454,4.2,3.3,7.0,3.1,2.3,3.08,Moderate,Gen Z
10455,5.2,1.1,7.3,4.9,1.2,3.19,High,Gen Z
10456,6.9,1.5,5.9,3.4,0.5,3.33,Low,Gen Z
10457,4.4,0.0,7.3,0.0,2.6,3.23,Moderate,Gen Z
10458,5.0,2.4,7.8,2.2,5.9,2.78,Moderate,Gen Z
10459,2.8,1.2,8.0,0.4,2.6,2.98,Low,Gen Z
10460,6.6,2.1,6.5,2.2,2.8,2.65,Moderate,Gen Z
10461,4.7,2.0,6.7,3.3,5.1,3.59,Low,Gen Z
10462,3.6,0.8,5.9,2.8,4.6,2.84,Moderate,Gen Z
10463,6.3,0.0,7.2,4.5,4.7,3.48,Moderate,Gen Z
10464,5.4,2.7,8.4,3.5,4.2,2.6,Moderate,Gen Z
10465,1.0,0.5,7.9,3.9,4.2,3.11,High,Gen Z
10466,4.0,2.9,6.0,1.9,3.3,2.29,High,Gen Z
10467,3.5,3.0,6.8,4.6,5.4,2.73,Moderate,Gen Z
10468,5.6,0.0,5.0,4.3,0.0,2.59,High,Gen Z
10469,5.3,2.0,7.7,3.5,3.7,2.85,High,Gen Z
10470,2.7,2.0,5.7,3.4,1.4,2.97,Low,Gen Z
10471,6.8,1.9,7.3,2.0,4.6,2.35,High,Gen Z
10472,5.1,1.7,7.6,5.5,3.6,3.14,High,Gen Z
10473,5.4,1.9,7.5,3.6,2.0,2.96,Moderate,Gen Z
10474,4.3,0.6,7.9,1.0,6.6,2.56,High,Gen Z
10475,5.1,3.2,7.2,4.1,0.3,3.47,High,Gen Z
10476,6.7,1.6,7.1,5.8,5.8,2.82,Low,Gen Z
10477,3.9,2.9,7.0,3.6,3.3,2.5,Moderate,Gen Z
10478,4.1,2.5,6.2,2.0,3.1,2.92,High,Gen Z
10479,2.6,2.1,5.4,5.2,2.7,2.47,Moderate,Gen Z
10480,3.4,2.1,7.8,2.8,4.0,2.78,Moderate,Gen Z
10481,4.2,0.4,7.4,3.8,2.3,3.36,High,Gen Z
10482,9.2,3.2,7.7,0.0,2.9,3.0,Low,Gen Z
10483,5.4,1.5,8.8,6.8,0.2,2.9,Moderate,Gen Z
10484,5.3,2.8,8.3,0.8,2.8,2.54,High,Gen Z
10485,5.6,1.3,5.5,0.5,2.1,3.47,Moderate,Gen Z
10486,4.1,2.3,8.3,2.0,5.3,3.68,Moderate,Gen Z
10487,2.2,3.7,8.1,3.8,4.4,3.14,Moderate,Gen Z
10488,3.1,2.9,7.6,0.4,2.8,3.37,Moderate,Gen Z
10489,6.7,1.0,7.3,5.4,3.9,3.0,High,Gen Z
10490,7.2,3.4,6.3,2.4,4.5,3.02,High,Gen Z
10491,7.6,0.7,6.2,3.1,3.0,3.17,High,Gen Z
10492,5.7,1.8,6.0,3.2,1.3,2.97,High,Gen Z
10493,6.5,1.8,6.3,1.9,2.9,3.28,Moderate,Gen Z
10494,2.6,2.9,7.5,1.2,4.7,2.85,Moderate,Gen Z
10495,2.4,3.4,6.8,4.4,3.3,2.91,Moderate,Gen Z
10496,6.5,1.0,7.0,3.6,4.2,2.71,High,Gen Z
10497,4.3,2.1,7.7,1.6,2.1,2.35,High,Gen Z
10498,3.3,3.8,6.6,2.8,3.5,3.03,High,Gen Z
10499,3.9,1.1,7.1,0.0,4.8,3.01,Moderate,Gen Z
10500,3.0,2.7,7.7,4.6,1.5,2.55,Moderate,Gen Z
10501,2.1,2.2,7.2,4.3,3.4,2.7,Moderate,Gen Z
10502,4.8,2.4,7.0,3.0,4.3,2.94,Moderate,Gen Z
10503,1.9,1.0,5.6,2.4,3.5,3.19,High,Gen Z
10504,6.0,2.2,6.0,4.9,4.5,2.59,Moderate,Gen Z
10505,3.9,3.2,7.2,3.5,2.8,2.71,Moderate,Gen Z
10506,4.6,2.9,7.3,1.4,4.4,2.82,Low,Gen Z
10507,5.9,1.3,8.2,2.2,1.9,3.1,Low,Gen Z
10508,8.3,3.5,6.3,3.0,4.8,2.56,High,Gen Z
10509,3.9,1.7,6.2,3.8,4.8,3.07,Moderate,Gen Z
10510,5.3,2.6,8.0,2.7,3.5,2.69,Low,Gen Z
10511,4.0,0.3,7.8,1.9,5.5,3.09,High,Gen Z
10512,3.9,2.7,6.0,2.0,2.8,2.66,Moderate,Gen Z
10513,5.7,2.0,8.1,2.4,3.4,2.63,Low,Gen Z
10514,5.6,1.8,5.1,3.6,2.9,3.38,High,Gen Z
10515,4.0,1.9,5.9,4.3,2.4,2.77,Moderate,Gen Z
10516,6.0,4.1,4.0,5.3,6.8,3.47,High,Gen Z
10517,3.8,1.2,7.1,0.3,3.0,3.67,High,Gen Z
10518,5.4,1.2,7.4,4.1,4.9,2.77,Moderate,Gen Z
10519,6.7,0.0,5.8,2.2,0.0,3.16,Low,Gen Z
10520,4.9,1.3,8.3,4.9,5.5,3.64,Moderate,Gen Z
10521,8.8,1.5,7.3,3.3,4.3,2.83,Moderate,Gen Z
10522,3.7,1.9,7.3,3.6,2.6,2.37,High,Gen Z
10523,1.4,1.5,5.0,3.8,4.0,3.32,Moderate,Gen Z
10524,5.0,2.6,6.6,3.7,6.2,2.88,Moderate,Gen Z
10525,5.0,1.5,9.2,4.5,3.5,3.1,High,Gen Z
10526,3.8,0.0,6.6,3.0,3.7,3.22,High,Gen Z
10527,2.4,1.1,7.6,5.2,2.3,3.04,Low,Gen Z
10528,4.4,1.3,8.1,1.8,5.8,3.22,High,Gen Z
10529,3.1,2.2,8.4,1.4,4.6,2.94,Moderate,Gen Z
10530,6.7,3.7,6.7,3.1,3.8,2.49,Moderate,Gen Z
10531,7.5,1.9,8.7,2.4,2.0,2.31,Low,Gen Z
10532,6.0,1.7,8.3,4.6,5.6,3.23,Moderate,Gen Z
10533,3.8,2.5,7.1,3.7,2.9,3.03,Moderate,Gen Z
10534,2.8,0.0,7.0,3.1,3.9,3.16,High,Gen Z
10535,7.6,2.3,8.6,3.3,3.8,3.46,Low,Gen Z
10536,4.6,2.7,8.4,1.5,2.3,2.95,Moderate,Gen Z
10537,6.7,5.4,5.7,4.5,2.7,3.22,High,Gen Z
10538,6.0,1.6,7.2,3.4,5.9,2.2,Moderate,Gen Z
10539,4.6,2.5,5.9,5.0,2.8,3.13,High,Gen Z
10540,6.2,2.3,6.5,2.1,4.5,3.47,Low,Gen Z
10541,5.9,3.4,6.7,2.2,2.3,2.24,Moderate,Gen Z
10542,4.6,2.6,6.0,1.5,2.1,3.49,High,Gen Z
10543,5.1,2.7,7.2,1.4,3.9,2.91,Moderate,Gen Z
10544,4.3,3.0,6.0,2.2,2.8,2.95,High,Gen Z
10545,5.8,0.8,7.2,4.4,2.1,3.16,Moderate,Gen Z
10546,6.9,2.5,5.4,1.6,4.8,2.97,High,Gen Z
10547,3.3,2.8,5.6,4.1,3.3,3.25,Moderate,Gen Z
10548,4.1,1.1,8.9,1.5,3.4,2.5,Moderate,Gen Z
10549,2.3,3.8,6.9,3.8,4.4,2.78,High,Gen Z
10550,4.9,0.4,8.0,3.7,3.4,3.12,High,Gen Z
10551,5.4,2.0,7.8,2.9,4.4,4.0,Low,Gen Z
10552,7.5,2.0,8.7,1.9,5.7,3.17,Moderate,Gen Z
10553,7.6,2.0,7.0,4.6,1.7,3.45,Moderate,Gen Z
10554,4.8,0.8,5.6,0.1,4.7,2.62,High,Gen Z
10555,3.0,3.5,8.1,5.1,3.7,3.82,High,Gen Z
10556,6.6,1.3,9.0,5.2,2.5,2.79,Moderate,Gen Z
10557,5.2,3.4,7.3,2.8,2.9,2.98,High,Gen Z
10558,6.9,0.5,6.4,5.1,4.7,3.84,High,Gen Z
10559,6.3,0.0,6.3,5.0,2.6,2.95,High,Gen Z
10560,3.9,2.1,6.8,2.6,3.9,2.36,High,Gen Z
10561,4.8,3.6,7.3,1.4,5.5,2.65,High,Gen Z
10562,7.5,1.1,8.5,1.9,4.5,3.12,Low,Gen Z
10563,3.2,2.9,8.2,5.2,3.3,3.06,High,Gen Z
10564,2.6,3.5,7.9,3.3,3.6,3.35,High,Gen Z
10565,4.8,2.5,7.3,3.8,2.0,3.05,High,Gen Z
10566,4.4,1.8,7.7,3.8,1.6,2.95,Moderate,Gen Z
10567,6.3,0.0,7.2,1.6,3.2,2.92,High,Gen Z
10568,6.4,2.9,7.1,4.2,8.0,2.66,High,Gen Z
10569,5.0,3.1,8.0,3.2,2.5,3.14,Moderate,Gen Z
10570,6.5,0.7,5.8,5.0,2.2,3.24,High,Gen Z
10571,5.7,1.9,5.8,4.6,7.5,2.94,High,Gen Z
10572,7.2,2.4,8.6,3.8,2.1,2.98,High,Gen Z
10573,5.6,1.8,8.6,0.7,4.9,3.19,Low,Gen Z
10574,3.0,4.3,7.1,7.1,6.3,3.02,High,Gen Z
10575,5.6,1.3,6.1,4.6,1.0,3.13,Moderate,Gen Z
10576,4.2,1.7,6.3,2.1,3.2,3.74,High,Gen Z
10577,2.3,2.5,6.4,2.8,3.6,3.41,High,Gen Z
10578,3.6,1.2,7.4,1.6,3.3,3.09,High,Gen Z
10579,6.5,2.4,6.5,2.0,3.2,3.21,High,Gen Z
10580,5.2,2.6,7.8,1.0,4.4,2.81,Moderate,Gen Z
10581,4.2,0.4,4.0,1.2,5.3,3.1,High,Gen Z
10582,5.2,2.8,6.1,1.6,4.4,3.25,Low,Gen Z
10583,6.9,2.8,6.1,1.0,2.5,3.24,Moderate,Gen Z
10584,2.0,0.9,6.3,5.2,3.0,3.79,High,Gen Z
10585,6.3,2.9,5.9,1.5,2.7,3.03,Low,Gen Z
10586,4.4,2.0,7.2,1.5,1.7,2.6,High,Gen Z
10587,5.8,0.0,6.6,1.2,1.6,2.92,High,Gen Z
10588,7.3,2.5,6.6,2.4,3.6,3.07,High,Gen Z
10589,5.2,1.5,6.5,4.4,2.5,2.75,Moderate,Gen Z
10590,4.4,1.1,9.0,4.7,2.1,2.96,Moderate,Gen Z
10591,5.0,2.0,6.9,0.8,5.3,3.22,Moderate,Gen Z
10592,3.3,1.1,6.8,3.1,3.8,3.08,High,Gen Z
10593,3.7,2.1,6.5,1.0,6.8,2.09,Moderate,Gen Z
10594,6.6,2.5,7.4,1.2,2.3,3.17,High,Gen Z
10595,4.0,2.0,6.8,1.6,1.3,2.96,High,Gen Z
10596,6.2,1.3,5.7,1.4,6.0,3.68,Low,Gen Z
10597,4.2,1.4,6.6,4.6,5.7,2.73,Moderate,Gen Z
10598,4.2,0.2,7.6,2.4,6.4,2.05,High,Gen Z
10599,7.1,2.2,5.9,2.2,1.9,2.86,High,Gen Z
10600,5.2,3.9,5.3,1.8,3.3,2.93,Low,Gen Z
10601,3.5,1.8,8.4,2.6,4.5,2.85,Low,Gen Z
10602,5.4,1.4,7.9,2.3,3.5,2.74,High,Gen Z
10603,4.2,1.9,4.8,2.7,2.0,2.87,Moderate,Gen Z
10604,7.4,0.7,6.1,1.9,3.8,3.12,Low,Gen Z
10605,4.9,0.0,8.2,4.2,6.1,2.48,High,Gen Z
10606,5.9,1.7,5.9,4.5,4.8,2.66,High,Gen Z
10607,3.3,2.6,5.9,1.2,6.7,3.16,Moderate,Gen Z
10608,1.1,0.4,6.6,4.2,0.0,2.51,Low,Gen Z
10609,4.4,1.9,7.0,4.1,4.8,3.25,Moderate,Gen Z
10610,1.0,0.3,8.1,4.2,2.0,2.99,Low,Gen Z
10611,2.4,0.9,5.3,1.7,3.7,2.61,High,Gen Z
10612,4.9,1.9,7.1,3.2,5.6,2.69,Low,Gen Z
10613,6.0,1.5,7.8,4.0,4.5,2.64,High,Gen Z
10614,5.6,1.5,7.9,2.9,3.9,2.85,Low,Gen Z
10615,3.9,2.2,7.2,3.4,2.0,2.82,High,Gen Z
10616,8.2,0.7,7.7,2.6,4.1,3.3,Low,Gen Z
10617,4.7,1.5,8.5,1.2,3.3,3.36,Moderate,Gen Z
10618,3.5,2.0,7.4,1.6,3.3,3.44,High,Gen Z
10619,5.8,4.0,6.9,3.8,4.9,2.96,Low,Gen Z
10620,7.7,0.6,7.3,4.9,2.9,2.84,Moderate,Gen Z
10621,2.3,2.2,6.4,4.3,3.2,3.09,Low,Gen Z
10622,3.5,0.0,8.7,2.8,5.7,2.8,Moderate,Gen Z
10623,4.0,1.3,8.2,7.1,5.1,2.71,Moderate,Gen Z
10624,4.5,1.5,6.8,2.2,2.5,2.47,Low,Gen Z
10625,7.5,2.7,5.5,1.7,2.1,2.23,Moderate,Gen Z
10626,5.0,2.3,8.7,0.8,5.5,2.48,High,Gen Z
10627,2.7,0.9,7.3,1.9,3.9,2.21,High,Gen Z
10628,4.6,0.4,5.5,2.8,4.0,2.76,High,Gen Z
10629,6.4,1.4,6.5,1.2,4.2,2.58,High,Gen Z
10630,7.6,1.5,6.7,2.6,4.9,3.37,Moderate,Gen Z
10631,3.7,3.0,6.8,2.6,3.0,3.0,Moderate,Gen Z
10632,4.8,2.2,5.2,3.6,4.0,2.79,High,Gen Z
10633,4.0,1.5,7.6,0.9,2.8,2.69,High,Gen Z
10634,7.4,0.3,8.6,2.7,0.8,3.64,Moderate,Gen Z
10635,4.1,0.7,6.9,1.5,2.1,3.16,Low,Gen Z
10636,4.1,1.5,4.8,3.4,4.6,3.2,Low,Gen Z
10637,6.6,0.7,6.6,4.3,3.6,3.06,High,Gen Z
10638,3.4,1.5,7.4,2.9,4.8,2.81,Moderate,Gen Z
10639,6.9,1.1,7.2,5.1,4.1,2.84,Moderate,Gen Z
10640,4.8,1.1,5.7,5.8,3.8,2.19,High,Gen Z
10641,4.5,2.7,6.9,2.0,4.3,3.51,Low,Gen Z
10642,6.6,0.0,7.4,3.4,3.6,2.54,Moderate,Gen Z
10643,5.8,0.6,7.8,1.3,4.0,2.81,High,Gen Z
10644,6.4,1.6,7.0,3.2,3.7,3.28,High,Gen Z
10645,5.3,1.0,8.1,6.1,4.9,2.39,High,Gen Z
10646,5.1,2.2,6.8,1.9,2.9,2.53,High,Gen Z
10647,4.1,0.0,6.2,2.2,1.5,3.56,Moderate,Gen Z
10648,6.0,1.7,6.6,3.2,3.1,2.92,Low,Gen Z
10649,6.2,0.8,8.2,2.8,4.4,2.95,Moderate,Gen Z
10650,4.6,2.5,6.3,1.0,0.0,3.85,High,Gen Z
10651,4.3,1.1,7.7,0.5,2.3,2.73,Moderate,Gen Z
10652,5.3,1.5,6.3,3.0,3.4,2.75,High,Gen Z
10653,8.2,1.8,5.6,4.3,4.6,3.17,Moderate,Gen Z
10654,6.2,2.1,7.0,3.4,6.5,3.1,High,Gen Z
10655,4.9,1.2,5.8,0.7,2.4,2.8,Low,Gen Z
10656,3.5,2.7,7.5,3.4,2.6,3.18,High,Gen Z
10657,3.9,2.3,7.5,1.7,5.3,3.33,High,Gen Z
10658,5.8,0.1,6.3,5.7,0.4,3.25,Low,Gen Z
10659,7.2,1.9,7.9,0.9,3.2,3.38,High,Gen Z
10660,5.6,1.9,6.1,3.6,4.9,3.68,Low,Gen Z
10661,5.1,0.7,7.0,3.4,4.7,3.21,High,Gen Z
10662,5.3,1.5,8.4,6.5,4.2,3.05,Moderate,Gen Z
10663,4.9,1.8,8.0,4.3,4.6,2.87,Moderate,Gen Z
10664,4.1,3.5,7.5,2.4,2.1,3.31,Moderate,Gen Z
10665,5.6,1.1,7.1,2.4,0.9,3.07,High,Gen Z
10666,5.3,0.7,6.4,3.7,7.0,2.7,Moderate,Gen Z
10667,5.4,2.1,7.2,2.2,3.2,3.34,Moderate,Gen Z
10668,5.4,1.8,7.5,3.6,4.1,2.66,High,Gen Z
10669,4.3,2.2,8.4,2.8,5.2,2.35,Low,Gen Z
10670,5.9,3.8,6.3,4.0,4.3,3.02,Low,Gen Z
10671,6.9,1.4,5.5,0.6,3.0,2.78,Moderate,Gen Z
10672,5.9,1.3,5.3,3.1,2.1,3.26,High,Gen Z
10673,5.2,1.8,7.2,2.4,2.2,2.48,Low,Gen Z
10674,5.6,0.5,6.0,5.6,1.6,3.54,Low,Gen Z
10675,5.4,1.0,8.4,3.6,5.2,3.67,High,Gen Z
10676,5.0,3.3,6.6,2.4,4.5,2.6,Low,Gen Z
10677,4.7,2.3,5.7,4.2,3.0,3.31,High,Gen Z
10678,4.5,1.6,7.6,1.1,4.3,2.48,Moderate,Gen Z
10679,5.4,0.0,5.6,1.0,0.8,2.97,Low,Gen Z
10680,6.4,1.4,6.3,1.2,0.4,3.44,Moderate,Gen Z
10681,5.3,1.6,7.7,2.4,7.9,3.32,Low,Gen Z
10682,3.3,0.7,7.1,0.0,3.5,3.68,Moderate,Gen Z
10683,3.6,0.6,5.8,5.1,3.8,3.7,Low,Gen Z
10684,5.0,1.0,5.5,2.4,3.4,3.39,High,Gen Z
10685,4.5,0.4,6.6,2.4,6.2,3.71,Low,Gen Z
10686,5.9,0.2,5.5,2.2,2.9,3.04,High,Gen Z
10687,5.7,2.0,8.9,4.2,4.7,3.05,Moderate,Gen Z
10688,4.0,2.4,7.3,5.2,6.8,3.0,High,Gen Z
10689,4.7,2.1,8.0,3.7,3.3,2.72,High,Gen Z
10690,3.7,3.4,8.9,4.0,4.7,3.08,Moderate,Gen Z
10691,5.6,1.2,7.0,5.4,3.9,3.39,High,Gen Z
10692,2.3,0.5,7.0,0.6,5.3,2.62,High,Gen Z
10693,6.6,1.0,6.7,0.1,3.4,2.97,Moderate,Gen Z
10694,6.9,1.6,7.6,2.8,3.2,3.29,High,Gen Z
10695,1.8,0.7,6.3,3.2,3.2,3.01,High,Gen Z
10696,6.1,1.4,7.1,2.7,3.0,2.87,Moderate,Gen Z
10697,6.7,2.6,7.6,3.2,2.6,2.57,Moderate,Gen Z
10698,5.1,1.6,9.1,2.2,5.9,3.51,Moderate,Gen Z
10699,3.8,2.8,8.1,3.2,4.3,3.27,High,Gen Z
10700,6.0,1.6,8.1,4.8,1.5,2.43,High,Gen Z
10701,2.7,2.8,6.5,2.4,5.1,3.75,High,Gen Z
10702,6.2,0.6,6.2,3.2,2.9,3.45,High,Gen Z
10703,4.9,0.8,8.1,2.8,3.6,3.03,Low,Gen Z
10704,5.7,3.0,5.2,2.9,4.7,3.05,High,Gen Z
10705,7.4,1.8,6.6,1.8,4.3,2.71,Moderate,Gen Z
10706,6.9,1.1,4.7,5.5,4.9,2.97,Moderate,Gen Z
10707,6.4,1.3,6.2,4.5,6.7,3.48,High,Gen Z
10708,3.9,2.2,7.4,1.2,2.9,2.59,Low,Gen Z
10709,4.7,2.7,6.0,4.1,5.1,3.06,Moderate,Gen Z
10710,5.8,2.6,8.7,3.2,3.0,3.1,Moderate,Gen Z
10711,5.1,2.4,8.2,2.4,4.1,2.56,High,Gen Z
10712,4.1,0.1,5.6,0.4,4.4,2.8,Moderate,Gen Z
10713,6.5,1.3,6.4,4.0,4.6,2.9,Low,Gen Z
10714,6.0,0.9,6.0,4.5,3.8,3.27,Moderate,Gen Z
10715,6.3,2.4,5.7,2.4,5.4,3.7,High,Gen Z
10716,6.1,2.7,7.9,3.3,4.4,3.18,High,Gen Z
10717,4.8,3.0,7.7,2.2,2.1,2.66,High,Gen Z
10718,5.6,3.8,7.3,3.7,2.2,3.78,High,Gen Z
10719,6.4,0.8,7.9,0.7,4.5,3.3,High,Gen Z
10720,4.5,1.3,5.7,2.1,3.0,2.9,High,Gen Z
10721,3.7,3.6,7.2,3.6,1.6,2.94,Moderate,Gen Z
10722,3.5,1.5,6.1,2.0,4.8,3.48,High,Gen Z
10723,4.8,2.9,5.1,2.9,0.8,2.88,Moderate,Gen Z
10724,5.5,2.1,6.0,2.8,1.1,2.39,High,Gen Z
10725,6.6,3.0,8.1,2.6,6.5,3.08,Low,Gen Z
10726,6.0,2.4,7.4,4.5,2.5,2.85,High,Gen Z
10727,5.9,3.1,8.1,3.3,2.8,3.29,Low,Gen Z
10728,4.2,1.3,6.0,2.0,4.2,3.3,Moderate,Gen Z
10729,4.2,1.3,6.5,3.7,3.7,3.27,Low,Gen Z
10730,5.9,1.9,7.5,3.2,4.3,3.2,High,Gen Z
10731,2.6,2.5,7.4,0.4,4.0,3.17,Moderate,Gen Z
10732,3.1,2.6,6.3,2.6,5.1,3.41,Low,Gen Z
10733,4.4,0.1,6.3,2.4,2.2,2.66,Moderate,Gen Z
10734,5.4,1.8,6.2,0.6,3.8,2.74,High,Gen Z
10735,6.1,0.0,7.1,2.9,7.0,2.66,Low,Gen Z
10736,3.5,1.2,6.8,0.9,1.8,3.43,Low,Gen Z
10737,4.4,1.7,5.9,2.6,3.3,3.05,Low,Gen Z
10738,4.4,0.9,4.3,4.5,4.6,3.35,Moderate,Gen Z
10739,2.1,0.0,7.2,5.0,4.7,2.61,High,Gen Z
10740,4.1,1.6,7.4,1.9,5.3,2.23,Moderate,Gen Z
10741,8.2,0.2,6.4,2.2,4.3,2.8,Moderate,Gen Z
10742,4.1,1.2,6.4,3.6,5.1,3.84,Low,Gen Z
10743,6.4,1.6,9.8,5.8,3.6,2.32,High,Gen Z
10744,5.2,0.1,7.8,1.6,3.5,2.59,High,Gen Z
10745,3.7,2.1,7.4,2.5,6.3,2.7,Low,Gen Z
10746,3.9,2.0,7.3,2.2,5.5,2.96,High,Gen Z
10747,4.9,0.3,6.6,3.7,6.5,2.61,Moderate,Gen Z
10748,4.8,2.9,7.8,3.2,4.0,3.25,High,Gen Z
10749,5.0,1.6,8.0,0.0,2.8,2.58,Moderate,Gen Z
10750,5.7,1.2,6.5,2.7,3.2,2.73,Moderate,Gen Z
10751,4.7,1.9,7.9,5.1,4.9,3.41,Low,Gen Z
10752,2.6,2.1,8.3,4.1,1.6,2.83,Moderate,Gen Z
10753,3.6,2.3,8.3,0.1,4.7,3.28,Low,Gen Z
10754,3.2,0.2,7.5,3.1,5.8,3.34,Moderate,Gen Z
10755,6.2,1.0,6.5,1.2,4.3,3.28,High,Gen Z
10756,4.9,2.3,6.7,1.9,4.2,3.59,Low,Gen Z
10757,5.6,1.9,9.0,2.3,3.2,2.45,Moderate,Gen Z
10758,7.1,2.5,7.1,4.7,5.7,3.44,High,Gen Z
10759,4.0,1.7,7.8,4.2,4.5,2.87,High,Gen Z
10760,4.1,2.8,6.5,3.2,4.5,3.1,High,Gen Z
10761,4.2,1.6,6.5,2.7,4.5,2.82,Low,Gen Z
10762,4.4,0.7,8.7,2.2,2.4,2.88,High,Gen Z
10763,1.8,2.7,7.8,2.6,1.1,3.3,Moderate,Gen Z
10764,2.2,2.1,5.4,2.6,4.5,2.19,Low,Gen Z
10765,5.4,2.1,8.4,2.9,3.0,3.02,High,Gen Z
10766,3.0,1.6,7.4,3.6,2.6,3.15,Moderate,Gen Z
10767,4.7,1.7,6.4,2.4,2.6,3.19,Low,Gen Z
10768,4.1,3.2,6.7,2.3,4.7,3.02,Low,Gen Z
10769,4.5,0.8,4.7,2.9,5.1,3.52,High,Gen Z
10770,5.4,3.6,7.5,4.0,5.4,2.91,Low,Gen Z
10771,5.2,3.1,6.9,6.3,4.9,2.75,High,Gen Z
10772,4.9,1.1,6.2,5.8,1.9,2.9,Moderate,Gen Z
10773,6.1,2.2,7.3,2.2,5.1,3.4,Low,Gen Z
10774,6.6,0.7,7.6,2.9,4.8,2.71,Moderate,Gen Z
10775,8.0,1.6,6.2,4.4,2.7,2.83,Moderate,Gen Z
10776,6.7,2.9,6.9,0.3,2.3,3.13,Moderate,Gen Z
10777,5.3,0.0,6.5,3.8,3.2,3.14,Low,Gen Z
10778,3.9,1.1,6.7,0.0,2.3,3.16,Moderate,Gen Z
10779,4.5,0.0,7.1,3.0,4.9,2.66,Low,Gen Z
10780,5.3,2.0,8.7,4.6,1.3,2.81,Moderate,Gen Z
10781,4.6,2.3,7.5,4.3,5.8,2.91,Moderate,Gen Z
10782,3.9,2.8,6.9,2.4,1.3,2.64,Moderate,Gen Z
10783,3.8,1.8,9.5,5.0,4.7,2.87,High,Gen Z
10784,7.0,2.3,6.1,3.2,6.7,3.4,Moderate,Gen Z
10785,6.0,2.0,6.3,5.2,3.2,3.3,Low,Gen Z
10786,3.3,1.6,8.5,0.7,3.9,2.99,High,Gen Z
10787,6.2,0.3,6.0,2.3,3.1,3.25,High,Gen Z
10788,4.9,1.7,6.9,2.1,1.4,2.84,High,Gen Z
10789,5.0,0.5,9.3,4.1,2.6,3.01,High,Gen Z
10790,2.4,3.5,6.5,2.4,2.8,3.17,High,Gen Z
10791,2.9,1.4,8.5,2.5,4.9,2.52,Moderate,Gen Z
10792,3.5,3.7,7.9,3.8,3.9,2.86,High,Gen Z
10793,6.2,2.1,7.4,2.2,3.6,3.12,High,Gen Z
10794,5.1,2.5,6.2,6.3,5.9,3.02,High,Gen Z
10795,4.2,2.2,6.1,4.6,4.4,3.18,Moderate,Gen Z
10796,3.6,1.3,6.9,3.0,3.2,3.01,Low,Gen Z
10797,5.1,0.0,7.0,1.9,3.1,3.07,Moderate,Gen Z
10798,6.1,1.4,6.2,3.5,3.4,3.33,High,Gen Z
10799,3.3,1.9,6.9,2.5,4.0,2.64,Low,Gen Z
10800,7.1,3.2,6.3,2.3,2.9,3.73,High,Gen Z
10801,3.3,0.9,7.9,4.4,0.7,3.16,Low,Gen Z
10802,6.2,1.3,6.7,2.4,6.9,3.73,Low,Gen Z
10803,8.2,2.5,5.1,4.1,3.6,2.33,Moderate,Gen Z
10804,4.0,2.2,7.3,0.1,5.8,3.04,Moderate,Gen Z
10805,6.5,3.2,8.2,4.9,3.0,3.2,Low,Gen Z
10806,5.7,3.7,7.7,3.7,5.8,3.28,High,Gen Z
10807,4.2,0.1,8.3,3.4,3.4,3.61,Moderate,Gen Z
10808,3.1,1.3,8.1,5.0,6.3,3.05,Low,Gen Z
10809,2.7,0.0,7.1,2.7,4.0,3.71,Moderate,Gen Z
10810,3.5,2.1,8.5,3.9,5.1,3.27,High,Gen Z
10811,5.3,1.8,7.9,3.4,3.7,2.85,Moderate,Gen Z
10812,4.8,0.8,7.7,4.0,2.7,3.38,High,Gen Z
10813,3.0,0.1,6.6,3.3,6.3,2.55,High,Gen Z
10814,4.2,1.4,5.9,4.9,5.1,2.72,Moderate,Gen Z
10815,3.6,0.6,7.1,2.1,5.6,3.28,High,Gen Z
10816,6.4,0.3,7.5,2.4,4.3,2.66,Low,Gen Z
10817,6.7,0.8,8.3,0.6,6.0,3.51,Moderate,Gen Z
10818,5.4,1.7,6.5,3.3,5.3,3.44,High,Gen Z
10819,5.9,1.9,7.2,1.9,3.1,2.43,Low,Gen Z
10820,6.0,0.0,6.8,1.3,1.3,2.83,Low,Gen Z
10821,5.6,2.0,7.3,3.0,4.6,3.25,High,Gen Z
10822,2.3,3.0,6.8,4.3,4.4,2.91,High,Gen Z
10823,7.4,5.1,6.1,4.2,0.7,2.98,High,Gen Z
10824,5.2,2.3,5.7,2.7,3.6,2.85,High,Gen Z
10825,3.9,1.5,7.3,3.2,4.6,3.18,High,Gen Z
10826,6.3,0.6,5.4,1.7,3.7,3.35,Low,Gen Z
10827,4.2,0.0,7.2,2.4,2.1,2.99,High,Gen Z
10828,4.5,2.4,7.4,6.1,2.5,2.98,Moderate,Gen Z
10829,6.7,1.6,5.5,4.0,0.1,3.23,Moderate,Gen Z
10830,5.7,1.4,6.9,2.8,2.3,2.88,High,Gen Z
10831,5.2,1.5,7.4,4.1,3.6,3.33,Moderate,Gen Z
10832,7.1,2.1,6.2,4.4,3.2,2.79,Moderate,Gen Z
10833,2.9,1.8,6.4,2.1,3.9,3.67,High,Gen Z
10834,5.8,2.6,6.2,3.0,6.0,2.97,High,Gen Z
10835,4.1,0.5,8.4,1.5,3.8,3.31,Moderate,Gen Z
10836,6.6,2.4,7.9,1.9,5.2,3.38,High,Gen Z
10837,5.4,1.4,7.5,3.3,4.5,3.78,High,Gen Z
10838,3.4,3.2,5.4,3.8,2.3,2.32,Moderate,Gen Z
10839,7.5,0.0,7.9,2.7,4.6,3.22,Moderate,Gen Z
10840,4.3,2.4,8.7,1.7,4.7,2.91,Moderate,Gen Z
10841,3.4,1.7,6.0,2.1,2.8,3.17,Low,Gen Z
10842,6.0,1.5,6.9,2.2,4.8,3.74,High,Gen Z
10843,4.9,2.4,6.8,3.1,3.2,2.92,High,Gen Z
10844,6.9,1.1,5.9,0.9,1.6,3.1,High,Gen Z
10845,4.9,0.2,6.4,4.9,3.4,3.42,High,Gen Z
10846,1.1,4.0,6.6,2.5,4.0,2.89,Low,Gen Z
10847,6.4,2.6,6.4,6.0,2.4,2.58,High,Gen Z
10848,5.6,3.2,8.6,3.1,4.3,3.16,High,Gen Z
10849,5.0,4.0,7.7,5.7,3.3,3.03,Moderate,Gen Z
10850,5.7,2.5,8.0,3.0,2.9,3.05,Moderate,Gen Z
10851,4.8,1.5,8.9,3.1,5.1,3.26,Moderate,Gen Z
10852,5.8,2.1,7.0,0.0,3.3,3.01,High,Gen Z
10853,6.1,0.6,6.7,2.1,2.4,2.94,Moderate,Gen Z
10854,3.7,0.0,8.9,3.7,2.7,2.9,High,Gen Z
10855,6.1,1.2,8.1,2.0,1.9,3.39,High,Gen Z
10856,4.5,1.7,5.1,1.3,1.4,3.04,Moderate,Gen Z
10857,5.5,3.0,7.5,3.7,4.6,2.61,Low,Gen Z
10858,2.8,0.0,6.7,4.6,7.6,2.64,High,Gen Z
10859,3.4,2.3,7.8,5.8,2.7,2.85,Moderate,Gen Z
10860,7.2,2.9,8.1,1.2,4.8,3.27,Moderate,Gen Z
10861,6.2,1.8,6.3,2.7,3.8,3.08,Low,Gen Z
10862,1.5,3.8,6.3,2.0,2.6,3.36,Moderate,Gen Z
10863,5.1,1.4,8.6,3.0,3.6,2.85,High,Gen Z
10864,6.2,3.3,7.5,2.2,7.2,2.99,Low,Gen Z
10865,3.6,2.1,6.8,4.8,3.2,2.59,Moderate,Gen Z
10866,6.3,1.5,7.0,1.8,5.4,2.42,Moderate,Gen Z
10867,4.3,0.2,7.7,2.9,1.8,3.1,Moderate,Gen Z
10868,6.6,0.3,8.6,5.0,2.7,3.53,Moderate,Gen Z
10869,2.9,2.2,6.8,2.1,2.4,3.74,High,Gen Z
10870,4.1,3.8,7.7,3.6,5.1,3.38,Low,Gen Z
10871,3.1,1.1,7.0,1.3,3.7,3.61,High,Gen Z
10872,2.6,2.9,5.6,1.7,4.2,3.27,Moderate,Gen Z
10873,5.8,2.7,8.3,0.4,4.0,2.89,Moderate,Gen Z
10874,4.7,1.8,7.6,4.9,4.3,3.38,Low,Gen Z
10875,2.5,2.5,5.2,2.5,2.8,3.04,Moderate,Gen Z
10876,6.5,1.2,8.8,1.2,6.3,2.88,Moderate,Gen Z
10877,5.3,1.7,5.4,3.0,3.0,2.53,High,Gen Z
10878,3.9,2.3,8.8,3.3,4.8,2.9,Moderate,Gen Z
10879,4.8,1.7,6.5,2.5,4.4,3.09,High,Gen Z
10880,3.3,2.4,7.2,3.6,2.4,3.1,Moderate,Gen Z
10881,5.7,3.3,6.3,3.6,3.3,2.82,High,Gen Z
10882,4.2,2.5,7.3,1.5,4.1,2.69,Moderate,Gen Z
10883,6.4,1.3,8.4,0.7,2.2,3.24,High,Gen Z
10884,3.8,2.2,8.0,2.8,1.0,2.82,High,Gen Z
10885,7.8,2.6,5.7,2.3,4.0,3.07,Moderate,Gen Z
10886,5.9,0.0,6.4,4.1,4.3,3.35,Moderate,Gen Z
10887,5.5,2.4,7.8,4.5,3.6,2.52,Moderate,Gen Z
10888,4.6,3.7,6.3,2.7,4.7,3.19,Moderate,Gen Z
10889,4.4,0.3,6.9,0.0,1.7,2.86,Low,Gen Z
10890,4.4,1.0,6.6,1.8,6.4,3.14,High,Gen Z
10891,1.8,2.2,6.0,2.6,2.2,2.9,Low,Gen Z
10892,3.8,2.0,8.6,4.7,2.6,3.15,Moderate,Gen Z
10893,6.8,1.7,7.4,5.2,4.5,2.81,Moderate,Gen Z
10894,3.9,1.9,6.9,3.6,3.1,2.77,Moderate,Gen Z
10895,5.6,3.6,8.4,1.0,2.8,2.75,Moderate,Gen Z
10896,4.9,1.5,5.5,4.2,4.0,2.5,Moderate,Gen Z
10897,7.5,0.9,7.4,0.3,4.9,2.52,High,Gen Z
10898,4.1,1.4,6.8,4.5,3.2,3.87,Moderate,Gen Z
10899,3.7,1.2,7.3,0.8,6.9,2.71,Moderate,Gen Z
10900,4.2,1.9,7.0,3.6,1.4,3.53,Moderate,Gen Z
10901,6.5,1.9,7.4,2.4,3.6,3.04,Low,Gen Z
10902,5.4,1.8,8.0,3.7,2.5,3.88,High,Gen Z
10903,5.9,2.6,7.6,3.0,4.9,2.52,High,Gen Z
10904,4.9,2.0,9.2,3.0,2.6,2.51,Moderate,Gen Z
10905,3.6,2.2,6.6,5.2,2.0,2.88,Low,Gen Z
10906,3.7,1.5,7.3,2.6,2.5,2.85,Moderate,Gen Z
10907,8.8,1.2,6.1,0.9,6.6,3.4,High,Gen Z
10908,4.2,2.5,4.1,0.6,1.7,3.42,High,Gen Z
10909,2.9,3.1,8.0,3.9,5.4,3.29,Moderate,Gen Z
10910,4.2,3.1,7.8,2.2,3.3,3.31,Moderate,Gen Z
10911,6.0,0.6,7.3,3.5,1.9,2.71,High,Gen Z
10912,5.5,0.6,7.0,4.3,3.4,2.29,Moderate,Gen Z
10913,6.6,2.2,7.4,1.9,3.6,2.83,High,Gen Z
10914,9.4,0.9,7.5,4.6,3.0,2.9,Moderate,Gen Z
10915,5.9,3.5,8.3,1.9,2.7,3.14,Moderate,Gen Z
10916,6.6,0.8,6.8,3.3,4.0,3.04,High,Gen Z
10917,4.9,1.5,7.3,4.3,4.7,2.81,Moderate,Gen Z
10918,4.9,3.5,6.8,5.1,3.6,3.35,High,Gen Z
10919,5.5,5.1,8.7,2.0,2.4,3.21,Low,Gen Z
10920,6.7,1.2,6.6,0.7,4.3,2.71,Low,Gen Z
10921,5.6,1.1,5.5,3.1,4.7,3.16,High,Gen Z
10922,6.2,1.2,7.6,2.2,5.7,3.32,High,Gen Z
10923,3.0,1.1,7.6,2.6,5.9,3.01,Moderate,Gen Z
10924,5.8,1.5,7.8,3.6,1.7,3.21,High,Gen Z
10925,5.1,1.8,6.8,3.1,3.8,3.42,Moderate,Gen Z
10926,2.7,2.9,8.2,5.1,2.8,3.15,Low,Gen Z
10927,5.1,4.2,8.0,5.0,3.9,3.33,Low,Gen Z
10928,3.0,2.3,7.7,4.3,6.2,3.4,Low,Gen Z
10929,5.0,1.4,5.8,2.1,6.0,2.59,High,Gen Z
10930,5.3,1.9,7.7,2.0,3.0,2.68,Low,Gen Z
10931,3.4,4.0,6.9,2.1,1.5,3.29,High,Gen Z
10932,5.4,2.3,6.8,3.4,4.4,3.25,Moderate,Gen Z
10933,5.2,2.6,6.3,0.8,4.8,3.69,Moderate,Gen Z
10934,7.1,1.0,6.7,3.3,3.9,3.24,High,Gen Z
10935,4.0,0.0,7.4,1.9,4.2,3.24,High,Gen Z
10936,5.4,2.9,5.0,3.7,3.4,2.55,Moderate,Gen Z
10937,6.1,1.1,6.4,2.1,3.8,3.34,High,Gen Z
10938,5.1,1.6,7.2,3.8,3.4,2.91,Low,Gen Z
10939,6.9,1.3,6.6,2.9,1.1,2.77,High,Gen Z
10940,5.4,1.7,6.6,3.6,2.7,2.0,High,Gen Z
10941,5.7,2.3,6.9,3.5,2.4,2.87,High,Gen Z
10942,4.9,3.0,8.1,4.0,2.9,2.9,Moderate,Gen Z
10943,2.8,2.6,8.3,0.1,2.1,2.77,High,Gen Z
10944,3.3,0.1,7.0,4.6,1.7,2.53,Moderate,Gen Z
10945,5.5,1.3,6.1,1.9,3.8,3.01,Low,Gen Z
10946,4.5,2.3,5.6,5.4,4.0,3.67,Moderate,Gen Z
10947,5.4,1.9,7.2,4.5,4.8,2.96,High,Gen Z
10948,4.2,2.2,5.6,2.7,5.8,3.21,Moderate,Gen Z
10949,5.0,2.4,6.3,1.6,4.8,3.28,High,Gen Z
10950,6.6,2.6,7.7,3.8,2.2,3.1,Moderate,Gen Z
10951,4.5,1.4,8.5,5.1,5.7,2.63,Moderate,Gen Z
10952,7.5,1.2,6.8,2.7,2.0,2.56,Moderate,Gen Z
10953,6.3,1.7,6.5,2.7,4.6,3.21,Moderate,Gen Z
10954,4.3,0.8,8.2,2.2,3.4,2.86,Moderate,Gen Z
10955,4.1,2.0,5.5,4.6,3.7,1.85,Moderate,Gen Z
10956,5.6,1.6,5.9,4.9,3.5,3.54,High,Gen Z
10957,6.2,1.1,8.1,0.6,4.1,3.06,Moderate,Gen Z
10958,5.8,0.0,6.9,1.1,4.6,2.38,Moderate,Gen Z
10959,4.1,0.4,7.2,3.7,3.7,2.15,High,Gen Z
10960,5.0,0.4,7.1,3.6,3.5,2.62,Moderate,Gen Z
10961,6.1,3.0,5.7,3.0,3.6,3.27,High,Gen Z
10962,4.5,0.7,7.1,2.4,4.7,3.2,High,Gen Z
10963,6.3,0.6,6.2,3.2,3.9,3.02,High,Gen Z
10964,4.0,3.5,7.4,2.0,2.9,2.85,Low,Gen Z
10965,4.2,2.2,5.5,2.5,1.8,2.63,High,Gen Z
10966,5.5,1.0,7.1,4.1,3.9,2.48,Moderate,Gen Z
10967,5.6,2.7,6.7,0.6,4.2,2.43,High,Gen Z
10968,6.4,0.9,6.9,2.9,2.3,2.84,Moderate,Gen Z
10969,3.6,2.5,4.3,5.9,4.0,3.25,Moderate,Gen Z
10970,5.3,1.6,7.7,5.1,6.2,3.07,Moderate,Gen Z
10971,3.3,1.8,6.8,5.0,3.2,3.59,Moderate,Gen Z
10972,6.8,1.1,7.0,2.9,6.2,3.73,High,Gen Z
10973,5.2,2.0,7.1,3.3,5.9,2.75,High,Gen Z
10974,2.9,2.4,6.6,3.2,1.4,3.33,High,Gen Z
10975,4.8,0.7,7.8,0.0,4.9,2.82,Moderate,Gen Z
10976,6.3,3.3,7.8,1.5,6.1,2.8,Moderate,Gen Z
10977,4.0,0.6,6.7,3.8,2.9,2.58,Moderate,Gen Z
10978,7.3,3.1,8.1,2.6,7.0,3.55,High,Gen Z
10979,5.6,1.7,6.4,2.0,6.2,3.26,High,Gen Z
10980,5.1,2.9,6.5,3.3,1.5,2.91,Moderate,Gen Z
10981,3.7,2.2,6.1,3.1,3.0,3.24,High,Gen Z
10982,5.6,1.6,8.2,3.1,2.7,3.02,High,Gen Z
10983,5.2,3.1,7.3,1.9,2.6,2.71,High,Gen Z
10984,7.2,0.9,7.1,2.3,0.6,2.85,High,Gen Z
10985,2.9,2.3,5.3,1.6,2.4,3.37,Moderate,Gen Z
10986,3.6,3.4,7.4,0.9,2.3,2.81,Moderate,Gen Z
10987,4.8,0.3,5.9,1.8,4.6,3.12,Low,Gen Z
10988,5.7,2.8,8.9,1.3,3.0,2.64,Low,Gen Z
10989,4.1,1.6,7.5,3.8,4.4,3.66,Low,Gen Z
10990,5.6,2.5,7.1,0.0,2.4,3.19,High,Gen Z
10991,5.6,2.2,7.0,2.9,4.3,3.23,Moderate,Gen Z
10992,5.9,0.3,7.0,4.2,3.9,3.32,Moderate,Gen Z
10993,7.2,3.9,7.4,2.4,3.8,3.21,Moderate,Gen Z
10994,5.9,2.2,4.3,1.8,4.5,3.18,Low,Gen Z
10995,6.5,2.7,7.0,2.5,4.3,3.34,Moderate,Gen Z
10996,4.6,4.7,7.4,3.2,4.4,3.36,High,Gen Z
10997,3.5,1.7,7.8,3.1,1.8,3.16,High,Gen Z
10998,4.2,0.9,7.6,3.7,5.4,3.72,High,Gen Z
10999,6.2,2.2,6.4,1.2,5.4,3.03,Low,Gen Z
11000,4.3,3.4,6.0,1.3,3.9,3.0,High,Gen Z
11001,5.5,0.0,7.4,3.5,4.1,3.29,High,Gen Z
11002,3.6,2.0,6.3,2.7,5.0,3.3,High,Gen Z
11003,3.3,1.3,8.8,5.7,6.2,2.85,High,Gen Z
11004,4.4,2.0,8.0,2.0,3.3,3.55,High,Gen Z
11005,4.9,2.5,6.8,4.0,5.8,3.42,High,Gen Z
11006,6.5,1.3,7.4,5.2,3.0,2.58,Moderate,Gen Z
11007,4.7,2.1,8.5,2.7,1.4,3.19,Low,Gen Z
11008,5.0,1.7,6.7,2.6,6.2,2.91,Low,Gen Z
11009,3.5,3.1,7.2,1.3,3.3,3.19,High,Gen Z
11010,5.8,0.6,6.0,3.2,3.9,3.14,Low,Gen Z
11011,6.5,1.7,7.4,3.2,2.9,2.59,Moderate,Gen Z
11012,5.5,1.7,7.8,0.8,2.7,3.11,Moderate,Gen Z
11013,2.7,1.4,5.3,3.6,0.6,3.34,Moderate,Gen Z
11014,5.7,0.9,5.5,2.4,1.0,2.82,Moderate,Gen Z
11015,3.2,2.1,6.2,4.1,0.0,3.16,High,Gen Z
11016,4.0,2.8,6.8,3.2,1.4,3.12,High,Gen Z
11017,4.3,4.2,7.7,2.2,3.8,3.02,Low,Gen Z
11018,7.0,0.0,5.9,2.8,5.9,3.32,Moderate,Gen Z
11019,5.7,2.3,7.5,2.6,2.8,3.62,Moderate,Gen Z
11020,3.5,0.1,4.5,3.6,1.4,3.2,High,Gen Z
11021,5.2,0.8,8.2,3.8,2.7,2.93,Moderate,Gen Z
11022,6.8,4.8,4.9,2.6,8.0,2.81,Low,Gen Z
11023,3.5,0.2,5.4,4.0,4.4,2.63,Moderate,Gen Z
11024,3.5,0.7,7.5,4.1,3.2,3.22,High,Gen Z
11025,6.3,0.8,8.2,1.8,3.5,2.8,Low,Gen Z
11026,5.3,3.2,7.3,3.6,2.8,2.6,Low,Gen Z
11027,2.7,1.9,7.1,4.2,4.4,2.99,High,Gen Z
11028,5.3,3.3,5.9,2.3,3.0,3.02,Low,Gen Z
11029,4.9,3.5,10.0,1.5,2.3,2.69,Moderate,Gen Z
11030,6.2,1.1,8.2,2.2,5.5,2.92,Low,Gen Z
11031,4.8,2.3,8.6,2.0,6.3,3.46,Moderate,Gen Z
11032,6.8,1.1,6.4,5.3,2.5,3.23,Moderate,Gen Z
11033,6.3,2.1,6.0,4.0,1.4,3.49,High,Gen Z
11034,5.2,0.9,7.7,4.8,2.7,2.38,Low,Gen Z
11035,5.4,2.1,7.1,2.1,4.3,2.98,Moderate,Gen Z
11036,6.9,0.4,6.2,3.4,0.4,3.12,Moderate,Gen Z
11037,4.0,1.8,7.4,3.2,2.2,3.66,Moderate,Gen Z
11038,4.9,2.7,8.3,1.3,1.3,3.54,High,Gen Z
11039,6.3,2.3,7.9,0.5,2.5,2.67,High,Gen Z
11040,5.5,0.0,7.4,1.9,4.0,3.26,Low,Gen Z
11041,5.3,2.2,7.2,5.5,4.8,3.27,Moderate,Gen Z
11042,4.9,2.4,7.9,2.5,2.9,3.13,Moderate,Gen Z
11043,3.4,0.7,6.7,3.1,4.0,2.71,Moderate,Gen Z
11044,6.2,1.7,7.3,2.9,3.1,2.79,High,Gen Z
11045,4.4,1.8,7.2,2.9,4.5,2.99,Moderate,Gen Z
11046,6.6,0.8,6.8,2.7,1.2,3.2,Moderate,Gen Z
11047,3.8,1.7,8.6,1.2,0.8,3.19,Moderate,Gen Z
11048,5.6,0.0,7.6,3.9,5.7,3.12,High,Gen Z
11049,4.6,2.4,7.5,3.8,1.5,3.18,High,Gen Z
11050,7.2,0.9,6.6,2.6,2.7,2.87,Moderate,Gen Z
11051,5.4,3.5,6.0,3.6,4.7,2.65,Low,Gen Z
11052,5.0,2.6,6.2,2.9,2.4,2.79,High,Gen Z
11053,4.6,2.0,7.7,2.0,3.0,2.38,Moderate,Gen Z
11054,5.4,1.7,6.4,2.7,6.4,3.15,Moderate,Gen Z
11055,4.8,2.5,6.5,5.1,2.2,3.04,Moderate,Gen Z
11056,3.3,2.8,7.1,0.6,2.6,3.09,High,Gen Z
11057,4.8,2.6,6.3,4.2,3.9,2.86,High,Gen Z
11058,6.9,2.3,6.6,1.1,4.3,2.34,High,Gen Z
11059,3.2,1.0,7.3,3.2,3.4,3.23,Low,Gen Z
11060,4.8,3.2,5.6,2.5,5.4,3.26,Moderate,Gen Z
11061,4.0,4.0,6.3,1.7,5.9,3.01,Moderate,Gen Z
11062,4.4,1.2,7.0,2.9,5.6,3.64,Low,Gen Z
11063,4.1,3.0,8.0,3.5,3.1,3.66,Moderate,Gen Z
11064,7.0,1.6,7.6,2.9,6.4,2.58,Low,Gen Z
11065,5.4,3.4,7.6,0.0,4.4,4.0,Moderate,Gen Z
11066,4.9,1.7,8.0,3.0,4.5,3.64,Moderate,Gen Z
11067,5.8,2.9,6.5,4.0,2.5,2.81,Low,Gen Z
11068,3.4,1.6,5.8,3.7,1.5,2.78,High,Gen Z
11069,1.6,4.3,6.7,1.9,5.0,2.62,Low,Gen Z
11070,3.5,1.3,8.0,2.6,5.0,2.86,Moderate,Gen Z
11071,4.8,2.8,5.6,1.9,3.3,3.02,Low,Gen Z
11072,5.0,1.7,6.7,5.0,5.9,3.04,High,Gen Z
11073,5.6,0.2,8.2,2.9,5.9,3.48,High,Gen Z
11074,2.8,3.8,7.3,3.3,4.0,2.87,High,Gen Z
11075,5.1,0.2,6.9,5.1,4.1,3.36,Moderate,Gen Z
11076,8.2,1.7,7.8,2.3,4.0,3.89,Low,Gen Z
11077,5.5,0.0,7.4,1.4,0.6,2.57,High,Gen Z
11078,5.3,1.1,7.3,3.7,0.8,2.91,Moderate,Gen Z
11079,6.5,0.0,7.6,0.8,4.7,2.94,Moderate,Gen Z
11080,3.0,1.9,6.4,1.9,3.6,3.29,Low,Gen Z
11081,6.8,1.7,6.8,3.6,1.9,2.41,Low,Gen Z
11082,6.2,0.2,6.2,3.0,5.6,3.45,High,Gen Z
11083,5.5,2.5,6.8,3.1,6.4,3.13,Low,Gen Z
11084,7.8,2.1,7.4,4.4,5.9,3.09,Low,Gen Z
11085,4.6,1.4,6.7,0.2,2.4,3.43,High,Gen Z
11086,3.8,2.0,6.5,3.7,5.0,2.82,Low,Gen Z
11087,4.3,1.0,6.7,2.9,2.6,3.2,High,Gen Z
11088,3.9,0.7,7.9,4.8,4.9,3.37,Moderate,Gen Z
11089,5.3,0.6,9.2,3.8,6.2,3.35,Low,Gen Z
11090,7.2,1.7,7.7,2.5,6.0,2.95,Low,Gen Z
11091,6.8,2.0,7.0,4.4,6.0,2.99,Moderate,Gen Z
11092,5.3,1.9,6.0,3.8,5.2,3.12,High,Gen Z
11093,4.0,1.8,9.1,2.5,1.1,2.6,Moderate,Gen Z
11094,3.8,2.5,6.2,4.1,3.5,3.96,Low,Gen Z
11095,7.4,1.9,7.0,2.5,3.9,3.0,Moderate,Gen Z
11096,5.0,1.8,7.4,4.6,0.6,3.52,Moderate,Gen Z
11097,6.0,2.7,6.5,3.2,3.7,2.81,Low,Gen Z
11098,3.5,0.1,6.8,0.5,3.6,3.17,Moderate,Gen Z
11099,6.6,0.8,7.3,3.1,1.8,3.61,High,Gen Z
11100,4.9,3.0,6.0,3.6,6.5,3.32,Low,Gen Z
11101,7.3,0.2,6.5,0.7,4.9,3.05,High,Gen Z
11102,4.6,3.5,6.9,2.0,5.3,2.74,Low,Gen Z
11103,4.7,2.3,6.9,1.0,4.1,3.73,Moderate,Gen Z
11104,5.6,2.5,7.1,3.4,6.2,2.93,High,Gen Z
11105,3.8,0.0,6.8,2.7,3.0,3.04,High,Gen Z
11106,4.5,0.5,9.3,4.2,1.0,3.61,Moderate,Gen Z
11107,5.6,0.0,6.5,3.2,4.5,2.34,Moderate,Gen Z
11108,4.0,0.4,6.7,3.9,4.7,3.19,Moderate,Gen Z
11109,4.9,0.1,6.8,6.2,2.2,3.26,Low,Gen Z
11110,6.5,0.0,6.3,2.1,4.7,2.19,High,Gen Z
11111,4.0,3.2,8.4,5.4,3.8,3.65,High,Gen Z
11112,3.8,3.7,8.4,0.1,4.5,2.53,Low,Gen Z
11113,5.3,1.7,6.5,0.1,2.2,3.04,Moderate,Gen Z
11114,5.5,3.1,8.1,2.7,3.6,3.49,High,Gen Z
11115,6.9,2.5,8.0,5.4,5.9,2.77,Moderate,Gen Z
11116,6.2,1.0,7.0,2.9,3.8,3.2,Moderate,Gen Z
11117,6.2,2.3,8.0,2.6,3.6,3.06,Low,Gen Z
11118,3.3,2.9,8.4,5.1,4.3,3.07,Low,Gen Z
11119,5.2,1.0,6.8,3.3,3.4,2.82,High,Gen Z
11120,6.1,0.0,6.9,2.2,2.7,2.99,High,Gen Z
11121,4.1,0.5,5.7,4.8,1.5,2.84,High,Gen Z
11122,8.6,1.1,5.5,4.3,4.8,3.36,High,Gen Z
11123,2.2,0.3,7.4,5.1,1.6,3.43,Moderate,Gen Z
11124,6.4,1.8,7.8,1.0,2.9,3.13,High,Gen Z
11125,2.9,1.5,7.1,3.2,1.4,3.56,Moderate,Gen Z
11126,5.2,0.0,6.9,1.9,4.7,2.64,Moderate,Gen Z
11127,7.1,3.3,8.7,0.9,2.5,3.4,Moderate,Gen Z
11128,5.6,3.6,7.4,3.0,4.3,3.41,High,Gen Z
11129,3.7,0.0,7.1,0.0,3.5,2.99,High,Gen Z
11130,5.6,1.3,7.6,2.3,4.1,2.92,High,Gen Z
11131,6.1,1.7,5.7,5.8,3.9,2.64,Moderate,Gen Z
11132,5.9,1.9,7.1,2.3,1.9,3.24,High,Gen Z
11133,2.4,0.9,7.6,4.0,1.4,3.55,Moderate,Gen Z
11134,3.6,2.5,6.7,4.1,2.6,2.73,Low,Gen Z
11135,3.0,1.8,8.7,2.2,3.2,2.62,Moderate,Gen Z
11136,6.5,2.0,8.4,4.4,5.8,1.9,Moderate,Gen Z
11137,1.0,2.3,7.0,3.9,5.7,3.72,High,Gen Z
11138,7.4,1.8,5.9,1.6,3.9,3.5,High,Gen Z
11139,5.2,1.9,6.8,2.3,1.8,2.67,Moderate,Gen Z
11140,2.1,1.8,5.7,2.3,5.3,2.91,High,Gen Z
11141,5.6,1.1,6.1,4.7,3.3,2.74,High,Gen Z
11142,4.6,1.8,5.3,2.7,4.6,3.23,Moderate,Gen Z
11143,5.0,0.1,6.3,3.1,5.9,3.31,Moderate,Gen Z
11144,5.6,1.6,8.6,2.4,3.1,3.09,High,Gen Z
11145,2.9,3.5,6.2,3.8,6.5,2.96,High,Gen Z
11146,4.6,0.7,6.0,0.0,4.5,2.8,Low,Gen Z
11147,9.2,1.6,5.8,3.3,4.8,2.56,Moderate,Gen Z
11148,3.4,1.7,7.2,2.9,4.8,2.5,High,Gen Z
11149,4.1,2.5,7.3,2.8,3.9,2.83,Low,Gen Z
11150,5.1,2.4,7.3,1.8,4.2,2.8,Moderate,Gen Z
11151,5.1,1.0,7.1,0.9,4.8,2.84,Moderate,Gen Z
11152,4.6,0.9,5.9,5.4,5.2,2.79,Low,Gen Z
11153,7.4,1.5,7.8,3.1,0.8,3.04,Low,Gen Z
11154,4.0,2.4,6.5,1.7,5.0,2.56,Moderate,Gen Z
11155,5.1,1.7,7.0,3.3,4.7,3.32,Low,Gen Z
11156,4.6,1.1,7.1,3.3,7.5,3.18,Moderate,Gen Z
11157,6.1,2.0,7.6,3.1,6.7,3.56,Moderate,Gen Z
11158,7.7,0.4,6.3,2.7,5.1,2.66,Low,Gen Z
11159,6.4,2.1,7.0,1.8,2.5,2.52,High,Gen Z
11160,4.2,0.2,5.4,1.7,2.3,4.0,High,Gen Z
11161,6.4,0.3,5.8,5.1,4.8,3.14,Moderate,Gen Z
11162,5.8,2.8,7.6,3.1,2.7,2.91,High,Gen Z
11163,6.9,2.3,5.8,2.7,5.2,2.92,High,Gen Z
11164,5.4,1.9,6.7,0.0,3.6,2.85,High,Gen Z
11165,6.1,1.2,7.2,1.1,7.5,3.25,Moderate,Gen Z
11166,3.5,1.5,7.5,1.1,0.9,3.41,Moderate,Gen Z
11167,8.0,2.8,8.7,2.6,2.8,3.23,Low,Gen Z
11168,4.6,1.2,7.9,4.4,4.4,2.95,Moderate,Gen Z
11169,2.6,2.2,7.6,4.0,1.5,3.43,High,Gen Z
11170,1.9,1.9,7.7,0.7,4.7,3.39,High,Gen Z
11171,3.5,1.9,6.8,4.0,3.6,2.79,Moderate,Gen Z
11172,4.6,1.4,7.7,2.8,2.8,3.01,High,Gen Z
11173,5.7,3.0,7.7,0.7,3.2,2.62,High,Gen Z
11174,3.1,2.2,8.3,3.1,2.7,3.43,High,Gen Z
11175,5.9,1.5,7.6,1.0,2.1,3.07,Low,Gen Z
11176,2.2,3.4,7.5,1.4,6.8,2.96,Moderate,Gen Z
11177,5.3,4.1,5.9,1.1,5.3,3.23,Moderate,Gen Z
11178,3.5,0.8,7.6,0.2,2.6,2.73,High,Gen Z
11179,6.5,1.8,7.2,1.9,3.4,3.07,Low,Gen Z
11180,5.1,2.3,6.3,0.0,4.9,3.09,Moderate,Gen Z
11181,5.2,0.4,6.7,4.2,5.1,3.42,Moderate,Gen Z
11182,4.2,3.1,7.2,3.8,3.6,2.96,Moderate,Gen Z
11183,5.1,1.0,5.6,4.6,2.5,3.09,High,Gen Z
11184,4.4,0.0,8.1,4.3,2.0,3.3,High,Gen Z
11185,4.0,1.8,5.9,1.2,2.2,2.89,High,Gen Z
11186,4.6,0.7,6.5,3.6,0.9,2.82,High,Gen Z
11187,5.9,1.9,7.4,2.3,2.4,3.41,Low,Gen Z
11188,5.9,4.3,8.6,3.2,6.1,2.62,Moderate,Gen Z
11189,2.5,3.2,6.8,1.8,2.2,2.91,High,Gen Z
11190,2.7,1.2,6.2,4.4,3.2,2.92,Moderate,Gen Z
11191,5.8,2.6,6.4,3.2,3.0,3.57,High,Gen Z
11192,9.3,1.2,6.6,0.1,1.9,3.01,Moderate,Gen Z
11193,5.3,3.5,7.8,1.7,4.0,2.83,Low,Gen Z
11194,6.3,3.2,8.6,4.0,2.9,3.26,High,Gen Z
11195,5.4,0.5,4.9,3.3,4.5,2.93,High,Gen Z
11196,5.4,1.5,7.4,3.8,3.7,3.19,High,Gen Z
11197,8.2,1.2,7.3,4.6,4.7,3.32,High,Gen Z
11198,2.8,0.8,7.6,3.5,4.2,3.18,Low,Gen Z
11199,2.8,1.3,5.9,2.7,4.3,3.19,Moderate,Gen Z
11200,5.6,4.8,7.4,1.8,1.9,3.36,High,Gen Z
11201,5.2,0.0,6.7,0.1,2.9,2.47,High,Gen Z
11202,4.8,0.0,6.5,3.1,2.5,3.51,High,Gen Z
11203,3.8,0.0,6.0,4.1,2.6,2.72,Moderate,Gen Z
11204,4.9,0.0,6.8,3.7,2.8,2.81,Low,Gen Z
11205,6.0,1.0,6.4,2.6,5.2,3.36,Moderate,Gen Z
11206,7.8,1.2,6.4,1.6,5.3,3.07,High,Gen Z
11207,3.1,0.1,6.0,4.9,2.8,2.72,Low,Gen Z
11208,5.1,2.6,5.9,0.2,3.4,3.24,Moderate,Gen Z
11209,4.8,3.1,8.2,2.0,5.3,2.8,Moderate,Gen Z
11210,4.6,1.3,7.8,2.0,1.3,2.64,Low,Gen Z
11211,4.2,0.8,7.7,1.3,5.0,2.94,Low,Gen Z
11212,5.5,1.3,7.9,1.9,3.9,2.11,High,Gen Z
11213,1.9,0.9,8.2,4.7,5.7,2.48,Moderate,Gen Z
11214,6.7,1.5,7.8,1.5,1.9,3.44,High,Gen Z
11215,4.7,2.0,7.2,5.1,4.6,3.13,Low,Gen Z
11216,4.4,0.7,5.8,3.6,3.1,3.03,High,Gen Z
11217,4.0,1.7,5.6,2.0,5.2,3.12,High,Gen Z
11218,5.2,1.7,7.9,2.2,4.5,2.74,Moderate,Gen Z
11219,6.6,1.4,8.4,5.2,3.5,2.91,Moderate,Gen Z
11220,4.8,0.9,6.7,1.8,3.1,3.59,High,Gen Z
11221,6.1,3.7,6.1,3.9,7.0,3.04,High,Gen Z
11222,4.9,2.2,5.2,2.3,3.8,3.14,High,Gen Z
11223,3.5,2.6,7.9,6.0,3.5,3.06,Low,Gen Z
11224,5.7,2.8,6.3,2.7,3.0,2.99,Moderate,Gen Z
11225,6.5,1.1,7.2,1.6,4.3,3.13,High,Gen Z
11226,3.9,2.7,6.5,3.5,3.0,3.52,High,Gen Z
11227,5.1,2.4,6.0,0.8,3.9,2.79,Moderate,Gen Z
11228,6.4,1.5,6.8,3.6,4.5,2.79,High,Gen Z
11229,5.5,1.4,5.9,4.8,5.1,3.44,Moderate,Gen Z
11230,4.7,0.7,7.3,3.9,6.2,2.68,High,Gen Z
11231,3.8,3.2,6.3,3.0,6.0,3.01,Moderate,Gen Z
11232,5.0,2.4,6.2,1.9,2.2,3.13,Moderate,Gen Z
11233,1.4,2.4,7.1,3.8,3.5,2.88,Moderate,Gen Z
11234,3.3,2.3,7.1,3.4,0.7,3.15,High,Gen Z
11235,8.1,3.0,5.1,3.2,3.9,2.46,Moderate,Gen Z
11236,2.9,0.3,8.9,2.2,3.0,2.45,High,Gen Z
11237,7.0,0.3,6.9,3.4,5.9,3.2,High,Gen Z
11238,7.5,3.4,7.0,2.0,2.8,3.05,Low,Gen Z
11239,4.6,0.8,6.4,3.6,5.7,2.81,High,Gen Z
11240,5.5,0.0,5.5,1.7,5.3,4.0,Moderate,Gen Z
11241,3.1,2.0,8.3,4.9,3.9,3.28,Moderate,Gen Z
11242,5.0,1.3,6.8,4.1,3.8,3.4,Moderate,Gen Z
11243,3.7,2.2,8.0,0.0,4.6,2.98,Moderate,Gen Z
11244,3.9,1.1,8.3,3.0,0.7,3.06,High,Gen Z
11245,3.4,2.2,7.4,3.6,5.0,3.55,High,Gen Z
11246,6.9,1.5,7.5,2.0,4.1,2.83,Moderate,Gen Z
11247,5.7,3.1,6.9,3.0,5.3,3.62,High,Gen Z
11248,4.6,0.8,5.3,6.3,3.4,3.08,Low,Gen Z
11249,6.1,0.9,8.2,4.7,3.6,3.31,Moderate,Gen Z
11250,4.4,4.4,6.4,0.5,5.5,3.03,Moderate,Gen Z
11251,3.9,2.0,8.4,2.0,2.5,3.06,High,Gen Z
11252,2.9,0.3,4.8,3.2,3.0,2.72,High,Gen Z
11253,4.5,0.9,6.0,4.6,4.4,3.99,Moderate,Gen Z
11254,5.8,2.4,8.9,3.5,3.3,3.09,High,Gen Z
11255,2.6,0.5,6.2,2.6,4.7,3.08,Moderate,Gen Z
11256,6.7,1.1,7.6,2.6,2.9,3.03,Moderate,Gen Z
11257,7.5,1.1,5.9,3.3,0.0,2.93,Moderate,Gen Z
11258,5.3,2.5,6.6,2.1,5.2,3.35,Moderate,Gen Z
11259,6.1,0.8,5.7,4.4,0.2,2.63,High,Gen Z
11260,5.6,0.5,5.7,2.4,4.5,3.3,High,Gen Z
11261,5.7,2.8,7.7,2.2,6.5,3.18,Low,Gen Z
11262,6.5,2.2,6.5,3.2,4.8,3.34,Low,Gen Z
11263,5.5,3.3,6.4,0.8,5.0,2.72,Moderate,Gen Z
11264,5.0,0.7,6.7,5.5,2.9,2.36,Moderate,Gen Z
11265,3.3,2.4,7.7,4.2,2.3,2.89,Moderate,Gen Z
11266,4.9,2.5,5.0,2.0,2.6,2.88,Low,Gen Z
11267,8.0,0.7,6.8,4.5,2.7,3.0,High,Gen Z
11268,4.4,3.1,7.8,0.1,5.6,3.22,Low,Gen Z
11269,5.1,1.1,7.3,0.1,2.6,2.88,High,Gen Z
11270,6.2,2.6,6.2,2.4,4.0,2.75,Moderate,Gen Z
11271,5.3,0.0,7.4,6.5,5.9,2.76,Low,Gen Z
11272,8.0,1.9,6.1,1.2,4.4,2.63,Moderate,Gen Z
11273,5.1,2.1,7.6,4.3,4.0,2.82,Moderate,Gen Z
11274,7.4,1.5,8.2,4.1,3.2,2.93,High,Gen Z
11275,6.6,5.0,6.6,2.1,6.1,3.13,Moderate,Gen Z
11276,3.9,0.8,6.3,4.8,2.7,2.81,Moderate,Gen Z
11277,3.6,2.7,6.5,3.7,2.1,3.16,Moderate,Gen Z
11278,6.2,0.7,8.8,3.0,3.8,2.85,High,Gen Z
11279,4.7,1.8,6.4,2.2,3.6,3.55,Moderate,Gen Z
11280,2.9,0.0,9.1,2.4,4.2,2.6,Moderate,Gen Z
11281,2.5,1.6,5.9,3.3,3.8,3.36,Moderate,Gen Z
11282,5.1,0.5,6.2,2.3,3.1,3.14,Moderate,Gen Z
11283,6.0,0.6,6.2,5.1,4.6,3.39,High,Gen Z
11284,4.0,2.3,5.9,2.8,4.8,2.99,High,Gen Z
11285,7.3,1.4,7.3,2.7,4.8,3.23,High,Gen Z
11286,4.2,2.4,8.3,0.0,4.8,2.61,High,Gen Z
11287,7.0,2.8,7.0,4.7,5.9,3.68,Moderate,Gen Z
11288,4.3,0.0,6.7,2.4,5.0,2.72,High,Gen Z
11289,6.3,1.9,6.6,0.9,3.4,2.84,High,Gen Z
11290,5.3,2.4,8.1,1.5,4.0,2.9,High,Gen Z
11291,5.9,2.8,7.7,4.4,4.7,3.03,Low,Gen Z
11292,6.6,1.7,5.9,2.4,3.2,3.61,Moderate,Gen Z
11293,7.0,2.6,6.8,5.4,3.9,2.58,Moderate,Gen Z
11294,5.1,3.9,7.1,1.2,4.9,3.54,High,Gen Z
11295,4.2,0.6,6.7,3.2,5.5,3.25,High,Gen Z
11296,6.1,0.0,7.1,3.6,2.1,2.79,High,Gen Z
11297,4.2,2.5,5.6,3.2,5.5,4.0,Low,Gen Z
11298,5.4,1.4,7.0,3.2,3.8,3.15,High,Gen Z
11299,4.7,1.6,5.8,3.2,1.9,2.79,High,Gen Z
11300,7.4,0.9,6.8,2.0,4.5,3.33,Moderate,Gen Z
11301,2.1,1.5,6.8,3.2,0.7,2.74,High,Gen Z
11302,6.1,1.5,6.5,2.0,2.9,2.77,High,Gen Z
11303,4.3,3.6,6.2,2.3,2.3,2.49,Moderate,Gen Z
11304,3.9,0.7,9.5,3.1,5.9,2.71,Moderate,Gen Z
11305,6.5,1.7,7.7,2.1,1.9,2.93,Moderate,Gen Z
11306,4.0,2.8,6.5,1.7,4.4,3.24,Moderate,Gen Z
11307,6.8,2.0,7.9,2.2,2.7,3.2,High,Gen Z
11308,5.4,2.6,8.2,0.3,3.8,3.18,High,Gen Z
11309,5.0,2.0,10.0,3.4,4.0,3.26,High,Gen Z
11310,7.2,3.1,6.5,5.3,2.3,3.07,Moderate,Gen Z
11311,4.8,1.6,5.7,0.5,2.3,2.95,Moderate,Gen Z
11312,3.7,0.5,6.9,2.8,2.8,3.53,Moderate,Gen Z
11313,5.8,2.0,5.8,3.4,4.8,3.09,High,Gen Z
11314,2.5,3.1,6.4,3.3,2.7,2.9,High,Gen Z
11315,6.2,0.9,6.9,2.2,2.6,3.43,Moderate,Gen Z
11316,6.6,3.6,6.2,5.3,3.1,2.77,High,Gen Z
11317,5.5,3.5,6.1,2.2,5.5,3.21,Low,Gen Z
11318,3.9,0.0,5.9,5.0,4.5,3.19,Moderate,Gen Z
11319,2.4,1.8,6.9,3.4,4.6,2.76,Low,Gen Z
11320,6.5,1.6,6.4,2.3,4.0,2.84,Moderate,Gen Z
11321,5.8,2.0,8.0,3.0,3.3,3.01,High,Gen Z
11322,6.6,2.0,7.5,1.4,1.7,3.22,Low,Gen Z
11323,5.8,2.0,8.0,3.9,2.2,2.67,Low,Gen Z
11324,3.2,0.0,8.3,4.4,4.9,3.36,High,Gen Z
11325,6.4,2.3,7.5,4.7,4.9,3.0,Moderate,Gen Z
11326,7.0,0.7,7.2,2.7,5.1,2.87,Low,Gen Z
11327,7.9,1.7,6.9,2.7,2.6,3.03,Moderate,Gen Z
11328,5.7,2.1,9.0,3.4,2.3,2.89,High,Gen Z
11329,3.9,0.2,7.2,1.5,6.2,3.34,Moderate,Gen Z
11330,4.0,0.9,6.0,5.0,5.1,2.67,Moderate,Gen Z
11331,5.0,0.9,7.5,4.0,2.8,3.08,Moderate,Gen Z
11332,5.7,2.0,6.2,0.0,3.8,3.09,Moderate,Gen Z
11333,4.9,1.7,6.5,4.1,3.8,3.34,Moderate,Gen Z
11334,4.3,2.2,7.4,1.7,3.7,2.56,Low,Gen Z
11335,3.5,1.8,6.2,2.2,5.2,2.73,High,Gen Z
11336,4.9,1.2,7.6,2.7,4.6,3.2,Moderate,Gen Z
11337,5.6,0.5,8.4,3.8,2.8,3.24,High,Gen Z
11338,5.3,4.0,6.7,3.5,5.4,3.27,Moderate,Gen Z
11339,6.2,2.9,6.6,4.2,4.4,2.69,Moderate,Gen Z
11340,5.2,0.7,5.8,1.6,4.6,3.32,Moderate,Gen Z
11341,5.4,1.8,7.2,5.5,1.6,2.8,Moderate,Gen Z
11342,5.8,3.5,6.9,2.3,2.8,2.91,Moderate,Gen Z
11343,4.7,0.9,6.0,1.7,2.2,3.07,Moderate,Gen Z
11344,5.0,0.7,6.7,4.6,3.4,2.63,Moderate,Gen Z
11345,3.4,2.9,7.2,1.7,4.0,3.01,Low,Gen Z
11346,6.9,1.8,8.1,4.0,3.9,3.3,Low,Gen Z
11347,4.2,1.4,6.9,3.6,0.8,3.07,Low,Gen Z
11348,5.0,1.5,7.2,3.3,3.1,2.9,High,Gen Z
11349,4.5,2.2,6.6,1.4,4.7,3.4,Moderate,Gen Z
11350,5.5,5.0,9.4,2.0,2.5,2.78,High,Gen Z
11351,7.1,2.0,6.9,1.5,3.3,3.34,Low,Gen Z
11352,5.5,0.8,8.6,0.0,5.4,3.35,High,Gen Z
11353,4.7,1.9,6.0,1.7,4.0,2.89,Low,Gen Z
11354,5.7,2.9,8.6,2.0,2.6,3.04,Moderate,Gen Z
11355,6.8,0.0,5.4,3.3,4.4,2.69,Moderate,Gen Z
11356,1.2,0.7,7.7,4.0,3.2,3.14,Moderate,Gen Z
11357,3.9,0.2,8.4,2.5,6.7,2.81,Moderate,Gen Z
11358,7.4,2.0,7.3,0.8,2.9,2.98,High,Gen Z
11359,5.9,2.3,7.2,1.3,6.2,2.98,Moderate,Gen Z
11360,4.6,2.4,7.1,3.6,2.6,2.52,Moderate,Gen Z
11361,3.8,1.7,6.0,3.1,3.6,3.01,Moderate,Gen Z
11362,4.1,0.6,5.7,4.6,4.9,3.19,High,Gen Z
11363,4.2,1.9,6.2,4.0,2.3,3.46,Low,Gen Z
11364,3.9,0.8,6.1,3.8,3.6,2.85,Low,Gen Z
11365,4.0,1.8,8.2,1.9,3.7,3.19,Moderate,Gen Z
11366,4.6,0.3,8.6,2.9,3.0,3.13,Low,Gen Z
11367,5.4,2.2,6.5,4.3,3.3,2.61,High,Gen Z
11368,5.2,3.0,6.7,3.5,1.9,2.37,Low,Gen Z
11369,6.5,1.3,7.8,4.2,1.0,3.38,Moderate,Gen Z
11370,7.7,3.0,6.2,3.0,6.1,2.31,High,Gen Z
11371,6.3,1.3,8.5,0.0,2.2,3.17,Moderate,Gen Z
11372,6.1,2.0,7.5,3.6,4.5,3.05,High,Gen Z
11373,6.2,1.5,5.3,2.6,1.1,3.33,Low,Gen Z
11374,4.7,1.9,5.0,3.5,2.7,2.51,High,Gen Z
11375,5.1,2.4,8.1,3.7,6.7,3.56,Moderate,Gen Z
11376,5.0,1.8,7.8,4.6,4.0,2.57,Low,Gen Z
11377,4.7,0.7,6.4,5.5,5.1,3.94,High,Gen Z
11378,7.7,0.2,5.2,4.5,3.8,2.66,High,Gen Z
11379,4.5,1.5,7.3,4.1,5.6,2.46,High,Gen Z
11380,4.1,3.3,6.6,1.2,2.5,3.44,Low,Gen Z
11381,5.4,2.5,7.2,4.0,6.9,2.82,Low,Gen Z
11382,6.6,2.9,7.5,3.8,4.8,3.38,High,Gen Z
11383,3.7,2.7,7.9,0.3,3.1,2.57,High,Gen Z
11384,4.7,1.6,6.2,2.1,1.4,2.75,High,Gen Z
11385,4.9,1.4,6.1,1.3,3.4,3.27,Moderate,Gen Z
11386,3.6,1.7,7.4,3.9,4.3,2.67,Moderate,Gen Z
11387,6.3,1.7,6.6,5.1,1.9,3.51,Moderate,Gen Z
11388,5.2,2.2,7.3,1.2,4.6,2.55,High,Gen Z
11389,3.3,2.2,8.0,0.2,2.9,3.04,Moderate,Gen Z
11390,6.7,0.6,7.8,4.6,1.8,2.88,Moderate,Gen Z
11391,6.6,3.0,8.1,2.5,2.8,2.47,High,Gen Z
11392,3.9,3.8,7.0,3.9,4.2,3.17,Low,Gen Z
11393,6.0,3.7,6.3,2.0,4.8,3.37,Moderate,Gen Z
11394,6.1,0.8,7.8,2.0,3.1,3.02,Low,Gen Z
11395,5.3,1.1,6.6,3.3,6.8,3.17,High,Gen Z
11396,5.2,2.0,6.5,1.7,3.8,3.23,Low,Gen Z
11397,6.4,1.9,7.9,2.1,5.4,2.96,High,Gen Z
11398,5.5,0.6,8.1,3.2,4.0,2.76,Moderate,Gen Z
11399,5.5,1.9,6.5,4.1,3.1,3.13,High,Gen Z
11400,5.5,0.0,7.2,2.5,4.8,2.56,Low,Gen Z
11401,5.4,2.7,5.8,4.3,3.3,2.93,High,Gen Z
11402,4.1,2.3,6.1,4.5,2.7,3.3,Moderate,Gen Z
11403,5.7,2.5,5.3,3.2,4.7,3.41,Moderate,Gen Z
11404,5.0,2.4,5.1,1.3,5.7,2.92,High,Gen Z
11405,4.8,2.9,8.2,3.8,3.5,2.85,Moderate,Gen Z
11406,6.5,2.6,5.7,2.8,3.6,2.62,Moderate,Gen Z
11407,6.3,2.1,6.4,3.4,3.6,2.97,Moderate,Gen Z
11408,3.8,1.0,7.7,4.8,3.4,2.81,Moderate,Gen Z
11409,5.5,3.7,6.9,2.3,3.8,3.15,Low,Gen Z
11410,4.4,3.4,8.8,3.4,5.9,2.97,High,Gen Z
11411,5.3,1.0,7.3,1.9,5.2,2.98,High,Gen Z
11412,4.7,2.1,7.4,4.2,2.2,2.92,High,Gen Z
11413,4.4,1.2,7.9,0.3,4.4,3.38,Low,Gen Z
11414,7.6,3.6,7.9,4.2,4.2,2.7,Low,Gen Z
11415,4.8,1.2,5.5,4.0,5.8,2.78,Moderate,Gen Z
11416,5.4,2.0,7.3,1.9,6.0,3.04,Moderate,Gen Z
11417,5.5,1.5,7.6,2.3,6.1,2.99,Moderate,Gen Z
11418,4.9,0.0,5.9,3.6,5.9,3.03,Moderate,Gen Z
11419,5.3,1.7,7.7,4.5,3.8,3.64,Moderate,Gen Z
11420,3.7,3.5,7.2,4.5,2.0,2.85,Moderate,Gen Z
11421,5.4,0.5,7.1,0.8,0.6,2.73,Moderate,Gen Z
11422,6.5,0.0,6.0,3.0,4.2,3.15,High,Gen Z
11423,4.7,1.0,6.4,1.5,4.3,3.03,Low,Gen Z
11424,5.8,1.7,6.5,3.0,2.9,2.17,High,Gen Z
11425,7.2,1.7,7.0,4.5,3.2,3.11,High,Gen Z
11426,3.6,1.1,8.1,3.5,3.3,3.36,High,Gen Z
11427,6.4,1.4,5.3,4.2,2.0,2.51,Moderate,Gen Z
11428,4.0,1.4,7.6,5.1,3.3,2.78,High,Gen Z
11429,4.2,2.4,6.1,5.0,3.6,2.8,Moderate,Gen Z
11430,5.7,0.7,6.4,4.8,2.4,2.63,High,Gen Z
11431,5.9,2.1,7.8,3.6,3.3,3.1,High,Gen Z
11432,2.8,1.0,7.0,1.5,1.9,2.85,Low,Gen Z
11433,6.1,1.3,8.4,4.1,4.4,3.17,High,Gen Z
11434,6.0,1.1,6.3,3.0,3.1,3.23,Low,Gen Z
11435,4.6,1.7,6.1,4.0,5.3,3.17,Moderate,Gen Z
11436,4.8,2.4,6.8,5.2,3.0,2.75,High,Gen Z
11437,4.3,3.5,7.1,2.7,4.7,3.45,High,Gen Z
11438,4.8,2.4,7.1,4.0,4.2,3.08,Moderate,Gen Z
11439,5.4,0.0,8.8,5.6,4.5,3.73,Moderate,Gen Z
11440,3.5,0.8,7.2,6.1,3.0,3.32,Low,Gen Z
11441,5.2,1.5,5.6,4.7,2.8,2.73,High,Gen Z
11442,5.3,1.0,6.9,5.9,4.6,3.13,High,Gen Z
11443,6.3,1.0,8.3,0.7,4.1,3.23,Moderate,Gen Z
11444,4.9,1.3,6.7,2.6,4.0,3.04,High,Gen Z
11445,4.3,2.3,4.6,4.9,3.7,3.33,High,Gen Z
11446,5.9,3.2,7.5,3.4,2.2,3.2,Moderate,Gen Z
11447,3.3,3.2,7.4,2.0,5.2,2.82,High,Gen Z
11448,7.4,0.3,6.6,5.9,1.7,2.85,High,Gen Z
11449,5.4,2.0,6.1,4.5,2.6,2.86,High,Gen Z
11450,4.5,1.0,7.7,2.7,4.4,3.1,Low,Gen Z
11451,6.9,0.7,8.4,1.0,5.9,2.52,High,Gen Z
11452,6.8,1.5,6.0,1.8,4.9,3.02,High,Gen Z
11453,4.7,1.3,7.8,3.5,2.1,3.01,Moderate,Gen Z
11454,4.9,2.7,7.2,0.7,4.9,2.76,Moderate,Gen Z
11455,2.6,2.7,7.9,3.9,3.1,2.58,Moderate,Gen Z
11456,4.5,0.4,7.5,1.6,4.8,2.47,High,Gen Z
11457,5.6,3.0,7.7,1.6,3.9,3.23,Moderate,Gen Z
11458,6.0,1.9,7.2,3.1,3.3,3.14,Low,Gen Z
11459,5.2,1.9,6.3,2.5,2.3,3.02,Low,Gen Z
11460,5.9,1.2,5.2,3.0,5.2,2.23,Moderate,Gen Z
11461,4.0,1.1,8.6,1.9,4.5,3.47,Low,Gen Z
11462,3.1,0.0,7.0,1.8,5.7,2.68,High,Gen Z
11463,5.7,0.8,7.1,4.1,2.0,2.51,High,Gen Z
11464,6.2,2.8,7.0,2.9,3.0,2.41,Moderate,Gen Z
11465,8.2,3.1,8.6,4.1,0.8,3.01,High,Gen Z
11466,5.4,2.3,5.9,1.5,4.5,3.47,Moderate,Gen Z
11467,5.7,2.9,6.7,2.3,3.2,2.8,High,Gen Z
11468,3.0,0.1,6.7,3.4,2.2,3.38,High,Gen Z
11469,5.2,2.7,7.1,3.6,1.9,3.31,High,Gen Z
11470,4.8,2.4,6.2,4.3,3.1,3.28,High,Gen Z
11471,4.9,4.0,6.8,1.5,2.6,3.27,Low,Gen Z
11472,6.5,1.4,9.2,2.9,4.2,3.35,Low,Gen Z
11473,6.5,2.2,7.2,1.2,4.2,2.81,Low,Gen Z
11474,6.4,2.9,5.3,2.0,2.0,2.94,Moderate,Gen Z
11475,5.2,0.4,6.6,3.0,1.7,2.96,Low,Gen Z
11476,3.8,2.1,7.6,5.1,2.6,3.33,High,Gen Z
11477,5.9,2.5,6.6,1.4,3.4,2.23,High,Gen Z
11478,5.6,2.8,7.5,4.2,3.4,2.69,Moderate,Gen Z
11479,5.8,1.0,6.0,3.0,2.4,2.76,Moderate,Gen Z
11480,6.5,0.7,7.9,0.4,5.4,3.14,Low,Gen Z
11481,9.6,2.0,7.7,4.3,4.1,3.3,Low,Gen Z
11482,6.2,2.6,8.5,1.4,2.6,3.56,High,Gen Z
11483,3.1,3.2,8.5,2.7,2.2,2.91,High,Gen Z
11484,4.9,0.7,7.0,0.0,6.2,2.81,High,Gen Z
11485,3.0,1.7,6.9,3.6,5.0,3.2,High,Gen Z
11486,3.0,1.4,7.0,1.6,2.3,2.61,Moderate,Gen Z
11487,4.3,1.8,7.2,2.6,4.1,2.42,Low,Gen Z
11488,6.6,0.5,7.4,3.9,3.7,2.51,High,Gen Z
11489,4.2,1.5,7.5,5.0,4.1,2.54,High,Gen Z
11490,4.9,2.3,5.7,3.9,2.9,3.25,High,Gen Z
11491,6.2,3.9,7.1,3.7,2.2,2.24,High,Gen Z
11492,7.1,1.6,6.1,4.3,4.9,3.06,High,Gen Z
11493,4.1,2.1,7.7,2.3,5.5,2.34,High,Gen Z
11494,8.9,1.6,7.1,3.9,3.5,3.31,Moderate,Gen Z
11495,4.6,2.0,6.8,0.0,4.3,3.45,Low,Gen Z
11496,5.2,0.8,8.7,2.5,4.3,3.4,Moderate,Gen Z
11497,7.6,2.3,7.7,1.9,5.2,3.4,Low,Gen Z
11498,6.0,3.3,5.3,1.7,4.9,3.56,Low,Gen Z
11499,8.4,1.3,6.9,3.9,6.1,2.93,High,Gen Z
11500,4.5,1.3,7.7,4.2,4.4,2.49,High,Gen Z
11501,5.7,0.6,7.4,2.2,5.3,3.13,High,Gen Z
11502,4.2,3.4,7.4,5.0,4.3,2.71,Low,Gen Z
11503,4.5,0.4,6.9,4.1,1.9,2.53,High,Gen Z
11504,5.5,1.9,7.7,3.2,6.6,3.6,Moderate,Gen Z
11505,4.7,0.0,7.2,4.0,4.2,2.86,High,Gen Z
11506,9.4,2.1,6.3,1.4,3.2,2.54,Moderate,Gen Z
11507,4.7,3.0,6.8,5.6,4.9,3.1,High,Gen Z
11508,4.0,0.7,9.2,3.5,5.8,2.67,High,Gen Z
11509,6.4,2.9,6.8,4.7,3.5,2.84,Moderate,Gen Z
11510,3.3,1.4,7.5,1.2,2.3,3.28,High,Gen Z
11511,7.4,2.4,6.5,2.5,3.0,2.97,Moderate,Gen Z
11512,3.9,1.4,6.7,2.0,4.7,3.32,High,Gen Z
11513,7.3,0.0,6.7,4.3,1.0,3.09,High,Gen Z
11514,6.6,1.1,7.7,4.4,4.4,2.7,High,Gen Z
11515,4.6,3.7,6.7,3.3,2.0,2.9,Moderate,Gen Z
11516,6.8,2.6,7.8,3.1,2.9,2.84,High,Gen Z
11517,4.3,0.6,7.1,1.8,2.4,3.4,High,Gen Z
11518,1.7,0.8,7.4,2.6,3.2,2.68,Moderate,Gen Z
11519,6.2,0.9,8.1,2.8,4.0,3.42,High,Gen Z
11520,2.8,2.1,6.5,4.2,3.1,2.45,High,Gen Z
11521,3.4,0.6,7.0,2.8,2.8,3.01,High,Gen Z
11522,7.2,2.8,7.0,3.7,4.5,3.59,High,Gen Z
11523,3.4,2.1,6.1,3.1,4.5,3.2,High,Gen Z
11524,3.6,2.2,7.7,1.9,4.6,2.51,High,Gen Z
11525,4.6,1.0,8.0,1.4,6.7,3.6,Moderate,Gen Z
11526,5.8,1.3,8.5,3.0,2.8,3.07,High,Gen Z
11527,7.2,0.5,7.9,3.7,4.5,2.45,High,Gen Z
11528,4.2,3.2,8.7,0.7,3.3,2.56,Moderate,Gen Z
11529,5.0,4.6,7.3,0.0,1.5,3.41,Moderate,Gen Z
11530,4.6,1.7,7.3,3.3,5.4,2.76,Moderate,Gen Z
11531,4.8,3.6,8.6,4.9,6.1,3.21,High,Gen Z
11532,4.2,4.4,6.9,1.7,4.0,2.78,High,Gen Z
11533,4.5,0.1,9.5,4.4,4.0,2.7,Moderate,Gen Z
11534,5.8,1.6,6.7,4.8,4.4,3.27,Moderate,Gen Z
11535,3.3,1.9,7.3,8.0,5.6,3.02,Moderate,Gen Z
11536,4.9,2.1,6.1,0.0,2.1,2.77,Moderate,Gen Z
11537,3.7,0.5,5.9,0.9,5.8,3.25,High,Gen Z
11538,2.5,1.9,5.7,2.5,0.3,3.21,High,Gen Z
11539,5.7,0.1,7.4,3.1,2.5,2.34,High,Gen Z
11540,4.8,0.4,8.1,2.3,3.3,2.68,Moderate,Gen Z
11541,4.0,0.5,6.8,0.5,5.1,3.66,Low,Gen Z
11542,7.3,2.0,6.4,4.1,3.3,2.94,Low,Gen Z
11543,4.0,2.1,6.2,3.4,4.8,3.58,High,Gen Z
11544,4.7,1.6,8.9,2.2,1.4,2.59,High,Gen Z
11545,3.2,2.0,7.9,2.1,2.2,3.28,Moderate,Gen Z
11546,6.5,0.2,9.3,2.6,5.8,2.32,Low,Gen Z
11547,4.5,0.4,7.1,3.1,7.4,2.92,High,Gen Z
11548,5.7,3.3,6.8,2.2,5.2,2.93,High,Gen Z
11549,7.4,3.7,6.8,0.9,3.8,3.3,High,Gen Z
11550,4.3,2.0,5.5,6.9,4.4,3.15,High,Gen Z
11551,4.2,0.6,7.7,3.5,5.4,2.73,High,Gen Z
11552,6.5,0.3,8.6,3.1,5.0,2.92,Moderate,Gen Z
11553,5.1,1.8,8.8,4.0,6.5,3.08,Low,Gen Z
11554,3.7,1.8,7.0,2.8,2.2,2.93,Moderate,Gen Z
11555,5.6,2.7,4.2,2.8,5.0,2.44,High,Gen Z
11556,2.6,0.5,7.1,3.3,2.5,2.3,High,Gen Z
11557,5.8,0.2,7.4,2.3,4.0,3.13,High,Gen Z
11558,3.4,0.3,8.6,4.3,2.5,2.86,Moderate,Gen Z
11559,5.4,0.6,7.4,3.4,2.7,3.46,Moderate,Gen Z
11560,4.5,0.0,6.2,0.5,5.7,2.54,Moderate,Gen Z
11561,4.0,3.8,7.8,3.4,6.8,2.74,High,Gen Z
11562,4.0,1.4,7.3,5.4,4.5,3.08,Moderate,Gen Z
11563,4.6,1.3,6.8,2.9,5.4,3.23,High,Gen Z
11564,3.9,0.8,7.5,4.6,7.2,3.05,Low,Gen Z
11565,3.1,0.8,5.7,3.2,5.1,2.88,High,Gen Z
11566,3.2,0.0,6.5,3.6,1.7,2.99,Moderate,Gen Z
11567,4.8,4.2,8.2,2.7,3.9,3.18,Moderate,Gen Z
11568,2.2,4.2,8.0,2.1,3.9,2.94,Low,Gen Z
11569,4.5,2.6,7.5,2.2,2.4,2.43,Low,Gen Z
11570,4.6,1.8,7.6,4.3,3.9,2.61,Moderate,Gen Z
11571,3.2,1.9,6.4,3.3,2.7,3.2,Moderate,Gen Z
11572,5.9,1.0,6.3,2.5,5.4,2.63,Moderate,Gen Z
11573,5.4,0.0,7.0,4.0,4.7,2.54,Low,Gen Z
11574,4.7,2.5,5.4,6.0,3.7,2.68,Moderate,Gen Z
11575,7.9,0.0,7.0,3.7,3.6,3.56,Moderate,Gen Z
11576,4.7,1.0,6.1,1.1,3.2,2.9,Moderate,Gen Z
11577,5.2,1.2,6.9,3.2,6.1,3.18,Moderate,Gen Z
11578,5.2,1.7,9.0,2.8,4.3,3.01,High,Gen Z
11579,4.6,1.3,7.0,1.6,2.0,3.12,High,Gen Z
11580,5.4,1.1,6.0,0.5,3.5,2.35,Moderate,Gen Z
11581,4.6,0.0,8.7,2.4,2.4,3.38,High,Gen Z
11582,7.3,1.5,6.2,3.7,3.2,3.58,Moderate,Gen Z
11583,4.1,2.1,6.3,1.7,4.1,2.65,Moderate,Gen Z
11584,3.6,1.6,7.7,4.5,4.8,2.33,High,Gen Z
11585,5.1,3.2,6.4,2.3,2.7,3.03,Moderate,Gen Z
11586,5.0,1.2,7.5,4.4,5.0,3.04,Moderate,Gen Z
11587,6.8,0.0,6.2,0.9,5.7,2.72,Moderate,Gen Z
11588,5.5,2.8,8.4,1.2,4.0,2.9,Low,Gen Z
11589,5.3,1.0,8.7,2.8,4.7,2.35,Moderate,Gen Z
11590,3.3,5.1,8.4,4.4,3.6,3.26,Low,Gen Z
11591,5.8,2.2,8.0,2.3,5.0,2.65,Low,Gen Z
11592,4.8,0.4,7.2,1.4,3.6,2.84,High,Gen Z
11593,3.5,0.4,5.9,1.9,4.2,2.89,Moderate,Gen Z
11594,5.7,2.6,7.1,0.5,1.9,2.98,Moderate,Gen Z
11595,6.0,0.0,6.1,1.5,3.5,3.02,Moderate,Gen Z
11596,2.3,1.0,6.4,4.2,4.0,3.08,Low,Gen Z
11597,5.5,3.1,7.3,3.5,2.8,3.48,High,Gen Z
11598,5.9,1.2,8.7,0.3,5.1,3.34,High,Gen Z
11599,5.2,1.9,6.4,4.4,7.7,2.87,Low,Gen Z
11600,3.7,2.1,7.1,3.1,4.8,2.91,Moderate,Gen Z
11601,4.8,2.2,6.9,2.9,4.2,3.3,Low,Gen Z
11602,6.7,2.6,6.2,2.1,2.4,3.48,High,Gen Z
11603,5.1,1.9,5.4,3.1,3.8,2.91,Moderate,Gen Z
11604,5.7,0.0,6.9,2.4,4.1,2.8,High,Gen Z
11605,5.1,2.8,7.0,3.6,4.9,2.58,High,Gen Z
11606,5.0,1.4,6.5,2.0,2.6,2.57,Low,Gen Z
11607,6.4,2.5,7.6,3.4,5.6,3.09,High,Gen Z
11608,1.2,0.2,7.0,4.5,5.0,3.01,Moderate,Gen Z
11609,4.1,1.5,6.3,1.4,4.7,3.36,Low,Gen Z
11610,5.9,0.9,7.8,2.2,2.0,2.77,High,Gen Z
11611,6.1,3.0,7.5,1.1,5.6,3.66,Moderate,Gen Z
11612,4.9,2.4,7.4,3.9,4.5,2.91,High,Gen Z
11613,4.4,3.1,6.1,2.9,2.7,3.04,High,Gen Z
11614,5.1,2.6,7.7,3.4,3.7,2.79,High,Gen Z
11615,3.7,1.8,7.9,5.2,3.7,2.97,Moderate,Gen Z
11616,3.5,2.5,7.0,4.2,5.7,3.58,High,Gen Z
11617,4.5,1.9,5.9,4.9,2.2,2.94,High,Gen Z
11618,7.5,0.8,9.0,1.2,1.9,2.71,Moderate,Gen Z
11619,5.2,2.8,6.1,2.0,0.2,1.94,Moderate,Gen Z
11620,5.4,2.9,5.7,2.1,2.4,3.06,Moderate,Gen Z
11621,3.7,0.9,7.9,3.4,3.4,2.16,High,Gen Z
11622,3.5,1.2,8.9,1.5,2.2,3.07,High,Gen Z
11623,4.2,3.0,7.0,3.9,1.9,2.41,Low,Gen Z
11624,6.0,0.9,8.6,3.9,3.8,3.38,Moderate,Gen Z
11625,3.5,0.8,7.7,3.7,3.4,2.18,Moderate,Gen Z
11626,6.8,1.7,6.8,3.5,2.2,2.78,Moderate,Gen Z
11627,3.1,0.8,6.2,3.1,3.0,2.38,High,Gen Z
11628,5.9,2.8,6.7,4.1,4.0,2.72,Low,Gen Z
11629,2.9,0.0,6.8,4.5,5.1,2.84,High,Gen Z
11630,4.7,2.0,7.8,6.1,5.6,3.32,Moderate,Gen Z
11631,1.6,0.0,6.4,1.9,1.3,2.96,High,Gen Z
11632,4.1,1.4,6.6,5.4,3.5,2.74,Moderate,Gen Z
11633,6.6,3.1,5.6,2.6,1.0,3.03,High,Gen Z
11634,4.1,2.9,7.3,2.1,2.2,3.38,Low,Gen Z
11635,5.3,1.2,7.7,1.1,2.9,2.97,High,Gen Z
11636,7.3,2.7,7.2,2.5,3.9,3.32,Low,Gen Z
11637,3.4,3.0,7.9,4.2,2.2,3.53,Low,Gen Z
11638,7.0,1.7,7.6,2.3,3.3,2.87,High,Gen Z
11639,3.9,1.0,6.5,1.4,4.2,2.94,High,Gen Z
11640,6.0,0.3,6.3,3.6,3.4,2.97,Moderate,Gen Z
11641,4.5,1.1,5.4,3.9,3.2,3.3,High,Gen Z
11642,5.2,0.5,8.8,1.8,2.9,3.87,Moderate,Gen Z
11643,4.7,1.6,6.8,1.1,4.9,2.75,High,Gen Z
11644,5.5,2.3,7.3,3.4,4.7,2.66,High,Gen Z
11645,2.2,2.8,6.5,3.9,6.7,3.02,Moderate,Gen Z
11646,4.4,2.4,6.7,1.7,3.4,3.48,Low,Gen Z
11647,3.9,1.8,7.4,2.3,2.6,2.24,Moderate,Gen Z
11648,3.4,2.0,6.0,3.0,4.1,2.49,Moderate,Gen Z
11649,3.2,1.7,6.8,0.9,2.0,2.77,High,Gen Z
11650,6.8,2.3,6.8,2.9,2.9,3.45,High,Gen Z
11651,3.7,2.0,8.1,3.7,1.2,3.49,High,Gen Z
11652,4.9,4.6,6.4,0.8,2.5,2.87,High,Gen Z
11653,5.1,1.0,6.1,1.3,1.2,2.83,High,Gen Z
11654,3.4,1.3,6.4,0.0,1.2,2.74,High,Gen Z
11655,4.7,0.0,6.0,3.6,5.6,2.09,Moderate,Gen Z
11656,3.9,1.6,6.2,4.0,4.2,3.34,High,Gen Z
11657,5.2,4.4,5.4,5.2,3.4,2.46,High,Gen Z
11658,2.7,2.1,5.6,2.8,2.1,2.7,Low,Gen Z
11659,6.6,0.9,6.2,0.0,4.5,2.5,Moderate,Gen Z
11660,4.2,1.4,6.9,1.4,3.6,3.27,High,Gen Z
11661,3.9,3.0,7.6,1.0,2.5,3.73,Moderate,Gen Z
11662,5.6,1.3,8.4,2.9,3.2,3.43,High,Gen Z
11663,4.9,1.6,5.3,4.6,1.4,3.46,Moderate,Gen Z
11664,3.8,0.0,8.3,3.5,4.4,2.38,Low,Gen Z
11665,5.6,2.1,7.2,2.3,1.3,2.69,Moderate,Gen Z
11666,4.2,2.4,6.6,0.6,4.5,3.61,High,Gen Z
11667,5.0,1.4,8.4,2.6,3.8,2.58,High,Gen Z
11668,6.1,0.3,6.1,2.3,4.4,2.47,High,Gen Z
11669,4.4,1.6,5.7,1.7,5.0,2.84,Moderate,Gen Z
11670,5.9,3.1,7.0,3.0,4.4,3.12,Moderate,Gen Z
11671,4.0,1.7,7.1,3.4,4.9,2.89,Moderate,Gen Z
11672,2.8,2.8,6.9,3.8,1.5,3.32,Low,Gen Z
11673,5.0,3.4,6.1,3.9,2.3,2.8,High,Gen Z
11674,5.1,3.1,6.2,2.2,2.9,3.34,Moderate,Gen Z
11675,4.7,2.6,6.4,2.8,0.0,2.96,High,Gen Z
11676,3.9,2.2,6.5,0.2,4.4,3.26,High,Gen Z
11677,5.5,1.4,6.4,1.9,8.0,3.03,Moderate,Gen Z
11678,5.1,0.4,8.9,1.3,1.1,2.52,Low,Gen Z
11679,5.8,1.2,7.0,2.8,6.0,3.24,High,Gen Z
11680,4.6,3.1,5.5,2.3,6.0,3.28,Low,Gen Z
11681,5.9,1.5,8.9,2.4,4.9,3.03,Low,Gen Z
11682,3.8,3.9,6.7,1.6,2.2,3.39,Moderate,Gen Z
11683,5.4,1.8,6.4,3.4,4.1,2.46,Low,Gen Z
11684,1.8,1.4,6.0,3.0,3.9,3.06,Low,Gen Z
11685,7.9,2.3,6.7,0.1,4.2,3.05,High,Gen Z
11686,5.4,1.8,8.0,3.0,4.3,2.93,Moderate,Gen Z
11687,4.9,1.4,7.2,1.6,4.3,2.81,High,Gen Z
11688,4.5,3.3,7.2,1.1,7.1,3.41,Moderate,Gen Z
11689,5.1,2.8,8.5,0.8,3.5,2.74,Low,Gen Z
11690,3.8,0.0,8.3,1.7,7.5,2.37,Low,Gen Z
11691,5.2,1.7,7.6,1.7,3.0,3.32,Moderate,Gen Z
11692,7.4,0.3,5.7,3.0,3.8,3.3,Low,Gen Z
11693,1.2,2.4,7.5,4.6,5.8,2.49,Low,Gen Z
11694,5.5,1.2,7.6,2.2,3.6,3.43,Moderate,Gen Z
11695,5.1,1.2,6.8,3.7,3.0,3.13,High,Gen Z
11696,5.8,0.7,8.2,4.2,4.2,2.75,High,Gen Z
11697,5.9,3.3,7.3,3.3,1.0,2.73,High,Gen Z
11698,4.2,3.0,6.1,2.3,4.1,3.26,High,Gen Z
11699,4.6,3.6,5.6,2.4,2.5,3.12,High,Gen Z
11700,5.8,0.0,8.8,0.0,2.7,2.98,Moderate,Gen Z
11701,5.7,2.3,6.7,0.4,6.9,3.22,Moderate,Gen Z
11702,6.4,1.0,7.1,1.9,3.0,2.99,Low,Gen Z
11703,5.4,0.1,8.7,3.2,4.4,3.09,High,Gen Z
11704,4.4,1.0,5.4,4.6,4.3,3.44,Moderate,Gen Z
11705,3.2,0.0,8.0,3.6,3.6,3.03,Moderate,Gen Z
11706,7.1,2.1,6.2,3.3,4.9,3.16,High,Gen Z
11707,4.3,3.1,7.7,2.7,5.8,3.13,High,Gen Z
11708,4.7,1.1,6.4,2.0,2.2,2.83,Moderate,Gen Z
11709,4.7,3.3,7.0,2.1,5.3,2.63,Low,Gen Z
11710,4.6,1.3,5.4,3.6,6.9,2.73,High,Gen Z
11711,4.1,1.8,5.4,4.3,3.5,2.9,High,Gen Z
11712,4.4,0.0,8.3,3.3,3.1,2.95,Moderate,Gen Z
11713,3.1,3.3,8.1,2.9,4.1,2.88,Moderate,Gen Z
11714,6.0,2.5,6.9,3.9,4.6,3.15,Moderate,Gen Z
11715,2.7,2.3,7.1,3.5,3.5,3.4,Moderate,Gen Z
11716,2.8,2.9,6.4,4.6,3.6,3.31,Moderate,Gen Z
11717,3.9,0.8,4.9,2.5,4.5,2.7,Low,Gen Z
11718,4.6,1.8,7.3,0.9,3.4,3.07,High,Gen Z
11719,3.7,1.6,7.9,0.0,0.6,2.82,Moderate,Gen Z
11720,6.6,0.0,8.5,3.6,3.9,2.9,Low,Gen Z
11721,4.0,1.0,6.5,0.7,1.2,3.39,High,Gen Z
11722,6.7,2.5,7.0,2.8,4.1,2.65,Low,Gen Z
11723,4.4,0.1,7.4,2.7,6.5,2.76,High,Gen Z
11724,4.3,3.5,9.1,3.1,5.3,2.65,Moderate,Gen Z
11725,5.5,1.2,8.5,3.4,3.1,3.43,Low,Gen Z
11726,4.5,2.2,7.3,0.3,2.9,3.17,Moderate,Gen Z
11727,5.6,2.3,6.3,4.7,0.9,3.21,Low,Gen Z
11728,5.6,1.1,7.0,4.6,5.2,3.19,High,Gen Z
11729,5.7,3.2,9.4,1.7,3.1,2.64,Moderate,Gen Z
11730,7.3,3.3,6.7,2.0,4.4,3.34,Moderate,Gen Z
11731,5.6,2.4,7.9,3.1,2.6,3.25,Moderate,Gen Z
11732,3.1,1.6,7.9,2.8,0.8,3.53,High,Gen Z
11733,5.4,0.2,6.2,1.2,4.4,3.34,High,Gen Z
11734,6.7,0.4,9.4,2.9,2.9,3.2,Moderate,Gen Z
11735,7.5,0.0,5.8,4.3,5.0,2.77,High,Gen Z
11736,5.3,0.0,8.6,2.7,2.4,2.98,Moderate,Gen Z
11737,4.2,2.6,7.4,1.7,5.1,3.02,Low,Gen Z
11738,6.1,2.2,6.0,5.4,4.4,3.06,High,Gen Z
11739,5.0,1.6,6.9,3.3,1.3,3.28,High,Gen Z
11740,6.3,2.2,5.5,2.1,0.0,3.26,Moderate,Gen Z
11741,2.8,3.1,5.9,5.7,2.6,3.06,Moderate,Gen Z
11742,4.2,3.2,6.8,3.2,1.9,3.02,Low,Gen Z
11743,5.9,2.4,6.8,3.0,3.3,3.16,Moderate,Gen Z
11744,5.2,1.8,8.1,2.6,3.9,2.82,High,Gen Z
11745,3.6,2.5,6.0,3.5,4.8,3.09,High,Gen Z
11746,7.8,3.9,6.0,2.9,6.3,2.96,Moderate,Gen Z
11747,7.2,3.1,6.2,4.7,4.3,3.09,Low,Gen Z
11748,6.3,2.4,7.5,6.6,1.9,3.03,High,Gen Z
11749,5.1,2.4,5.6,4.4,3.8,2.96,Low,Gen Z
11750,4.3,2.2,7.3,1.8,5.4,2.27,Moderate,Gen Z
11751,5.9,2.0,7.5,2.1,5.2,3.3,Low,Gen Z
11752,4.7,2.1,5.9,2.3,3.0,2.71,Moderate,Gen Z
11753,6.3,1.6,6.1,3.7,4.0,3.0,Low,Gen Z
11754,3.7,1.8,7.0,1.7,3.9,2.56,Low,Gen Z
11755,4.8,0.7,7.1,3.4,3.3,3.52,Moderate,Gen Z
11756,4.2,0.2,7.6,2.5,4.9,2.91,High,Gen Z
11757,6.3,1.3,5.9,3.1,3.6,2.97,Low,Gen Z
11758,4.2,3.6,7.7,1.3,1.3,3.39,Moderate,Gen Z
11759,8.2,0.0,8.0,2.9,5.7,3.08,Moderate,Gen Z
11760,6.6,1.3,7.9,0.0,4.4,3.34,High,Gen Z
11761,4.4,1.1,5.5,3.9,4.6,2.55,High,Gen Z
11762,6.0,2.1,7.8,0.6,3.3,3.19,Low,Gen Z
11763,5.3,3.5,7.6,5.2,6.0,3.38,Moderate,Gen Z
11764,5.3,2.1,6.3,2.1,5.2,3.28,Moderate,Gen Z
11765,6.8,3.0,7.7,2.0,4.7,3.29,Low,Gen Z
11766,6.8,1.3,7.3,0.4,2.6,3.0,High,Gen Z
11767,4.9,2.1,4.9,4.2,2.5,2.66,Low,Gen Z
11768,5.2,1.2,7.6,2.1,3.2,2.99,Moderate,Gen Z
11769,5.9,2.6,7.5,3.8,1.9,2.97,High,Gen Z
11770,7.0,2.4,6.7,3.6,5.0,2.61,Moderate,Gen Z
11771,3.1,2.4,5.5,1.1,2.0,3.4,Moderate,Gen Z
11772,5.7,2.1,6.7,1.7,2.1,2.78,Moderate,Gen Z
11773,5.2,3.5,6.8,4.6,3.9,3.37,High,Gen Z
11774,3.4,0.0,7.3,5.2,4.4,3.04,High,Gen Z
11775,3.7,1.4,7.0,3.9,4.6,3.13,High,Gen Z
11776,4.5,1.0,6.8,1.0,2.4,2.5,Moderate,Gen Z
11777,5.4,2.7,5.5,4.9,4.2,2.81,High,Gen Z
11778,2.3,0.6,6.3,2.7,4.6,3.02,High,Gen Z
11779,4.2,3.5,7.1,0.0,3.9,3.42,High,Gen Z
11780,5.4,1.4,6.2,2.4,3.4,2.79,Low,Gen Z
11781,5.1,0.0,7.0,3.3,3.0,4.0,High,Gen Z
11782,3.4,0.2,6.4,1.7,3.4,3.02,High,Gen Z
11783,6.8,2.3,6.5,2.5,2.4,2.85,Moderate,Gen Z
11784,5.7,1.8,6.5,0.8,5.2,3.05,Moderate,Gen Z
11785,5.0,1.7,6.3,3.8,2.9,3.29,High,Gen Z
11786,5.4,1.9,6.0,0.0,1.7,2.7,Moderate,Gen Z
11787,6.0,0.2,6.0,2.5,4.4,2.8,Moderate,Gen Z
11788,5.5,1.4,5.5,2.2,3.1,3.14,High,Gen Z
11789,6.0,1.4,6.8,3.4,4.8,3.39,High,Gen Z
11790,4.6,0.8,7.3,2.4,4.2,2.95,Low,Gen Z
11791,7.1,1.8,7.2,5.4,5.7,3.24,Low,Gen Z
11792,5.8,0.0,6.9,5.2,1.9,2.47,Moderate,Gen Z
11793,5.3,1.0,6.0,0.7,5.5,2.81,Moderate,Gen Z
11794,3.9,1.9,6.5,2.6,1.2,3.19,Moderate,Gen Z
11795,5.2,1.4,7.1,3.4,4.2,3.22,Moderate,Gen Z
11796,5.1,3.3,5.6,2.3,5.3,2.64,Moderate,Gen Z
11797,3.9,0.9,6.9,4.9,4.3,3.22,High,Gen Z
11798,5.3,1.0,7.2,3.3,4.4,2.61,Low,Gen Z
11799,5.4,1.0,6.4,1.6,5.5,3.69,Moderate,Gen Z
11800,6.1,1.6,6.8,4.3,2.1,3.06,Moderate,Gen Z
11801,4.4,2.5,7.5,2.8,2.0,2.88,Moderate,Gen Z
11802,3.0,2.8,8.1,3.2,4.3,2.86,High,Gen Z
11803,1.6,2.6,7.9,4.4,4.8,2.99,Moderate,Gen Z
11804,5.0,3.0,9.5,0.2,4.0,3.06,Moderate,Gen Z
11805,6.4,0.0,6.9,0.6,2.2,2.36,Low,Gen Z
11806,6.2,1.1,6.5,0.0,3.6,2.62,High,Gen Z
11807,4.1,1.4,6.5,2.3,5.4,2.87,Moderate,Gen Z
11808,8.9,1.7,7.0,4.7,3.6,3.06,High,Gen Z
11809,5.8,1.5,7.4,3.2,2.2,3.03,Low,Gen Z
11810,3.8,2.2,6.6,3.0,4.3,3.34,High,Gen Z
11811,5.8,1.7,6.9,2.6,3.4,2.94,Low,Gen Z
11812,5.4,2.1,7.9,0.2,4.9,2.42,Low,Gen Z
11813,5.3,0.6,6.1,4.4,3.5,3.12,Moderate,Gen Z
11814,5.0,2.6,7.9,4.9,4.1,3.41,High,Gen Z
11815,9.6,1.0,5.8,2.7,2.8,3.23,High,Gen Z
11816,5.6,0.0,6.2,6.0,3.6,3.14,Low,Gen Z
11817,4.4,2.8,7.5,2.9,3.9,2.78,High,Gen Z
11818,4.5,0.9,7.9,1.9,4.2,3.26,Low,Gen Z
11819,5.5,0.0,6.5,2.8,5.1,3.27,Moderate,Gen Z
11820,4.8,1.6,7.0,1.1,3.0,3.28,Moderate,Gen Z
11821,3.7,0.0,8.2,3.4,5.9,2.74,Moderate,Gen Z
11822,5.6,0.5,6.6,2.8,2.7,3.09,High,Gen Z
11823,3.0,3.8,6.3,2.8,3.4,3.3,Low,Gen Z
11824,5.4,1.8,7.5,2.8,4.3,3.09,Moderate,Gen Z
11825,4.9,2.1,6.2,3.7,2.6,2.78,Low,Gen Z
11826,5.0,0.0,7.7,2.0,5.0,2.82,High,Gen Z
11827,6.0,2.7,6.5,1.8,3.1,2.7,High,Gen Z
11828,4.9,1.8,7.1,3.4,3.2,3.41,Moderate,Gen Z
11829,5.5,0.9,7.7,3.3,2.2,2.67,High,Gen Z
11830,3.6,1.2,7.7,2.8,2.5,2.92,Low,Gen Z
11831,5.3,2.4,7.6,2.2,1.8,3.16,High,Gen Z
11832,4.5,4.5,8.1,2.6,2.9,3.34,Moderate,Gen Z
11833,2.7,0.9,5.5,1.4,4.6,2.74,Moderate,Gen Z
11834,5.7,2.2,7.5,2.8,3.1,2.69,High,Gen Z
11835,5.2,0.6,6.7,5.5,4.8,3.65,High,Gen Z
11836,6.0,1.9,8.0,1.9,2.2,2.8,Moderate,Gen Z
11837,3.2,3.8,7.0,3.4,3.5,3.07,High,Gen Z
11838,2.0,0.8,7.6,5.0,2.9,3.1,Moderate,Gen Z
11839,5.7,2.8,6.9,4.0,3.5,2.74,Moderate,Gen Z
11840,5.6,1.5,7.5,2.0,4.7,2.45,Moderate,Gen Z
11841,3.1,1.4,6.7,0.4,4.2,3.4,Moderate,Gen Z
11842,5.6,3.9,6.3,1.6,2.6,3.24,Low,Gen Z
11843,1.9,1.7,7.7,4.0,3.4,2.86,High,Gen Z
11844,3.6,0.0,6.5,3.5,6.7,3.23,High,Gen Z
11845,6.0,1.3,5.6,4.1,5.5,2.8,Low,Gen Z
11846,3.9,1.2,6.5,4.1,5.9,2.94,High,Gen Z
11847,7.5,2.1,9.0,3.3,4.1,2.6,Low,Gen Z
11848,5.3,2.0,7.9,1.5,4.0,3.01,High,Gen Z
11849,4.4,3.3,8.0,0.8,5.1,2.7,Moderate,Gen Z
11850,6.4,3.9,6.1,1.5,5.9,3.29,Moderate,Gen Z
11851,7.3,1.4,6.6,2.3,4.7,2.75,Moderate,Gen Z
11852,6.8,2.0,7.4,2.4,2.8,2.79,Low,Gen Z
11853,2.5,3.1,7.5,3.5,2.1,2.92,High,Gen Z
11854,4.5,2.9,6.2,2.7,3.6,2.72,Low,Gen Z
11855,3.9,2.9,7.7,0.9,4.0,3.5,High,Gen Z
11856,7.4,1.7,6.1,3.3,4.8,2.89,Low,Gen Z
11857,5.6,1.0,7.1,2.5,3.6,2.87,Moderate,Gen Z
11858,2.9,2.2,7.1,5.0,4.0,3.05,Moderate,Gen Z
11859,4.8,1.2,6.8,2.6,4.7,3.35,Low,Gen Z
11860,4.2,2.3,7.2,3.4,3.0,3.2,High,Gen Z
11861,2.9,0.7,6.4,3.0,4.7,2.95,High,Gen Z
11862,4.2,3.2,5.8,4.5,4.4,2.63,Moderate,Gen Z
11863,6.2,0.9,8.1,4.6,3.5,2.79,High,Gen Z
11864,7.4,1.0,7.4,1.1,4.4,2.78,High,Gen Z
11865,6.6,1.7,7.1,1.7,5.7,2.57,Moderate,Gen Z
11866,4.8,2.3,6.9,2.4,5.5,3.31,Moderate,Gen Z
11867,5.2,0.0,6.9,3.3,2.0,2.86,Moderate,Gen Z
11868,4.2,0.6,7.3,1.2,4.7,2.12,High,Gen Z
11869,4.7,2.9,8.2,1.5,2.8,2.72,High,Gen Z
11870,6.5,1.6,6.5,4.8,2.7,2.83,High,Gen Z
11871,2.0,1.8,5.6,2.4,4.7,2.95,Low,Gen Z
11872,4.3,0.0,7.8,4.1,5.6,3.09,Low,Gen Z
11873,7.3,2.9,9.1,4.0,4.6,2.75,Low,Gen Z
11874,5.0,1.6,5.8,4.5,5.7,3.2,High,Gen Z
11875,2.6,1.9,6.2,4.1,2.9,3.4,Moderate,Gen Z
11876,5.6,1.6,9.1,4.7,5.3,2.76,Moderate,Gen Z
11877,4.5,0.8,6.8,2.1,2.7,3.12,Moderate,Gen Z
11878,2.6,2.2,7.3,3.9,2.0,3.09,High,Gen Z
11879,3.9,0.5,7.6,2.0,3.5,3.61,High,Gen Z
11880,5.1,0.0,5.1,3.3,4.2,3.18,Low,Gen Z
11881,5.0,1.9,7.7,3.8,5.1,2.8,High,Gen Z
11882,4.4,0.7,7.8,6.3,3.5,3.23,Low,Gen Z
11883,5.2,0.0,6.7,2.0,2.4,2.7,Moderate,Gen Z
11884,5.9,3.4,7.2,3.9,3.1,3.63,High,Gen Z
11885,6.0,0.2,7.5,3.8,1.4,3.36,Low,Gen Z
11886,4.7,0.1,6.0,4.3,2.3,2.64,Low,Gen Z
11887,5.2,2.0,7.9,2.8,7.6,3.31,Moderate,Gen Z
11888,6.2,1.2,6.3,4.0,4.1,3.57,High,Gen Z
11889,5.2,2.0,6.8,0.0,2.3,3.1,Low,Gen Z
11890,7.7,1.6,7.5,2.6,4.4,2.31,Moderate,Gen Z
11891,5.2,2.5,8.7,2.2,3.3,2.94,Moderate,Gen Z
11892,4.7,2.3,6.8,4.5,3.9,2.51,Moderate,Gen Z
11893,5.7,2.1,9.6,2.1,5.0,3.26,High,Gen Z
11894,4.0,0.1,8.7,1.6,3.2,2.74,High,Gen Z
11895,4.5,0.9,7.4,4.0,6.6,2.58,High,Gen Z
11896,2.2,2.8,5.7,4.6,2.0,3.04,High,Gen Z
11897,6.6,0.9,5.9,4.5,4.6,2.59,High,Gen Z
11898,4.5,3.2,7.1,3.3,1.0,3.38,Moderate,Gen Z
11899,6.0,1.8,6.8,1.3,5.3,2.74,High,Gen Z
11900,3.9,1.9,7.0,2.8,3.1,3.36,Moderate,Gen Z
11901,2.5,1.6,5.8,2.2,4.7,3.33,High,Gen Z
11902,4.3,1.3,7.5,4.8,7.1,2.47,Moderate,Gen Z
11903,3.4,3.3,7.0,2.5,4.1,3.25,High,Gen Z
11904,5.7,1.7,7.1,5.3,3.8,3.02,High,Gen Z
11905,6.3,2.3,8.7,3.2,1.3,3.09,Moderate,Gen Z
11906,4.0,0.9,7.5,4.8,3.5,3.91,High,Gen Z
11907,4.0,2.5,6.9,3.8,2.0,2.74,High,Gen Z
11908,7.0,2.0,6.7,3.2,2.8,3.01,Low,Gen Z
11909,5.1,2.0,6.1,5.6,5.3,2.55,Low,Gen Z
11910,5.6,0.2,8.1,4.6,3.8,2.77,Low,Gen Z
11911,4.6,0.0,6.0,2.5,5.4,3.21,Moderate,Gen Z
11912,4.2,3.8,7.7,3.0,4.2,2.71,Moderate,Gen Z
11913,5.8,1.4,7.6,3.9,3.1,2.91,Moderate,Gen Z
11914,6.7,0.1,8.3,3.2,3.6,3.19,High,Gen Z
11915,4.2,3.0,6.4,3.1,2.6,3.05,High,Gen Z
11916,3.9,2.8,6.0,1.6,1.7,2.38,Moderate,Gen Z
11917,4.2,2.2,7.7,3.0,5.5,3.27,High,Gen Z
11918,5.0,1.9,6.2,4.8,5.3,2.76,Moderate,Gen Z
11919,3.2,3.1,8.6,3.7,3.5,3.36,High,Gen Z
11920,3.1,2.3,5.3,4.5,3.4,3.14,Moderate,Gen Z
11921,4.7,0.0,4.8,0.8,2.4,3.05,High,Gen Z
11922,4.7,0.0,7.9,4.8,2.8,3.68,High,Gen Z
11923,4.8,3.2,6.2,3.3,7.5,3.05,Moderate,Gen Z
11924,5.0,0.4,7.6,0.0,2.8,2.52,High,Gen Z
11925,4.6,2.8,7.6,1.7,4.1,2.55,High,Gen Z
11926,4.1,0.3,6.9,3.2,1.6,3.48,High,Gen Z
11927,5.2,2.0,6.5,3.9,3.2,2.85,Low,Gen Z
11928,4.9,1.7,7.6,1.9,3.1,2.79,Low,Gen Z
11929,5.9,0.0,6.5,1.0,3.4,3.02,High,Gen Z
11930,6.6,0.9,5.3,3.2,1.1,2.14,Moderate,Gen Z
11931,6.0,2.2,6.8,0.5,3.7,2.66,Low,Gen Z
11932,4.9,0.9,7.3,0.2,3.9,3.18,Low,Gen Z
11933,3.8,2.5,9.1,1.7,1.5,2.6,Moderate,Gen Z
11934,6.1,4.1,6.9,3.3,5.1,2.74,Low,Gen Z
11935,4.3,1.7,8.2,3.4,4.7,2.66,High,Gen Z
11936,3.6,0.3,6.2,2.6,5.0,3.51,Low,Gen Z
11937,3.1,1.8,6.7,1.7,2.7,3.11,High,Gen Z
11938,5.2,3.2,6.7,3.3,5.7,3.4,High,Gen Z
11939,4.5,1.3,5.6,4.9,4.5,2.56,Low,Gen Z
11940,4.9,4.4,6.8,3.0,3.8,2.9,High,Gen Z
11941,5.2,3.2,8.0,2.3,4.7,2.42,High,Gen Z
11942,4.4,2.0,6.9,2.8,4.9,2.15,Moderate,Gen Z
11943,4.7,2.0,5.9,2.5,1.8,2.81,High,Gen Z
11944,6.5,0.0,7.6,4.3,6.9,2.55,High,Gen Z
11945,4.5,2.7,5.6,0.9,4.9,2.54,High,Gen Z
11946,5.1,3.2,7.5,2.9,3.0,3.09,Moderate,Gen Z
11947,3.0,2.2,7.9,1.8,1.8,3.24,Low,Gen Z
11948,5.2,0.4,8.6,1.9,4.5,3.24,High,Gen Z
11949,6.0,2.2,8.0,1.8,2.6,2.79,Low,Gen Z
11950,5.5,2.5,7.2,1.6,1.3,2.55,High,Gen Z
11951,5.9,0.8,5.4,4.3,4.3,2.65,High,Gen Z
11952,4.2,0.4,6.9,3.9,2.6,2.74,High,Gen Z
11953,3.1,2.8,5.1,2.9,4.8,3.05,Moderate,Gen Z
11954,5.9,0.0,8.4,0.6,3.3,3.15,Moderate,Gen Z
11955,3.7,2.9,8.0,4.1,2.6,2.75,High,Gen Z
11956,5.0,1.4,8.2,5.2,2.8,2.98,High,Gen Z
11957,6.9,0.8,7.4,3.0,3.5,2.64,Low,Gen Z
11958,5.0,1.5,5.5,2.7,2.2,3.11,High,Gen Z
11959,6.5,2.6,6.5,5.6,3.6,3.0,Moderate,Gen Z
11960,1.0,2.6,6.6,2.9,2.5,3.55,High,Gen Z
11961,5.0,2.3,5.3,0.7,0.4,3.22,Low,Gen Z
11962,5.8,2.1,9.7,2.8,4.9,2.57,Moderate,Gen Z
11963,7.6,1.7,6.2,0.4,4.7,3.34,High,Gen Z
11964,5.4,0.2,8.0,2.4,4.6,3.13,High,Gen Z
11965,3.9,1.1,6.3,0.9,1.5,3.11,Moderate,Gen Z
11966,4.3,0.7,6.6,3.8,1.4,3.12,Moderate,Gen Z
11967,6.0,2.0,8.3,3.5,5.1,3.33,Moderate,Gen Z
11968,4.8,0.3,9.2,2.2,4.7,2.64,High,Gen Z
11969,5.5,3.9,6.0,2.7,2.9,2.88,Moderate,Gen Z
11970,4.9,0.5,5.9,2.3,4.6,3.72,Moderate,Gen Z
11971,3.5,2.4,6.8,3.9,3.8,3.12,High,Gen Z
11972,5.6,0.9,5.7,0.7,3.9,2.79,Moderate,Gen Z
11973,6.7,3.5,5.9,2.2,4.1,3.27,Low,Gen Z
11974,6.4,0.2,6.9,2.5,4.1,2.93,Moderate,Gen Z
11975,4.5,3.1,7.2,1.2,3.6,2.66,High,Gen Z
11976,4.1,1.8,7.0,4.5,3.8,3.23,High,Gen Z
11977,3.7,0.2,6.6,1.8,4.7,2.92,Moderate,Gen Z
11978,4.2,3.1,7.9,3.5,4.2,3.25,High,Gen Z
11979,4.2,1.9,6.8,2.8,2.3,3.28,Moderate,Gen Z
11980,6.7,3.8,6.9,3.3,2.5,3.2,Low,Gen Z
11981,3.0,2.1,5.6,4.5,3.2,2.99,Moderate,Gen Z
11982,6.2,0.4,5.8,2.4,3.4,3.15,High,Gen Z
11983,3.5,1.2,7.6,4.8,3.7,3.23,Moderate,Gen Z
11984,4.2,3.0,7.9,6.3,5.0,2.85,Low,Gen Z
11985,5.7,2.2,5.9,2.3,2.4,3.34,High,Gen Z
11986,7.0,2.7,5.9,2.8,4.0,2.54,High,Gen Z
11987,4.1,2.0,6.5,2.7,2.9,2.87,High,Gen Z
11988,3.0,2.4,7.5,3.4,3.8,3.15,Moderate,Gen Z
11989,6.7,0.1,6.7,3.6,0.9,3.38,High,Gen Z
11990,2.7,2.4,6.3,4.6,2.9,3.01,High,Gen Z
11991,4.9,0.0,6.8,5.0,4.8,2.83,High,Gen Z
11992,5.8,1.3,7.6,2.4,5.7,3.23,High,Gen Z
11993,2.5,2.5,4.7,1.0,3.6,3.1,Moderate,Gen Z
11994,1.4,2.5,6.9,2.6,4.9,2.32,Low,Gen Z
11995,4.4,0.0,8.1,4.6,5.8,2.96,Low,Gen Z
11996,5.9,2.2,6.6,2.0,6.2,3.13,Moderate,Gen Z
11997,7.0,2.4,7.4,5.1,4.0,3.53,High,Gen Z
11998,3.3,2.9,5.7,7.1,3.2,2.82,Moderate,Gen Z
11999,5.6,1.5,6.9,0.8,1.5,2.79,Moderate,Gen Z
12000,6.7,0.8,6.6,1.0,5.3,3.08,Moderate,Gen Z
12001,1.8,3.1,7.9,2.4,0.8,2.84,High,Gen Z
12002,6.5,1.9,8.7,2.4,7.4,3.37,Moderate,Gen Z
12003,4.8,2.1,6.9,3.0,4.3,3.37,Low,Gen Z
12004,5.9,2.0,7.3,3.3,5.2,3.23,Moderate,Gen Z
12005,3.1,2.1,7.9,2.2,5.5,3.02,High,Gen Z
12006,3.1,2.2,4.7,3.6,3.9,2.25,Moderate,Gen Z
12007,4.2,2.0,7.1,4.8,4.8,3.35,High,Gen Z
12008,3.4,1.8,7.3,2.6,0.7,3.07,High,Gen Z
12009,6.0,0.0,6.8,3.1,2.5,4.0,Moderate,Gen Z
12010,3.7,2.7,6.9,2.0,3.4,2.5,Moderate,Gen Z
12011,6.4,2.7,8.3,5.0,4.4,3.33,Low,Gen Z
12012,4.8,1.0,6.4,3.3,5.5,2.65,High,Gen Z
12013,5.0,3.1,8.2,2.6,3.6,3.27,Low,Gen Z
12014,6.4,1.4,9.5,2.2,3.6,3.56,Moderate,Gen Z
12015,4.1,0.9,7.7,3.4,0.9,3.03,Moderate,Gen Z
12016,3.0,2.6,7.4,4.5,5.0,3.36,Low,Gen Z
12017,7.6,1.2,6.2,2.9,2.8,3.31,Moderate,Gen Z
12018,5.4,0.8,7.3,1.8,5.3,3.61,Low,Gen Z
12019,4.3,1.5,7.2,1.7,3.3,3.03,High,Gen Z
12020,5.2,2.5,5.5,3.7,4.7,3.19,Low,Gen Z
12021,6.3,2.7,8.6,1.0,4.5,2.6,Moderate,Gen Z
12022,4.9,1.9,6.2,4.8,7.1,3.33,High,Gen Z
12023,3.7,1.4,8.0,2.2,3.8,3.57,High,Gen Z
12024,5.8,0.0,5.7,1.6,3.8,2.88,Moderate,Gen Z
12025,5.4,1.8,9.1,3.4,6.2,3.75,Low,Gen Z
12026,5.4,1.0,7.9,2.8,4.1,2.85,High,Gen Z
12027,4.5,2.2,6.0,3.0,5.0,2.85,Low,Gen Z
12028,4.3,1.3,7.1,3.2,2.6,2.57,High,Gen Z
12029,5.1,0.1,7.8,2.0,5.1,3.31,Moderate,Gen Z
12030,5.9,2.5,6.8,4.3,2.7,3.26,Moderate,Gen Z
12031,6.1,1.0,6.5,2.9,4.0,2.98,High,Gen Z
12032,5.0,2.5,7.3,4.1,5.0,2.9,High,Gen Z
12033,5.0,1.4,7.5,1.1,8.0,3.69,Moderate,Gen Z
12034,3.2,1.4,7.2,2.9,0.7,2.43,Moderate,Gen Z
12035,7.0,2.5,6.3,2.8,2.4,3.11,Moderate,Gen Z
12036,4.3,2.9,6.0,0.0,6.3,3.28,Low,Gen Z
12037,4.8,0.0,7.3,0.7,2.1,3.04,High,Gen Z
12038,4.7,2.2,8.5,2.8,2.9,2.85,Moderate,Gen Z
12039,8.1,1.1,7.6,3.1,3.5,2.93,High,Gen Z
12040,2.8,1.4,7.8,1.6,4.0,2.96,Low,Gen Z
12041,6.7,0.0,7.3,3.6,3.6,3.24,High,Gen Z
12042,6.8,1.4,7.1,2.7,5.1,3.47,Low,Gen Z
12043,4.3,3.4,7.7,2.1,1.7,3.19,Low,Gen Z
12044,4.3,3.6,6.3,2.1,3.4,3.95,High,Gen Z
12045,3.2,2.6,6.2,2.5,4.6,2.82,Moderate,Gen Z
12046,2.3,0.6,6.5,2.7,4.0,2.27,Moderate,Gen Z
12047,5.7,3.1,5.8,3.3,6.1,3.23,High,Gen Z
12048,3.4,1.4,7.8,3.0,2.8,3.38,Moderate,Gen Z
12049,2.9,1.9,5.9,4.2,3.5,3.24,High,Gen Z
12050,5.0,1.6,6.3,3.6,1.5,3.01,Low,Gen Z
12051,5.6,0.9,6.6,2.6,5.7,3.37,High,Gen Z
12052,4.2,0.6,8.8,5.2,3.9,3.13,Low,Gen Z
12053,4.9,1.5,5.6,4.4,3.4,2.59,High,Gen Z
12054,5.3,3.4,5.3,3.4,3.0,3.58,Moderate,Gen Z
12055,4.3,3.8,7.0,2.7,1.8,3.44,High,Gen Z
12056,2.3,2.3,5.9,0.1,5.2,3.63,High,Gen Z
12057,6.0,1.1,6.2,2.8,2.9,3.0,Moderate,Gen Z
12058,6.4,0.6,8.7,2.2,3.8,3.29,High,Gen Z
12059,6.4,1.5,7.9,4.4,2.9,2.83,Moderate,Gen Z
12060,5.2,2.9,8.3,2.7,4.5,3.66,High,Gen Z
12061,1.7,3.3,6.7,2.2,4.2,3.47,High,Gen Z
12062,6.5,3.1,7.7,1.8,1.5,2.8,High,Gen Z
12063,5.6,0.6,6.7,3.8,5.4,2.95,High,Gen Z
12064,4.6,1.2,6.4,3.0,4.9,2.56,High,Gen Z
12065,4.0,1.4,6.2,3.5,1.0,3.5,High,Gen Z
12066,5.6,0.7,6.7,1.5,0.0,2.93,High,Gen Z
12067,3.3,3.9,7.2,1.7,6.0,2.95,Low,Gen Z
12068,3.7,2.8,7.8,1.7,4.0,3.0,Moderate,Gen Z
12069,3.9,0.4,5.1,3.3,3.8,3.11,Moderate,Gen Z
12070,2.8,2.1,6.7,4.0,3.4,2.47,Moderate,Gen Z
12071,6.3,1.4,6.7,2.0,5.1,3.25,High,Gen Z
12072,3.3,0.7,6.5,2.7,1.7,2.87,High,Gen Z
12073,6.1,2.2,7.5,0.3,2.5,3.18,Moderate,Gen Z
12074,5.6,3.0,5.8,0.7,5.0,3.37,Moderate,Gen Z
12075,4.7,1.9,7.7,2.6,2.6,3.5,High,Gen Z
12076,6.8,1.6,6.6,4.5,3.1,3.15,Moderate,Gen Z
12077,5.6,1.3,7.8,2.0,5.3,3.49,Low,Gen Z
12078,4.5,2.5,8.0,0.8,4.6,2.96,High,Gen Z
12079,6.4,3.3,6.5,0.0,3.2,3.29,High,Gen Z
12080,4.4,3.4,4.9,4.1,2.1,2.84,Low,Gen Z
12081,4.3,0.8,5.8,2.2,4.1,2.86,High,Gen Z
12082,5.5,0.5,6.9,3.7,3.5,2.95,Moderate,Gen Z
12083,8.8,1.9,7.4,3.9,6.5,3.28,Moderate,Gen Z
12084,5.8,2.7,5.1,1.7,4.0,2.03,High,Gen Z
12085,4.8,1.4,8.4,4.9,5.3,2.41,Moderate,Gen Z
12086,6.9,1.3,8.3,2.3,3.4,2.87,Moderate,Gen Z
12087,7.0,1.5,6.4,1.7,4.0,2.56,Moderate,Gen Z
12088,7.4,1.0,6.7,3.8,6.1,3.25,Low,Gen Z
12089,2.5,0.6,9.0,2.7,2.3,2.45,High,Gen Z
12090,6.4,0.5,8.0,4.1,1.4,2.68,High,Gen Z
12091,2.9,1.9,8.0,1.2,2.4,3.03,Low,Gen Z
12092,7.6,4.9,7.1,3.1,4.0,3.06,Moderate,Gen Z
12093,3.5,0.0,7.0,3.6,2.2,2.56,High,Gen Z
12094,5.5,0.3,5.3,4.5,3.0,3.62,High,Gen Z
12095,5.3,1.6,6.3,3.9,3.6,2.35,Low,Gen Z
12096,5.6,1.2,5.2,5.1,2.4,2.95,Moderate,Gen Z
12097,3.4,1.8,8.0,3.0,5.4,3.47,Low,Gen Z
12098,6.0,2.1,7.8,1.6,2.8,3.59,Moderate,Gen Z
12099,4.2,2.1,8.9,5.4,4.8,3.34,Low,Gen Z
12100,3.1,2.9,7.3,2.4,0.0,3.45,Moderate,Gen Z
12101,4.5,1.5,8.1,2.3,0.0,2.76,High,Gen Z
12102,3.9,2.0,7.4,3.8,1.5,3.02,Moderate,Gen Z
12103,3.2,2.3,7.8,0.7,4.5,3.04,Moderate,Gen Z
12104,4.9,0.3,7.7,4.8,5.9,3.09,Moderate,Gen Z
12105,5.2,2.9,4.9,3.2,4.7,3.34,Moderate,Gen Z
12106,3.7,0.5,6.0,1.6,0.9,3.15,High,Gen Z
12107,6.3,0.0,6.2,3.2,3.8,2.74,High,Gen Z
12108,3.7,2.8,6.3,2.5,3.5,3.1,Low,Gen Z
12109,3.9,1.3,6.6,3.1,5.2,2.83,High,Gen Z
12110,5.8,1.8,7.0,4.0,4.8,2.57,High,Gen Z
12111,4.8,1.0,5.8,0.4,6.8,3.31,Moderate,Gen Z
12112,5.6,1.8,6.8,3.0,3.4,3.16,Moderate,Gen Z
12113,2.3,0.4,7.4,1.2,4.4,3.05,High,Gen Z
12114,5.6,2.2,5.8,2.9,5.1,3.0,Moderate,Gen Z
12115,6.3,1.3,6.3,3.0,3.3,3.43,High,Gen Z
12116,4.9,2.0,7.2,4.0,4.7,3.16,Moderate,Gen Z
12117,5.6,2.4,6.8,2.7,3.0,2.96,High,Gen Z
12118,7.6,1.3,8.4,2.9,2.5,3.4,High,Gen Z
12119,3.3,2.1,7.1,1.9,4.8,2.73,High,Gen Z
12120,4.0,2.2,7.5,4.0,7.1,2.97,Low,Gen Z
12121,4.7,1.6,7.1,1.9,6.7,2.31,High,Gen Z
12122,5.1,2.6,7.8,2.3,3.4,3.07,High,Gen Z
12123,6.4,1.0,8.7,3.6,3.4,2.96,Low,Gen Z
12124,5.4,4.0,6.3,3.1,6.5,3.03,High,Gen Z
12125,4.3,2.3,6.4,0.2,4.9,2.43,High,Gen Z
12126,4.2,0.4,8.0,3.0,2.3,3.13,High,Gen Z
12127,8.0,2.0,7.6,1.9,3.5,3.09,High,Gen Z
12128,2.7,1.4,7.3,4.9,3.8,3.05,High,Gen Z
12129,4.9,0.8,6.1,2.7,3.5,2.74,Moderate,Gen Z
12130,4.4,2.8,6.4,4.1,6.1,2.37,Moderate,Gen Z
12131,5.3,1.7,7.4,1.5,2.8,2.64,Moderate,Gen Z
12132,4.2,0.1,5.7,1.9,3.6,3.47,High,Gen Z
12133,5.7,0.6,6.5,3.1,2.5,2.48,Moderate,Gen Z
12134,2.6,0.0,6.8,3.2,1.4,3.15,Low,Gen Z
12135,4.1,1.4,5.9,3.5,4.3,2.97,Moderate,Gen Z
12136,5.7,0.2,7.1,4.7,6.3,3.23,High,Gen Z
12137,5.6,4.0,6.6,3.6,1.9,3.02,High,Gen Z
12138,5.1,2.7,5.9,2.7,3.5,2.76,Low,Gen Z
12139,4.3,0.0,6.9,3.2,4.2,2.64,Moderate,Gen Z
12140,5.9,1.0,7.8,2.3,3.8,2.93,Moderate,Gen Z
12141,2.3,1.9,5.7,3.9,7.6,3.25,Moderate,Gen Z
12142,5.1,2.2,7.7,0.5,5.9,2.84,High,Gen Z
12143,5.7,0.2,7.0,3.7,4.4,3.06,High,Gen Z
12144,6.1,2.7,7.5,1.1,1.2,3.4,Moderate,Gen Z
12145,6.0,4.0,8.2,2.2,5.0,3.43,Moderate,Gen Z
12146,7.9,1.7,6.6,1.3,5.2,2.9,High,Gen Z
12147,2.6,1.8,6.8,2.7,1.7,3.36,High,Gen Z
12148,5.4,2.6,7.0,2.8,4.2,2.97,Moderate,Gen Z
12149,6.9,0.5,7.4,3.1,4.8,2.66,Moderate,Gen Z
12150,6.7,1.5,6.0,0.0,2.1,2.94,Low,Gen Z
12151,4.0,1.7,6.7,5.9,4.8,2.88,High,Gen Z
12152,3.9,2.2,6.0,3.3,3.2,3.47,Moderate,Gen Z
12153,5.4,4.3,10.0,2.4,4.5,3.01,High,Gen Z
12154,4.7,1.9,8.3,3.8,2.8,2.25,Low,Gen Z
12155,4.8,0.7,9.1,3.4,4.2,2.13,Low,Gen Z
12156,2.3,1.7,7.6,6.1,3.4,3.41,High,Gen Z
12157,3.7,1.6,7.1,5.3,3.8,3.16,Moderate,Gen Z
12158,5.0,1.6,5.6,3.1,3.3,3.14,Low,Gen Z
12159,4.4,1.4,7.7,2.9,3.2,2.92,Low,Gen Z
12160,4.4,1.3,5.5,2.0,4.2,2.61,High,Gen Z
12161,5.2,1.1,7.6,0.0,7.4,3.16,High,Gen Z
12162,5.6,1.1,7.2,3.3,2.5,3.62,Moderate,Gen Z
12163,3.8,1.0,6.4,4.4,4.9,2.92,High,Gen Z
12164,5.5,1.5,5.7,2.3,7.4,3.47,Moderate,Gen Z
12165,5.1,3.4,7.7,1.6,3.7,3.32,High,Gen Z
12166,3.6,2.9,7.7,1.6,5.0,2.71,Low,Gen Z
12167,6.8,1.0,5.7,2.9,4.5,3.38,High,Gen Z
12168,3.3,2.3,8.8,1.7,6.1,2.46,Low,Gen Z
12169,3.8,1.5,8.2,2.9,1.9,2.84,Low,Gen Z
12170,5.5,3.2,7.5,5.4,6.4,2.37,High,Gen Z
12171,7.5,2.5,7.8,7.4,2.0,3.25,Moderate,Gen Z
12172,4.7,1.3,7.9,5.4,2.3,3.52,Moderate,Gen Z
12173,3.4,2.5,6.3,4.2,2.9,3.19,Moderate,Gen Z
12174,4.7,3.1,5.7,2.8,4.3,3.2,Moderate,Gen Z
12175,4.1,1.0,7.3,2.0,4.9,3.37,Low,Gen Z
12176,6.8,1.9,7.4,4.9,4.0,2.23,Moderate,Gen Z
12177,4.8,1.4,6.8,4.7,2.0,2.47,Moderate,Gen Z
12178,5.5,3.2,6.8,2.5,4.2,2.97,Low,Gen Z
12179,3.1,2.5,7.0,3.9,1.3,2.79,High,Gen Z
12180,4.8,1.0,6.6,2.8,4.1,2.93,High,Gen Z
12181,5.8,2.8,7.1,5.4,4.7,3.38,High,Gen Z
12182,6.7,1.9,7.0,3.1,2.6,2.82,High,Gen Z
12183,3.5,3.1,6.3,1.7,3.1,3.03,Moderate,Gen Z
12184,6.3,2.8,5.2,5.4,1.8,3.68,High,Gen Z
12185,5.4,1.9,7.5,1.0,5.5,3.11,Moderate,Gen Z
12186,4.9,1.4,9.1,4.7,5.2,3.18,High,Gen Z
12187,5.0,0.3,5.9,1.8,1.9,2.54,Moderate,Gen Z
12188,3.2,1.7,5.3,4.8,4.1,2.63,Low,Gen Z
12189,4.6,2.0,6.9,2.2,3.4,2.47,High,Gen Z
12190,3.8,3.9,6.0,2.6,3.0,2.8,Moderate,Gen Z
12191,4.5,0.0,7.1,4.6,6.6,3.49,Moderate,Gen Z
12192,3.6,0.9,6.5,0.6,5.4,3.14,Low,Gen Z
12193,5.2,2.2,6.6,2.6,4.1,2.16,Moderate,Gen Z
12194,6.1,0.2,9.7,4.6,3.0,3.5,High,Gen Z
12195,5.2,2.5,6.7,5.4,3.1,2.55,High,Gen Z
12196,2.3,0.0,6.7,3.5,2.4,2.86,High,Gen Z
12197,2.4,1.2,6.2,1.6,3.8,3.15,High,Gen Z
12198,2.8,1.2,8.0,3.2,5.9,2.63,Low,Gen Z
12199,5.2,0.0,6.4,2.8,4.9,3.22,Low,Gen Z
12200,3.9,2.1,7.1,1.2,2.7,2.65,Low,Gen Z
12201,7.7,1.7,7.3,3.9,2.4,3.0,Low,Gen Z
12202,3.3,2.3,4.7,3.1,4.8,3.09,Moderate,Gen Z
12203,6.4,2.1,6.5,3.5,4.2,3.34,High,Gen Z
12204,7.8,2.5,5.1,2.3,4.0,2.85,Low,Gen Z
12205,7.2,2.2,6.3,3.5,5.6,2.35,Moderate,Gen Z
12206,4.9,2.2,5.7,3.0,2.6,2.9,High,Gen Z
12207,4.4,0.9,8.3,0.5,5.1,2.48,Low,Gen Z
12208,2.5,1.3,8.5,2.2,0.2,2.57,Moderate,Gen Z
12209,5.3,0.0,7.8,3.5,3.3,3.36,High,Gen Z
12210,6.4,1.7,6.9,3.8,1.0,3.08,High,Gen Z
12211,7.5,0.0,7.6,5.0,4.9,3.06,Moderate,Gen Z
12212,5.8,2.0,6.7,5.3,1.7,3.24,High,Gen Z
12213,2.9,3.0,8.8,2.2,1.4,3.26,High,Gen Z
12214,4.1,2.2,6.9,4.6,5.7,3.08,Moderate,Gen Z
12215,4.7,1.0,7.2,3.1,5.2,2.93,High,Gen Z
12216,5.4,4.0,8.6,2.7,4.0,3.19,Moderate,Gen Z
12217,3.5,2.4,6.5,3.1,3.4,3.3,Moderate,Gen Z
12218,6.3,2.4,4.9,3.4,1.7,2.73,High,Gen Z
12219,8.1,2.6,7.1,2.4,4.3,3.16,High,Gen Z
12220,7.1,3.7,5.8,4.0,4.3,2.91,Moderate,Gen Z
12221,6.2,3.4,6.7,3.6,0.9,3.02,High,Gen Z
12222,6.4,0.1,6.0,0.6,4.0,3.34,Low,Gen Z
12223,6.0,0.6,6.9,4.3,2.4,2.7,High,Gen Z
12224,4.1,3.2,8.9,0.0,2.2,3.4,High,Gen Z
12225,9.5,4.9,7.0,3.7,3.6,3.43,Moderate,Gen Z
12226,5.1,1.6,7.4,1.7,4.0,3.3,Moderate,Gen Z
12227,4.8,0.7,7.5,0.6,3.1,2.66,Low,Gen Z
12228,6.2,1.7,6.6,0.4,2.5,2.82,High,Gen Z
12229,6.7,1.0,8.4,4.0,4.6,2.81,Moderate,Gen Z
12230,7.3,0.8,7.5,1.1,1.6,3.3,Low,Gen Z
12231,3.5,1.3,7.8,3.7,4.1,2.9,High,Gen Z
12232,4.0,2.6,8.0,2.4,2.7,3.41,Low,Gen Z
12233,4.5,2.0,8.7,1.4,3.8,3.64,Moderate,Gen Z
12234,5.7,0.7,7.5,3.4,5.4,2.97,High,Gen Z
12235,5.5,1.0,7.3,0.4,1.0,3.59,High,Gen Z
12236,8.8,2.2,7.7,3.4,3.9,2.7,Moderate,Gen Z
12237,5.8,0.9,6.4,4.4,3.4,2.54,High,Gen Z
12238,5.1,1.1,6.1,3.3,3.2,2.91,Moderate,Gen Z
12239,6.4,2.3,6.7,3.1,5.7,2.56,High,Gen Z
12240,6.7,1.6,7.6,1.2,2.1,3.22,Low,Gen Z
12241,6.8,3.0,6.9,1.6,3.0,2.77,High,Gen Z
12242,4.5,3.2,8.3,4.4,3.2,3.61,Moderate,Gen Z
12243,3.7,0.6,5.9,6.1,3.9,3.14,Low,Gen Z
12244,5.2,0.0,6.3,1.5,5.2,3.65,Low,Gen Z
12245,4.8,4.2,5.9,2.4,2.5,3.12,High,Gen Z
12246,6.3,0.7,5.6,1.7,4.2,3.18,Moderate,Gen Z
12247,3.5,2.2,6.8,3.3,4.3,2.49,Moderate,Gen Z
12248,4.0,0.7,7.1,2.7,4.4,2.78,Moderate,Gen Z
12249,6.1,2.5,7.4,3.0,3.7,2.93,High,Gen Z
12250,4.6,0.4,6.6,2.8,1.5,2.82,Moderate,Gen Z
12251,4.5,0.5,6.6,1.9,0.2,2.58,Low,Gen Z
12252,5.5,0.5,5.3,2.9,4.6,2.23,Moderate,Gen Z
12253,6.4,1.7,6.2,0.4,4.8,3.42,Moderate,Gen Z
12254,5.2,0.6,6.1,1.1,3.8,3.62,Low,Gen Z
12255,4.3,1.4,6.1,1.8,5.1,2.65,Low,Gen Z
12256,5.3,2.0,5.5,5.1,5.0,3.34,Low,Gen Z
12257,3.5,2.1,6.5,3.4,2.4,3.15,Low,Gen Z
12258,1.8,1.2,5.7,4.1,3.6,3.56,High,Gen Z
12259,3.6,3.6,9.1,5.7,2.9,3.27,Moderate,Gen Z
12260,4.7,2.1,6.1,4.1,3.8,3.14,High,Gen Z
12261,6.2,1.6,7.2,2.7,2.2,3.4,Low,Gen Z
12262,7.2,1.6,8.4,2.5,5.4,2.85,Low,Gen Z
12263,6.8,0.9,4.0,4.3,4.4,2.83,Moderate,Gen Z
12264,4.9,2.2,5.9,1.5,3.8,3.01,High,Gen Z
12265,4.6,3.0,6.7,5.9,4.2,3.16,Moderate,Gen Z
12266,4.1,0.8,6.1,1.1,5.1,2.79,Low,Gen Z
12267,3.7,1.1,8.1,0.5,3.5,3.21,Low,Gen Z
12268,6.5,3.2,5.1,1.7,2.5,2.65,Low,Gen Z
12269,3.7,1.4,8.1,1.0,4.8,2.68,Moderate,Gen Z
12270,4.2,3.5,6.5,3.1,5.9,2.53,High,Gen Z
12271,5.2,3.5,4.4,6.6,2.9,2.94,High,Gen Z
12272,6.7,1.6,6.7,0.0,2.5,3.06,Moderate,Gen Z
12273,4.3,1.7,6.0,3.5,6.5,3.22,High,Gen Z
12274,5.7,4.5,6.1,6.1,5.3,3.04,High,Gen Z
12275,3.6,1.4,6.4,6.2,2.7,3.18,Moderate,Gen Z
12276,1.7,1.8,5.1,3.9,6.9,2.82,High,Gen Z
12277,4.9,2.2,5.2,1.9,3.1,2.54,Moderate,Gen Z
12278,6.3,3.1,7.7,2.4,5.6,3.34,Moderate,Gen Z
12279,4.9,2.0,7.3,3.7,2.4,3.16,Moderate,Gen Z
12280,5.3,1.8,7.2,0.6,5.2,2.9,Low,Gen Z
12281,4.2,1.4,7.7,4.2,0.9,3.14,High,Gen Z
12282,5.4,0.2,7.1,2.9,3.9,2.97,Moderate,Gen Z
12283,4.9,1.9,5.2,1.4,4.4,2.95,Moderate,Gen Z
12284,4.8,1.5,7.2,4.3,2.6,2.88,Low,Gen Z
12285,3.8,3.0,7.9,3.7,3.1,2.74,High,Gen Z
12286,4.1,3.0,7.2,3.8,4.8,3.39,Low,Gen Z
12287,5.8,0.8,7.2,0.0,1.7,3.35,Moderate,Gen Z
12288,3.3,1.9,5.7,4.7,4.0,3.49,High,Gen Z
12289,6.2,0.0,7.1,1.3,5.1,3.0,High,Gen Z
12290,7.8,0.2,7.3,3.5,3.5,2.61,Low,Gen Z
12291,6.0,0.1,6.7,3.7,1.7,2.49,High,Gen Z
12292,5.9,3.2,7.0,2.8,3.9,3.27,Moderate,Gen Z
12293,4.3,2.5,7.5,1.4,3.8,2.85,Low,Gen Z
12294,7.8,0.7,5.4,2.7,2.9,3.14,Low,Gen Z
12295,4.8,1.0,8.1,4.4,4.7,2.78,Moderate,Gen Z
12296,3.7,2.1,5.4,4.0,5.9,3.03,High,Gen Z
12297,6.0,2.3,5.5,0.0,4.3,3.2,High,Gen Z
12298,4.2,0.0,6.6,5.1,4.5,3.31,High,Gen Z
12299,4.1,1.5,7.7,5.4,4.7,2.67,High,Gen Z
12300,4.6,4.0,6.8,1.6,4.4,2.41,Low,Gen Z
12301,3.8,1.1,6.2,3.0,5.7,3.18,High,Gen Z
12302,3.8,2.6,6.2,1.0,3.6,3.17,Moderate,Gen Z
12303,3.4,0.6,6.6,3.6,4.4,3.17,Moderate,Gen Z
12304,4.7,2.7,7.3,1.0,4.1,2.48,Moderate,Gen Z
12305,5.8,1.1,6.7,4.3,6.0,3.52,Low,Gen Z
12306,4.3,0.8,7.8,4.3,4.4,2.84,High,Gen Z
12307,5.9,1.0,6.3,5.3,5.4,2.72,Low,Gen Z
12308,6.7,0.8,6.7,3.8,5.0,2.66,High,Gen Z
12309,3.1,2.1,6.0,3.2,5.2,2.97,Low,Gen Z
12310,4.4,2.7,6.4,2.8,3.1,2.86,Low,Gen Z
12311,3.7,0.0,7.2,4.0,5.4,2.94,Moderate,Gen Z
12312,6.2,0.0,6.1,3.5,4.3,3.04,Low,Gen Z
12313,4.2,1.0,9.4,3.1,5.6,2.67,Moderate,Gen Z
12314,5.1,2.2,6.1,0.6,5.5,3.06,Moderate,Gen Z
12315,3.4,2.8,7.9,3.5,5.1,3.35,Moderate,Gen Z
12316,2.9,0.6,6.4,3.6,2.3,3.55,Moderate,Gen Z
12317,5.2,1.8,6.5,6.5,4.3,3.02,High,Gen Z
12318,3.3,0.8,7.0,1.5,4.9,3.49,Low,Gen Z
12319,6.4,1.1,6.4,2.3,4.1,2.45,Moderate,Gen Z
12320,3.3,2.3,8.1,4.1,2.6,2.8,Low,Gen Z
12321,4.5,2.7,6.9,3.4,4.5,2.64,High,Gen Z
12322,6.6,1.7,7.7,3.2,2.2,3.32,Low,Gen Z
12323,4.2,2.5,5.8,1.8,1.3,2.29,Low,Gen Z
12324,5.6,0.8,7.6,4.0,5.8,2.88,Moderate,Gen Z
12325,7.3,2.9,6.1,1.8,5.5,3.22,High,Gen Z
12326,5.7,1.9,7.3,1.9,3.0,3.14,High,Gen Z
12327,5.0,3.1,8.8,3.1,4.0,3.23,Moderate,Gen Z
12328,4.1,1.9,8.2,4.9,4.3,2.81,High,Gen Z
12329,5.9,1.4,4.9,2.9,3.6,3.53,Low,Gen Z
12330,2.9,3.0,8.1,3.4,3.0,2.89,Moderate,Gen Z
12331,6.2,4.6,6.4,2.0,4.7,2.88,Moderate,Gen Z
12332,2.8,1.2,8.3,4.0,1.0,2.69,Moderate,Gen Z
12333,4.5,1.2,7.2,5.7,1.5,3.27,High,Gen Z
12334,4.3,2.2,7.2,4.2,2.0,3.5,High,Gen Z
12335,5.4,0.9,5.0,4.0,3.7,2.93,Low,Gen Z
12336,6.6,1.0,7.5,4.9,4.3,2.91,Moderate,Gen Z
12337,3.3,2.9,6.9,0.6,4.8,3.51,High,Gen Z
12338,4.9,0.6,8.3,5.4,2.6,3.15,High,Gen Z
12339,7.3,1.6,7.2,3.9,2.5,3.1,Moderate,Gen Z
12340,6.9,0.0,6.4,3.8,5.0,3.28,Low,Gen Z
12341,7.6,1.0,8.0,1.6,5.7,2.52,Moderate,Gen Z
12342,6.2,0.4,6.9,4.3,4.4,3.65,High,Gen Z
12343,5.1,1.4,8.1,4.1,3.6,2.67,Low,Gen Z
12344,6.0,2.5,6.9,4.1,2.8,2.66,Low,Gen Z
12345,4.2,2.4,5.1,1.7,4.1,2.99,Moderate,Gen Z
12346,7.5,2.5,6.2,5.7,2.3,2.79,Moderate,Gen Z
12347,4.5,3.6,4.4,3.5,3.4,3.12,High,Gen Z
12348,4.7,3.3,8.0,3.0,2.5,3.12,Moderate,Gen Z
12349,3.6,1.2,8.1,0.8,3.1,2.89,Moderate,Gen Z
12350,8.5,0.8,7.5,2.5,6.2,3.44,High,Gen Z
12351,3.9,4.9,6.0,2.5,4.2,2.84,Moderate,Gen Z
12352,6.0,3.2,6.6,6.0,2.3,3.15,Low,Gen Z
12353,5.8,0.9,7.5,4.5,2.9,3.22,Moderate,Gen Z
12354,8.6,2.2,6.9,4.5,3.8,3.06,Low,Gen Z
12355,4.0,2.1,5.8,3.4,3.4,3.47,Moderate,Gen Z
12356,5.8,3.4,8.4,4.9,4.8,2.83,Low,Gen Z
12357,4.0,1.8,6.9,4.5,4.0,2.72,Moderate,Gen Z
12358,4.5,3.4,8.8,2.1,2.8,3.16,High,Gen Z
12359,6.4,3.5,7.8,3.1,3.4,3.19,Low,Gen Z
12360,5.8,1.5,7.6,2.7,3.0,3.34,Low,Gen Z
12361,6.6,2.9,6.0,5.4,3.7,2.66,Moderate,Gen Z
12362,7.6,2.9,5.5,4.6,3.0,2.74,Moderate,Gen Z
12363,2.8,4.0,5.8,2.7,6.4,3.05,High,Gen Z
12364,7.5,1.3,7.7,3.6,3.8,3.23,Moderate,Gen Z
12365,7.3,1.8,6.7,2.6,2.2,3.73,Low,Gen Z
12366,3.2,1.1,6.2,3.2,5.1,2.74,High,Gen Z
12367,6.9,0.7,5.2,3.1,3.0,2.93,Low,Gen Z
12368,3.6,1.1,7.0,2.9,1.8,2.86,High,Gen Z
12369,5.1,2.4,5.8,2.1,5.9,2.26,Low,Gen Z
12370,4.9,2.4,7.6,4.1,1.4,2.6,Low,Gen Z
12371,6.7,1.0,7.2,3.7,4.4,2.86,High,Gen Z
12372,6.1,2.7,8.2,2.0,5.3,3.21,Moderate,Gen Z
12373,5.8,0.0,8.3,4.9,5.2,3.19,Moderate,Gen Z
12374,5.5,2.4,6.3,2.8,2.7,2.88,Low,Gen Z
12375,2.9,0.8,7.5,4.3,2.5,2.79,High,Gen Z
12376,5.3,2.8,7.7,2.3,5.1,2.36,Low,Gen Z
12377,3.6,2.1,6.5,2.3,2.8,2.7,High,Gen Z
12378,3.7,0.0,6.1,0.8,1.9,2.98,Moderate,Gen Z
12379,5.7,2.8,7.3,2.9,3.5,3.09,Moderate,Gen Z
12380,3.7,0.0,6.3,3.1,3.7,2.41,Moderate,Gen Z
12381,6.2,2.8,6.6,3.7,2.0,3.17,Moderate,Gen Z
12382,4.8,3.0,7.8,1.5,4.1,3.14,Moderate,Gen Z
12383,5.6,0.0,8.0,3.8,2.4,2.88,Low,Gen Z
12384,3.3,1.1,6.4,2.0,6.3,3.47,Low,Gen Z
12385,5.0,1.9,7.0,2.2,5.3,3.27,Moderate,Gen Z
12386,5.4,1.0,9.2,5.2,4.0,3.26,Moderate,Gen Z
12387,5.7,1.3,6.1,4.3,4.1,3.12,Moderate,Gen Z
12388,4.5,3.3,8.1,3.6,3.5,2.74,High,Gen Z
12389,3.6,1.1,5.9,2.9,4.5,3.12,High,Gen Z
12390,4.0,0.7,8.3,5.5,2.2,3.05,Moderate,Gen Z
12391,5.9,0.0,8.7,3.4,4.0,2.45,High,Gen Z
12392,5.7,0.4,7.2,3.4,4.7,3.86,Low,Gen Z
12393,3.1,2.5,7.6,1.5,3.8,2.4,High,Gen Z
12394,6.8,2.4,7.1,6.6,2.5,2.92,Low,Gen Z
12395,2.8,0.4,7.0,2.9,1.3,2.78,Moderate,Gen Z
12396,4.9,2.1,7.5,5.5,3.6,2.82,High,Gen Z
12397,4.3,0.0,6.8,5.2,4.0,3.31,High,Gen Z
12398,3.5,0.8,6.4,1.5,3.9,2.61,High,Gen Z
12399,6.2,3.2,7.8,2.7,3.0,3.5,Low,Gen Z
12400,6.4,3.0,7.6,2.4,3.5,3.14,High,Gen Z
12401,4.1,1.6,8.5,1.7,1.9,2.84,Moderate,Gen Z
12402,3.4,0.9,7.8,1.3,3.1,3.06,High,Gen Z
12403,2.2,1.5,7.5,2.2,4.0,2.96,High,Gen Z
12404,4.9,2.1,6.5,4.1,3.9,2.64,Moderate,Gen Z
12405,6.1,1.3,6.8,2.8,4.3,3.27,High,Gen Z
12406,5.7,1.1,4.8,0.8,2.8,3.05,Low,Gen Z
12407,4.7,1.8,8.0,4.2,4.9,3.21,High,Gen Z
12408,6.2,2.6,6.2,3.7,2.2,3.03,High,Gen Z
12409,3.9,0.6,8.7,3.9,5.1,3.8,High,Gen Z
12410,5.1,0.9,6.7,2.9,3.1,2.75,Low,Gen Z
12411,4.7,0.0,8.0,2.8,6.3,2.99,Low,Gen Z
12412,4.3,0.0,8.6,2.5,3.9,2.82,Moderate,Gen Z
12413,8.0,0.9,5.2,3.3,4.4,2.78,Moderate,Gen Z
12414,5.3,2.3,5.9,3.1,4.6,3.51,Moderate,Gen Z
12415,5.5,0.7,8.0,0.8,4.7,2.91,High,Gen Z
12416,5.5,3.8,5.8,3.0,4.3,3.35,Low,Gen Z
12417,8.1,2.4,7.5,5.8,1.5,3.4,Moderate,Gen Z
12418,1.8,2.9,8.2,3.8,2.8,3.5,Moderate,Gen Z
12419,3.4,2.5,5.1,1.6,1.4,3.02,Moderate,Gen Z
12420,5.1,0.6,8.0,2.8,5.6,3.17,Moderate,Gen Z
12421,6.8,2.4,10.0,3.5,4.3,3.67,Moderate,Gen Z
12422,4.8,0.9,6.5,3.7,2.6,2.73,Low,Gen Z
12423,4.8,2.3,7.9,4.3,6.9,2.94,Moderate,Gen Z
12424,6.1,0.6,6.5,2.1,3.5,2.87,High,Gen Z
12425,4.5,0.4,7.5,0.0,4.1,3.75,High,Gen Z
12426,4.0,0.3,5.7,2.1,5.4,3.49,Moderate,Gen Z
12427,3.8,1.4,6.8,3.7,2.4,3.3,Moderate,Gen Z
12428,4.5,0.6,5.1,0.0,2.2,2.49,High,Gen Z
12429,4.6,2.4,7.2,2.7,6.4,3.02,Low,Gen Z
12430,4.4,0.5,6.3,2.8,4.7,3.09,Low,Gen Z
12431,7.8,0.9,7.6,2.4,3.6,2.53,Low,Gen Z
12432,4.0,2.4,6.8,3.3,3.6,2.74,High,Gen Z
12433,7.7,2.6,6.8,3.8,6.5,2.42,High,Gen Z
12434,3.7,1.6,6.7,3.6,3.4,3.26,High,Gen Z
12435,3.8,2.3,8.2,1.6,2.2,2.54,High,Gen Z
12436,4.8,2.7,6.6,2.0,3.2,3.13,Low,Gen Z
12437,3.2,1.9,6.9,1.5,4.5,3.33,High,Gen Z
12438,6.8,1.9,6.3,4.7,4.6,2.68,Moderate,Gen Z
12439,2.6,2.2,6.5,4.5,2.7,3.48,High,Gen Z
12440,3.6,1.3,8.6,3.6,5.9,2.87,High,Gen Z
12441,5.5,4.0,6.2,1.0,2.1,3.1,High,Gen Z
12442,4.3,1.0,5.5,4.6,1.9,2.83,High,Gen Z
12443,5.0,1.7,9.3,3.1,7.0,3.28,High,Gen Z
12444,6.9,2.0,5.6,2.5,4.2,2.78,Moderate,Gen Z
12445,3.0,0.6,8.5,1.7,3.5,3.7,High,Gen Z
12446,6.1,3.3,6.4,3.6,3.1,2.87,Moderate,Gen Z
12447,5.9,1.0,9.1,3.7,2.8,3.79,High,Gen Z
12448,4.0,3.4,7.1,4.7,3.3,2.56,Low,Gen Z
12449,5.3,2.5,7.2,2.8,6.4,2.65,High,Gen Z
12450,7.6,2.4,7.7,2.7,6.3,3.16,Low,Gen Z
12451,6.1,0.0,7.2,1.7,3.9,3.01,Moderate,Gen Z
12452,5.6,2.7,8.1,3.0,4.2,2.64,High,Gen Z
12453,4.2,1.2,5.7,4.0,6.1,3.08,Moderate,Gen Z
12454,4.9,1.3,7.0,2.2,3.0,2.72,Low,Gen Z
12455,2.0,0.5,7.8,1.3,5.4,3.53,High,Gen Z
12456,6.1,0.6,6.8,3.5,2.5,3.37,Moderate,Gen Z
12457,4.6,1.4,6.6,5.0,3.6,2.94,Moderate,Gen Z
12458,2.7,2.0,7.4,3.8,4.8,2.89,High,Gen Z
12459,4.9,1.7,6.1,3.3,3.2,3.3,Low,Gen Z
12460,5.7,1.4,7.7,2.2,5.0,3.72,High,Gen Z
12461,4.9,1.1,6.9,6.1,2.2,3.02,Moderate,Gen Z
12462,5.1,3.3,7.0,3.1,6.5,2.88,Moderate,Gen Z
12463,4.9,1.6,6.2,5.5,0.0,2.61,Moderate,Gen Z
12464,2.2,2.7,7.1,3.8,4.3,3.1,Low,Gen Z
12465,5.2,2.1,7.8,4.6,3.9,2.95,High,Gen Z
12466,4.7,2.6,7.8,3.0,4.4,2.99,Moderate,Gen Z
12467,7.2,0.8,8.3,3.4,3.2,2.39,Low,Gen Z
12468,4.8,3.2,6.0,2.7,2.4,3.16,Low,Gen Z
12469,5.8,0.0,6.9,1.9,3.4,3.55,High,Gen Z
12470,5.5,1.7,8.0,3.8,2.5,3.3,High,Gen Z
12471,5.4,2.5,5.9,2.7,4.0,3.22,High,Gen Z
12472,6.8,1.3,7.4,3.2,6.3,2.69,Moderate,Gen Z
12473,4.5,1.3,5.7,3.6,8.0,2.26,Low,Gen Z
12474,4.4,3.3,5.2,3.6,2.5,2.95,Moderate,Gen Z
12475,3.7,3.3,7.4,4.5,5.5,3.13,High,Gen Z
12476,5.5,2.7,6.4,1.4,4.5,2.66,Low,Gen Z
12477,2.8,3.5,7.5,3.9,4.9,2.77,High,Gen Z
12478,6.8,3.1,6.3,4.6,3.1,3.18,High,Gen Z
12479,4.2,1.2,7.9,3.8,4.4,3.76,Moderate,Gen Z
12480,5.0,1.8,7.7,5.2,3.7,3.15,Moderate,Gen Z
12481,5.7,2.5,7.4,4.9,2.7,3.13,Moderate,Gen Z
12482,4.1,2.1,6.3,0.6,3.9,2.66,High,Gen Z
12483,6.4,2.0,6.5,3.7,3.2,3.03,High,Gen Z
12484,5.5,2.1,8.2,3.2,2.5,3.13,High,Gen Z
12485,5.2,0.9,7.5,3.2,4.7,3.23,High,Gen Z
12486,5.0,1.9,8.6,1.1,5.8,3.63,High,Gen Z
12487,5.3,2.3,7.8,1.1,2.8,2.58,High,Gen Z
12488,2.6,4.6,7.2,2.8,4.3,3.24,Moderate,Gen Z
12489,7.5,2.9,5.8,4.8,3.3,3.22,High,Gen Z
12490,5.7,3.6,6.2,2.9,2.6,3.01,Moderate,Gen Z
12491,4.9,1.3,6.1,4.9,5.5,3.16,High,Gen Z
12492,5.5,0.6,7.1,3.8,4.1,3.09,Moderate,Gen Z
12493,5.4,2.4,7.9,5.7,2.6,2.76,High,Gen Z
12494,5.8,2.3,7.3,3.1,4.4,2.9,Moderate,Gen Z
12495,3.5,0.0,5.0,3.7,5.5,3.17,Low,Gen Z
12496,6.1,2.2,5.9,4.0,1.2,3.04,High,Gen Z
12497,4.0,0.0,8.2,0.8,5.7,3.43,Low,Gen Z
12498,4.1,2.2,9.2,0.9,3.0,2.73,Moderate,Gen Z
12499,3.3,1.8,7.9,4.0,5.1,3.38,Low,Gen Z
12500,7.0,4.7,6.0,2.8,3.5,3.23,High,Gen Z
12501,4.9,1.9,5.4,4.7,3.7,2.12,High,Gen Z
12502,5.6,2.7,5.7,4.1,5.4,3.81,High,Gen Z
12503,1.9,2.7,7.1,1.6,1.5,3.19,High,Gen Z
12504,4.5,2.1,6.0,4.2,2.4,3.04,High,Gen Z
12505,5.6,1.2,8.2,3.9,5.6,2.62,High,Gen Z
12506,4.9,1.0,7.4,0.9,5.7,2.99,Moderate,Gen Z
12507,4.9,1.7,7.2,2.5,2.8,3.94,Moderate,Gen Z
12508,4.9,2.6,7.1,3.1,3.0,2.89,Moderate,Gen Z
12509,4.1,2.9,7.6,4.7,5.4,2.56,Moderate,Gen Z
12510,5.3,2.3,7.6,5.8,3.5,4.0,Moderate,Gen Z
12511,6.8,1.8,6.8,3.7,5.4,2.53,Moderate,Gen Z
12512,5.3,1.6,7.2,2.3,3.2,3.28,High,Gen Z
12513,4.3,2.3,6.5,2.3,3.8,3.04,Moderate,Gen Z
12514,4.1,2.7,7.5,3.6,2.2,2.31,Moderate,Gen Z
12515,5.8,1.8,6.5,4.9,4.7,2.86,Moderate,Gen Z
12516,4.0,0.9,7.2,3.0,2.0,3.39,High,Gen Z
12517,7.2,2.6,7.6,4.0,3.9,3.08,Moderate,Gen Z
12518,3.6,1.2,8.1,2.3,4.4,2.7,High,Gen Z
12519,4.9,1.4,8.1,3.1,3.1,3.37,High,Gen Z
12520,4.9,0.9,6.3,2.4,3.3,3.34,Low,Gen Z
12521,3.4,1.5,7.0,4.3,1.5,2.77,Moderate,Gen Z
12522,6.3,3.2,6.2,4.8,5.5,2.91,Low,Gen Z
12523,4.4,0.3,6.8,1.3,1.1,3.6,High,Gen Z
12524,6.6,2.4,7.8,2.7,4.3,3.29,Moderate,Gen Z
12525,3.7,1.4,9.2,2.6,3.4,2.65,Moderate,Gen Z
12526,3.5,0.9,6.7,3.3,3.8,2.89,Moderate,Gen Z
12527,2.8,0.5,6.6,3.7,4.9,2.96,High,Gen Z
12528,6.5,1.6,6.7,1.8,4.4,3.05,Moderate,Gen Z
12529,5.3,2.3,7.4,1.1,3.1,3.48,Moderate,Gen Z
12530,5.9,1.3,7.5,4.6,4.3,2.42,Moderate,Gen Z
12531,4.8,2.9,7.2,4.0,4.7,2.81,Low,Gen Z
12532,7.6,1.5,5.6,3.6,3.1,3.3,Moderate,Gen Z
12533,3.8,1.4,7.0,2.6,7.4,3.25,Low,Gen Z
12534,4.8,3.2,6.4,4.0,5.0,2.58,High,Gen Z
12535,7.0,1.7,8.8,4.9,2.7,2.75,Moderate,Gen Z
12536,5.8,1.5,7.2,3.2,3.2,2.99,Low,Gen Z
12537,5.2,1.5,5.9,1.7,5.5,2.88,Moderate,Gen Z
12538,5.6,2.8,8.0,2.7,1.0,2.58,Moderate,Gen Z
12539,6.4,1.8,7.3,3.8,2.0,3.49,High,Gen Z
12540,6.4,0.0,7.3,4.6,7.7,3.63,High,Gen Z
12541,3.9,1.0,8.3,5.1,2.8,3.26,Moderate,Gen Z
12542,5.8,0.9,7.0,0.5,3.1,3.14,Low,Gen Z
12543,6.6,3.7,6.6,0.0,2.5,2.35,High,Gen Z
12544,5.1,0.0,6.5,3.0,6.2,2.12,Moderate,Gen Z
12545,5.5,3.1,6.6,2.9,4.5,3.2,High,Gen Z
12546,4.3,2.9,6.0,1.8,3.9,3.64,High,Gen Z
12547,7.2,1.3,8.7,2.9,6.1,3.28,High,Gen Z
12548,6.6,2.0,6.9,2.5,2.4,2.43,Moderate,Gen Z
12549,4.6,0.2,6.6,5.0,7.1,3.03,High,Gen Z
12550,1.5,0.0,6.4,0.8,6.3,2.94,Moderate,Gen Z
12551,4.8,1.4,7.6,4.0,3.4,3.36,Moderate,Gen Z
12552,2.0,0.0,6.0,3.7,3.7,2.62,High,Gen Z
12553,5.3,3.2,7.4,3.6,4.5,3.19,Moderate,Gen Z
12554,4.7,0.5,7.9,1.4,5.0,3.49,High,Gen Z
12555,6.5,0.6,7.1,2.1,3.3,2.6,High,Gen Z
12556,3.5,1.2,7.4,2.5,6.6,3.62,High,Gen Z
12557,4.4,2.1,7.7,0.8,3.2,2.92,Moderate,Gen Z
12558,5.5,1.3,4.4,4.4,6.7,2.64,Moderate,Gen Z
12559,4.8,0.1,5.4,4.6,1.9,2.45,Moderate,Gen Z
12560,3.4,0.0,6.5,2.0,5.9,2.25,Moderate,Gen Z
12561,4.4,1.1,8.0,3.7,3.9,3.79,Moderate,Gen Z
12562,3.9,2.6,7.8,2.6,2.6,2.86,Low,Gen Z
12563,5.6,0.0,4.8,1.2,1.5,2.56,Moderate,Gen Z
12564,2.8,2.3,6.2,4.9,5.1,2.61,High,Gen Z
12565,3.5,1.9,7.7,3.0,4.0,2.84,Moderate,Gen Z
12566,3.7,1.5,4.7,2.9,3.9,3.29,High,Gen Z
12567,4.9,2.1,5.5,4.8,4.2,2.6,Low,Gen Z
12568,6.4,1.6,8.0,4.9,1.2,2.38,Moderate,Gen Z
12569,5.8,0.6,5.7,3.8,1.2,2.66,Low,Gen Z
12570,4.4,2.9,7.1,2.0,3.3,3.16,Low,Gen Z
12571,2.7,0.4,7.8,5.8,4.3,3.13,High,Gen Z
12572,2.2,1.6,5.4,3.1,6.5,2.58,High,Gen Z
12573,4.0,1.5,6.4,0.5,1.8,2.48,High,Gen Z
12574,3.2,2.8,7.2,1.7,6.1,3.21,Low,Gen Z
12575,4.4,1.5,8.0,3.2,5.0,2.68,Moderate,Gen Z
12576,2.4,1.4,6.9,2.9,5.0,3.33,Low,Gen Z
12577,5.8,3.5,7.3,1.3,3.2,2.68,Moderate,Gen Z
12578,5.9,2.8,6.5,3.2,4.6,2.95,Low,Gen Z
12579,6.3,0.4,8.1,4.1,4.8,2.87,Moderate,Gen Z
12580,4.4,0.9,7.2,3.9,6.4,2.63,Moderate,Gen Z
12581,6.5,1.6,5.6,3.2,3.1,1.85,Low,Gen Z
12582,6.3,0.0,6.9,4.0,4.7,2.73,Moderate,Gen Z
12583,7.3,3.4,6.9,5.8,0.4,2.74,Moderate,Gen Z
12584,3.6,0.7,6.0,2.9,0.6,3.85,High,Gen Z
12585,4.1,2.0,5.5,4.2,1.5,3.4,High,Gen Z
12586,3.1,2.3,7.0,5.6,4.2,2.54,Low,Gen Z
12587,5.5,2.1,6.7,5.6,2.8,3.39,Moderate,Gen Z
12588,4.3,1.0,5.0,3.9,1.2,2.88,Low,Gen Z
12589,5.2,2.9,8.1,3.8,3.3,2.66,Low,Gen Z
12590,6.6,2.4,5.9,5.5,5.2,3.5,High,Gen Z
12591,5.1,1.8,8.2,3.2,3.1,2.8,Low,Gen Z
12592,5.4,2.4,7.8,0.6,4.1,2.36,Moderate,Gen Z
12593,5.7,1.7,7.4,0.7,4.9,3.27,Low,Gen Z
12594,4.2,3.0,6.1,2.3,1.6,2.95,High,Gen Z
12595,6.7,2.7,6.2,1.0,4.3,2.79,Moderate,Gen Z
12596,3.6,1.1,6.2,4.7,4.0,2.96,Moderate,Gen Z
12597,4.8,0.4,6.4,2.6,3.9,2.94,Low,Gen Z
12598,5.1,0.3,6.4,3.3,4.6,3.4,High,Gen Z
12599,4.0,1.0,5.9,3.5,3.4,2.55,High,Gen Z
12600,5.6,0.4,7.4,1.4,1.6,3.4,Moderate,Gen Z
12601,4.8,1.6,5.3,2.2,3.0,2.94,Moderate,Gen Z
12602,2.9,0.4,7.5,1.0,4.7,2.76,Moderate,Gen Z
12603,3.7,3.2,7.2,1.3,5.2,3.11,High,Gen Z
12604,4.7,0.7,7.5,3.9,2.4,3.16,Moderate,Gen Z
12605,4.2,1.5,7.8,5.3,4.3,3.04,High,Gen Z
12606,5.0,2.5,6.5,1.5,2.7,2.84,Low,Gen Z
12607,3.6,1.9,6.9,2.2,2.4,2.64,Moderate,Gen Z
12608,4.8,1.8,8.1,1.3,2.3,2.65,Low,Gen Z
12609,5.4,1.1,7.0,4.9,2.0,2.55,Low,Gen Z
12610,3.9,1.3,6.5,1.7,1.4,3.36,High,Gen Z
12611,5.0,0.0,6.9,3.5,4.0,3.89,Low,Gen Z
12612,4.7,1.8,5.3,4.6,3.3,3.38,High,Gen Z
12613,6.5,0.2,7.1,2.7,1.3,3.43,Moderate,Gen Z
12614,6.0,0.7,7.8,4.0,3.5,3.51,High,Gen Z
12615,6.1,1.4,8.6,6.3,1.5,3.07,High,Gen Z
12616,6.6,2.5,8.0,1.6,2.0,1.96,Moderate,Gen Z
12617,4.4,1.1,6.1,3.2,5.5,2.82,Moderate,Gen Z
12618,3.5,1.8,6.9,3.1,3.9,3.15,High,Gen Z
12619,6.7,2.2,8.3,5.4,3.6,2.34,Moderate,Gen Z
12620,5.8,2.2,8.9,5.9,3.5,2.6,Low,Gen Z
12621,6.1,2.1,6.1,2.1,4.9,2.92,Moderate,Gen Z
12622,6.7,1.7,5.3,1.8,3.7,2.98,Moderate,Gen Z
12623,4.8,0.7,7.3,2.7,2.2,2.54,Moderate,Gen Z
12624,5.8,3.2,7.0,1.6,4.7,2.98,Moderate,Gen Z
12625,6.6,0.5,7.3,4.9,2.3,2.96,High,Gen Z
12626,4.4,0.7,6.1,2.2,4.7,2.56,Low,Gen Z
12627,5.0,4.4,6.9,1.8,4.6,3.01,High,Gen Z
12628,2.3,1.6,6.8,4.7,3.3,2.61,High,Gen Z
12629,5.5,1.4,4.9,3.8,5.6,3.23,Low,Gen Z
12630,3.3,1.4,7.4,4.2,4.3,3.44,Moderate,Gen Z
12631,4.9,0.6,9.2,0.4,3.9,2.99,Moderate,Gen Z
12632,4.2,1.6,7.9,0.0,4.9,3.25,High,Gen Z
12633,5.1,1.2,6.6,2.9,5.7,2.95,Moderate,Gen Z
12634,5.7,0.7,8.5,2.8,2.9,3.18,Low,Gen Z
12635,5.4,3.3,6.2,2.3,3.5,2.93,Moderate,Gen Z
12636,5.7,1.4,6.7,2.8,4.6,3.4,Low,Gen Z
12637,8.5,1.6,6.6,4.3,5.6,3.18,Moderate,Gen Z
12638,4.1,1.2,7.7,1.9,0.7,3.13,Moderate,Gen Z
12639,6.3,2.6,6.4,3.8,5.6,3.25,Moderate,Gen Z
12640,4.6,1.0,5.6,1.8,5.7,2.57,Moderate,Gen Z
12641,4.9,1.0,5.8,1.8,3.5,2.41,Moderate,Gen Z
12642,6.1,0.9,7.6,2.5,2.5,3.52,Moderate,Gen Z
12643,4.7,0.4,5.6,1.8,6.6,2.77,Low,Gen Z
12644,5.5,2.0,6.3,3.2,4.7,3.45,Moderate,Gen Z
12645,3.5,3.4,5.3,5.8,5.2,3.07,High,Gen Z
12646,6.3,2.3,4.9,1.5,2.5,3.25,Moderate,Gen Z
12647,3.3,1.2,7.7,3.3,3.6,3.74,Moderate,Gen Z
12648,4.8,1.6,8.8,2.0,4.1,3.18,High,Gen Z
12649,4.8,2.5,6.0,1.5,1.6,2.88,High,Gen Z
12650,4.5,2.9,6.9,3.8,4.2,2.91,Moderate,Gen Z
12651,8.0,2.1,7.8,2.6,3.2,2.93,Moderate,Gen Z
12652,4.6,0.2,5.7,2.2,6.3,2.67,Moderate,Gen Z
12653,3.7,2.1,6.7,4.0,4.8,2.83,Low,Gen Z
12654,5.4,0.6,7.0,2.3,5.5,2.85,Low,Gen Z
12655,5.7,3.6,8.3,2.1,3.5,3.32,Moderate,Gen Z
12656,4.4,0.4,5.3,1.1,5.1,2.3,Moderate,Gen Z
12657,5.1,3.3,6.7,2.6,0.0,2.84,Moderate,Gen Z
12658,4.0,0.8,8.3,4.5,5.0,2.71,Moderate,Gen Z
12659,8.7,1.9,7.8,3.2,4.7,3.24,Low,Gen Z
12660,5.3,2.8,8.3,1.6,3.0,3.03,High,Gen Z
12661,3.7,3.0,6.6,3.5,1.5,3.15,Moderate,Gen Z
12662,4.5,1.7,6.2,2.1,2.6,3.19,Moderate,Gen Z
12663,5.1,0.9,7.5,0.5,5.6,2.75,High,Gen Z
12664,5.5,3.0,8.4,3.9,4.5,2.69,Moderate,Gen Z
12665,4.5,1.5,8.3,3.2,4.4,3.01,Moderate,Gen Z
12666,2.5,2.0,7.0,3.4,2.1,3.1,High,Gen Z
12667,4.5,1.3,6.9,2.4,5.7,2.1,Moderate,Gen Z
12668,5.4,1.7,7.2,2.1,4.1,2.74,Moderate,Gen Z
12669,7.1,0.4,6.6,3.2,2.4,2.85,Low,Gen Z
12670,4.4,0.2,7.0,1.4,5.7,2.88,High,Gen Z
12671,6.7,0.9,7.0,5.4,4.7,3.43,Moderate,Gen Z
12672,3.4,0.1,6.1,2.4,1.9,2.59,High,Gen Z
12673,5.3,2.1,6.3,4.1,2.6,3.27,Low,Gen Z
12674,6.1,0.0,6.9,4.0,4.0,3.59,Moderate,Gen Z
12675,5.3,3.1,7.9,0.4,4.7,3.54,High,Gen Z
12676,5.5,1.9,8.3,4.9,3.5,2.98,High,Gen Z
12677,5.4,1.3,6.7,1.2,2.6,3.26,Low,Gen Z
12678,6.2,1.6,7.6,1.5,4.8,3.65,Moderate,Gen Z
12679,4.9,0.3,8.3,2.8,2.8,3.16,High,Gen Z
12680,6.1,2.9,7.1,3.7,5.9,2.85,Low,Gen Z
12681,3.3,0.8,6.8,2.8,4.3,3.13,High,Gen Z
12682,6.0,3.0,7.3,3.6,3.1,3.28,Moderate,Gen Z
12683,1.6,2.1,6.4,6.2,5.8,3.08,Moderate,Gen Z
12684,3.3,2.0,7.5,1.8,4.8,3.05,Low,Gen Z
12685,4.8,1.2,4.6,0.3,2.7,2.58,High,Gen Z
12686,5.7,1.0,7.9,2.2,5.6,3.55,Moderate,Gen Z
12687,2.5,3.3,8.1,3.6,2.5,3.73,Low,Gen Z
12688,7.9,1.7,7.8,4.3,3.2,2.51,Low,Gen Z
12689,4.5,1.7,7.7,0.6,4.5,2.68,Moderate,Gen Z
12690,5.3,1.0,7.7,2.3,2.1,3.21,High,Gen Z
12691,1.7,0.8,8.1,4.0,3.3,2.9,High,Gen Z
12692,5.5,3.0,6.3,3.6,2.9,2.76,Low,Gen Z
12693,4.7,1.9,8.4,4.3,2.9,3.7,High,Gen Z
12694,4.7,2.0,5.9,2.0,4.5,2.97,High,Gen Z
12695,2.5,1.2,7.6,2.2,1.6,2.75,Moderate,Gen Z
12696,3.4,0.1,5.4,1.4,4.2,2.62,High,Gen Z
12697,1.4,2.0,5.6,5.4,3.7,3.01,High,Gen Z
12698,4.6,1.8,6.6,0.8,1.9,3.28,High,Gen Z
12699,3.7,2.6,6.8,3.0,2.5,3.59,Moderate,Gen Z
12700,6.2,1.3,5.5,0.0,3.9,3.62,High,Gen Z
12701,3.7,2.1,6.5,2.7,3.5,2.37,High,Gen Z
12702,6.7,1.2,7.2,4.0,4.5,2.06,Low,Gen Z
12703,3.5,2.4,7.5,1.6,0.0,3.36,High,Gen Z
12704,5.5,1.8,6.9,5.4,2.8,2.26,Moderate,Gen Z
12705,5.9,0.9,6.8,6.5,4.9,2.83,High,Gen Z
12706,4.1,0.7,8.0,3.1,2.3,2.73,Moderate,Gen Z
12707,3.9,1.0,6.9,4.3,4.7,3.39,High,Gen Z
12708,7.2,1.1,9.0,3.3,3.5,2.26,Moderate,Gen Z
12709,4.4,2.1,7.8,3.5,4.2,3.37,High,Gen Z
12710,1.0,3.8,8.6,4.6,1.3,2.52,High,Gen Z
12711,2.5,2.0,9.3,1.1,2.9,2.84,Moderate,Gen Z
12712,5.1,1.0,6.3,1.7,0.4,3.48,High,Gen Z
12713,3.3,2.0,6.6,1.1,6.1,3.21,Moderate,Gen Z
12714,4.3,2.4,7.1,3.1,3.7,3.18,High,Gen Z
12715,5.9,1.0,6.9,3.4,5.0,2.8,Low,Gen Z
12716,4.4,1.3,6.7,1.5,3.5,2.88,High,Gen Z
12717,4.7,1.8,6.7,4.2,5.3,2.52,Low,Gen Z
12718,4.2,1.1,6.1,4.9,7.3,3.36,High,Gen Z
12719,5.0,1.8,7.5,2.3,5.1,2.95,Moderate,Gen Z
12720,5.5,1.4,5.9,4.1,3.0,2.87,High,Gen Z
12721,6.6,3.7,5.8,2.6,4.9,3.38,Low,Gen Z
12722,6.1,0.9,6.0,2.1,4.1,3.17,Moderate,Gen Z
12723,4.3,0.0,7.0,4.1,2.9,3.32,Moderate,Gen Z
12724,6.1,1.9,7.5,1.6,5.2,3.15,Low,Gen Z
12725,7.4,1.9,7.1,2.2,7.3,2.62,Low,Gen Z
12726,7.5,1.9,7.3,4.2,2.9,3.57,High,Gen Z
12727,5.0,2.8,8.1,1.9,3.8,3.17,Moderate,Gen Z
12728,7.8,2.9,6.1,2.5,2.8,3.01,Low,Gen Z
12729,5.4,0.5,5.5,3.1,0.5,2.78,High,Gen Z
12730,2.5,0.0,6.8,2.6,3.7,3.42,Moderate,Gen Z
12731,5.5,2.3,5.8,4.0,1.5,2.88,High,Gen Z
12732,5.2,1.8,5.3,2.1,5.1,2.88,High,Gen Z
12733,5.3,0.0,6.1,1.8,4.3,3.05,Moderate,Gen Z
12734,7.5,1.5,5.9,3.9,1.6,2.32,Moderate,Gen Z
12735,5.1,3.1,7.6,5.0,4.4,3.46,High,Gen Z
12736,4.7,2.1,6.0,0.8,2.7,3.12,Moderate,Gen Z
12737,2.3,1.4,7.5,5.4,3.9,2.87,High,Gen Z
12738,7.0,2.3,6.6,3.9,2.5,2.93,High,Gen Z
12739,2.8,3.3,6.3,3.5,4.0,3.09,High,Gen Z
12740,4.8,2.7,8.2,3.3,4.2,2.82,High,Gen Z
12741,5.0,3.6,5.6,3.2,5.8,3.36,High,Gen Z
12742,2.1,1.9,6.2,3.0,3.8,2.94,Moderate,Gen Z
12743,5.5,1.5,7.1,2.8,2.8,3.34,Low,Gen Z
12744,4.2,2.3,5.9,1.7,2.0,2.54,High,Gen Z
12745,6.2,2.1,9.2,3.9,6.0,2.97,Low,Gen Z
12746,4.2,2.9,7.2,6.2,1.1,2.67,Moderate,Gen Z
12747,4.8,0.4,6.3,2.5,3.9,3.17,Moderate,Gen Z
12748,7.3,1.9,5.9,3.6,3.2,2.63,Moderate,Gen Z
12749,7.8,1.7,7.0,3.0,2.3,3.33,Low,Gen Z
12750,6.3,2.9,8.6,0.3,3.3,2.88,Moderate,Gen Z
12751,3.2,0.7,6.3,2.8,3.1,2.89,Moderate,Gen Z
12752,4.8,1.9,6.3,3.3,3.3,2.88,High,Gen Z
12753,3.0,1.5,7.8,1.6,4.6,3.22,Moderate,Gen Z
12754,6.5,1.4,5.8,1.5,6.1,2.68,High,Gen Z
12755,4.9,1.1,7.5,1.3,2.9,3.29,Moderate,Gen Z
12756,6.2,1.6,6.9,1.2,3.1,3.01,Moderate,Gen Z
12757,5.1,0.0,6.3,0.2,1.5,3.14,Moderate,Gen Z
12758,5.5,1.3,7.1,3.0,3.3,2.7,Moderate,Gen Z
12759,5.5,1.2,6.7,0.8,2.0,2.12,High,Gen Z
12760,7.8,2.4,8.1,2.2,2.0,2.75,Low,Gen Z
12761,6.0,0.9,6.4,3.1,4.2,3.44,Moderate,Gen Z
12762,5.2,0.0,6.8,2.4,5.4,3.3,High,Gen Z
12763,8.0,1.4,6.5,1.4,1.7,3.19,Low,Gen Z
12764,6.4,0.0,6.1,0.0,3.4,3.84,High,Gen Z
12765,1.7,3.0,6.6,1.6,4.6,3.52,Moderate,Gen Z
12766,4.7,0.9,6.4,1.8,5.2,2.66,Low,Gen Z
12767,6.8,1.9,5.2,2.5,5.8,3.33,Moderate,Gen Z
12768,7.9,1.5,6.3,3.2,4.6,2.98,Moderate,Gen Z
12769,4.5,1.9,6.2,4.2,5.4,3.37,High,Gen Z
12770,7.9,2.4,6.8,1.7,4.0,2.99,High,Gen Z
12771,1.9,3.2,6.8,5.5,1.3,3.26,Moderate,Gen Z
12772,4.1,3.3,8.7,1.5,2.0,3.22,Moderate,Gen Z
12773,6.2,1.4,6.5,3.7,4.5,3.03,Moderate,Gen Z
12774,4.8,2.8,5.1,1.2,1.4,2.95,Moderate,Gen Z
12775,3.3,0.8,7.6,1.4,2.8,3.0,High,Gen Z
12776,4.7,0.0,7.3,1.9,4.9,2.33,Low,Gen Z
12777,3.7,1.5,6.7,3.7,3.0,3.14,Low,Gen Z
12778,3.1,3.6,6.3,1.7,3.1,2.73,Moderate,Gen Z
12779,6.1,0.5,8.9,3.2,2.3,2.99,Moderate,Gen Z
12780,4.8,2.2,7.8,2.2,4.2,3.11,Low,Gen Z
12781,5.2,2.8,5.8,2.4,2.9,2.94,Moderate,Gen Z
12782,3.8,2.5,5.9,2.5,3.3,2.85,High,Gen Z
12783,6.1,3.4,8.5,4.0,4.5,3.33,Low,Gen Z
12784,3.7,3.9,7.7,2.4,2.4,3.25,Moderate,Gen Z
12785,6.0,0.0,7.2,3.5,2.9,2.91,High,Gen Z
12786,6.2,2.3,6.4,4.8,5.0,3.07,Moderate,Gen Z
12787,7.3,0.9,8.0,1.8,1.8,3.09,Low,Gen Z
12788,6.7,3.2,6.1,3.3,8.0,3.3,High,Gen Z
12789,4.2,1.8,8.0,0.9,3.4,2.63,High,Gen Z
12790,5.3,0.0,6.1,1.5,3.3,2.93,Low,Gen Z
12791,6.1,2.6,7.2,2.8,1.5,3.28,Moderate,Gen Z
12792,4.9,1.4,6.4,2.7,4.1,2.99,Moderate,Gen Z
12793,2.9,3.0,5.9,3.6,4.1,2.57,Moderate,Gen Z
12794,4.6,2.2,7.7,1.8,3.3,2.41,High,Gen Z
12795,6.2,2.9,6.8,3.0,3.1,2.88,Moderate,Gen Z
12796,4.5,3.6,7.4,2.4,5.2,2.93,Moderate,Gen Z
12797,3.0,3.0,7.7,3.4,3.4,2.3,High,Gen Z
12798,5.0,2.3,8.1,6.6,3.2,3.21,Low,Gen Z
12799,2.8,1.9,6.7,2.0,4.6,3.24,High,Gen Z
12800,3.0,2.3,7.7,2.4,2.1,2.69,Moderate,Gen Z
12801,5.0,0.3,6.6,3.8,1.9,3.17,Moderate,Gen Z
12802,8.6,1.0,5.9,4.2,4.7,2.33,Moderate,Gen Z
12803,8.1,1.6,8.8,6.2,0.0,3.31,High,Gen Z
12804,7.6,1.2,7.5,2.5,6.0,3.14,High,Gen Z
12805,3.7,2.4,5.7,3.6,2.3,2.91,Moderate,Gen Z
12806,4.5,2.9,8.2,4.1,5.9,3.24,High,Gen Z
12807,7.4,2.5,7.1,1.4,7.1,3.43,High,Gen Z
12808,7.1,1.0,7.9,4.7,4.8,3.14,Low,Gen Z
12809,3.0,0.7,7.0,1.3,4.1,3.58,Low,Gen Z
12810,4.3,2.7,7.5,3.1,4.3,3.51,Moderate,Gen Z
12811,3.6,0.0,6.9,3.7,2.1,3.31,High,Gen Z
12812,6.7,1.5,6.7,4.2,2.5,2.28,Moderate,Gen Z
12813,4.3,2.4,6.5,2.5,4.6,2.89,High,Gen Z
12814,3.8,4.0,5.7,2.2,2.9,3.29,High,Gen Z
12815,5.8,2.6,8.0,4.6,2.1,2.59,High,Gen Z
12816,4.0,1.5,9.3,4.2,4.0,3.18,High,Gen Z
12817,3.0,0.0,7.0,1.8,7.7,3.41,Low,Gen Z
12818,6.4,3.4,8.0,2.0,2.2,2.8,High,Gen Z
12819,4.0,2.3,9.8,2.2,5.2,3.32,High,Gen Z
12820,5.9,0.6,7.3,0.4,5.6,3.63,Moderate,Gen Z
12821,4.8,0.1,5.2,4.9,4.2,3.24,Moderate,Gen Z
12822,7.0,0.0,8.6,3.4,4.0,3.51,Moderate,Gen Z
12823,4.0,3.0,7.9,2.4,4.2,2.95,High,Gen Z
12824,3.4,0.4,7.4,4.5,4.7,3.58,Low,Gen Z
12825,5.2,2.6,7.0,3.1,2.9,3.22,Moderate,Gen Z
12826,3.1,0.8,7.2,2.7,2.8,2.82,High,Gen Z
12827,6.3,1.3,8.0,2.7,4.9,3.12,Moderate,Gen Z
12828,3.4,2.2,6.4,1.8,4.9,3.27,Moderate,Gen Z
12829,5.4,1.1,6.8,4.7,1.1,3.18,Moderate,Gen Z
12830,7.5,0.0,5.3,4.2,4.0,3.68,Moderate,Gen Z
12831,4.4,2.9,8.4,1.3,3.8,2.31,High,Gen Z
12832,6.0,1.0,7.0,3.6,5.7,2.81,High,Gen Z
12833,2.9,3.0,9.1,0.6,5.2,3.08,High,Gen Z
12834,5.8,2.2,6.2,2.2,3.9,3.46,Low,Gen Z
12835,3.1,1.0,6.9,1.7,4.8,3.3,Moderate,Gen Z
12836,6.7,1.0,6.7,3.9,5.6,2.65,Moderate,Gen Z
12837,4.7,1.5,6.3,2.6,3.1,3.32,High,Gen Z
12838,4.3,1.6,5.9,5.2,5.0,3.06,Low,Gen Z
12839,5.3,1.2,8.0,5.7,3.3,3.06,High,Gen Z
12840,4.8,2.1,6.4,1.5,5.6,3.19,Low,Gen Z
12841,4.6,3.3,8.1,3.4,3.5,2.74,Low,Gen Z
12842,5.6,1.9,8.0,2.5,0.0,2.98,Low,Gen Z
12843,2.5,1.3,6.7,2.6,2.4,2.91,Moderate,Gen Z
12844,3.8,1.0,6.7,4.2,5.4,2.79,High,Gen Z
12845,3.5,0.3,5.3,4.3,4.0,3.31,Low,Gen Z
12846,5.2,2.6,7.7,5.2,4.5,2.6,High,Gen Z
12847,8.1,3.8,6.5,3.7,4.2,2.92,Moderate,Gen Z
12848,3.9,2.5,6.2,2.3,3.4,3.31,High,Gen Z
12849,2.6,0.9,6.7,3.8,7.2,3.03,Moderate,Gen Z
12850,4.6,2.3,10.0,0.6,4.3,2.91,High,Gen Z
12851,6.3,2.1,6.8,2.5,3.2,3.05,High,Gen Z
12852,5.4,1.9,6.5,0.9,5.0,3.17,Moderate,Gen Z
12853,6.5,0.5,6.5,3.0,0.2,3.08,High,Gen Z
12854,2.9,1.9,6.5,2.8,4.3,2.53,Low,Gen Z
12855,3.6,1.7,6.9,2.3,1.5,3.08,Moderate,Gen Z
12856,4.0,0.1,6.3,2.3,3.3,3.09,Moderate,Gen Z
12857,6.9,1.0,8.1,1.6,0.0,2.99,High,Gen Z
12858,5.3,3.1,6.5,3.1,3.6,3.12,High,Gen Z
12859,6.0,0.0,6.5,3.3,3.6,3.25,Moderate,Gen Z
12860,5.9,1.4,7.0,3.7,1.5,2.86,High,Gen Z
12861,6.6,2.1,6.0,2.7,3.4,3.4,Low,Gen Z
12862,5.2,1.1,5.2,3.2,6.4,3.01,High,Gen Z
12863,6.0,1.3,8.0,2.1,0.0,2.5,High,Gen Z
12864,5.0,1.5,5.6,3.0,3.8,2.91,High,Gen Z
12865,2.7,2.3,6.4,3.8,3.5,3.09,Moderate,Gen Z
12866,4.0,1.1,7.5,2.2,4.0,3.62,High,Gen Z
12867,4.2,0.9,6.2,3.0,1.4,2.31,Low,Gen Z
12868,5.2,0.7,7.5,2.8,3.2,3.0,Moderate,Gen Z
12869,3.5,0.5,5.6,3.4,4.5,3.46,Moderate,Gen Z
12870,6.0,3.1,7.6,4.7,3.8,3.42,Moderate,Gen Z
12871,4.4,1.4,7.0,5.2,0.0,3.14,Low,Gen Z
12872,5.6,0.8,6.7,1.9,1.7,3.24,High,Gen Z
12873,6.2,4.4,6.5,5.4,4.4,3.16,High,Gen Z
12874,7.9,2.6,7.2,4.1,3.4,2.95,Low,Gen Z
12875,6.7,1.2,8.8,1.6,2.5,2.88,High,Gen Z
12876,6.6,1.2,7.8,0.1,1.7,3.01,High,Gen Z
12877,5.8,1.6,6.5,3.1,2.1,3.68,High,Gen Z
12878,2.9,3.1,7.5,1.9,4.1,3.1,Moderate,Gen Z
12879,6.4,3.0,7.8,4.1,6.1,2.83,Low,Gen Z
12880,6.3,0.8,7.5,2.6,3.6,2.85,Low,Gen Z
12881,2.4,3.0,7.2,3.3,2.3,2.71,Moderate,Gen Z
12882,5.1,0.7,6.8,3.7,4.3,4.0,Moderate,Gen Z
12883,5.1,0.3,7.1,2.6,5.7,3.7,Low,Gen Z
12884,6.7,1.3,6.0,4.7,2.4,3.15,High,Gen Z
12885,3.8,2.2,6.3,2.2,6.4,2.79,Moderate,Gen Z
12886,3.9,1.8,7.5,3.3,4.0,2.84,Moderate,Gen Z
12887,4.4,0.5,7.4,2.9,2.7,2.61,High,Gen Z
12888,6.4,1.4,6.6,5.2,6.9,2.62,Moderate,Gen Z
12889,9.1,1.3,9.0,3.7,4.1,2.47,Moderate,Gen Z
12890,5.6,1.1,8.0,7.2,3.1,3.51,Low,Gen Z
12891,5.1,1.8,6.7,2.9,1.5,2.48,Low,Gen Z
12892,4.1,0.9,7.0,3.0,4.6,2.98,High,Gen Z
12893,6.6,1.3,5.5,3.0,5.5,3.51,Moderate,Gen Z
12894,5.6,2.4,7.9,3.4,2.8,2.74,High,Gen Z
12895,4.1,1.9,5.7,4.3,2.6,2.88,Low,Gen Z
12896,4.1,3.2,6.3,3.5,3.0,2.79,High,Gen Z
12897,1.5,0.8,6.7,5.9,3.4,3.37,Low,Gen Z
12898,5.8,0.4,6.8,2.7,3.7,3.45,Low,Gen Z
12899,7.9,0.8,6.9,4.6,3.7,3.33,High,Gen Z
12900,5.3,0.4,7.2,3.9,3.9,2.72,High,Gen Z
12901,5.9,1.9,7.6,0.4,3.8,3.47,High,Gen Z
12902,5.9,0.0,6.9,1.7,4.8,2.59,Moderate,Gen Z
12903,6.3,1.8,6.9,4.1,0.7,3.03,Moderate,Gen Z
12904,7.4,3.8,5.8,3.3,4.2,2.97,Moderate,Gen Z
12905,4.0,2.1,7.1,3.1,3.9,2.91,Moderate,Gen Z
12906,5.5,3.0,6.9,4.1,5.1,3.51,Moderate,Gen Z
12907,5.9,2.1,5.3,2.0,6.3,3.32,Moderate,Gen Z
12908,3.4,2.3,8.4,3.7,0.4,3.36,Moderate,Gen Z
12909,4.9,2.5,6.7,2.6,3.9,3.24,High,Gen Z
12910,6.2,1.7,6.1,1.7,2.4,2.67,High,Gen Z
12911,4.7,1.6,6.6,0.0,2.9,2.91,Moderate,Gen Z
12912,4.7,0.4,7.2,5.0,3.1,3.1,Low,Gen Z
12913,7.0,2.3,7.3,0.0,5.4,2.9,Moderate,Gen Z
12914,4.3,0.4,5.4,3.2,5.4,3.01,High,Gen Z
12915,4.1,0.1,5.9,4.2,1.2,2.76,Moderate,Gen Z
12916,3.3,1.3,7.3,1.7,1.1,2.84,Moderate,Gen Z
12917,4.2,0.0,8.0,1.4,2.9,2.53,Low,Gen Z
12918,6.4,3.8,8.6,4.9,1.6,3.02,Low,Gen Z
12919,5.0,2.7,6.5,2.4,4.2,2.92,Low,Gen Z
12920,3.7,1.9,6.9,2.4,3.6,2.86,Moderate,Gen Z
12921,5.6,1.1,8.1,5.4,5.3,3.38,High,Gen Z
12922,4.2,1.5,7.0,4.1,2.6,3.05,Moderate,Gen Z
12923,5.6,1.1,7.1,0.8,2.6,2.75,High,Gen Z
12924,3.8,1.5,7.8,2.9,5.0,2.46,High,Gen Z
12925,3.8,2.0,6.2,2.6,1.2,2.73,High,Gen Z
12926,5.4,2.7,7.5,0.0,4.9,3.05,High,Gen Z
12927,4.6,0.5,8.7,1.7,5.3,2.83,Moderate,Gen Z
12928,2.2,0.6,7.0,3.7,4.2,2.53,High,Gen Z
12929,2.7,0.2,5.5,4.3,4.7,3.78,Moderate,Gen Z
12930,6.4,2.2,7.2,0.0,4.4,3.09,High,Gen Z
12931,5.3,2.2,7.7,3.8,4.2,2.82,Moderate,Gen Z
12932,6.0,2.1,8.4,2.7,4.0,2.58,High,Gen Z
12933,3.0,2.7,7.9,2.1,7.1,2.92,Moderate,Gen Z
12934,4.5,1.7,6.8,4.0,3.5,3.48,Moderate,Gen Z
12935,5.1,2.2,6.3,3.2,2.6,3.56,Moderate,Gen Z
12936,4.2,2.4,7.1,1.7,3.8,2.99,Moderate,Gen Z
12937,5.9,2.6,7.4,3.8,3.4,2.85,Moderate,Gen Z
12938,6.2,0.2,6.3,2.0,3.3,3.42,Moderate,Gen Z
12939,6.1,2.0,6.8,3.5,5.9,3.24,Low,Gen Z
12940,3.4,1.9,6.7,1.9,2.7,2.6,Moderate,Gen Z
12941,5.0,1.3,6.9,4.0,2.3,3.37,High,Gen Z
12942,6.8,0.5,6.4,1.9,4.8,2.96,Moderate,Gen Z
12943,6.0,2.3,8.4,0.4,2.4,3.34,Moderate,Gen Z
12944,5.3,0.0,6.1,4.5,3.8,3.78,High,Gen Z
12945,4.4,3.0,6.3,2.8,4.1,3.02,Moderate,Gen Z
12946,6.9,2.0,9.5,3.8,3.8,2.5,Moderate,Gen Z
12947,4.3,0.0,7.7,6.8,4.2,2.85,Low,Gen Z
12948,4.6,1.4,7.2,4.0,4.8,2.27,Moderate,Gen Z
12949,7.0,2.0,7.2,2.7,4.1,3.2,Moderate,Gen Z
12950,5.1,1.4,5.6,2.6,2.7,2.85,High,Gen Z
12951,4.3,0.0,5.5,4.0,3.2,3.46,Moderate,Gen Z
12952,5.4,0.9,8.0,1.6,2.5,2.47,Low,Gen Z
12953,4.1,1.9,6.1,0.0,1.9,3.04,High,Gen Z
12954,4.5,0.5,7.2,0.8,3.2,2.63,Moderate,Gen Z
12955,4.7,0.0,8.7,2.3,6.0,2.32,Low,Gen Z
12956,6.1,3.5,8.4,4.5,4.3,2.56,High,Gen Z
12957,4.9,1.7,5.4,3.5,3.5,2.93,High,Gen Z
12958,5.7,2.9,6.8,4.4,4.3,2.93,Moderate,Gen Z
12959,3.6,1.7,4.5,2.1,4.3,2.54,Moderate,Gen Z
12960,4.9,0.7,8.0,2.6,2.8,2.67,High,Gen Z
12961,4.3,0.7,5.6,5.1,4.6,2.54,High,Gen Z
12962,6.3,1.8,7.3,4.7,2.3,2.4,High,Gen Z
12963,5.7,1.3,6.8,1.7,4.2,3.2,Low,Gen Z
12964,6.6,0.0,6.3,4.0,6.2,3.19,Low,Gen Z
12965,4.8,0.0,8.2,2.0,3.0,3.59,Low,Gen Z
12966,5.6,0.0,7.2,0.5,2.5,2.95,Low,Gen Z
12967,3.5,1.3,6.4,3.6,3.4,2.6,Low,Gen Z
12968,6.4,1.8,6.0,3.6,2.7,2.99,Low,Gen Z
12969,3.9,0.0,6.9,3.1,4.3,2.91,High,Gen Z
12970,3.7,2.0,6.3,2.3,4.1,2.81,High,Gen Z
12971,5.0,0.6,7.4,4.0,5.9,2.83,Moderate,Gen Z
12972,4.8,0.8,7.0,3.1,4.1,2.45,High,Gen Z
12973,5.3,2.0,7.1,3.4,3.6,2.79,High,Gen Z
12974,6.7,2.1,5.8,3.2,2.7,2.86,Moderate,Gen Z
12975,4.5,0.0,6.9,2.4,0.3,2.79,High,Gen Z
12976,4.3,0.0,5.8,2.7,1.9,2.72,Moderate,Gen Z
12977,4.6,0.4,4.9,4.1,4.3,3.48,Low,Gen Z
12978,4.5,2.2,5.4,2.4,4.5,3.36,High,Gen Z
12979,6.0,0.0,6.9,2.1,2.7,3.17,High,Gen Z
12980,4.2,2.3,8.0,2.9,5.5,3.04,High,Gen Z
12981,3.9,2.3,6.9,3.1,4.5,3.25,High,Gen Z
12982,4.3,1.8,7.7,3.3,2.1,3.06,Low,Gen Z
12983,4.9,1.1,8.4,4.8,4.9,2.87,High,Gen Z
12984,7.1,0.9,6.6,3.4,4.7,3.32,High,Gen Z
12985,4.3,0.0,7.0,2.0,5.0,3.15,Low,Gen Z
12986,3.5,0.0,7.6,4.8,4.5,3.5,Moderate,Gen Z
12987,5.7,1.8,7.7,3.4,2.7,3.13,Moderate,Gen Z
12988,6.9,0.3,7.0,2.3,3.8,3.23,Moderate,Gen Z
12989,5.1,2.9,6.9,0.3,5.4,3.18,Moderate,Gen Z
12990,5.4,2.9,7.8,1.7,2.8,3.21,Low,Gen Z
12991,3.1,1.0,6.3,6.4,2.9,2.92,Moderate,Gen Z
12992,4.2,1.5,6.4,0.4,1.1,2.84,High,Gen Z
12993,4.7,0.0,7.0,3.0,1.0,3.3,High,Gen Z
12994,5.0,1.6,5.9,2.2,2.8,3.43,High,Gen Z
12995,6.4,2.7,6.8,3.2,2.6,3.06,Low,Gen Z
12996,3.9,1.9,7.3,2.1,1.2,3.37,Low,Gen Z
12997,6.1,2.7,6.0,4.4,0.9,2.59,Low,Gen Z
12998,7.5,2.1,6.9,5.5,1.0,3.0,Moderate,Gen Z
12999,4.3,0.0,5.8,4.9,0.4,3.38,High,Gen Z
13000,4.8,0.8,9.0,0.5,6.8,2.82,Moderate,Gen Z
13001,4.5,0.8,6.2,2.6,4.6,2.73,Moderate,Gen Z
13002,5.8,0.6,7.0,3.8,2.4,2.61,High,Gen Z
13003,5.2,2.1,6.9,2.2,3.5,3.07,Moderate,Gen Z
13004,3.1,0.0,8.0,4.4,4.1,3.26,High,Gen Z
13005,3.4,1.3,6.6,1.2,3.2,2.61,Moderate,Gen Z
13006,2.8,0.2,6.9,2.6,5.4,2.8,Moderate,Gen Z
13007,4.8,0.0,8.1,1.9,4.9,2.98,Moderate,Gen Z
13008,5.0,2.1,6.7,3.9,4.9,3.16,High,Gen Z
13009,5.4,1.9,8.8,3.5,2.5,3.1,Moderate,Gen Z
13010,4.5,2.6,6.6,2.6,5.8,3.07,Moderate,Gen Z
13011,3.3,1.0,5.6,3.2,4.7,2.59,High,Gen Z
13012,5.9,3.0,6.8,1.8,2.1,3.3,Low,Gen Z
13013,4.4,2.3,5.7,6.8,3.1,2.26,Low,Gen Z
13014,4.5,0.0,7.4,0.4,4.3,3.3,High,Gen Z
13015,6.8,0.2,7.2,2.2,3.0,3.33,Moderate,Gen Z
13016,5.9,0.8,6.2,3.7,2.0,3.11,High,Gen Z
13017,6.3,0.7,7.7,0.6,4.2,3.79,Moderate,Gen Z
13018,7.8,2.7,6.8,6.0,4.0,3.33,Low,Gen Z
13019,4.2,2.2,8.2,3.4,2.6,3.12,Moderate,Gen Z
13020,4.7,0.3,7.7,4.3,4.1,3.02,High,Gen Z
13021,3.9,0.7,5.8,2.6,3.5,2.84,Low,Gen Z
13022,5.3,1.8,7.8,5.9,5.6,3.11,Moderate,Gen Z
13023,5.6,2.8,8.4,2.6,5.1,3.54,Moderate,Gen Z
13024,6.4,2.9,5.7,3.3,1.6,3.54,Moderate,Gen Z
13025,2.3,3.0,6.8,3.1,2.9,2.55,High,Gen Z
13026,5.6,0.5,8.0,2.7,6.7,3.29,Moderate,Gen Z
13027,5.8,1.1,6.5,7.2,3.9,2.81,High,Gen Z
13028,5.5,2.1,6.7,1.7,0.5,2.28,High,Gen Z
13029,4.1,0.8,8.1,3.3,1.9,2.76,Low,Gen Z
13030,3.7,1.9,5.9,2.5,2.9,3.14,Moderate,Gen Z
13031,5.5,4.4,7.6,3.9,3.4,3.35,High,Gen Z
13032,5.2,1.3,6.7,2.7,4.8,3.28,Moderate,Gen Z
13033,5.9,4.4,6.9,4.1,4.1,3.39,Moderate,Gen Z
13034,3.1,2.2,7.2,1.7,4.9,2.87,Low,Gen Z
13035,6.1,2.1,9.2,1.4,5.3,2.5,Moderate,Gen Z
13036,4.4,0.0,7.0,1.7,6.0,2.7,Moderate,Gen Z
13037,2.6,1.8,7.4,0.7,5.7,2.51,Moderate,Gen Z
13038,5.2,2.5,7.4,3.0,6.3,3.03,Moderate,Gen Z
13039,4.2,2.6,7.3,3.2,5.9,2.79,Moderate,Gen Z
13040,5.6,1.3,7.9,3.4,4.5,2.46,Moderate,Gen Z
13041,5.1,0.2,7.9,4.1,5.7,3.55,High,Gen Z
13042,7.5,2.3,6.1,2.7,4.0,3.28,High,Gen Z
13043,4.4,2.6,7.2,2.1,4.6,3.44,High,Gen Z
13044,3.2,1.5,7.3,4.0,2.7,2.74,High,Gen Z
13045,5.7,2.8,5.9,1.2,1.9,3.33,High,Gen Z
13046,1.7,2.1,7.9,4.9,2.4,3.03,Moderate,Gen Z
13047,6.7,0.9,7.0,6.1,1.6,2.6,Moderate,Gen Z
13048,7.9,0.6,6.9,2.2,3.5,2.36,High,Gen Z
13049,6.4,1.2,6.6,4.8,2.2,3.47,Moderate,Gen Z
13050,5.7,0.4,7.0,3.8,4.6,2.31,High,Gen Z
13051,7.1,1.0,7.3,0.8,3.4,2.66,High,Gen Z
13052,6.2,0.1,6.6,3.5,2.9,2.66,Moderate,Gen Z
13053,6.9,2.0,7.9,3.0,2.4,3.09,Moderate,Gen Z
13054,2.6,4.2,5.9,3.6,4.6,3.14,Moderate,Gen Z
13055,3.3,1.4,8.6,3.8,2.9,2.59,Low,Gen Z
13056,3.5,1.8,6.3,3.2,4.2,3.34,Low,Gen Z
13057,3.5,0.4,9.0,1.9,4.2,2.33,Moderate,Gen Z
13058,4.5,0.0,6.2,2.4,2.6,2.76,High,Gen Z
13059,4.3,2.0,8.3,1.3,5.8,3.05,High,Gen Z
13060,5.7,0.7,6.0,1.9,6.2,2.96,Low,Gen Z
13061,5.2,1.0,7.6,4.6,5.1,3.37,High,Gen Z
13062,7.1,3.2,7.6,3.2,3.1,2.51,High,Gen Z
13063,6.4,2.3,6.7,3.2,0.3,3.32,High,Gen Z
13064,5.2,0.8,6.0,3.1,5.8,3.31,High,Gen Z
13065,4.4,0.3,7.5,0.4,5.6,2.68,Low,Gen Z
13066,4.3,0.7,7.3,6.1,4.2,2.9,High,Gen Z
13067,6.6,1.8,6.7,4.0,3.8,2.94,Moderate,Gen Z
13068,5.3,1.5,6.7,2.9,3.5,2.93,Low,Gen Z
13069,7.0,1.2,6.4,1.7,5.1,2.74,High,Gen Z
13070,5.3,0.8,6.8,1.3,1.3,3.12,Moderate,Gen Z
13071,5.1,0.0,8.1,3.4,4.0,3.08,High,Gen Z
13072,8.0,2.7,8.4,3.4,4.4,3.15,High,Gen Z
13073,4.8,1.4,6.2,0.5,5.4,2.92,Moderate,Gen Z
13074,7.2,1.9,7.5,4.0,2.8,3.2,High,Gen Z
13075,6.9,1.2,5.7,4.5,3.3,3.13,Moderate,Gen Z
13076,2.4,2.1,6.2,4.3,2.3,3.11,Moderate,Gen Z
13077,3.2,0.8,6.3,5.2,1.3,3.1,Moderate,Gen Z
13078,4.0,0.0,7.4,3.3,6.3,2.98,Low,Gen Z
13079,6.8,1.6,7.3,3.8,3.9,2.88,High,Gen Z
13080,4.5,0.0,7.0,2.8,2.9,2.89,Moderate,Gen Z
13081,4.7,2.2,7.4,0.6,4.6,2.57,Moderate,Gen Z
13082,4.1,0.2,8.2,2.4,2.8,2.52,High,Gen Z
13083,3.4,3.4,5.2,0.5,6.2,3.31,Moderate,Gen Z
13084,5.5,1.8,5.9,2.9,5.2,3.24,Moderate,Gen Z
13085,6.2,0.3,6.6,2.2,4.0,2.49,High,Gen Z
13086,4.8,3.6,5.1,3.4,4.9,2.96,High,Gen Z
13087,4.9,1.3,8.4,2.0,2.3,2.93,Moderate,Gen Z
13088,4.1,2.8,8.6,4.8,4.4,3.42,Moderate,Gen Z
13089,7.5,1.7,7.8,3.0,4.9,2.9,Low,Gen Z
13090,4.9,0.2,7.7,0.0,5.1,2.67,High,Gen Z
13091,3.2,1.1,6.9,5.7,1.6,2.56,Moderate,Gen Z
13092,5.8,3.5,7.0,2.9,0.9,3.13,High,Gen Z
13093,5.8,2.7,8.0,5.1,4.5,3.1,Moderate,Gen Z
13094,5.7,1.9,6.3,2.5,2.7,2.96,Moderate,Gen Z
13095,7.1,1.8,6.0,1.6,4.8,3.77,High,Gen Z
13096,4.9,2.7,6.9,5.3,3.4,2.9,High,Gen Z
13097,2.8,1.4,6.8,5.0,3.6,2.81,Moderate,Gen Z
13098,5.6,2.1,4.9,3.1,6.1,3.05,High,Gen Z
13099,4.3,3.8,6.7,2.3,4.7,2.67,Low,Gen Z
13100,5.6,1.8,7.0,0.5,4.6,2.59,Low,Gen Z
13101,4.5,1.7,7.3,3.8,4.4,3.08,High,Gen Z
13102,5.3,0.9,6.6,4.4,5.4,2.67,Low,Gen Z
13103,4.9,0.7,7.8,1.9,5.1,3.02,Moderate,Gen Z
13104,3.7,1.8,7.8,3.9,5.9,2.45,High,Gen Z
13105,4.9,3.1,6.7,2.2,5.6,3.06,Moderate,Gen Z
13106,1.5,0.7,6.2,2.5,5.1,2.9,High,Gen Z
13107,4.3,2.6,5.3,1.6,5.3,3.25,Moderate,Gen Z
13108,5.6,1.5,5.8,5.9,3.3,2.63,Low,Gen Z
13109,2.6,1.6,6.3,0.8,0.9,2.84,Moderate,Gen Z
13110,5.6,2.1,6.7,2.3,5.0,3.0,High,Gen Z
13111,3.6,1.2,7.1,2.8,3.5,2.81,Moderate,Gen Z
13112,5.0,0.0,7.2,2.1,3.0,2.98,Low,Gen Z
13113,5.5,1.8,7.1,2.3,4.4,3.42,High,Gen Z
13114,3.9,1.4,5.1,0.5,3.5,2.74,High,Gen Z
13115,6.1,0.0,6.6,0.0,1.5,3.69,Moderate,Gen Z
13116,4.4,2.6,6.8,2.4,4.1,2.43,High,Gen Z
13117,3.8,0.0,8.3,2.5,3.1,2.74,High,Gen Z
13118,7.4,1.8,6.2,3.7,5.0,3.43,High,Gen Z
13119,2.4,0.0,8.0,2.4,3.2,3.3,Low,Gen Z
13120,3.7,0.0,6.4,4.3,6.1,3.04,Moderate,Gen Z
13121,3.8,0.3,6.0,3.4,2.1,3.19,High,Gen Z
13122,4.0,0.0,7.1,4.3,2.6,3.46,High,Gen Z
13123,5.9,1.6,8.4,2.8,0.0,2.91,Low,Gen Z
13124,5.8,1.7,6.0,5.3,2.1,2.93,Low,Gen Z
13125,4.1,0.3,7.7,0.0,2.1,2.93,Low,Gen Z
13126,6.1,1.1,9.5,4.9,3.2,2.59,Moderate,Gen Z
13127,5.8,2.9,5.9,2.1,0.8,2.95,Moderate,Gen Z
13128,5.4,1.5,6.8,1.1,3.3,2.76,High,Gen Z
13129,4.3,0.7,6.6,3.3,3.3,3.13,High,Gen Z
13130,4.4,1.3,8.4,2.3,2.1,3.38,Moderate,Gen Z
13131,3.3,3.8,6.8,6.0,3.4,3.33,High,Gen Z
13132,6.3,3.2,8.1,0.0,3.9,2.79,High,Gen Z
13133,5.9,2.4,6.6,1.3,2.0,3.01,Moderate,Gen Z
13134,5.4,0.0,7.6,4.4,4.3,2.87,Low,Gen Z
13135,2.8,2.7,7.0,4.2,3.2,3.07,High,Gen Z
13136,3.3,2.1,6.7,3.0,3.0,2.86,Moderate,Gen Z
13137,4.4,1.4,7.9,5.5,5.3,3.13,Moderate,Gen Z
13138,7.3,2.9,6.2,2.3,2.5,3.36,High,Gen Z
13139,2.3,4.1,7.6,4.5,0.2,3.23,Moderate,Gen Z
13140,7.0,1.4,7.9,3.6,4.6,3.91,Low,Gen Z
13141,7.8,1.2,7.3,3.3,2.5,3.03,High,Gen Z
13142,6.6,2.2,7.4,4.2,4.3,2.88,High,Gen Z
13143,5.2,2.6,7.2,2.4,7.2,3.12,Moderate,Gen Z
13144,4.2,1.5,6.9,2.0,3.5,2.97,Moderate,Gen Z
13145,6.1,2.7,5.8,1.1,5.2,3.13,High,Gen Z
13146,5.5,0.2,5.5,3.4,4.0,3.36,High,Gen Z
13147,3.6,2.7,7.4,4.4,3.4,2.91,High,Gen Z
13148,5.4,2.7,9.1,1.5,4.6,3.72,Moderate,Gen Z
13149,6.5,1.2,5.7,2.9,3.2,2.78,High,Gen Z
13150,3.7,0.2,7.1,0.0,4.7,3.11,High,Gen Z
13151,7.0,2.2,7.7,3.5,0.9,2.97,Moderate,Gen Z
13152,8.0,0.0,7.2,2.6,2.9,3.39,Moderate,Gen Z
13153,7.2,0.4,7.0,4.0,3.8,3.93,High,Gen Z
13154,4.2,0.0,6.3,0.6,4.2,2.49,Moderate,Gen Z
13155,6.1,2.2,6.0,2.7,2.9,2.99,High,Gen Z
13156,4.3,1.4,7.3,1.8,4.2,2.83,High,Gen Z
13157,7.3,1.6,6.4,4.5,5.5,3.65,High,Gen Z
13158,3.3,2.6,8.1,3.0,2.0,2.86,High,Gen Z
13159,6.2,1.6,8.1,3.1,5.1,3.85,Moderate,Gen Z
13160,3.1,1.5,6.6,0.9,6.9,3.15,High,Gen Z
13161,6.7,2.0,6.3,2.7,6.2,3.38,Moderate,Gen Z
13162,5.1,0.9,6.4,3.2,4.2,3.38,High,Gen Z
13163,7.4,2.7,7.1,4.0,5.4,2.74,Moderate,Gen Z
13164,4.8,1.0,8.9,1.8,6.2,2.62,Moderate,Gen Z
13165,5.2,2.1,7.3,2.0,4.1,3.17,High,Gen Z
13166,7.8,1.9,6.8,1.3,4.1,3.15,High,Gen Z
13167,3.2,2.3,6.5,4.5,4.5,3.62,High,Gen Z
13168,4.2,0.9,8.6,3.8,4.1,2.72,High,Gen Z
13169,6.7,1.8,7.0,3.1,6.7,3.33,Low,Gen Z
13170,5.7,0.5,7.4,2.9,3.7,2.8,Moderate,Gen Z
13171,4.8,2.4,5.5,4.6,3.4,2.99,Moderate,Gen Z
13172,4.9,1.6,8.6,3.3,5.0,3.08,Moderate,Gen Z
13173,3.6,0.5,8.6,2.9,4.8,2.84,High,Gen Z
13174,8.1,1.4,6.8,3.5,1.6,3.01,High,Gen Z
13175,4.4,1.5,6.1,2.6,2.0,2.49,High,Gen Z
13176,7.3,0.0,6.9,1.4,4.2,3.09,Moderate,Gen Z
13177,4.3,0.4,7.8,1.0,3.3,2.96,Low,Gen Z
13178,9.5,1.0,8.1,2.6,4.5,2.81,High,Gen Z
13179,4.0,0.9,6.7,2.9,3.4,2.41,Low,Gen Z
13180,4.2,3.7,5.4,4.0,5.5,2.36,High,Gen Z
13181,5.4,1.8,6.6,0.0,1.3,3.34,Moderate,Gen Z
13182,6.7,2.5,6.0,3.0,4.4,3.47,High,Gen Z
13183,4.8,3.3,6.0,1.5,0.2,2.79,High,Gen Z
13184,3.8,2.7,5.4,3.3,4.5,2.56,High,Gen Z
13185,6.0,0.7,5.7,2.2,2.8,2.81,Moderate,Gen Z
13186,6.0,3.6,6.3,4.3,6.4,2.82,High,Gen Z
13187,7.6,0.7,6.9,0.1,5.9,3.64,Moderate,Gen Z
13188,4.5,2.2,7.5,5.9,2.5,2.08,High,Gen Z
13189,6.9,1.4,7.7,3.0,4.3,2.64,High,Gen Z
13190,2.3,3.4,6.4,4.2,5.1,3.36,Moderate,Gen Z
13191,5.8,2.3,8.2,6.0,2.2,2.73,Moderate,Gen Z
13192,5.5,0.9,7.1,2.9,3.2,2.34,High,Gen Z
13193,6.1,0.0,8.5,2.5,5.4,2.99,High,Gen Z
13194,4.9,1.1,8.0,5.0,2.4,3.25,High,Gen Z
13195,4.9,0.7,8.0,4.6,5.8,2.34,Moderate,Gen Z
13196,5.2,1.0,7.5,3.6,4.5,3.3,High,Gen Z
13197,4.9,2.0,7.4,4.1,4.0,2.83,Moderate,Gen Z
13198,6.7,2.0,6.5,4.8,3.2,3.13,High,Gen Z
13199,6.2,1.9,6.3,2.5,3.2,2.85,Moderate,Gen Z
13200,4.5,0.0,5.9,2.0,5.5,2.77,High,Gen Z
13201,3.7,3.0,6.1,3.2,3.9,2.05,Low,Gen Z
13202,5.3,1.1,5.4,4.3,2.9,2.79,Moderate,Gen Z
13203,3.7,5.1,6.7,2.4,5.0,2.89,Moderate,Gen Z
13204,3.5,2.1,6.5,2.5,4.9,3.14,Moderate,Gen Z
13205,4.5,2.2,7.3,2.4,0.1,2.6,Moderate,Gen Z
13206,4.3,0.0,7.4,1.8,3.2,3.24,Low,Gen Z
13207,3.2,0.0,5.9,1.5,3.3,2.48,Moderate,Gen Z
13208,6.4,2.8,6.6,7.0,3.1,2.73,Moderate,Gen Z
13209,4.8,0.6,6.2,2.6,3.9,2.95,Low,Gen Z
13210,7.0,0.4,6.5,3.3,3.1,2.57,Low,Gen Z
13211,5.4,3.1,7.3,0.2,3.1,2.9,High,Gen Z
13212,3.8,3.0,6.9,4.7,2.0,2.94,High,Gen Z
13213,5.6,0.0,8.2,1.0,4.3,2.07,Moderate,Gen Z
13214,4.5,4.4,5.8,3.2,0.0,3.26,High,Gen Z
13215,4.7,2.6,6.9,3.2,3.8,3.03,Moderate,Gen Z
13216,4.9,2.3,6.8,5.9,3.6,3.01,High,Gen Z
13217,5.2,1.5,6.1,1.4,4.5,2.32,High,Gen Z
13218,6.1,2.6,8.2,4.3,2.1,3.21,Moderate,Gen Z
13219,5.0,2.9,6.2,4.6,2.6,3.35,Low,Gen Z
13220,2.9,0.0,6.1,3.3,1.9,2.96,Moderate,Gen Z
13221,4.5,1.7,4.9,2.7,3.6,3.36,High,Gen Z
13222,5.9,0.9,6.9,3.8,4.5,3.36,High,Gen Z
13223,4.1,1.2,6.0,2.3,0.7,3.37,Low,Gen Z
13224,6.1,1.1,5.9,1.1,1.6,3.07,Low,Gen Z
13225,4.8,2.9,7.9,3.7,3.4,2.52,Moderate,Gen Z
13226,5.6,0.0,7.1,1.3,3.6,2.45,Moderate,Gen Z
13227,6.4,0.2,7.3,3.6,6.6,2.98,Moderate,Gen Z
13228,6.1,3.0,7.6,2.2,2.7,3.05,Moderate,Gen Z
13229,5.2,0.3,6.3,0.0,2.7,3.12,Low,Gen Z
13230,4.7,1.6,6.4,0.0,3.5,2.49,Moderate,Gen Z
13231,6.8,3.3,8.6,2.1,4.4,2.9,High,Gen Z
13232,4.5,1.3,7.9,6.1,0.2,3.07,Moderate,Gen Z
13233,6.0,0.0,6.5,1.5,3.2,2.5,Low,Gen Z
13234,6.2,0.4,7.9,1.8,4.4,2.89,Moderate,Gen Z
13235,5.9,2.1,6.4,2.2,3.3,3.13,Moderate,Gen Z
13236,5.3,2.1,5.7,6.4,2.0,2.47,Moderate,Gen Z
13237,4.8,0.0,7.6,1.7,3.0,2.43,Moderate,Gen Z
13238,3.3,0.1,8.3,4.6,2.5,3.42,Moderate,Gen Z
13239,2.6,2.0,6.3,1.8,0.8,2.78,Low,Gen Z
13240,5.9,1.1,7.5,2.1,2.8,2.97,High,Gen Z
13241,5.4,2.3,7.1,3.7,3.4,2.79,Moderate,Gen Z
13242,4.8,1.9,6.4,3.5,5.0,2.69,Moderate,Gen Z
13243,7.5,1.9,7.8,2.6,6.9,3.61,Moderate,Gen Z
13244,8.5,2.6,5.3,3.3,3.9,3.37,Moderate,Gen Z
13245,3.6,1.0,8.2,1.8,3.1,2.39,Moderate,Gen Z
13246,3.6,1.9,8.1,3.1,2.2,2.99,Moderate,Gen Z
13247,6.9,2.5,7.8,2.8,3.2,2.87,Low,Gen Z
13248,4.5,1.5,5.3,3.6,2.2,3.04,High,Gen Z
13249,2.8,0.5,9.5,2.0,3.1,2.4,Moderate,Gen Z
13250,6.2,2.3,6.3,4.5,5.4,3.19,Low,Gen Z
13251,5.6,0.8,6.6,3.9,2.6,2.82,High,Gen Z
13252,4.4,0.2,7.3,1.1,6.4,3.29,Moderate,Gen Z
13253,4.8,0.9,4.0,1.4,3.7,3.41,High,Gen Z
13254,4.5,0.4,7.0,4.1,1.8,3.13,Moderate,Gen Z
13255,3.8,4.2,7.2,0.9,2.1,2.99,Moderate,Gen Z
13256,5.5,2.4,7.0,1.0,1.2,3.25,High,Gen Z
13257,5.0,1.1,7.9,1.6,2.0,2.84,High,Gen Z
13258,2.8,2.9,6.4,2.2,3.1,3.26,Low,Gen Z
13259,6.2,1.9,7.7,1.8,2.9,2.37,High,Gen Z
13260,4.1,0.1,7.6,3.8,4.8,3.48,High,Gen Z
13261,6.9,0.7,7.2,7.1,5.7,3.07,High,Gen Z
13262,3.9,3.8,6.9,2.9,3.3,3.18,High,Gen Z
13263,4.9,1.5,6.3,3.9,3.5,3.12,Low,Gen Z
13264,3.4,1.4,7.3,2.0,4.9,2.59,Moderate,Gen Z
13265,5.1,3.2,6.2,2.8,3.9,3.19,Low,Gen Z
13266,4.8,1.3,6.4,4.9,2.6,2.38,High,Gen Z
13267,4.6,2.0,7.0,5.7,1.4,3.09,Low,Gen Z
13268,4.7,0.6,7.7,2.6,3.3,2.51,Moderate,Gen Z
13269,4.5,1.7,6.8,4.3,4.1,2.58,High,Gen Z
13270,6.5,2.8,6.7,4.3,2.6,2.93,High,Gen Z
13271,4.6,2.2,7.9,4.0,6.8,2.47,Moderate,Gen Z
13272,5.7,0.4,9.8,3.9,4.4,2.9,Moderate,Gen Z
13273,6.5,1.2,7.1,0.3,4.9,2.37,High,Gen Z
13274,6.1,0.0,8.4,1.1,4.5,2.76,Moderate,Gen Z
13275,6.6,0.7,6.5,2.7,4.4,2.92,High,Gen Z
13276,2.9,2.0,7.6,3.1,4.7,3.19,High,Gen Z
13277,3.2,2.5,6.5,2.8,4.1,3.08,Moderate,Gen Z
13278,2.5,2.5,6.3,2.3,4.4,2.97,High,Gen Z
13279,6.7,0.9,5.9,2.7,5.9,3.55,Moderate,Gen Z
13280,4.1,0.1,6.3,2.3,7.4,2.98,Low,Gen Z
13281,6.8,0.7,5.7,4.2,6.2,2.82,High,Gen Z
13282,7.1,3.6,5.7,2.6,3.6,2.71,Moderate,Gen Z
13283,6.4,1.4,6.5,5.7,2.9,2.86,High,Gen Z
13284,5.1,3.1,7.9,2.0,1.7,3.76,High,Gen Z
13285,3.8,1.9,9.2,2.7,3.7,2.25,High,Gen Z
13286,7.3,1.9,7.0,1.1,0.0,2.95,Low,Gen Z
13287,5.1,2.3,6.7,2.1,5.0,2.87,Moderate,Gen Z
13288,6.2,2.3,6.2,0.2,4.7,2.89,High,Gen Z
13289,3.1,2.3,5.4,3.7,3.0,2.73,High,Gen Z
13290,7.2,0.3,7.7,0.0,0.9,3.37,Moderate,Gen Z
13291,4.0,1.3,6.2,3.0,4.2,3.02,Moderate,Gen Z
13292,6.4,4.9,5.9,0.6,3.3,3.22,Low,Gen Z
13293,5.6,1.9,6.1,5.1,2.6,3.4,High,Gen Z
13294,6.3,1.9,8.0,1.4,4.5,2.87,Moderate,Gen Z
13295,2.5,2.9,7.5,3.3,5.1,3.67,High,Gen Z
13296,5.8,2.4,6.0,4.4,1.0,2.99,High,Gen Z
13297,7.7,2.9,7.9,0.1,2.6,2.51,High,Gen Z
13298,5.1,0.8,6.8,0.8,3.8,2.66,Low,Gen Z
13299,4.4,2.5,5.1,5.0,1.2,3.44,Moderate,Gen Z
13300,4.7,1.5,7.1,3.1,1.8,3.19,High,Gen Z
13301,2.2,2.5,8.5,3.1,3.8,2.73,High,Gen Z
13302,3.8,1.9,8.1,2.0,1.8,3.13,High,Gen Z
13303,4.8,0.0,7.9,4.4,4.8,3.31,Moderate,Gen Z
13304,5.6,0.8,7.2,1.5,0.9,2.81,High,Gen Z
13305,4.0,0.8,7.7,3.5,3.8,2.95,High,Gen Z
13306,4.0,2.3,8.0,2.5,4.0,2.97,Moderate,Gen Z
13307,3.8,0.7,6.6,3.1,4.8,2.63,Low,Gen Z
13308,5.5,1.5,6.7,3.2,0.2,2.9,High,Gen Z
13309,1.5,1.4,7.6,2.1,4.8,2.56,High,Gen Z
13310,6.6,0.1,4.8,4.5,3.4,2.87,Low,Gen Z
13311,3.8,2.2,6.8,2.8,3.0,2.51,High,Gen Z
13312,5.4,2.2,9.1,5.5,4.0,3.45,Low,Gen Z
13313,2.8,2.3,8.0,3.9,5.7,2.71,Moderate,Gen Z
13314,4.3,2.0,8.1,5.5,2.6,3.7,Moderate,Gen Z
13315,6.9,1.4,6.2,2.5,3.5,3.26,Moderate,Gen Z
13316,7.0,0.0,6.6,2.0,3.0,2.9,High,Gen Z
13317,7.0,1.3,8.6,2.6,4.2,3.26,Low,Gen Z
13318,7.4,2.9,6.3,5.0,4.4,3.32,Moderate,Gen Z
13319,4.3,0.0,8.9,2.0,0.0,3.33,High,Gen Z
13320,6.6,2.8,7.0,3.3,5.4,2.65,High,Gen Z
13321,4.7,0.2,7.5,5.4,5.1,2.74,Moderate,Gen Z
13322,5.5,2.7,8.4,4.4,2.0,3.56,High,Gen Z
13323,3.4,2.1,6.0,2.3,4.3,2.82,Moderate,Gen Z
13324,3.8,3.0,6.5,2.5,3.7,3.32,Low,Gen Z
13325,3.5,3.1,8.0,5.1,5.2,2.73,High,Gen Z
13326,5.3,2.4,6.1,2.5,3.7,2.77,Low,Gen Z
13327,7.0,0.1,7.1,2.3,2.1,3.18,High,Gen Z
13328,6.2,2.8,7.5,0.0,3.4,2.81,Moderate,Gen Z
13329,5.2,2.9,6.8,4.3,6.1,3.45,Low,Gen Z
13330,6.3,0.3,6.1,0.6,2.8,2.99,Moderate,Gen Z
13331,5.3,0.3,7.1,4.2,2.3,2.83,High,Gen Z
13332,4.7,1.6,5.5,3.8,4.2,2.9,Moderate,Gen Z
13333,3.6,0.0,5.7,2.8,4.1,2.87,High,Gen Z
13334,3.1,3.0,8.0,5.1,3.2,3.45,Moderate,Gen Z
13335,5.5,3.4,7.0,1.6,5.1,2.75,Moderate,Gen Z
13336,2.3,3.6,9.5,0.1,3.9,3.06,High,Gen Z
13337,4.7,2.0,7.8,3.1,5.9,3.39,Moderate,Gen Z
13338,6.3,0.2,6.8,0.4,5.0,2.6,Moderate,Gen Z
13339,6.4,3.0,4.9,2.5,3.3,2.49,Moderate,Gen Z
13340,5.9,1.1,6.7,0.3,1.5,2.86,High,Gen Z
13341,5.6,0.9,7.0,1.6,4.4,2.59,Moderate,Gen Z
13342,3.9,2.2,6.6,0.9,2.0,3.23,High,Gen Z
13343,6.7,1.6,6.1,0.8,4.8,3.23,High,Gen Z
13344,6.8,1.7,6.4,3.6,3.3,3.31,High,Gen Z
13345,5.7,1.2,6.5,1.7,2.8,2.51,Low,Gen Z
13346,2.9,1.8,8.5,2.3,3.1,3.09,High,Gen Z
13347,4.6,2.1,9.3,4.6,1.4,2.6,High,Gen Z
13348,5.7,1.3,8.1,4.5,3.3,2.56,High,Gen Z
13349,6.5,2.7,5.6,1.6,1.5,2.68,High,Gen Z
13350,5.5,1.7,8.2,3.7,5.8,2.81,Low,Gen Z
13351,4.3,1.4,6.9,1.7,4.1,3.32,High,Gen Z
13352,4.2,1.0,7.3,2.9,4.3,3.01,High,Gen Z
13353,5.0,0.8,6.2,1.9,4.0,2.94,Moderate,Gen Z
13354,4.8,2.8,6.7,3.0,3.7,2.84,Moderate,Gen Z
13355,7.0,4.6,6.9,4.5,1.6,3.54,Low,Gen Z
13356,4.4,3.2,5.5,1.2,3.9,2.65,Moderate,Gen Z
13357,5.4,2.1,8.7,5.0,5.9,2.28,High,Gen Z
13358,6.9,2.2,8.0,0.1,3.9,2.29,Moderate,Gen Z
13359,1.9,2.8,7.9,4.1,1.1,2.75,Low,Gen Z
13360,4.3,1.6,7.4,2.2,4.0,3.28,Moderate,Gen Z
13361,3.8,2.5,5.2,0.5,3.1,3.18,High,Gen Z
13362,3.3,1.8,8.4,3.1,4.2,2.88,Moderate,Gen Z
13363,6.6,0.7,7.1,2.5,2.4,3.45,High,Gen Z
13364,5.9,2.3,7.9,3.9,0.8,3.44,Moderate,Gen Z
13365,3.0,1.4,6.4,2.8,4.6,2.94,High,Gen Z
13366,3.6,2.0,6.3,2.7,5.1,2.7,Moderate,Gen Z
13367,3.5,2.9,6.1,1.0,3.3,2.95,Moderate,Gen Z
13368,4.5,3.1,8.0,3.8,4.3,3.02,High,Gen Z
13369,3.4,2.5,7.1,6.6,1.9,3.77,High,Gen Z
13370,2.9,0.0,6.8,3.5,2.6,2.99,Low,Gen Z
13371,4.5,1.9,6.8,0.8,4.5,3.17,Low,Gen Z
13372,2.9,0.9,6.8,3.6,3.4,3.02,Moderate,Gen Z
13373,4.0,1.1,5.2,2.3,3.1,3.75,Moderate,Gen Z
13374,5.7,2.6,7.2,2.8,4.9,3.41,High,Gen Z
13375,6.2,4.1,7.6,3.1,5.3,3.0,High,Gen Z
13376,6.7,0.5,7.2,2.3,5.8,3.79,Low,Gen Z
13377,4.5,2.1,7.3,3.3,3.2,2.51,Low,Gen Z
13378,5.1,0.0,7.0,2.2,4.3,3.39,Low,Gen Z
13379,5.9,1.0,7.3,0.0,4.3,3.12,High,Gen Z
13380,7.7,0.5,7.3,4.0,6.1,2.72,High,Gen Z
13381,4.1,1.4,4.8,2.5,4.7,3.6,High,Gen Z
13382,4.9,0.0,6.1,1.5,4.0,2.79,Moderate,Gen Z
13383,6.4,1.1,6.2,4.6,4.1,3.88,High,Gen Z
13384,9.3,1.4,6.6,4.6,6.4,3.04,High,Gen Z
13385,6.0,2.4,5.3,3.4,1.9,2.56,Low,Gen Z
13386,5.8,2.2,6.6,2.7,4.3,3.16,Low,Gen Z
13387,4.1,2.0,6.8,4.3,2.8,2.8,High,Gen Z
13388,6.5,1.2,8.1,2.8,2.5,2.95,High,Gen Z
13389,4.2,1.9,6.6,2.7,1.0,3.42,Low,Gen Z
13390,5.6,0.0,6.0,2.1,1.8,3.25,High,Gen Z
13391,5.0,1.4,7.1,5.4,4.5,3.17,Moderate,Gen Z
13392,3.5,0.8,6.7,1.3,0.7,2.82,Moderate,Gen Z
13393,4.4,1.5,5.4,5.5,1.7,2.86,High,Gen Z
13394,5.6,1.9,7.9,2.4,4.5,3.08,High,Gen Z
13395,7.5,2.0,6.7,3.1,3.1,2.97,Low,Gen Z
13396,5.7,1.9,7.5,2.5,4.5,3.25,High,Gen Z
13397,4.7,1.8,7.6,5.3,2.0,3.15,Moderate,Gen Z
13398,5.3,1.6,6.8,4.7,4.6,2.99,Moderate,Gen Z
13399,3.9,1.5,5.7,4.3,3.6,3.12,Low,Gen Z
13400,6.0,1.5,6.6,1.5,5.6,3.12,High,Gen Z
13401,6.4,1.8,7.4,1.0,4.9,2.94,Moderate,Gen Z
13402,1.9,1.5,5.2,3.3,3.7,2.98,Low,Gen Z
13403,4.3,1.0,7.5,2.3,3.8,3.05,Moderate,Gen Z
13404,5.1,0.8,8.5,6.1,4.9,2.61,Low,Gen Z
13405,6.0,3.0,5.1,1.0,1.2,3.08,High,Gen Z
13406,3.7,1.2,5.7,8.0,2.2,2.93,Low,Gen Z
13407,5.2,1.5,6.2,1.5,3.4,3.78,Low,Gen Z
13408,6.5,2.6,6.8,3.4,5.2,3.23,Moderate,Gen Z
13409,4.5,1.3,7.9,3.0,3.5,3.07,Moderate,Gen Z
13410,6.4,0.8,6.9,3.9,3.3,2.66,Low,Gen Z
13411,7.4,3.7,6.8,5.1,4.2,3.38,Moderate,Gen Z
13412,1.4,0.9,5.6,2.5,0.9,3.02,Low,Gen Z
13413,5.8,1.8,5.9,0.5,5.5,2.76,Low,Gen Z
13414,2.4,2.8,7.7,4.2,4.5,3.24,High,Gen Z
13415,3.4,1.1,5.7,2.1,2.1,2.71,Moderate,Gen Z
13416,6.7,2.4,7.0,2.8,5.1,2.7,High,Gen Z
13417,4.1,0.6,6.6,2.2,3.9,3.14,High,Gen Z
13418,5.9,2.6,6.9,1.8,4.9,3.22,High,Gen Z
13419,5.7,1.2,7.1,3.7,3.7,2.88,High,Gen Z
13420,5.3,0.0,6.3,4.4,2.7,3.3,Moderate,Gen Z
13421,6.5,0.0,8.5,4.7,3.6,2.83,Moderate,Gen Z
13422,3.9,2.9,4.8,2.8,5.6,2.62,Low,Gen Z
13423,6.2,1.0,7.9,1.7,3.4,3.34,High,Gen Z
13424,3.3,2.6,7.8,5.5,4.6,2.91,High,Gen Z
13425,3.1,1.3,6.2,3.4,4.0,2.71,Moderate,Gen Z
13426,4.4,3.2,7.8,0.8,5.3,3.41,Moderate,Gen Z
13427,6.0,2.6,6.1,4.6,5.8,3.03,High,Gen Z
13428,3.7,1.8,7.1,2.8,3.0,3.08,High,Gen Z
13429,4.5,0.9,5.7,0.1,3.3,2.83,High,Gen Z
13430,4.1,0.0,8.6,6.7,3.9,3.58,High,Gen Z
13431,4.7,3.1,8.3,1.5,3.3,2.67,High,Gen Z
13432,4.4,1.6,6.0,5.3,3.1,2.92,Moderate,Gen Z
13433,6.7,0.0,6.5,1.9,1.3,3.16,Low,Gen Z
13434,6.8,0.0,6.1,1.9,3.6,2.77,Moderate,Gen Z
13435,4.2,1.6,5.9,4.3,3.2,2.46,Low,Gen Z
13436,6.3,0.9,8.5,2.5,5.8,3.05,Moderate,Gen Z
13437,5.2,2.6,7.2,0.5,3.0,3.09,Moderate,Gen Z
13438,6.1,0.4,6.1,4.7,2.5,2.99,Low,Gen Z
13439,4.7,0.7,6.4,6.4,5.6,3.52,Moderate,Gen Z
13440,5.1,1.8,7.0,4.4,2.5,3.24,Moderate,Gen Z
13441,3.6,0.5,7.8,4.6,4.7,2.67,High,Gen Z
13442,7.4,2.2,7.9,4.9,4.3,2.76,Moderate,Gen Z
13443,3.8,1.9,7.2,0.1,3.3,3.21,Moderate,Gen Z
13444,2.8,2.0,6.6,2.3,6.2,3.41,High,Gen Z
13445,4.7,0.5,7.4,5.3,6.4,3.24,Low,Gen Z
13446,4.1,2.6,5.6,3.3,0.0,3.05,Moderate,Gen Z
13447,1.5,0.2,5.6,2.6,2.7,3.37,High,Gen Z
13448,6.2,0.0,7.6,2.1,1.9,3.42,Moderate,Gen Z
13449,6.1,1.5,6.3,1.5,5.8,2.85,Moderate,Gen Z
13450,6.4,2.8,7.5,3.2,3.4,3.8,Moderate,Gen Z
13451,6.7,3.1,6.1,3.1,4.1,2.86,Low,Gen Z
13452,3.7,2.4,7.1,3.2,7.2,3.2,Low,Gen Z
13453,4.3,2.3,7.7,4.3,5.9,2.94,Low,Gen Z
13454,4.2,0.2,5.5,5.4,1.1,3.29,Moderate,Gen Z
13455,6.9,3.0,7.5,3.1,1.1,3.26,Moderate,Gen Z
13456,6.1,2.1,7.0,2.5,1.7,3.03,Low,Gen Z
13457,3.7,0.5,7.1,4.9,0.3,3.26,High,Gen Z
13458,5.9,1.4,7.4,0.0,2.3,3.2,Moderate,Gen Z
13459,4.3,1.0,6.0,0.7,3.8,3.31,High,Gen Z
13460,5.1,0.0,6.3,4.1,3.3,3.15,Moderate,Gen Z
13461,6.4,1.3,8.3,0.0,3.5,3.26,Moderate,Gen Z
13462,6.0,0.0,5.1,2.8,5.1,3.27,High,Gen Z
13463,3.0,1.8,9.3,2.9,4.1,3.0,High,Gen Z
13464,6.7,3.5,7.0,1.3,1.6,3.01,Low,Gen Z
13465,5.6,2.3,7.6,1.2,4.0,3.38,High,Gen Z
13466,6.4,1.0,6.6,2.9,1.9,3.25,Moderate,Gen Z
13467,3.1,0.6,6.1,4.3,5.0,2.85,Moderate,Gen Z
13468,3.8,1.4,7.7,3.9,6.0,2.68,Moderate,Gen Z
13469,5.0,0.0,8.1,2.2,5.3,2.45,Moderate,Gen Z
13470,4.6,2.3,6.4,3.8,1.8,3.29,High,Gen Z
13471,2.5,2.2,8.2,3.6,3.3,2.6,High,Gen Z
13472,4.8,1.5,7.7,2.2,4.5,3.58,Moderate,Gen Z
13473,5.6,1.1,6.1,3.0,2.7,2.88,Moderate,Gen Z
13474,4.0,1.7,6.1,6.2,6.5,3.29,Low,Gen Z
13475,4.9,3.1,7.5,3.8,1.5,3.25,Low,Gen Z
13476,6.0,0.8,7.5,2.2,1.0,2.95,High,Gen Z
13477,4.3,1.0,7.1,4.4,3.4,3.26,Low,Gen Z
13478,7.2,0.3,4.8,4.0,2.9,3.14,Moderate,Gen Z
13479,6.7,1.7,7.3,2.3,3.3,2.64,Moderate,Gen Z
13480,6.2,0.8,6.3,3.0,3.4,3.14,High,Gen Z
13481,5.2,2.2,7.8,4.5,6.7,3.03,Moderate,Gen Z
13482,3.8,2.7,7.4,1.3,4.6,3.48,Moderate,Gen Z
13483,5.8,1.7,6.9,4.7,6.1,2.55,Moderate,Gen Z
13484,3.9,1.2,7.5,2.2,2.8,3.02,Low,Gen Z
13485,5.1,2.1,5.4,2.9,0.6,2.89,Low,Gen Z
13486,6.0,0.7,7.0,3.0,4.4,2.63,High,Gen Z
13487,5.2,2.3,7.0,2.9,4.2,3.95,Moderate,Gen Z
13488,6.1,1.2,9.1,3.2,2.1,3.28,Moderate,Gen Z
13489,6.6,3.1,7.3,0.0,5.0,2.86,Low,Gen Z
13490,3.6,1.8,7.5,3.8,3.9,2.6,High,Gen Z
13491,4.5,1.7,6.9,5.0,8.0,3.44,Moderate,Gen Z
13492,4.7,1.8,7.0,3.1,5.9,2.76,Moderate,Gen Z
13493,6.4,1.8,5.0,3.2,4.5,2.56,Moderate,Gen Z
13494,6.1,2.0,7.7,2.0,3.7,2.8,High,Gen Z
13495,7.5,2.0,6.7,4.3,4.5,3.43,High,Gen Z
13496,6.0,2.3,7.5,1.0,3.9,2.79,High,Gen Z
13497,5.4,3.0,6.3,5.1,3.6,3.04,Low,Gen Z
13498,7.0,0.0,7.5,2.8,3.7,3.3,Moderate,Gen Z
13499,7.0,0.2,6.2,5.0,0.5,3.16,High,Gen Z
13500,2.2,1.7,5.8,1.2,3.1,3.59,Moderate,Gen Z
13501,5.8,2.7,7.8,1.1,5.2,3.0,High,Gen Z
13502,4.9,1.1,8.5,1.9,3.2,2.82,High,Gen Z
13503,6.9,1.8,4.9,1.0,3.3,3.27,Low,Gen Z
13504,4.4,3.2,5.2,3.2,2.6,2.86,Moderate,Gen Z
13505,7.4,0.1,7.0,3.1,3.4,2.34,High,Gen Z
13506,5.6,1.0,6.0,3.3,3.9,3.12,Low,Gen Z
13507,6.7,3.6,6.4,2.3,3.5,3.19,Moderate,Gen Z
13508,7.7,4.1,5.5,3.9,1.6,3.3,Moderate,Gen Z
13509,5.5,0.4,7.1,3.3,4.6,2.59,Low,Gen Z
13510,6.1,2.1,6.0,2.4,4.8,3.19,High,Gen Z
13511,3.0,0.0,6.3,2.3,4.5,3.32,Low,Gen Z
13512,5.4,1.3,6.2,0.8,3.3,3.42,Moderate,Gen Z
13513,5.9,3.9,6.8,0.0,2.2,2.62,Moderate,Gen Z
13514,7.2,1.5,6.3,4.5,5.8,3.61,Moderate,Gen Z
13515,2.8,3.0,8.3,3.6,4.2,2.98,Moderate,Gen Z
13516,3.5,2.9,5.9,3.4,4.7,2.6,Low,Gen Z
13517,4.7,1.5,8.6,2.2,3.0,2.8,Moderate,Gen Z
13518,4.7,4.5,6.3,1.8,4.5,2.9,Moderate,Gen Z
13519,7.8,0.7,6.3,3.1,3.1,2.89,Low,Gen Z
13520,4.8,1.1,7.1,3.3,4.3,2.08,Low,Gen Z
13521,5.0,2.9,6.5,1.6,4.3,2.93,Moderate,Gen Z
13522,3.9,2.5,6.9,1.6,5.3,3.02,High,Gen Z
13523,5.6,1.9,5.9,2.8,4.7,3.6,High,Gen Z
13524,5.0,1.3,8.0,4.3,4.3,2.74,Low,Gen Z
13525,6.5,2.0,6.4,2.7,0.0,3.05,Low,Gen Z
13526,4.6,1.2,8.3,3.6,5.6,2.91,Moderate,Gen Z
13527,6.7,1.0,4.5,0.9,3.7,3.17,Moderate,Gen Z
13528,4.4,0.7,7.2,1.3,5.1,3.02,Moderate,Gen Z
13529,4.1,3.4,8.0,4.6,5.0,3.03,High,Gen Z
13530,4.7,1.6,7.6,3.5,1.5,3.16,High,Gen Z
13531,3.8,2.6,6.9,3.9,2.8,2.66,High,Gen Z
13532,4.8,0.9,6.3,4.1,4.0,3.12,Moderate,Gen Z
13533,6.2,1.8,6.5,3.6,2.4,3.22,Moderate,Gen Z
13534,5.1,1.2,5.9,1.5,4.8,2.24,Moderate,Gen Z
13535,5.2,0.0,6.1,3.1,5.5,3.02,Moderate,Gen Z
13536,4.2,2.6,6.9,3.0,5.2,2.88,High,Gen Z
13537,3.8,2.7,6.8,4.0,4.8,3.28,Moderate,Gen Z
13538,5.4,0.0,5.7,3.7,5.5,3.46,Low,Gen Z
13539,5.4,0.8,7.9,2.1,5.9,3.1,Moderate,Gen Z
13540,6.9,1.0,6.0,1.9,5.2,3.06,High,Gen Z
13541,3.8,0.8,6.5,1.4,6.9,3.29,High,Gen Z
13542,6.8,0.0,7.5,0.1,2.2,3.44,Low,Gen Z
13543,6.3,3.1,6.1,1.8,2.0,2.91,Low,Gen Z
13544,5.2,2.6,7.3,0.7,4.6,3.69,High,Gen Z
13545,6.6,3.0,6.2,0.9,4.7,2.45,Low,Gen Z
13546,4.6,1.4,7.1,6.2,4.3,3.41,High,Gen Z
13547,3.5,2.0,7.3,2.2,1.8,2.4,Moderate,Gen Z
13548,5.2,2.9,7.6,3.3,2.1,2.74,Low,Gen Z
13549,3.3,1.4,7.3,1.2,3.5,3.37,Moderate,Gen Z
13550,9.5,3.4,4.9,4.1,2.2,3.07,Moderate,Gen Z
13551,4.9,0.2,4.6,5.0,0.2,2.68,Moderate,Gen Z
13552,5.6,0.0,7.6,4.8,3.4,3.15,Low,Gen Z
13553,4.6,3.2,7.2,0.2,3.5,2.38,Low,Gen Z
13554,3.8,0.9,5.9,3.9,5.3,3.17,Moderate,Gen Z
13555,5.1,1.8,7.3,3.7,2.7,2.7,High,Gen Z
13556,5.3,2.5,6.3,3.8,2.8,3.75,High,Gen Z
13557,3.5,2.5,5.7,2.9,3.2,3.52,Moderate,Gen Z
13558,6.3,2.3,7.3,4.3,4.4,3.0,Moderate,Gen Z
13559,7.1,2.4,7.4,4.4,4.5,2.69,High,Gen Z
13560,5.3,0.1,6.7,0.1,3.8,2.95,High,Gen Z
13561,4.7,2.2,4.9,2.3,4.5,2.56,Moderate,Gen Z
13562,2.3,1.0,5.6,2.7,3.1,2.87,Moderate,Gen Z
13563,4.5,1.7,7.5,1.9,5.4,3.15,High,Gen Z
13564,4.8,1.8,7.7,2.9,5.4,2.69,High,Gen Z
13565,4.7,0.0,7.7,3.8,2.0,2.3,High,Gen Z
13566,6.6,1.5,8.1,3.6,2.8,3.19,Low,Gen Z
13567,2.9,2.3,6.0,2.2,4.3,2.56,High,Gen Z
13568,3.8,2.1,6.2,1.6,4.1,3.3,Moderate,Gen Z
13569,7.1,3.6,9.2,1.3,4.3,2.92,High,Gen Z
13570,3.4,1.1,6.1,1.1,2.2,2.41,Moderate,Gen Z
13571,5.5,0.0,7.1,3.0,3.0,3.3,High,Gen Z
13572,6.5,3.6,7.7,1.1,4.7,2.7,Moderate,Gen Z
13573,5.1,1.0,6.7,2.6,5.5,3.2,Moderate,Gen Z
13574,7.6,1.1,7.5,3.4,3.5,3.29,High,Gen Z
13575,4.7,1.4,7.8,2.6,3.9,3.37,High,Gen Z
13576,6.3,2.9,6.3,0.0,4.7,3.04,Low,Gen Z
13577,3.8,1.0,6.2,2.5,1.1,2.71,High,Gen Z
13578,3.3,1.6,6.6,2.9,4.8,2.51,Low,Gen Z
13579,5.7,1.6,7.6,3.7,2.5,3.04,Low,Gen Z
13580,3.6,3.2,6.6,2.9,5.1,2.71,High,Gen Z
13581,5.4,3.0,7.7,0.8,4.9,2.73,High,Gen Z
13582,4.6,1.9,7.7,1.6,5.2,3.1,High,Gen Z
13583,6.3,0.7,5.8,1.9,3.3,3.03,High,Gen Z
13584,2.9,2.8,8.3,4.3,5.4,3.18,High,Gen Z
13585,6.5,3.2,5.7,3.8,4.0,3.53,High,Gen Z
13586,4.2,2.4,5.7,4.1,6.8,2.44,Moderate,Gen Z
13587,4.2,0.0,6.6,2.7,3.2,2.76,Moderate,Gen Z
13588,3.0,2.4,5.7,6.2,3.3,2.99,Moderate,Gen Z
13589,3.8,3.2,8.6,3.2,4.3,3.34,Low,Gen Z
13590,4.9,3.7,6.4,4.1,7.1,2.81,Moderate,Gen Z
13591,3.5,1.4,7.5,4.0,3.2,2.54,High,Gen Z
13592,4.9,1.9,6.0,1.4,5.1,3.02,Moderate,Gen Z
13593,6.4,3.0,8.2,1.7,4.0,3.59,Moderate,Gen Z
13594,5.2,0.3,7.1,1.5,4.0,2.7,Moderate,Gen Z
13595,5.7,0.3,9.0,3.7,6.0,2.86,Low,Gen Z
13596,4.5,2.4,6.2,3.2,4.3,3.04,Moderate,Gen Z
13597,4.1,3.7,7.8,3.2,4.6,3.33,Moderate,Gen Z
13598,2.9,2.1,7.4,5.7,5.7,2.77,Moderate,Gen Z
13599,3.7,2.3,8.6,4.9,3.8,3.12,High,Gen Z
13600,6.0,1.0,8.3,4.4,2.8,3.26,Moderate,Gen Z
13601,5.8,2.0,6.4,3.2,3.3,2.9,High,Gen Z
13602,5.1,1.8,8.3,4.8,2.9,2.8,High,Gen Z
13603,6.4,0.9,9.2,4.7,5.8,3.51,Low,Gen Z
13604,6.4,2.2,6.8,4.2,6.8,2.79,Moderate,Gen Z
13605,6.3,0.0,7.0,4.5,4.7,3.03,Low,Gen Z
13606,4.0,1.5,8.0,1.5,2.8,3.56,High,Gen Z
13607,5.0,3.3,6.0,3.0,5.6,2.4,Moderate,Gen Z
13608,5.0,1.6,6.7,4.3,5.1,2.7,Moderate,Gen Z
13609,4.6,2.9,5.4,4.8,5.6,2.88,High,Gen Z
13610,6.6,0.1,5.4,1.5,4.6,2.67,Moderate,Gen Z
13611,3.4,3.5,8.5,3.9,5.2,2.56,High,Gen Z
13612,6.9,0.1,8.5,3.3,4.0,3.58,Moderate,Gen Z
13613,4.8,1.9,6.8,3.8,3.3,2.52,High,Gen Z
13614,6.5,2.3,6.6,5.2,5.5,3.09,Moderate,Gen Z
13615,6.3,1.7,8.1,4.2,4.0,2.84,High,Gen Z
13616,7.5,0.6,7.7,1.0,3.1,2.76,Moderate,Gen Z
13617,4.3,2.5,6.2,2.8,4.4,2.83,Low,Gen Z
13618,6.1,1.2,6.2,5.3,3.0,3.66,Low,Gen Z
13619,4.7,2.2,7.4,4.1,5.8,2.95,Low,Gen Z
13620,7.1,0.3,7.8,3.4,2.1,3.26,Moderate,Gen Z
13621,6.1,3.0,7.5,2.9,4.1,2.19,Moderate,Gen Z
13622,2.1,3.0,7.0,0.6,5.3,2.63,Moderate,Gen Z
13623,4.7,1.8,7.6,4.7,3.0,2.8,Low,Gen Z
13624,6.9,2.1,6.1,5.7,0.0,2.69,High,Gen Z
13625,6.6,1.5,5.5,1.8,3.6,2.69,High,Gen Z
13626,4.6,1.0,5.9,2.5,7.3,3.51,High,Gen Z
13627,3.7,2.3,6.7,3.8,2.4,3.04,Moderate,Gen Z
13628,7.2,1.3,5.4,3.9,4.0,3.17,Low,Gen Z
13629,6.0,1.6,7.8,3.6,2.7,2.7,High,Gen Z
13630,6.2,0.0,7.7,3.5,4.6,2.73,Moderate,Gen Z
13631,3.2,1.7,7.9,4.0,4.1,2.71,High,Gen Z
13632,7.9,1.1,6.3,4.0,0.9,2.37,High,Gen Z
13633,3.9,1.9,6.3,3.7,5.7,2.74,Moderate,Gen Z
13634,5.2,2.0,8.6,3.7,4.0,2.74,Low,Gen Z
13635,6.5,2.5,6.2,2.5,2.4,3.17,Moderate,Gen Z
13636,4.5,1.1,7.5,4.8,3.4,4.0,High,Gen Z
13637,3.6,1.6,6.9,1.4,4.1,3.05,High,Gen Z
13638,6.8,0.8,6.9,3.0,4.7,3.41,Moderate,Gen Z
13639,3.4,1.1,6.0,3.1,3.1,3.07,High,Gen Z
13640,7.6,1.9,7.0,2.2,3.1,3.3,Moderate,Gen Z
13641,4.9,0.0,8.2,4.7,4.5,3.26,Moderate,Gen Z
13642,1.5,0.7,8.2,0.6,3.3,1.89,Moderate,Gen Z
13643,6.3,0.0,6.0,1.9,1.9,2.61,Moderate,Gen Z
13644,5.3,2.4,8.8,2.1,2.1,2.75,High,Gen Z
13645,7.0,1.3,7.1,2.9,7.1,3.12,High,Gen Z
13646,5.1,1.0,7.3,3.9,3.4,2.97,Moderate,Gen Z
13647,4.9,2.0,6.4,3.3,3.7,3.21,High,Gen Z
13648,6.0,0.0,8.0,4.5,2.7,3.22,Moderate,Gen Z
13649,5.0,1.5,7.9,2.1,1.4,3.49,High,Gen Z
13650,3.8,2.4,7.7,2.0,3.3,2.62,High,Gen Z
13651,5.4,1.6,4.2,4.7,3.8,2.49,High,Gen Z
13652,2.3,1.1,5.5,3.2,3.7,2.68,High,Gen Z
13653,5.6,2.5,7.7,0.0,5.2,3.01,Moderate,Gen Z
13654,3.7,1.6,7.9,2.6,2.3,3.14,High,Gen Z
13655,4.5,0.0,5.6,2.7,4.7,3.06,High,Gen Z
13656,4.5,0.8,8.3,3.5,2.9,2.86,High,Gen Z
13657,2.9,3.5,7.0,4.8,3.5,2.86,Moderate,Gen Z
13658,5.1,0.4,7.2,0.8,5.7,2.97,High,Gen Z
13659,4.2,2.5,7.2,2.8,4.0,2.96,High,Gen Z
13660,5.1,1.5,5.5,4.1,4.4,2.4,High,Gen Z
13661,6.0,1.1,7.7,0.7,2.8,2.43,Low,Gen Z
13662,6.3,1.9,6.1,2.5,4.9,3.26,High,Gen Z
13663,6.0,2.0,7.5,5.9,1.7,3.16,Low,Gen Z
13664,5.0,2.2,7.3,1.8,4.2,2.76,High,Gen Z
13665,4.0,0.0,7.2,4.9,4.4,3.13,Moderate,Gen Z
13666,3.2,2.4,5.9,3.2,3.0,2.88,Low,Gen Z
13667,5.5,3.2,7.8,2.7,3.0,3.3,High,Gen Z
13668,7.7,0.7,6.3,5.6,2.1,3.39,Moderate,Gen Z
13669,3.7,4.9,7.4,1.1,3.7,2.89,Moderate,Gen Z
13670,2.3,2.4,7.2,6.1,3.1,2.2,Low,Gen Z
13671,5.6,2.6,8.4,1.3,3.3,2.8,Moderate,Gen Z
13672,7.4,0.5,4.6,4.1,5.5,3.38,Moderate,Gen Z
13673,6.0,0.0,8.5,1.9,4.8,3.51,Low,Gen Z
13674,7.9,0.9,6.2,4.9,2.6,3.59,Low,Gen Z
13675,4.4,1.1,8.9,1.8,3.6,2.37,Moderate,Gen Z
13676,4.3,2.6,6.1,1.5,6.4,2.92,Moderate,Gen Z
13677,5.0,1.9,7.3,4.4,6.1,3.35,High,Gen Z
13678,5.5,2.4,6.4,1.1,3.7,3.19,High,Gen Z
13679,3.9,0.7,7.1,3.1,1.8,3.07,Moderate,Gen Z
13680,1.7,2.3,9.3,4.7,1.4,2.54,Moderate,Gen Z
13681,5.2,2.3,7.6,3.3,2.7,2.42,Low,Gen Z
13682,3.3,2.4,7.0,3.1,6.8,2.59,High,Gen Z
13683,3.1,1.0,7.5,2.7,4.7,2.4,Moderate,Gen Z
13684,2.7,4.3,5.5,0.5,5.5,2.63,Moderate,Gen Z
13685,5.6,0.7,7.1,3.5,1.5,2.15,High,Gen Z
13686,5.1,0.6,8.6,2.3,5.7,2.22,High,Gen Z
13687,7.4,2.1,7.0,1.5,3.4,3.1,Low,Gen Z
13688,6.0,3.4,8.2,3.1,4.0,2.93,Moderate,Gen Z
13689,3.2,2.1,5.9,4.6,1.9,3.23,High,Gen Z
13690,6.4,2.5,5.8,1.7,2.5,2.59,High,Gen Z
13691,4.7,2.4,6.7,4.0,3.4,3.44,Low,Gen Z
13692,5.7,1.3,7.5,2.7,6.3,2.98,Moderate,Gen Z
13693,3.4,0.7,6.7,4.0,2.4,3.08,Low,Gen Z
13694,6.1,2.8,7.4,3.7,3.5,3.09,Low,Gen Z
13695,5.3,3.8,6.1,5.1,6.4,3.13,High,Gen Z
13696,5.7,1.2,6.0,2.3,3.5,3.48,Moderate,Gen Z
13697,4.1,0.0,6.3,3.5,2.6,2.87,Low,Gen Z
13698,6.2,0.9,8.9,1.4,1.2,3.0,High,Gen Z
13699,5.6,2.2,7.2,4.4,3.6,3.17,High,Gen Z
13700,5.3,2.8,6.8,2.1,6.7,2.62,Moderate,Gen Z
13701,6.3,2.1,6.6,2.3,2.4,2.47,High,Gen Z
13702,3.0,1.7,6.1,3.2,3.9,2.83,Moderate,Gen Z
13703,3.1,1.6,7.5,2.6,5.5,3.2,High,Gen Z
13704,3.3,0.6,6.2,3.1,6.6,3.63,Moderate,Gen Z
13705,4.9,2.2,6.7,1.6,5.9,3.22,Moderate,Gen Z
13706,2.9,0.2,7.7,0.0,3.9,3.09,Moderate,Gen Z
13707,4.9,2.3,6.4,2.5,5.8,2.69,High,Gen Z
13708,5.9,1.6,7.4,4.0,2.7,2.25,Moderate,Gen Z
13709,1.7,2.2,7.2,3.0,4.8,2.24,High,Gen Z
13710,4.5,2.0,7.0,4.2,6.8,3.33,Moderate,Gen Z
13711,5.4,1.7,5.7,1.8,1.1,2.39,Moderate,Gen Z
13712,6.5,0.0,7.0,4.9,3.6,3.2,Low,Gen Z
13713,5.9,0.0,6.4,4.2,3.5,2.31,Low,Gen Z
13714,1.7,1.2,7.5,3.4,4.0,3.14,Moderate,Gen Z
13715,5.1,1.3,8.5,2.0,4.6,2.89,Moderate,Gen Z
13716,7.1,3.4,8.1,3.3,6.1,2.75,Low,Gen Z
13717,5.3,0.8,7.3,2.8,4.0,3.12,High,Gen Z
13718,5.8,3.3,8.3,2.3,3.9,3.16,Moderate,Gen Z
13719,4.1,2.7,7.2,2.4,2.9,3.47,High,Gen Z
13720,6.1,3.0,7.6,1.4,3.0,2.81,Moderate,Gen Z
13721,6.3,1.1,7.4,4.3,4.2,2.78,Low,Gen Z
13722,4.0,4.0,7.1,1.0,5.1,3.56,Moderate,Gen Z
13723,4.1,0.0,5.4,2.8,4.0,3.07,Low,Gen Z
13724,4.0,4.0,7.0,0.6,6.2,3.99,High,Gen Z
13725,5.1,2.8,7.3,3.9,6.6,2.68,Moderate,Gen Z
13726,4.4,1.2,6.2,5.7,4.2,3.3,Moderate,Gen Z
13727,4.1,0.0,8.2,3.3,5.2,3.41,Low,Gen Z
13728,6.4,1.8,8.5,3.0,3.8,3.08,Low,Gen Z
13729,2.6,0.8,5.6,2.7,5.1,2.89,Moderate,Gen Z
13730,4.4,0.8,6.0,1.4,3.2,2.74,High,Gen Z
13731,5.5,0.3,7.5,2.8,0.7,2.59,Moderate,Gen Z
13732,2.3,2.5,7.9,3.0,3.5,2.34,Low,Gen Z
13733,5.0,1.9,7.8,1.9,3.9,2.68,High,Gen Z
13734,2.4,3.8,7.1,4.3,2.3,2.27,High,Gen Z
13735,3.1,0.0,8.3,2.8,5.6,3.29,Moderate,Gen Z
13736,4.5,2.1,6.8,2.3,1.9,2.11,High,Gen Z
13737,4.6,3.6,6.4,2.5,2.2,3.02,Low,Gen Z
13738,6.7,1.1,6.6,3.8,3.9,3.18,Moderate,Gen Z
13739,3.4,4.0,6.1,1.5,3.5,3.7,High,Gen Z
13740,8.0,0.0,8.2,4.2,2.9,3.13,Low,Gen Z
13741,5.0,0.6,6.4,3.3,6.1,3.41,High,Gen Z
13742,1.9,1.2,6.6,4.1,4.3,3.12,Moderate,Gen Z
13743,8.9,2.5,6.7,3.5,2.2,3.14,Moderate,Gen Z
13744,2.6,2.4,6.0,3.3,3.4,3.21,High,Gen Z
13745,6.0,2.2,4.9,3.2,3.5,3.52,High,Gen Z
13746,6.2,1.6,7.7,2.5,4.1,3.12,High,Gen Z
13747,4.2,2.6,6.2,3.3,6.0,3.27,Moderate,Gen Z
13748,5.9,2.8,9.5,2.8,3.2,2.74,Low,Gen Z
13749,4.1,2.7,8.6,3.1,4.6,3.25,High,Gen Z
13750,5.6,1.2,8.4,3.1,3.3,2.99,Moderate,Gen Z
13751,3.1,3.2,5.7,0.5,3.1,2.66,High,Gen Z
13752,4.0,1.6,6.2,3.2,3.9,2.87,Moderate,Gen Z
13753,3.4,3.1,5.3,3.6,4.1,3.64,Moderate,Gen Z
13754,6.3,2.3,8.2,3.2,2.8,4.0,High,Gen Z
13755,5.8,1.7,6.4,5.1,5.3,3.97,Moderate,Gen Z
13756,4.9,0.8,6.3,2.3,4.0,2.72,Moderate,Gen Z
13757,4.4,1.8,6.7,3.8,3.1,3.65,High,Gen Z
13758,2.7,1.5,6.9,5.4,1.6,3.24,High,Gen Z
13759,3.1,3.1,6.3,3.7,3.5,2.47,High,Gen Z
13760,5.0,0.1,5.5,4.1,3.2,2.99,Moderate,Gen Z
13761,4.6,1.5,8.0,5.4,5.4,3.12,Low,Gen Z
13762,3.7,1.5,7.5,3.6,3.0,2.9,High,Gen Z
13763,4.5,4.6,5.1,4.6,5.5,2.42,High,Gen Z
13764,5.6,2.4,7.7,3.1,3.5,3.56,Moderate,Gen Z
13765,4.8,2.1,6.9,4.2,2.6,3.07,High,Gen Z
13766,4.5,1.7,4.8,2.9,4.0,3.51,High,Gen Z
13767,7.1,1.4,7.1,2.2,2.3,3.1,Moderate,Gen Z
13768,4.6,1.3,8.1,4.8,2.2,3.21,Low,Gen Z
13769,6.4,1.9,8.2,3.5,3.3,2.47,Low,Gen Z
13770,5.0,2.9,9.6,4.7,5.4,3.18,High,Gen Z
13771,8.1,3.0,7.5,3.2,4.4,2.83,Moderate,Gen Z
13772,2.2,1.4,7.2,1.7,1.9,2.54,Moderate,Gen Z
13773,6.7,0.9,7.2,2.3,3.6,2.85,High,Gen Z
13774,5.3,2.1,6.4,3.2,2.6,2.59,High,Gen Z
13775,6.0,0.9,6.6,0.9,6.9,3.09,Low,Gen Z
13776,4.6,0.0,6.3,4.6,4.3,2.8,High,Gen Z
13777,7.7,1.3,7.5,4.1,4.2,2.74,Moderate,Gen Z
13778,4.3,1.0,6.1,3.5,3.5,3.45,High,Gen Z
13779,5.5,1.4,6.7,1.7,4.1,2.65,Moderate,Gen Z
13780,3.7,1.5,7.7,3.5,4.2,3.53,High,Gen Z
13781,7.1,3.5,8.5,1.5,2.9,3.3,Moderate,Gen Z
13782,6.0,1.3,6.9,4.4,3.4,2.62,High,Gen Z
13783,5.6,0.6,7.0,3.1,4.0,3.82,High,Gen Z
13784,5.5,1.8,6.5,2.7,3.8,2.65,Moderate,Gen Z
13785,6.1,0.0,6.7,0.6,0.9,3.34,Low,Gen Z
13786,6.9,0.0,4.7,4.9,2.5,2.55,High,Gen Z
13787,2.6,1.6,5.7,2.9,0.0,2.82,Low,Gen Z
13788,5.2,1.0,5.6,3.6,3.5,2.74,Low,Gen Z
13789,3.5,2.5,7.4,0.7,4.3,2.94,Moderate,Gen Z
13790,6.5,1.6,7.7,3.5,2.4,3.03,High,Gen Z
13791,3.7,4.0,7.3,2.0,2.8,3.37,Moderate,Gen Z
13792,1.7,2.0,7.6,6.0,3.5,2.9,High,Gen Z
13793,6.0,1.4,7.6,5.4,0.6,3.14,High,Gen Z
13794,4.2,1.6,7.0,4.0,4.4,3.06,High,Gen Z
13795,6.3,0.0,6.5,4.1,4.3,3.04,Low,Gen Z
13796,4.6,1.3,7.6,3.1,4.4,2.96,Moderate,Gen Z
13797,6.6,4.0,8.1,0.0,2.5,3.57,High,Gen Z
13798,3.1,1.6,7.7,4.1,7.3,2.85,Moderate,Gen Z
13799,5.5,1.1,7.2,3.2,3.7,3.08,Low,Gen Z
13800,5.5,2.0,6.7,3.4,4.8,3.0,High,Gen Z
13801,4.6,2.6,7.8,3.0,4.5,2.92,High,Gen Z
13802,5.4,2.5,7.6,3.0,2.6,2.98,Low,Gen Z
13803,4.3,2.4,8.0,2.4,4.9,3.13,Moderate,Gen Z
13804,5.7,1.6,6.4,4.4,2.8,2.59,High,Gen Z
13805,7.8,2.8,9.2,2.1,3.5,2.69,Moderate,Gen Z
13806,4.1,1.4,6.5,3.5,4.5,3.06,Moderate,Gen Z
13807,5.6,3.0,6.9,3.5,3.3,2.68,Moderate,Gen Z
13808,4.7,0.0,7.1,3.3,2.2,2.99,High,Gen Z
13809,3.3,0.3,6.7,2.5,3.0,3.2,High,Gen Z
13810,5.1,2.7,6.4,0.5,2.2,2.93,Low,Gen Z
13811,5.3,0.8,5.0,1.8,3.4,2.99,Moderate,Gen Z
13812,3.5,0.9,5.2,0.8,2.3,3.45,High,Gen Z
13813,5.9,0.7,7.5,3.0,2.1,3.63,High,Gen Z
13814,6.1,0.0,6.1,4.4,3.1,2.96,Moderate,Gen Z
13815,4.0,0.9,6.5,1.9,4.6,3.25,Moderate,Gen Z
13816,6.6,2.9,5.9,1.1,3.1,2.95,Low,Gen Z
13817,2.4,2.9,7.1,3.2,4.8,2.64,Low,Gen Z
13818,6.4,1.7,6.0,3.2,1.5,2.43,High,Gen Z
13819,2.4,1.2,6.3,3.1,3.4,2.84,Moderate,Gen Z
13820,4.5,3.1,7.9,1.8,3.3,2.99,Moderate,Gen Z
13821,4.4,1.4,8.4,4.5,5.2,3.34,High,Gen Z
13822,2.6,2.1,7.3,0.7,2.4,3.39,High,Gen Z
13823,5.0,1.0,7.1,3.7,6.1,2.72,Low,Gen Z
13824,4.6,0.7,6.5,1.5,4.1,2.82,High,Gen Z
13825,5.7,0.0,5.1,4.0,3.7,3.01,Low,Gen Z
13826,4.1,2.1,6.4,4.3,4.6,3.39,High,Gen Z
13827,3.9,0.0,6.4,5.5,4.6,2.63,Low,Gen Z
13828,5.7,1.2,7.9,5.1,3.2,3.58,Moderate,Gen Z
13829,5.4,1.6,6.7,2.4,6.1,2.6,High,Gen Z
13830,3.5,1.3,7.3,3.6,4.5,2.86,High,Gen Z
13831,8.9,2.4,6.3,0.7,5.4,2.97,High,Gen Z
13832,7.3,2.0,8.8,3.6,3.4,3.56,Low,Gen Z
13833,4.3,2.0,6.8,2.5,5.3,2.79,Low,Gen Z
13834,4.5,2.3,7.9,4.0,1.8,2.9,Moderate,Gen Z
13835,5.2,1.5,5.5,3.7,0.3,3.86,Moderate,Gen Z
13836,5.1,0.9,5.6,2.4,4.3,2.72,High,Gen Z
13837,3.1,3.1,7.7,0.0,0.6,2.91,Moderate,Gen Z
13838,4.5,2.5,8.3,2.5,5.4,3.26,Moderate,Gen Z
13839,6.9,1.1,8.0,3.2,4.2,3.3,High,Gen Z
13840,4.9,2.8,5.2,4.3,6.7,3.64,Moderate,Gen Z
13841,6.5,2.2,7.1,3.2,6.5,3.37,Moderate,Gen Z
13842,5.1,1.2,6.2,0.6,5.1,3.59,Moderate,Gen Z
13843,6.6,1.6,7.8,1.6,3.0,3.47,High,Gen Z
13844,5.0,1.5,6.4,2.5,2.9,2.28,Moderate,Gen Z
13845,7.8,1.0,7.4,4.4,2.5,2.61,High,Gen Z
13846,4.0,0.9,7.2,4.0,2.3,2.78,High,Gen Z
13847,5.1,2.0,5.8,3.2,3.2,2.29,High,Gen Z
13848,5.1,4.1,5.9,4.5,2.3,2.96,High,Gen Z
13849,3.8,0.8,8.5,3.2,4.1,2.67,Low,Gen Z
13850,7.5,1.4,7.0,1.5,4.2,2.99,Low,Gen Z
13851,5.2,2.6,5.8,1.6,3.2,3.03,High,Gen Z
13852,7.0,0.0,7.2,3.8,2.6,2.88,Low,Gen Z
13853,6.4,1.3,6.9,2.7,6.7,2.88,Moderate,Gen Z
13854,4.0,1.0,8.0,5.9,4.2,3.12,High,Gen Z
13855,8.0,2.2,7.4,0.8,3.5,3.1,Moderate,Gen Z
13856,6.0,1.6,7.2,4.5,4.3,3.0,Moderate,Gen Z
13857,3.0,1.1,5.3,5.1,6.3,3.07,High,Gen Z
13858,6.6,1.9,6.0,4.6,3.2,3.39,High,Gen Z
13859,5.0,3.2,7.5,1.4,6.0,3.29,High,Gen Z
13860,7.2,2.1,7.5,3.3,0.0,3.03,High,Gen Z
13861,5.6,1.6,6.5,2.0,2.8,2.23,Low,Gen Z
13862,4.6,2.4,7.1,5.3,3.5,3.2,Moderate,Gen Z
13863,6.5,1.2,7.1,2.9,3.0,2.71,Moderate,Gen Z
13864,3.1,1.5,7.7,3.4,4.0,4.0,Moderate,Gen Z
13865,6.6,2.7,7.5,2.9,3.4,2.86,High,Gen Z
13866,2.9,1.5,8.0,2.8,2.5,2.83,Moderate,Gen Z
13867,4.9,1.7,6.1,3.1,2.5,3.14,Moderate,Gen Z
13868,5.3,1.0,7.8,2.5,0.0,3.1,Low,Gen Z
13869,5.2,1.8,8.2,1.5,2.7,3.78,High,Gen Z
13870,5.5,2.4,4.6,1.3,3.5,3.29,High,Gen Z
13871,5.6,1.6,7.1,1.6,2.2,2.74,High,Gen Z
13872,6.3,2.6,8.4,3.8,5.8,2.9,Low,Gen Z
13873,5.6,0.1,8.3,5.4,4.2,3.01,High,Gen Z
13874,4.4,0.0,5.9,3.7,4.9,3.51,High,Gen Z
13875,3.1,0.0,7.5,5.3,5.9,2.88,High,Gen Z
13876,4.2,1.0,6.8,3.6,3.8,2.91,Moderate,Gen Z
13877,5.6,2.2,7.3,3.0,4.6,2.81,High,Gen Z
13878,6.3,1.4,8.1,2.2,5.3,2.67,Low,Gen Z
13879,2.4,0.8,6.7,4.7,3.9,3.36,Low,Gen Z
13880,5.0,2.0,6.1,3.3,2.6,3.3,Low,Gen Z
13881,3.8,2.0,5.8,1.8,1.1,2.87,High,Gen Z
13882,4.3,2.2,7.5,2.5,5.9,2.96,High,Gen Z
13883,5.7,1.4,6.5,2.9,2.2,2.67,High,Gen Z
13884,5.7,1.6,7.2,2.0,3.3,3.39,High,Gen Z
13885,5.3,3.2,7.5,3.0,3.5,3.92,Moderate,Gen Z
13886,3.9,1.5,6.4,1.6,2.0,2.71,Moderate,Gen Z
13887,5.5,1.0,7.5,3.7,3.4,2.84,Moderate,Gen Z
13888,5.4,2.8,6.8,3.0,2.3,2.74,High,Gen Z
13889,4.8,2.1,6.5,3.3,2.1,3.46,High,Gen Z
13890,6.8,0.6,7.6,4.0,4.7,2.42,Low,Gen Z
13891,2.7,1.8,7.0,0.1,3.3,2.48,Moderate,Gen Z
13892,4.8,1.0,7.3,2.1,4.1,2.75,Moderate,Gen Z
13893,4.9,0.9,6.2,2.0,4.4,3.09,Moderate,Gen Z
13894,3.5,4.0,6.6,3.1,5.5,3.24,Moderate,Gen Z
13895,4.8,1.3,6.3,3.3,5.5,2.82,Moderate,Gen Z
13896,5.0,0.1,7.5,4.7,2.7,3.28,High,Gen Z
13897,4.0,1.0,6.3,4.4,2.7,2.89,High,Gen Z
13898,6.1,0.0,6.7,2.3,3.6,3.79,Low,Gen Z
13899,5.2,0.4,8.3,1.9,3.2,2.45,Moderate,Gen Z
13900,3.9,0.8,6.5,3.6,4.2,2.73,High,Gen Z
13901,6.2,1.7,6.8,6.9,5.2,2.79,Moderate,Gen Z
13902,4.2,2.1,6.7,1.4,3.9,2.98,Moderate,Gen Z
13903,5.3,3.8,6.5,2.7,2.0,2.61,Moderate,Gen Z
13904,3.2,2.6,7.5,2.9,5.6,2.55,Low,Gen Z
13905,4.7,2.5,9.4,2.7,2.0,2.47,High,Gen Z
13906,6.7,2.0,8.1,3.8,3.6,3.04,High,Gen Z
13907,5.3,2.6,6.7,2.6,3.3,2.74,Low,Gen Z
13908,4.6,1.7,8.0,3.0,2.7,2.88,Low,Gen Z
13909,7.0,2.8,4.7,0.1,5.3,3.4,Moderate,Gen Z
13910,5.4,1.5,6.8,5.5,1.2,2.81,High,Gen Z
13911,6.4,0.9,4.9,3.4,1.0,2.84,Moderate,Gen Z
13912,5.2,0.9,7.8,3.1,2.7,2.72,Moderate,Gen Z
13913,3.5,2.1,8.8,1.8,3.2,2.29,Moderate,Gen Z
13914,6.4,2.1,8.0,3.3,5.2,2.39,Moderate,Gen Z
13915,7.3,1.0,6.3,4.8,2.7,2.81,Moderate,Gen Z
13916,4.9,3.3,6.9,4.9,4.0,3.18,Low,Gen Z
13917,5.9,1.8,6.6,1.9,3.3,3.11,High,Gen Z
13918,5.3,2.1,8.6,2.1,1.9,2.73,Low,Gen Z
13919,6.1,3.0,7.2,3.0,4.1,3.11,Moderate,Gen Z
13920,5.8,3.2,7.3,3.4,2.8,2.41,Moderate,Gen Z
13921,4.1,1.7,7.5,4.1,5.3,3.06,Moderate,Gen Z
13922,4.2,1.9,6.4,0.0,5.6,3.19,Moderate,Gen Z
13923,5.1,0.0,5.3,4.8,2.7,2.7,High,Gen Z
13924,4.4,1.6,8.1,4.2,3.9,3.16,Moderate,Gen Z
13925,8.3,0.8,6.6,5.1,2.9,3.73,Moderate,Gen Z
13926,5.7,3.3,6.7,4.1,3.3,2.94,High,Gen Z
13927,4.5,3.1,6.9,3.6,3.9,3.44,High,Gen Z
13928,6.9,0.0,7.4,1.9,4.1,2.64,High,Gen Z
13929,3.9,1.5,6.2,1.9,4.0,3.67,High,Gen Z
13930,5.0,3.9,6.6,4.0,1.7,2.85,High,Gen Z
13931,2.9,1.5,5.6,3.7,3.1,2.8,Low,Gen Z
13932,7.9,0.5,6.4,2.9,2.9,2.94,Moderate,Gen Z
13933,7.0,1.4,6.4,1.9,3.5,3.16,High,Gen Z
13934,3.5,3.6,6.1,2.8,7.1,3.24,High,Gen Z
13935,5.3,1.5,8.0,2.6,5.0,3.29,High,Gen Z
13936,6.7,2.1,8.0,3.4,4.1,2.75,High,Gen Z
13937,5.6,1.3,6.5,4.4,0.0,3.3,Moderate,Gen Z
13938,6.6,3.4,7.1,2.3,4.2,3.57,High,Gen Z
13939,5.6,1.7,7.3,0.0,3.1,2.86,High,Gen Z
13940,2.5,3.1,8.1,3.0,1.5,2.95,Moderate,Gen Z
13941,5.9,3.5,7.5,5.5,2.5,2.35,Moderate,Gen Z
13942,5.3,1.2,8.3,2.9,4.2,3.31,High,Gen Z
13943,6.0,1.6,7.6,4.5,3.7,3.15,Moderate,Gen Z
13944,5.4,2.0,7.9,1.7,5.0,2.44,High,Gen Z
13945,3.4,2.0,6.7,3.1,6.2,2.7,Moderate,Gen Z
13946,2.5,0.8,5.4,1.6,4.6,2.92,High,Gen Z
13947,4.1,0.3,7.3,1.0,1.4,3.16,Moderate,Gen Z
13948,4.4,1.0,7.3,1.4,4.1,3.28,Moderate,Gen Z
13949,4.8,1.0,7.7,5.7,6.1,2.7,High,Gen Z
13950,5.3,1.5,7.1,1.8,2.9,3.43,Moderate,Gen Z
13951,7.5,1.6,5.9,1.8,3.5,3.17,Moderate,Gen Z
13952,5.1,3.2,5.3,1.5,2.4,2.55,High,Gen Z
13953,3.5,2.6,8.2,4.2,3.1,2.69,High,Gen Z
13954,7.3,1.4,7.1,2.5,0.0,3.23,Moderate,Gen Z
13955,7.0,1.8,6.6,3.9,1.9,2.91,High,Gen Z
13956,2.8,1.0,7.7,3.6,5.3,3.21,Low,Gen Z
13957,2.9,4.8,8.6,2.1,3.8,2.88,Moderate,Gen Z
13958,5.1,1.3,7.1,1.1,3.6,2.93,Low,Gen Z
13959,3.2,2.1,8.4,1.3,3.0,3.01,Moderate,Gen Z
13960,5.0,2.1,6.8,3.1,4.4,3.08,High,Gen Z
13961,4.8,1.9,6.6,3.9,2.5,2.02,Low,Gen Z
13962,5.0,1.6,6.4,0.0,2.7,3.35,High,Gen Z
13963,3.8,3.2,8.0,3.0,4.3,2.39,High,Gen Z
13964,3.3,1.8,6.8,1.8,1.2,2.94,Moderate,Gen Z
13965,5.8,1.1,7.5,3.3,7.3,3.42,Low,Gen Z
13966,7.3,1.3,8.4,4.1,3.2,2.32,High,Gen Z
13967,4.0,2.2,6.0,2.5,3.7,3.68,High,Gen Z
13968,5.2,1.0,7.4,2.3,4.8,2.76,Low,Gen Z
13969,6.4,0.2,6.2,4.1,2.3,2.98,High,Gen Z
13970,2.8,2.8,7.8,3.5,5.0,2.93,Low,Gen Z
13971,4.2,2.1,5.1,2.1,3.7,3.31,High,Gen Z
13972,4.6,3.2,6.5,2.0,6.0,3.29,High,Gen Z
13973,4.5,0.6,7.3,2.8,3.5,2.58,Moderate,Gen Z
13974,3.4,1.6,7.2,4.4,4.2,3.26,High,Gen Z
13975,7.0,1.1,6.2,1.8,4.5,2.98,Moderate,Gen Z
13976,6.0,0.0,7.3,4.1,1.8,2.55,Moderate,Gen Z
13977,6.9,0.1,7.4,3.6,4.9,3.68,Moderate,Gen Z
13978,5.3,0.3,8.2,1.7,3.2,3.01,Low,Gen Z
13979,4.2,1.8,6.6,2.5,1.7,3.25,Low,Gen Z
13980,6.3,2.7,6.4,5.8,3.3,3.11,High,Gen Z
13981,3.4,3.4,7.6,0.6,4.7,3.35,High,Gen Z
13982,3.9,0.9,6.4,2.2,2.5,2.62,Moderate,Gen Z
13983,4.9,1.4,7.3,3.6,2.7,3.33,Moderate,Gen Z
13984,3.8,2.2,8.1,3.7,4.2,2.59,High,Gen Z
13985,5.4,0.7,6.3,3.1,5.4,3.3,High,Gen Z
13986,5.6,2.4,7.5,2.2,2.0,2.98,Moderate,Gen Z
13987,4.7,1.1,5.4,3.2,2.2,2.49,High,Gen Z
13988,4.8,0.0,5.8,1.0,1.7,2.9,Moderate,Gen Z
13989,2.5,1.4,7.8,2.0,4.5,3.7,High,Gen Z
13990,5.8,2.1,7.1,1.8,1.8,3.2,High,Gen Z
13991,7.1,0.2,7.2,2.3,5.7,3.44,Moderate,Gen Z
13992,5.3,0.7,7.9,3.6,4.3,2.99,Moderate,Gen Z
13993,4.7,1.8,4.8,1.5,7.3,3.0,Low,Gen Z
13994,4.7,1.8,7.3,4.3,1.1,2.71,Moderate,Gen Z
13995,5.5,0.8,7.1,0.4,4.4,3.36,Moderate,Gen Z
13996,5.7,1.1,6.2,0.8,4.8,3.44,Moderate,Gen Z
13997,8.4,1.8,7.5,0.0,2.1,2.85,Moderate,Gen Z
13998,7.5,1.5,6.3,2.7,4.4,2.77,High,Gen Z
13999,5.2,2.9,6.8,2.7,3.4,2.63,Moderate,Gen Z
14000,5.3,2.5,6.8,5.4,3.2,3.78,High,Gen Z
14001,3.2,0.0,7.2,1.4,2.8,3.58,Low,Gen Z
14002,6.0,0.8,6.3,3.8,1.6,2.58,Moderate,Gen Z
14003,2.7,1.4,6.7,2.4,4.7,2.93,High,Gen Z
14004,5.8,0.8,9.5,0.3,2.5,3.33,Moderate,Gen Z
14005,3.5,1.5,7.9,2.5,0.5,3.27,Moderate,Gen Z
14006,3.2,1.7,7.7,3.7,5.9,2.94,High,Gen Z
14007,6.2,0.9,7.5,0.8,5.2,2.89,High,Gen Z
14008,3.6,2.3,5.7,2.7,5.6,2.9,Moderate,Gen Z
14009,4.3,0.2,7.1,2.6,3.5,2.65,High,Gen Z
14010,5.3,3.5,6.3,2.6,3.8,3.45,Moderate,Gen Z
14011,3.3,2.4,6.5,2.3,3.2,3.03,Low,Gen Z
14012,3.8,1.7,5.7,3.1,4.3,3.19,Moderate,Gen Z
14013,4.1,1.7,5.4,2.9,4.3,3.32,High,Gen Z
14014,4.1,1.7,7.7,3.8,5.2,3.19,High,Gen Z
14015,5.3,1.2,7.2,3.5,2.9,2.92,High,Gen Z
14016,6.2,2.2,8.4,3.6,0.0,3.18,High,Gen Z
14017,5.0,1.7,7.7,1.5,2.9,3.03,High,Gen Z
14018,4.3,2.5,6.5,0.8,5.2,2.59,Moderate,Gen Z
14019,5.3,2.2,8.0,2.8,3.0,2.6,Moderate,Gen Z
14020,5.6,1.0,6.6,1.1,1.9,3.76,High,Gen Z
14021,6.0,1.2,7.2,0.4,4.4,2.51,High,Gen Z
14022,2.9,1.4,7.0,2.0,4.2,3.51,Moderate,Gen Z
14023,4.0,0.6,8.1,6.1,3.0,3.14,Moderate,Gen Z
14024,4.4,2.9,7.7,0.7,2.6,3.09,High,Gen Z
14025,5.7,0.6,6.1,7.5,1.5,2.27,High,Gen Z
14026,3.9,0.5,7.5,0.0,3.3,3.06,High,Gen Z
14027,5.3,2.6,6.6,0.9,3.2,3.54,High,Gen Z
14028,3.1,1.8,7.8,3.1,2.0,2.88,High,Gen Z
14029,4.4,1.0,6.7,1.7,4.1,2.59,High,Gen Z
14030,4.2,3.3,8.3,0.0,4.2,2.82,Moderate,Gen Z
14031,2.5,1.6,6.2,4.9,2.4,3.1,Moderate,Gen Z
14032,7.5,3.4,7.0,3.7,2.3,2.77,Moderate,Gen Z
14033,6.6,3.2,6.6,3.0,1.3,2.61,High,Gen Z
14034,5.9,2.8,6.8,3.2,5.7,3.0,Moderate,Gen Z
14035,5.6,0.5,6.7,2.7,2.6,3.08,High,Gen Z
14036,7.6,2.2,7.1,2.2,4.4,2.51,High,Gen Z
14037,7.5,1.5,6.9,2.9,1.0,3.2,High,Gen Z
14038,6.6,1.7,7.0,2.5,2.8,2.67,Low,Gen Z
14039,6.0,1.7,7.0,3.8,3.2,2.76,Low,Gen Z
14040,6.2,1.6,7.3,3.0,1.2,1.99,Moderate,Gen Z
14041,5.5,1.2,7.5,3.3,4.6,3.8,Moderate,Gen Z
14042,6.1,0.1,6.7,1.5,5.0,2.72,High,Gen Z
14043,5.4,1.7,8.8,4.4,4.4,2.55,Low,Gen Z
14044,4.6,2.3,6.8,3.2,1.2,3.23,High,Gen Z
14045,6.0,1.9,6.6,3.5,5.1,2.98,High,Gen Z
14046,6.5,0.0,8.1,3.6,2.8,2.71,High,Gen Z
14047,5.2,1.9,7.7,3.7,1.9,2.6,Low,Gen Z
14048,4.9,1.4,5.4,2.3,2.1,2.99,Moderate,Gen Z
14049,6.1,2.3,6.0,0.6,5.3,2.88,Moderate,Gen Z
14050,4.2,1.4,6.3,2.2,2.7,3.07,High,Gen Z
14051,4.6,0.0,7.8,2.1,4.0,3.13,Moderate,Gen Z
14052,2.8,0.1,6.6,2.6,2.6,2.96,Low,Gen Z
14053,6.0,1.5,5.7,2.2,3.6,2.76,High,Gen Z
14054,5.9,1.7,7.4,4.7,4.4,2.95,Low,Gen Z
14055,6.6,1.1,5.0,5.3,0.0,2.83,High,Gen Z
14056,6.1,2.5,6.1,2.0,3.7,3.0,Moderate,Gen Z
14057,4.7,4.3,5.9,4.6,4.0,3.39,Moderate,Gen Z
14058,4.9,3.1,7.3,1.7,4.3,2.74,Moderate,Gen Z
14059,4.0,1.9,8.4,2.4,4.4,2.71,High,Gen Z
14060,4.4,2.7,7.9,4.2,4.3,3.06,High,Gen Z
14061,3.1,1.0,6.6,0.0,6.5,2.96,Moderate,Gen Z
14062,6.2,0.8,8.0,4.1,4.8,3.46,Low,Gen Z
14063,3.4,2.8,7.8,3.8,5.3,3.32,Moderate,Gen Z
14064,6.5,1.6,6.7,1.6,4.5,3.22,Moderate,Gen Z
14065,6.6,0.0,9.0,1.9,3.4,2.95,Moderate,Gen Z
14066,5.5,0.3,7.1,2.6,4.8,2.94,High,Gen Z
14067,5.8,0.7,6.7,1.5,5.1,2.6,Low,Gen Z
14068,3.9,2.0,5.7,4.7,2.4,2.77,Moderate,Gen Z
14069,8.4,1.3,8.1,3.0,3.5,3.47,Moderate,Gen Z
14070,6.0,1.2,7.7,1.6,5.3,3.14,Moderate,Gen Z
14071,4.9,1.2,7.1,4.2,1.2,3.12,Moderate,Gen Z
14072,4.4,0.7,7.0,2.4,5.3,2.59,Moderate,Gen Z
14073,4.3,1.1,7.2,2.5,2.1,2.85,Moderate,Gen Z
14074,6.1,1.6,6.5,3.6,3.6,2.65,Moderate,Gen Z
14075,4.9,2.4,7.0,4.1,2.4,3.16,High,Gen Z
14076,5.7,2.9,7.8,4.4,7.3,3.14,High,Gen Z
14077,4.8,2.1,6.6,5.2,6.2,2.58,Moderate,Gen Z
14078,6.0,2.7,6.7,2.9,3.8,2.97,High,Gen Z
14079,7.4,1.6,6.1,4.8,4.6,2.64,High,Gen Z
14080,5.7,1.7,7.9,2.5,1.8,3.25,Moderate,Gen Z
14081,7.0,2.8,8.3,3.4,5.7,2.81,High,Gen Z
14082,6.1,0.9,8.4,2.2,1.6,3.28,Low,Gen Z
14083,5.5,2.4,7.8,1.6,3.3,2.56,High,Gen Z
14084,6.0,1.5,6.9,4.2,3.4,3.14,Moderate,Gen Z
14085,6.6,1.9,6.5,4.2,2.2,2.94,High,Gen Z
14086,6.5,0.0,8.0,1.5,4.8,2.71,High,Gen Z
14087,3.2,1.9,7.7,5.3,7.1,2.94,High,Gen Z
14088,6.4,0.0,6.7,3.3,3.7,2.89,Low,Gen Z
14089,5.4,1.8,6.9,4.8,3.6,2.7,Moderate,Gen Z
14090,3.9,1.5,6.3,4.7,3.3,2.73,Moderate,Gen Z
14091,3.9,4.0,6.7,1.2,1.6,3.14,Low,Gen Z
14092,4.2,1.1,7.2,1.3,5.0,2.71,Moderate,Gen Z
14093,5.2,1.5,6.4,3.3,0.8,3.13,High,Gen Z
14094,7.2,3.6,7.7,3.6,4.2,2.77,Moderate,Gen Z
14095,3.4,0.8,7.1,2.0,3.0,2.91,Moderate,Gen Z
14096,5.4,1.3,5.9,1.0,2.5,2.9,Low,Gen Z
14097,2.9,0.7,6.3,0.3,1.9,3.05,High,Gen Z
14098,4.4,1.8,7.7,1.8,4.4,3.15,Low,Gen Z
14099,6.1,2.4,6.6,3.1,4.2,2.96,High,Gen Z
14100,6.9,2.9,7.3,4.6,2.8,3.42,Low,Gen Z
14101,8.2,0.0,4.8,2.4,2.5,2.98,Moderate,Gen Z
14102,4.8,1.6,9.0,3.2,6.3,3.07,Moderate,Gen Z
14103,6.0,1.8,8.4,2.7,3.6,2.78,Moderate,Gen Z
14104,6.1,1.0,7.6,3.4,5.6,3.29,Moderate,Gen Z
14105,4.4,2.4,6.8,4.2,4.5,2.52,Moderate,Gen Z
14106,5.8,1.3,7.2,4.3,2.2,3.59,Moderate,Gen Z
14107,5.0,1.7,7.8,1.7,4.0,2.89,Moderate,Gen Z
14108,6.3,0.2,7.1,4.0,1.6,3.26,Moderate,Gen Z
14109,6.2,0.0,7.6,3.2,4.4,2.43,Low,Gen Z
14110,2.9,1.2,7.0,3.2,3.8,3.23,High,Gen Z
14111,4.9,3.2,6.2,5.7,4.2,3.23,High,Gen Z
14112,4.7,1.4,6.6,1.6,3.3,2.88,High,Gen Z
14113,3.4,0.0,6.6,3.6,8.0,3.16,Low,Gen Z
14114,8.5,1.0,8.4,0.5,7.4,2.88,High,Gen Z
14115,5.9,2.4,5.7,0.0,4.6,2.95,Moderate,Gen Z
14116,3.6,2.6,6.6,2.5,4.0,3.37,High,Gen Z
14117,4.1,1.9,7.0,2.0,5.9,2.91,Moderate,Gen Z
14118,3.7,1.5,5.8,1.9,5.4,2.97,Moderate,Gen Z
14119,4.9,2.5,7.9,2.4,3.9,2.73,High,Gen Z
14120,5.1,0.7,7.4,3.2,4.0,2.96,Moderate,Gen Z
14121,4.3,2.0,6.5,0.3,1.9,3.34,Moderate,Gen Z
14122,3.9,2.2,6.6,0.8,4.7,2.78,Moderate,Gen Z
14123,3.7,2.2,5.5,2.8,4.6,3.61,Moderate,Gen Z
14124,7.4,0.6,7.6,3.3,5.1,2.73,Low,Gen Z
14125,4.8,3.6,7.8,4.2,4.6,2.84,High,Gen Z
14126,4.0,0.8,6.9,1.0,4.0,2.38,Moderate,Gen Z
14127,4.9,2.7,7.1,2.1,3.5,2.49,High,Gen Z
14128,3.9,1.8,6.2,5.2,5.6,3.34,Low,Gen Z
14129,5.7,3.4,5.8,3.3,4.5,2.95,Moderate,Gen Z
14130,4.0,2.3,8.4,2.0,4.8,3.33,High,Gen Z
14131,3.6,3.7,5.6,3.5,2.7,3.13,High,Gen Z
14132,7.1,0.0,6.5,0.0,4.5,3.32,Low,Gen Z
14133,3.8,1.8,6.2,2.8,5.3,3.5,High,Gen Z
14134,5.7,1.0,5.9,3.2,5.1,3.53,Moderate,Gen Z
14135,5.3,0.0,6.8,3.9,2.0,2.8,Low,Gen Z
14136,6.8,0.7,5.7,4.7,5.9,2.71,Moderate,Gen Z
14137,4.1,1.8,6.9,3.4,4.9,2.98,Moderate,Gen Z
14138,3.9,4.2,6.5,3.8,4.1,3.0,High,Gen Z
14139,7.0,3.6,7.8,0.8,5.0,3.21,Moderate,Gen Z
14140,3.9,3.0,6.8,2.2,4.8,3.12,Moderate,Gen Z
14141,2.9,3.9,6.4,4.5,4.5,3.27,High,Gen Z
14142,4.6,2.0,7.3,2.4,3.9,2.97,Moderate,Gen Z
14143,8.1,2.5,7.9,3.5,1.9,3.44,Low,Gen Z
14144,4.8,1.3,8.1,2.7,2.8,2.67,High,Gen Z
14145,5.7,1.1,6.8,2.8,1.7,2.89,High,Gen Z
14146,5.0,1.6,6.1,5.2,2.9,3.29,High,Gen Z
14147,4.5,0.7,6.9,2.3,1.6,2.87,Moderate,Gen Z
14148,5.4,2.7,8.1,1.7,8.0,3.3,Moderate,Gen Z
14149,3.5,1.3,6.0,1.3,5.7,3.43,Moderate,Gen Z
14150,4.8,0.0,8.1,2.5,4.8,2.77,Moderate,Gen Z
14151,5.4,1.9,8.9,2.9,1.4,3.22,Moderate,Gen Z
14152,7.0,0.5,8.0,3.5,4.7,2.74,Low,Gen Z
14153,2.2,3.6,7.4,3.6,3.1,3.24,Moderate,Gen Z
14154,7.0,1.6,8.0,3.7,1.5,2.7,High,Gen Z
14155,4.8,0.9,6.6,3.7,3.8,3.13,Low,Gen Z
14156,3.6,0.0,6.4,1.6,4.4,3.12,Moderate,Gen Z
14157,6.5,2.2,8.3,3.1,5.7,3.01,Moderate,Gen Z
14158,4.4,2.7,8.2,2.9,3.7,3.27,High,Gen Z
14159,3.6,3.3,5.7,1.7,3.5,2.42,Low,Gen Z
14160,5.1,3.4,7.8,3.7,2.6,3.12,Moderate,Gen Z
14161,1.8,1.4,8.0,3.4,3.8,2.82,Low,Gen Z
14162,5.1,1.2,6.5,4.0,4.3,3.18,Moderate,Gen Z
14163,7.2,1.9,7.8,5.1,4.7,2.75,Moderate,Gen Z
14164,6.6,2.2,6.7,2.7,4.0,2.87,Moderate,Gen Z
14165,5.3,1.6,8.1,3.8,4.8,2.46,Low,Gen Z
14166,5.9,0.6,5.0,2.9,4.3,3.07,Moderate,Gen Z
14167,4.5,2.6,6.3,0.9,3.5,3.46,Moderate,Gen Z
14168,5.7,1.4,8.0,2.1,3.3,3.05,High,Gen Z
14169,3.5,2.1,5.4,4.4,2.7,2.81,High,Gen Z
14170,5.1,0.5,6.0,2.0,5.9,3.83,Moderate,Gen Z
14171,5.4,2.2,7.4,2.8,2.2,3.54,High,Gen Z
14172,5.5,1.1,8.3,3.0,2.2,3.56,High,Gen Z
14173,3.4,0.5,6.1,3.6,2.5,2.8,High,Gen Z
14174,5.3,3.7,6.6,3.2,2.9,2.94,Moderate,Gen Z
14175,3.0,4.2,4.8,2.0,4.1,3.03,Moderate,Gen Z
14176,4.8,0.0,7.6,1.5,1.7,3.04,Moderate,Gen Z
14177,5.0,1.1,6.5,1.8,5.3,2.88,Moderate,Gen Z
14178,5.5,0.5,7.6,4.1,2.7,2.52,Moderate,Gen Z
14179,6.7,0.5,6.3,2.1,4.8,2.42,Low,Gen Z
14180,3.8,1.5,5.6,4.6,4.6,2.32,Moderate,Gen Z
14181,4.5,0.3,7.2,3.7,5.4,2.45,High,Gen Z
14182,6.7,3.4,6.7,1.1,4.5,3.7,Moderate,Gen Z
14183,3.7,2.1,9.3,4.4,2.0,3.67,High,Gen Z
14184,5.9,0.9,7.4,3.6,7.0,2.4,High,Gen Z
14185,4.1,3.3,7.4,4.9,1.3,2.72,Moderate,Gen Z
14186,4.9,1.5,6.3,3.1,2.4,3.14,Moderate,Gen Z
14187,4.6,1.2,7.0,2.5,5.0,3.38,High,Gen Z
14188,5.1,1.6,7.1,2.6,1.6,3.02,High,Gen Z
14189,4.1,0.9,6.1,4.1,7.4,2.44,Moderate,Gen Z
14190,5.5,1.0,6.7,4.2,4.6,3.13,High,Gen Z
14191,4.5,2.4,7.9,1.2,2.0,2.5,Low,Gen Z
14192,5.9,0.4,6.6,1.6,6.2,3.45,Low,Gen Z
14193,6.6,0.5,5.9,4.1,2.4,3.36,Moderate,Gen Z
14194,4.1,1.4,7.2,1.5,2.5,3.11,Low,Gen Z
14195,2.6,2.4,5.6,4.5,4.8,3.6,Moderate,Gen Z
14196,4.8,1.6,5.4,1.2,4.9,3.07,Moderate,Gen Z
14197,6.6,2.6,8.9,3.6,3.3,3.18,Moderate,Gen Z
14198,4.7,1.0,8.3,2.5,3.6,3.12,Moderate,Gen Z
14199,4.9,5.5,8.0,0.8,4.8,3.17,Moderate,Gen Z
14200,5.7,3.2,8.7,3.1,3.1,2.55,High,Gen Z
14201,6.9,3.6,6.7,0.0,3.5,3.21,High,Gen Z
14202,5.1,1.9,6.4,4.3,3.0,2.92,High,Gen Z
14203,6.2,2.6,5.4,4.0,3.3,2.55,Moderate,Gen Z
14204,6.0,2.6,7.2,2.1,3.7,2.9,Moderate,Gen Z
14205,4.1,2.3,7.1,4.5,6.9,3.14,High,Gen Z
14206,5.0,0.8,5.4,5.7,4.0,2.8,Moderate,Gen Z
14207,6.3,3.7,5.8,3.0,4.4,2.45,High,Gen Z
14208,4.4,2.8,6.0,3.7,3.7,3.24,Low,Gen Z
14209,4.5,1.4,6.4,2.7,5.8,2.57,Moderate,Gen Z
14210,6.7,1.5,6.8,3.1,3.0,3.28,High,Gen Z
14211,7.9,3.2,4.5,2.9,4.1,2.5,High,Gen Z
14212,3.0,2.8,7.4,1.2,3.5,3.34,Moderate,Gen Z
14213,5.8,3.7,8.2,2.9,3.8,2.94,High,Gen Z
14214,7.7,1.4,7.6,2.8,4.2,2.8,Moderate,Gen Z
14215,3.5,1.5,7.7,2.9,3.4,3.17,High,Gen Z
14216,7.1,2.2,7.3,4.6,3.7,2.86,High,Gen Z
14217,4.8,0.5,7.4,1.8,3.4,2.98,High,Gen Z
14218,4.4,2.4,6.7,5.3,4.7,2.47,High,Gen Z
14219,2.7,0.5,7.3,4.1,1.3,2.78,High,Gen Z
14220,6.1,2.5,5.8,3.3,1.1,3.24,Moderate,Gen Z
14221,4.5,0.0,6.7,0.6,4.3,3.11,Low,Gen Z
14222,4.6,2.6,6.4,0.6,3.4,3.41,Moderate,Gen Z
14223,5.6,2.1,8.1,1.4,2.5,2.7,High,Gen Z
14224,4.6,2.4,5.6,1.6,2.4,3.23,Low,Gen Z
14225,5.1,1.4,6.2,2.7,5.4,2.72,High,Gen Z
14226,4.0,1.6,5.7,2.8,1.1,2.62,Low,Gen Z
14227,5.6,0.7,6.6,3.4,5.3,3.25,High,Gen Z
14228,5.0,0.0,7.1,3.8,3.0,3.15,Moderate,Gen Z
14229,6.9,1.2,6.3,4.1,4.8,2.96,Low,Gen Z
14230,4.2,2.2,7.0,3.3,4.9,3.59,High,Gen Z
14231,4.6,2.0,5.7,3.2,3.1,2.5,Moderate,Gen Z
14232,5.2,1.8,7.9,2.3,1.6,2.68,Low,Gen Z
14233,4.9,0.0,6.7,2.2,3.3,2.9,High,Gen Z
14234,6.3,2.8,6.8,4.2,2.9,3.36,Moderate,Gen Z
14235,5.6,0.0,7.6,3.6,3.7,3.41,Moderate,Gen Z
14236,4.6,1.0,6.2,2.5,5.3,3.79,High,Gen Z
14237,6.6,2.8,7.3,5.3,3.2,3.12,Moderate,Gen Z
14238,6.0,1.1,7.7,2.6,1.4,2.88,Moderate,Gen Z
14239,4.4,0.8,6.1,4.1,2.7,2.95,Low,Gen Z
14240,5.1,2.7,6.8,2.4,6.3,2.74,Moderate,Gen Z
14241,3.3,1.2,9.2,3.4,4.9,3.32,Moderate,Gen Z
14242,5.0,1.4,6.8,2.6,6.3,3.13,Moderate,Gen Z
14243,7.2,1.4,7.7,4.8,2.0,3.56,High,Gen Z
14244,6.3,0.0,6.3,3.2,3.8,2.78,High,Gen Z
14245,4.7,1.1,6.7,4.3,5.0,2.66,Moderate,Gen Z
14246,5.5,1.6,8.3,2.4,3.5,2.92,High,Gen Z
14247,3.0,1.6,5.3,3.6,4.5,2.9,Low,Gen Z
14248,4.8,0.0,9.2,2.6,4.5,2.91,High,Gen Z
14249,3.8,0.0,6.8,4.0,2.4,2.56,Moderate,Gen Z
14250,4.3,0.0,8.3,4.2,3.5,2.51,Moderate,Gen Z
14251,1.6,1.2,6.8,1.5,4.7,3.15,Moderate,Gen Z
14252,5.8,1.9,9.0,1.8,5.0,3.03,High,Gen Z
14253,2.4,2.0,4.6,4.3,4.2,3.53,High,Gen Z
14254,5.7,2.1,6.3,3.4,4.4,2.56,Moderate,Gen Z
14255,4.6,2.2,7.2,1.8,1.8,3.05,High,Gen Z
14256,4.8,2.1,5.2,3.2,1.9,3.28,Moderate,Gen Z
14257,4.5,1.0,6.4,1.2,3.8,2.97,Moderate,Gen Z
14258,5.3,0.3,9.4,3.3,5.1,2.71,High,Gen Z
14259,3.8,1.0,7.7,3.5,4.1,3.08,High,Gen Z
14260,4.4,5.1,7.8,4.3,1.6,3.11,Moderate,Gen Z
14261,5.4,1.7,7.2,1.4,7.6,3.02,Low,Gen Z
14262,2.6,3.4,7.3,4.4,3.4,2.85,Moderate,Gen Z
14263,5.4,1.3,8.8,3.6,5.1,3.22,Moderate,Gen Z
14264,5.3,0.0,7.3,3.4,5.3,3.73,Moderate,Gen Z
14265,4.1,3.0,4.9,2.6,2.9,2.93,High,Gen Z
14266,8.0,0.0,6.3,0.4,2.4,1.87,High,Gen Z
14267,6.2,2.0,7.6,3.0,4.5,2.67,High,Gen Z
14268,3.2,0.0,6.5,4.0,3.3,2.97,Moderate,Gen Z
14269,5.7,0.0,6.3,0.7,4.1,2.92,Moderate,Gen Z
14270,3.8,1.5,7.7,2.3,2.8,3.96,Moderate,Gen Z
14271,5.3,2.0,5.5,4.5,4.9,2.55,Moderate,Gen Z
14272,6.8,2.5,7.0,5.3,3.0,2.77,High,Gen Z
14273,7.4,1.9,6.3,3.7,6.1,2.26,Moderate,Gen Z
14274,4.8,1.4,7.7,1.7,3.9,3.01,Moderate,Gen Z
14275,5.1,0.2,7.3,3.0,4.1,3.35,High,Gen Z
14276,5.1,0.4,7.0,2.8,6.0,2.84,Low,Gen Z
14277,5.2,1.3,7.5,3.6,5.2,2.46,High,Gen Z
14278,6.2,1.8,7.0,3.4,6.6,2.92,Moderate,Gen Z
14279,5.9,0.0,7.4,3.7,3.7,3.04,Low,Gen Z
14280,5.5,3.1,6.9,2.9,2.5,3.52,Low,Gen Z
14281,5.3,1.4,6.5,2.5,5.3,3.2,Moderate,Gen Z
14282,3.8,0.9,6.5,3.3,0.2,2.87,Low,Gen Z
14283,2.7,1.2,6.8,3.1,5.4,3.12,High,Gen Z
14284,4.1,2.1,8.4,4.3,4.6,2.83,Moderate,Gen Z
14285,4.1,1.2,7.6,1.3,4.9,2.43,High,Gen Z
14286,5.2,0.0,5.0,4.7,4.1,3.02,Moderate,Gen Z
14287,5.5,0.7,7.2,1.9,2.9,2.88,High,Gen Z
14288,3.4,1.5,6.1,5.0,4.7,2.94,Low,Gen Z
14289,5.1,1.9,8.8,2.6,2.6,2.91,High,Gen Z
14290,5.1,1.3,7.7,2.8,2.7,2.46,High,Gen Z
14291,3.9,1.6,6.5,6.0,5.0,3.07,High,Gen Z
14292,2.0,1.9,6.8,1.8,4.0,2.57,Low,Gen Z
14293,4.9,2.2,8.2,1.9,4.6,3.07,Moderate,Gen Z
14294,3.8,1.5,8.5,1.9,4.8,2.64,Low,Gen Z
14295,1.8,1.5,7.3,0.0,4.8,2.44,Low,Gen Z
14296,3.3,0.6,6.7,4.3,1.5,3.07,High,Gen Z
14297,3.7,1.5,5.5,2.1,3.5,2.64,Moderate,Gen Z
14298,2.4,2.1,6.6,3.1,2.8,3.17,Moderate,Gen Z
14299,5.4,0.5,8.9,3.7,3.0,2.73,High,Gen Z
14300,6.8,0.8,6.0,2.4,2.2,3.24,High,Gen Z
14301,8.1,3.7,7.3,3.1,5.1,3.07,High,Gen Z
14302,5.4,0.8,6.1,2.2,1.6,2.69,High,Gen Z
14303,5.1,0.9,6.4,4.8,1.5,2.76,Moderate,Gen Z
14304,6.4,2.6,7.1,3.2,2.5,2.49,High,Gen Z
14305,2.0,1.4,8.4,1.3,2.5,3.13,High,Gen Z
14306,3.5,0.5,6.5,0.6,4.8,3.13,Moderate,Gen Z
14307,4.8,2.1,5.4,3.1,3.4,3.88,Moderate,Gen Z
14308,4.5,1.1,7.6,2.6,4.5,3.22,High,Gen Z
14309,4.5,3.0,6.1,4.7,5.4,3.72,High,Gen Z
14310,4.2,3.1,7.5,2.1,1.5,3.42,Moderate,Gen Z
14311,7.1,3.0,7.4,2.5,4.0,3.4,High,Gen Z
14312,4.9,1.7,6.4,5.6,2.7,2.9,High,Gen Z
14313,4.4,0.8,7.6,3.3,4.3,3.24,Low,Gen Z
14314,3.6,0.0,6.3,2.7,2.5,3.02,High,Gen Z
14315,5.0,0.3,8.0,4.2,4.9,3.11,Low,Gen Z
14316,4.3,3.9,7.9,1.9,4.0,2.93,High,Gen Z
14317,4.1,0.3,6.6,3.0,3.5,3.06,Moderate,Gen Z
14318,7.3,0.9,6.8,5.3,2.0,2.36,Moderate,Gen Z
14319,4.6,1.7,8.1,2.8,2.9,3.28,High,Gen Z
14320,5.2,0.0,5.9,1.4,2.1,2.56,Low,Gen Z
14321,4.0,2.0,7.8,3.8,5.5,2.82,Moderate,Gen Z
14322,5.8,1.6,7.7,0.0,4.9,3.48,High,Gen Z
14323,3.5,1.6,6.5,4.5,1.8,3.31,Moderate,Gen Z
14324,4.6,2.1,5.7,2.9,3.9,3.52,Moderate,Gen Z
14325,5.6,2.4,6.1,2.5,3.2,2.57,Moderate,Gen Z
14326,6.8,2.9,7.2,4.7,4.2,3.05,High,Gen Z
14327,3.9,0.4,5.8,3.1,2.6,3.52,Moderate,Gen Z
14328,5.9,1.9,7.0,3.2,3.0,3.07,Moderate,Gen Z
14329,4.5,1.5,5.3,3.2,7.6,3.21,Moderate,Gen Z
14330,2.5,2.1,8.8,4.6,4.8,3.13,Moderate,Gen Z
14331,4.5,1.7,7.0,2.1,2.4,3.12,High,Gen Z
14332,4.7,2.0,6.5,0.0,3.3,3.23,Low,Gen Z
14333,1.9,0.8,4.8,3.4,3.8,3.42,Moderate,Gen Z
14334,2.5,2.5,7.0,2.6,3.8,3.12,High,Gen Z
14335,5.0,2.5,6.0,2.7,4.9,3.26,High,Gen Z
14336,7.8,3.0,5.9,2.7,5.0,3.0,High,Gen Z
14337,5.4,2.7,7.7,2.3,3.4,3.74,Low,Gen Z
14338,6.0,0.3,5.9,5.4,2.6,3.16,High,Gen Z
14339,4.1,3.0,7.4,2.0,5.8,3.14,High,Gen Z
14340,1.8,2.1,7.2,3.5,3.4,3.28,Low,Gen Z
14341,4.6,1.9,7.8,4.9,3.4,3.39,Moderate,Gen Z
14342,5.1,4.7,9.1,3.2,3.1,2.91,Moderate,Gen Z
14343,6.1,3.9,5.9,2.3,6.0,3.75,Moderate,Gen Z
14344,4.6,0.7,5.4,3.3,3.0,3.09,Moderate,Gen Z
14345,4.9,2.7,6.9,2.4,5.5,2.87,High,Gen Z
14346,4.9,3.1,7.6,2.3,1.9,2.53,Low,Gen Z
14347,4.7,1.4,6.7,1.1,0.0,3.17,High,Gen Z
14348,4.9,1.4,6.1,4.1,4.3,3.51,Moderate,Gen Z
14349,6.5,1.1,7.6,2.9,4.5,3.42,High,Gen Z
14350,4.2,2.2,7.0,1.7,3.9,3.06,Moderate,Gen Z
14351,6.3,1.7,8.4,2.0,6.3,3.73,High,Gen Z
14352,4.0,1.9,6.8,4.2,2.6,2.72,High,Gen Z
14353,6.7,2.8,6.0,3.9,3.4,2.42,High,Gen Z
14354,5.3,2.7,8.1,2.2,2.2,2.96,High,Gen Z
14355,3.9,1.0,5.5,1.2,4.2,2.89,High,Gen Z
14356,3.9,2.5,7.2,3.4,3.4,2.43,Low,Gen Z
14357,6.2,1.7,5.7,3.3,3.1,3.12,Moderate,Gen Z
14358,2.4,2.8,6.9,4.6,4.3,3.03,High,Gen Z
14359,3.7,1.6,7.2,2.6,2.8,2.92,Low,Gen Z
14360,6.2,1.5,5.2,2.5,1.3,2.58,Moderate,Gen Z
14361,5.9,1.6,5.2,4.7,2.6,2.92,High,Gen Z
14362,4.4,0.6,7.9,3.8,1.2,3.27,High,Gen Z
14363,2.9,2.8,7.1,0.8,3.0,2.94,Moderate,Gen Z
14364,4.6,0.0,7.7,2.4,4.1,3.09,Low,Gen Z
14365,5.7,2.3,4.0,4.0,3.4,2.94,High,Gen Z
14366,5.8,0.9,8.6,4.1,5.4,2.76,High,Gen Z
14367,3.0,2.2,8.4,4.0,4.0,3.02,Moderate,Gen Z
14368,5.3,1.2,6.3,5.7,3.8,3.22,Low,Gen Z
14369,6.3,0.2,8.6,1.0,4.2,3.73,High,Gen Z
14370,7.6,2.9,5.9,2.9,5.6,3.12,High,Gen Z
14371,4.7,0.3,7.4,2.7,2.5,3.08,Moderate,Gen Z
14372,1.2,0.2,6.6,1.8,3.3,3.37,High,Gen Z
14373,6.0,0.0,6.2,2.4,4.0,3.21,Low,Gen Z
14374,6.3,0.3,9.0,0.4,4.5,2.48,Moderate,Gen Z
14375,6.6,3.5,6.7,2.3,4.4,3.03,Low,Gen Z
14376,3.4,1.3,7.4,2.8,5.0,2.48,High,Gen Z
14377,3.6,1.4,5.7,0.0,5.8,2.49,Moderate,Gen Z
14378,4.9,2.0,6.0,2.0,2.1,2.95,Moderate,Gen Z
14379,5.1,2.2,8.1,1.3,1.4,3.55,Moderate,Gen Z
14380,3.1,3.2,5.3,1.9,5.7,2.7,High,Gen Z
14381,5.5,0.0,7.8,2.7,3.1,3.44,High,Gen Z
14382,6.3,0.0,7.7,3.4,2.7,3.0,High,Gen Z
14383,4.1,1.7,6.6,0.1,4.5,2.87,Moderate,Gen Z
14384,5.2,3.9,6.1,4.6,0.1,3.07,Low,Gen Z
14385,4.7,2.6,7.3,5.3,5.0,3.08,Moderate,Gen Z
14386,4.2,1.6,7.2,4.5,3.0,2.52,High,Gen Z
14387,5.6,1.1,7.7,3.4,2.6,3.36,Moderate,Gen Z
14388,6.2,1.2,7.5,4.8,3.4,3.19,High,Gen Z
14389,4.8,1.5,6.5,4.5,5.8,2.96,Moderate,Gen Z
14390,5.0,0.8,7.3,5.1,5.2,3.11,Moderate,Gen Z
14391,5.7,2.5,6.8,0.2,3.6,2.92,Moderate,Gen Z
14392,7.0,0.4,7.2,3.6,1.6,2.79,Moderate,Gen Z
14393,5.5,1.9,6.8,4.9,4.8,2.85,High,Gen Z
14394,4.4,2.7,6.9,3.1,4.2,3.27,Moderate,Gen Z
14395,2.2,0.4,6.5,2.8,3.5,2.93,Moderate,Gen Z
14396,6.3,1.8,5.7,4.1,4.4,3.18,High,Gen Z
14397,2.8,1.1,8.6,5.4,5.8,2.43,High,Gen Z
14398,3.9,1.7,6.7,1.8,5.0,3.43,Moderate,Gen Z
14399,6.7,0.0,6.1,2.2,3.5,3.61,Moderate,Gen Z
14400,5.4,1.1,7.6,4.3,4.1,3.33,High,Gen Z
14401,4.9,1.8,8.4,4.7,5.3,3.39,Low,Gen Z
14402,6.4,0.2,6.6,2.3,2.8,2.52,Low,Gen Z
14403,5.5,2.8,6.9,3.6,4.6,3.52,High,Gen Z
14404,5.4,0.9,6.5,3.8,5.5,3.55,High,Gen Z
14405,4.7,1.1,6.7,3.9,3.3,2.78,Moderate,Gen Z
14406,3.3,0.3,5.7,2.7,6.4,3.0,High,Gen Z
14407,6.0,0.9,5.5,0.5,3.2,2.48,Moderate,Gen Z
14408,6.9,2.2,6.5,2.7,1.7,3.26,Low,Gen Z
14409,7.5,2.1,7.4,4.4,4.9,3.28,High,Gen Z
14410,5.9,1.2,6.7,1.9,1.9,2.92,Moderate,Gen Z
14411,4.7,2.7,8.4,3.4,3.0,3.26,High,Gen Z
14412,4.8,0.3,6.4,4.0,5.7,3.13,Moderate,Gen Z
14413,4.9,1.1,6.9,5.5,2.1,2.77,High,Gen Z
14414,5.5,2.0,7.3,2.2,3.7,2.99,Moderate,Gen Z
14415,5.6,3.0,7.4,2.9,4.4,3.89,Low,Gen Z
14416,4.5,0.2,7.7,4.5,2.4,2.95,Moderate,Gen Z
14417,2.4,1.5,7.3,3.9,3.7,2.64,Moderate,Gen Z
14418,3.0,1.8,7.3,4.8,5.3,2.93,Moderate,Gen Z
14419,3.7,1.2,7.9,3.4,3.0,2.85,Low,Gen Z
14420,5.5,2.3,8.3,3.0,2.8,2.74,High,Gen Z
14421,4.0,2.7,7.1,4.4,4.9,2.94,Low,Gen Z
14422,6.6,2.5,7.9,1.5,5.9,2.92,Moderate,Gen Z
14423,3.2,1.4,9.1,2.4,3.4,2.99,Low,Gen Z
14424,3.0,0.3,7.3,0.0,3.8,3.21,Moderate,Gen Z
14425,3.8,3.0,7.2,4.2,3.2,2.79,High,Gen Z
14426,3.9,2.9,7.5,5.9,2.2,2.68,Moderate,Gen Z
14427,3.9,3.7,8.0,3.5,4.1,2.68,High,Gen Z
14428,5.7,0.0,5.9,3.0,3.7,2.62,High,Gen Z
14429,5.3,3.0,7.1,4.3,3.1,4.0,Low,Gen Z
14430,4.5,1.5,9.2,4.4,4.0,3.37,High,Gen Z
14431,5.3,2.5,6.8,1.0,5.4,2.95,High,Gen Z
14432,4.5,1.3,6.8,1.7,0.8,2.85,High,Gen Z
14433,5.4,1.6,6.6,0.0,2.7,3.34,High,Gen Z
14434,3.8,1.6,6.6,1.6,4.7,3.44,Low,Gen Z
14435,5.4,1.4,7.0,1.6,5.3,2.78,Moderate,Gen Z
14436,4.3,2.5,7.6,4.4,2.1,2.33,High,Gen Z
14437,4.6,1.5,6.0,4.6,7.8,2.91,Moderate,Gen Z
14438,4.6,1.3,7.1,3.9,3.0,2.35,Moderate,Gen Z
14439,6.0,2.0,5.9,2.2,4.2,3.39,High,Gen Z
14440,3.7,1.6,7.4,4.1,2.7,3.22,Moderate,Gen Z
14441,5.0,0.8,4.9,2.8,3.7,2.67,Moderate,Gen Z
14442,4.5,0.6,7.1,4.4,4.5,3.76,High,Gen Z
14443,5.1,1.1,8.0,4.5,2.8,3.03,Low,Gen Z
14444,5.1,1.9,8.3,2.7,2.8,2.46,Low,Gen Z
14445,3.6,1.8,7.4,4.0,3.0,2.94,Moderate,Gen Z
14446,5.5,3.3,7.7,5.1,4.2,2.82,Moderate,Gen Z
14447,5.0,3.2,7.1,3.0,5.8,2.59,High,Gen Z
14448,5.3,1.7,8.8,5.0,2.9,3.37,Low,Gen Z
14449,4.6,2.1,6.7,3.4,4.5,3.02,Low,Gen Z
14450,5.0,1.9,6.7,1.8,4.9,2.74,Moderate,Gen Z
14451,4.3,0.3,6.8,1.5,5.9,3.32,High,Gen Z
14452,4.3,3.9,7.0,2.0,4.9,3.32,Moderate,Gen Z
14453,6.0,0.0,6.0,3.2,3.8,2.49,Moderate,Gen Z
14454,5.1,1.2,6.8,1.1,3.6,2.87,Moderate,Gen Z
14455,7.3,1.6,7.3,3.6,1.5,2.49,Moderate,Gen Z
14456,3.6,0.0,5.8,5.3,3.4,2.54,Low,Gen Z
14457,6.8,1.5,7.0,1.7,6.0,2.68,High,Gen Z
14458,4.6,1.5,6.8,1.8,4.4,2.65,High,Gen Z
14459,5.7,3.2,7.3,2.0,3.8,3.73,Moderate,Gen Z
14460,5.1,0.3,5.8,3.2,5.0,3.44,High,Gen Z
14461,5.6,2.3,7.8,0.7,1.4,2.58,High,Gen Z
14462,6.5,1.3,8.7,3.2,4.4,2.9,Moderate,Gen Z
14463,4.4,2.1,7.2,4.0,1.8,2.64,Low,Gen Z
14464,4.3,1.4,8.0,5.3,3.8,2.75,High,Gen Z
14465,4.8,3.8,8.2,3.5,4.2,2.7,High,Gen Z
14466,4.8,1.8,4.0,3.1,5.0,3.04,Moderate,Gen Z
14467,6.0,2.3,6.9,3.9,4.8,3.93,Moderate,Gen Z
14468,5.6,0.7,6.7,4.9,3.6,3.46,Moderate,Gen Z
14469,3.3,2.0,7.4,2.3,2.7,2.9,High,Gen Z
14470,5.3,0.5,7.8,4.8,4.3,3.12,High,Gen Z
14471,2.0,0.0,5.9,2.7,3.5,3.5,Low,Gen Z
14472,7.4,1.3,6.0,1.4,3.9,2.64,High,Gen Z
14473,8.5,1.5,7.5,2.1,2.4,3.51,High,Gen Z
14474,5.8,0.8,8.1,6.0,4.6,2.62,High,Gen Z
14475,5.3,1.8,7.9,5.7,2.9,3.34,High,Gen Z
14476,5.0,3.4,6.7,2.9,4.5,3.33,Low,Gen Z
14477,5.9,2.3,5.1,0.0,3.7,2.5,High,Gen Z
14478,3.4,1.9,5.8,3.9,4.9,2.29,Low,Gen Z
14479,6.6,1.6,5.3,1.3,4.8,2.71,High,Gen Z
14480,7.6,0.8,6.7,4.3,4.1,2.85,High,Gen Z
14481,5.2,1.4,6.8,4.5,1.9,2.99,Low,Gen Z
14482,4.5,1.3,5.9,2.8,2.2,2.7,High,Gen Z
14483,3.6,0.0,7.2,4.5,4.9,3.47,High,Gen Z
14484,6.9,2.0,6.2,3.0,3.0,2.92,High,Gen Z
14485,6.6,0.4,6.5,2.5,4.8,3.36,High,Gen Z
14486,5.2,2.3,5.3,3.9,4.2,3.22,Moderate,Gen Z
14487,4.9,2.2,6.5,3.0,2.3,3.2,Moderate,Gen Z
14488,8.3,2.9,8.5,3.2,3.3,2.74,High,Gen Z
14489,4.7,3.1,6.3,1.3,5.0,2.73,Moderate,Gen Z
14490,6.3,2.1,6.2,5.3,3.6,3.11,High,Gen Z
14491,6.8,1.4,7.0,1.6,3.5,3.12,High,Gen Z
14492,6.4,0.0,8.3,3.1,3.6,2.72,Low,Gen Z
14493,5.8,2.3,9.1,4.2,4.4,3.26,Low,Gen Z
14494,4.5,2.0,6.3,5.2,1.9,3.36,Low,Gen Z
14495,5.5,1.2,7.3,2.9,2.9,3.22,High,Gen Z
14496,5.0,4.2,7.2,3.7,3.6,3.44,Low,Gen Z
14497,1.9,1.7,7.9,3.7,2.4,2.83,Low,Gen Z
14498,6.6,3.1,6.8,1.3,3.5,2.54,High,Gen Z
14499,3.4,0.7,5.9,3.1,4.0,3.01,High,Gen Z
14500,4.6,1.7,7.0,1.2,1.9,3.18,Moderate,Gen Z
14501,4.2,2.1,8.5,2.1,6.4,3.5,Moderate,Gen Z
14502,4.8,1.9,5.0,6.7,5.0,3.1,High,Gen Z
14503,3.6,2.2,4.5,1.4,4.0,3.15,Moderate,Gen Z
14504,4.1,1.2,5.3,0.0,4.3,3.04,High,Gen Z
14505,4.0,1.2,7.6,3.6,3.6,2.68,Moderate,Gen Z
14506,4.9,3.5,6.6,3.7,4.4,3.09,High,Gen Z
14507,5.0,2.2,8.2,3.7,1.8,2.85,Moderate,Gen Z
14508,3.9,1.5,7.0,1.8,3.7,3.06,Low,Gen Z
14509,5.2,1.3,7.8,3.9,2.8,3.11,Moderate,Gen Z
14510,7.1,2.7,6.9,3.2,6.3,2.74,High,Gen Z
14511,7.4,1.7,5.7,3.9,3.2,3.07,High,Gen Z
14512,5.1,2.2,7.3,3.2,3.9,2.86,Low,Gen Z
14513,2.6,1.4,6.4,4.3,2.9,3.57,Low,Gen Z
14514,5.0,1.7,7.1,3.0,1.9,2.81,High,Gen Z
14515,5.1,0.0,5.7,5.1,6.8,3.01,Moderate,Gen Z
14516,4.9,0.6,7.6,3.0,4.6,2.89,Moderate,Gen Z
14517,5.0,2.1,6.8,2.6,4.8,2.91,Moderate,Gen Z
14518,6.3,0.0,6.2,0.0,4.5,3.44,Low,Gen Z
14519,4.0,1.6,6.9,0.6,4.4,2.65,High,Gen Z
14520,7.0,0.0,6.3,4.1,1.9,2.71,Moderate,Gen Z
14521,5.5,1.4,6.7,4.7,7.4,2.23,Moderate,Gen Z
14522,6.9,2.0,7.1,2.9,1.4,3.35,High,Gen Z
14523,4.0,3.0,5.2,2.7,3.0,2.45,Low,Gen Z
14524,6.0,1.7,6.9,1.5,5.3,2.76,Low,Gen Z
14525,4.4,1.8,7.4,1.8,5.2,2.8,Moderate,Gen Z
14526,4.7,0.4,7.0,2.4,4.8,2.62,High,Gen Z
14527,5.0,3.3,7.0,1.0,3.7,3.05,High,Gen Z
14528,5.1,0.7,7.0,2.2,3.7,3.02,Moderate,Gen Z
14529,4.9,0.6,6.6,3.5,4.0,3.57,High,Gen Z
14530,7.1,2.1,6.4,3.3,5.3,2.66,Low,Gen Z
14531,6.6,0.0,5.7,2.3,4.0,3.58,High,Gen Z
14532,7.0,1.3,6.6,0.2,2.8,2.37,Moderate,Gen Z
14533,3.3,1.6,4.7,1.7,5.1,3.18,Moderate,Gen Z
14534,2.4,4.1,7.7,4.4,1.8,3.76,High,Gen Z
14535,4.8,0.5,9.2,3.7,3.2,2.94,Moderate,Gen Z
14536,3.8,2.7,10.0,2.0,4.1,3.0,Low,Gen Z
14537,3.0,0.4,5.1,5.0,7.2,2.99,Low,Gen Z
14538,6.0,2.3,6.4,5.4,3.7,2.91,Moderate,Gen Z
14539,5.8,2.1,8.3,1.4,2.3,2.94,Moderate,Gen Z
14540,5.8,3.2,7.6,2.8,6.0,2.22,High,Gen Z
14541,5.5,3.2,6.0,2.8,4.4,2.37,Moderate,Gen Z
14542,4.1,2.2,5.5,2.8,4.7,2.73,Low,Gen Z
14543,5.8,0.5,5.4,1.8,2.3,2.77,High,Gen Z
14544,3.8,0.0,5.0,2.6,4.1,3.13,Moderate,Gen Z
14545,6.0,1.8,7.9,0.7,4.9,4.0,High,Gen Z
14546,2.9,2.6,4.7,1.7,2.6,2.88,Moderate,Gen Z
14547,6.4,2.1,6.8,4.0,2.4,2.38,High,Gen Z
14548,4.7,1.6,6.3,3.6,4.0,3.3,Moderate,Gen Z
14549,6.4,1.2,6.9,2.0,1.9,3.15,Low,Gen Z
14550,6.1,2.6,9.2,2.3,4.4,3.15,Low,Gen Z
14551,6.5,3.9,5.5,3.6,7.1,3.73,Moderate,Gen Z
14552,5.1,1.5,7.7,3.6,1.3,3.06,Moderate,Gen Z
14553,4.5,0.5,5.7,3.0,1.9,2.48,Low,Gen Z
14554,5.8,1.5,8.4,1.8,2.9,3.5,Moderate,Gen Z
14555,4.0,0.2,7.4,5.5,3.3,3.35,High,Gen Z
14556,4.9,1.2,6.4,2.4,4.6,3.0,Low,Gen Z
14557,2.8,2.1,7.4,2.6,4.3,2.81,Low,Gen Z
14558,5.2,1.9,5.1,5.8,2.0,2.62,Moderate,Gen Z
14559,4.4,1.5,7.1,2.8,4.6,2.73,Moderate,Gen Z
14560,6.0,4.4,6.6,1.7,3.6,2.49,Low,Gen Z
14561,8.2,3.0,6.2,2.9,5.3,2.44,Low,Gen Z
14562,6.3,1.0,5.6,4.5,4.9,2.75,Moderate,Gen Z
14563,3.9,1.6,6.2,1.2,5.8,3.4,High,Gen Z
14564,3.6,2.4,7.9,4.4,3.5,3.6,High,Gen Z
14565,3.5,0.3,8.6,3.4,3.2,3.07,Moderate,Gen Z
14566,6.6,2.3,6.7,1.4,4.8,3.62,Moderate,Gen Z
14567,3.7,2.9,7.8,4.3,4.6,2.43,Moderate,Gen Z
14568,5.7,2.2,6.4,5.4,4.7,2.36,High,Gen Z
14569,4.8,1.1,6.5,4.1,3.8,2.76,Low,Gen Z
14570,5.1,0.8,6.1,5.1,4.0,2.53,Moderate,Gen Z
14571,5.0,0.8,7.9,5.0,5.3,2.9,High,Gen Z
14572,3.7,5.3,8.4,2.8,5.8,3.25,High,Gen Z
14573,5.8,1.2,6.5,2.8,5.3,2.57,Moderate,Gen Z
14574,6.9,0.0,6.7,3.3,4.5,2.84,High,Gen Z
14575,5.4,1.3,6.4,4.1,2.1,2.35,Moderate,Gen Z
14576,6.5,1.9,7.9,0.4,6.0,2.3,Low,Gen Z
14577,5.1,2.0,7.4,1.7,3.3,2.78,High,Gen Z
14578,3.5,3.8,7.1,4.9,1.7,3.09,High,Gen Z
14579,6.5,3.5,5.0,2.8,6.0,2.92,High,Gen Z
14580,6.0,4.2,6.8,2.4,5.8,2.7,High,Gen Z
14581,5.8,2.6,8.5,2.0,3.9,3.14,Moderate,Gen Z
14582,4.7,1.8,8.5,2.7,4.8,3.2,Low,Gen Z
14583,6.6,1.8,8.1,2.0,5.5,2.64,Moderate,Gen Z
14584,5.8,1.9,8.1,2.8,1.7,1.94,High,Gen Z
14585,5.3,0.4,6.8,2.8,4.1,2.79,Low,Gen Z
14586,6.8,3.1,7.0,2.5,4.1,2.72,Moderate,Gen Z
14587,6.1,0.0,7.3,4.2,2.3,2.84,Moderate,Gen Z
14588,5.2,2.2,7.6,1.1,2.6,2.59,Moderate,Gen Z
14589,3.1,3.6,6.7,0.6,6.9,3.29,Moderate,Gen Z
14590,5.0,1.2,7.1,4.9,0.6,3.18,Moderate,Gen Z
14591,6.2,0.9,7.3,4.2,4.3,3.23,Moderate,Gen Z
14592,3.9,1.2,6.2,2.6,4.3,2.81,Moderate,Gen Z
14593,4.9,0.6,6.8,2.3,4.5,3.26,Moderate,Gen Z
14594,7.1,1.6,7.1,2.4,2.9,2.99,Moderate,Gen Z
14595,3.3,2.9,9.0,3.7,8.0,2.97,High,Gen Z
14596,4.5,0.3,6.2,1.5,4.2,3.26,High,Gen Z
14597,5.0,2.2,8.3,3.6,2.8,2.36,Moderate,Gen Z
14598,5.3,1.1,6.3,1.3,5.9,3.02,Moderate,Gen Z
14599,6.2,0.4,7.3,2.5,2.5,3.42,Low,Gen Z
14600,6.4,0.8,7.1,1.0,2.2,3.26,High,Gen Z
14601,4.5,0.1,7.3,4.0,5.2,3.21,Moderate,Gen Z
14602,5.3,0.0,6.4,6.6,5.0,2.69,Moderate,Gen Z
14603,3.5,1.5,7.2,2.8,4.3,3.06,Moderate,Gen Z
14604,6.0,0.9,6.6,2.7,2.7,3.04,High,Gen Z
14605,4.0,2.4,6.3,4.3,3.9,3.19,High,Gen Z
14606,4.5,4.1,7.4,2.4,5.2,2.95,High,Gen Z
14607,4.9,2.1,8.1,3.3,2.0,2.59,Moderate,Gen Z
14608,5.0,1.0,5.9,3.0,2.8,3.23,High,Gen Z
14609,5.6,2.5,5.4,3.9,6.8,3.14,High,Gen Z
14610,6.2,2.1,7.9,3.2,4.2,3.1,Moderate,Gen Z
14611,5.8,1.3,5.8,3.9,2.7,2.68,High,Gen Z
14612,5.2,2.3,8.5,6.3,3.3,3.0,High,Gen Z
14613,5.7,0.3,5.3,3.1,4.3,2.91,Moderate,Gen Z
14614,4.4,1.3,7.7,3.1,3.5,3.24,Moderate,Gen Z
14615,5.8,1.5,8.4,3.0,6.4,2.76,High,Gen Z
14616,2.8,0.0,6.3,4.4,1.3,3.09,Low,Gen Z
14617,6.3,1.9,6.5,3.9,5.6,3.47,Moderate,Gen Z
14618,3.4,3.0,6.3,2.3,4.0,2.56,Moderate,Gen Z
14619,1.8,0.0,5.1,0.0,2.6,3.0,Low,Gen Z
14620,4.5,2.8,6.0,3.0,3.8,3.0,High,Gen Z
14621,7.9,1.7,6.5,1.6,1.7,3.3,Low,Gen Z
14622,3.7,1.7,8.1,0.3,2.6,2.72,High,Gen Z
14623,7.5,2.3,6.2,2.5,4.5,3.17,Moderate,Gen Z
14624,5.6,1.4,7.1,5.0,2.6,3.56,Moderate,Gen Z
14625,2.5,3.0,5.9,3.0,3.1,3.25,Low,Gen Z
14626,6.4,1.8,6.5,3.0,4.0,3.07,Low,Gen Z
14627,4.4,1.4,6.2,2.4,6.7,3.47,Low,Gen Z
14628,5.7,2.2,7.2,3.8,4.5,2.37,High,Gen Z
14629,2.3,2.8,4.0,4.0,4.4,2.58,Moderate,Gen Z
14630,6.5,2.5,6.7,3.2,3.9,2.84,Moderate,Gen Z
14631,7.3,1.2,8.0,3.4,5.3,3.03,Low,Gen Z
14632,1.9,3.5,7.6,2.7,5.8,2.56,High,Gen Z
14633,7.2,0.0,6.1,5.3,2.0,2.84,High,Gen Z
14634,6.9,1.6,7.3,2.2,0.2,2.99,Moderate,Gen Z
14635,5.4,3.6,5.5,2.1,5.7,2.83,High,Gen Z
14636,4.8,1.4,8.4,2.1,6.4,2.81,Moderate,Gen Z
14637,5.8,0.9,7.4,1.3,3.3,3.44,Low,Gen Z
14638,7.1,3.7,7.0,3.9,4.2,3.02,Moderate,Gen Z
14639,3.3,1.4,6.1,3.4,4.6,2.78,Low,Gen Z
14640,5.2,2.9,5.9,1.4,1.7,2.85,High,Gen Z
14641,5.3,2.8,7.1,1.5,4.8,3.31,High,Gen Z
14642,4.1,1.0,6.1,1.9,1.5,2.76,High,Gen Z
14643,4.8,2.0,8.2,2.7,2.9,2.55,High,Gen Z
14644,4.5,2.0,6.8,3.8,5.6,3.12,Moderate,Gen Z
14645,6.1,2.2,8.0,2.4,4.2,2.97,High,Gen Z
14646,5.9,0.0,6.5,0.0,3.4,2.78,High,Gen Z
14647,3.9,3.3,7.5,4.8,3.3,3.37,High,Gen Z
14648,5.3,1.5,7.0,3.2,3.8,2.7,High,Gen Z
14649,6.0,0.6,6.5,3.6,5.3,2.68,Low,Gen Z
14650,5.5,1.1,6.7,2.0,4.7,3.0,Low,Gen Z
14651,2.3,2.4,6.5,4.3,3.6,3.34,Moderate,Gen Z
14652,2.9,3.0,6.3,4.8,2.9,3.32,High,Gen Z
14653,3.5,4.1,6.2,3.8,6.8,3.1,High,Gen Z
14654,4.1,1.3,7.6,4.8,2.8,3.54,Moderate,Gen Z
14655,5.3,0.5,7.0,4.3,5.6,2.86,High,Gen Z
14656,3.4,1.1,6.6,2.1,4.7,2.68,Low,Gen Z
14657,6.3,3.2,6.0,2.3,3.8,2.48,High,Gen Z
14658,2.5,0.4,8.2,1.6,0.0,2.87,High,Gen Z
14659,4.9,2.8,6.7,2.9,4.3,3.05,Moderate,Gen Z
14660,5.2,2.2,6.5,2.8,3.9,3.3,Moderate,Gen Z
14661,7.8,1.0,6.9,4.6,1.2,3.21,Low,Gen Z
14662,4.1,2.9,5.8,5.6,2.8,3.2,Low,Gen Z
14663,2.9,2.7,6.9,3.6,4.4,3.32,Low,Gen Z
14664,7.6,1.7,6.5,3.3,4.0,3.22,Moderate,Gen Z
14665,3.0,3.3,6.0,3.6,4.1,3.33,Moderate,Gen Z
14666,6.3,1.9,6.8,2.5,4.7,2.69,Low,Gen Z
14667,6.9,3.4,8.0,3.5,3.6,3.4,Moderate,Gen Z
14668,4.2,0.8,8.2,2.2,3.1,3.19,Moderate,Gen Z
14669,5.2,1.9,8.6,0.9,1.9,3.39,Low,Gen Z
14670,3.1,3.4,7.2,2.9,2.3,3.49,Moderate,Gen Z
14671,4.7,0.7,8.2,1.7,3.0,3.17,High,Gen Z
14672,6.6,1.6,7.1,4.0,1.3,2.64,Low,Gen Z
14673,4.7,1.5,6.5,3.3,3.5,2.22,High,Gen Z
14674,3.4,2.1,6.3,2.0,4.7,2.44,High,Gen Z
14675,2.6,2.6,8.4,5.3,4.4,2.89,Moderate,Gen Z
14676,4.9,2.6,5.9,3.6,5.1,3.23,High,Gen Z
14677,4.8,1.7,7.8,3.2,3.9,3.21,Low,Gen Z
14678,4.1,1.1,6.3,3.5,3.9,2.84,High,Gen Z
14679,3.2,1.2,6.4,3.6,5.2,3.47,High,Gen Z
14680,5.0,2.6,7.1,2.3,1.7,2.65,High,Gen Z
14681,3.7,0.4,7.6,4.0,3.0,2.71,Low,Gen Z
14682,4.0,0.7,8.0,4.0,2.2,3.51,Moderate,Gen Z
14683,3.3,2.7,6.4,1.9,3.0,2.65,Moderate,Gen Z
14684,6.8,2.7,7.7,2.1,4.7,2.69,High,Gen Z
14685,5.9,1.0,8.0,0.0,2.3,2.65,High,Gen Z
14686,6.3,2.4,5.5,3.3,6.3,2.82,Moderate,Gen Z
14687,5.5,3.3,5.7,2.0,4.0,3.45,High,Gen Z
14688,5.8,2.8,7.5,1.8,2.3,2.65,Moderate,Gen Z
14689,4.8,0.8,7.0,5.4,2.6,3.23,High,Gen Z
14690,5.0,0.0,7.4,4.7,3.2,3.1,Low,Gen Z
14691,8.1,3.5,6.1,3.9,4.1,2.53,Moderate,Gen Z
14692,4.7,0.0,5.7,2.5,4.1,2.7,High,Gen Z
14693,7.0,3.0,7.7,4.5,2.9,2.61,Low,Gen Z
14694,2.6,2.6,8.2,3.1,3.8,3.2,Moderate,Gen Z
14695,2.2,0.3,6.0,0.0,4.3,2.55,Moderate,Gen Z
14696,5.6,1.0,6.1,3.8,4.7,2.69,Moderate,Gen Z
14697,6.3,0.6,8.7,3.6,2.3,2.83,High,Gen Z
14698,4.5,2.6,6.4,1.9,5.7,3.0,High,Gen Z
14699,6.2,4.3,7.3,5.4,4.0,3.43,High,Gen Z
14700,5.5,2.7,5.6,4.6,4.1,3.16,Moderate,Gen Z
14701,6.5,1.9,6.6,3.6,5.2,2.95,High,Gen Z
14702,3.2,2.6,7.0,3.2,5.8,3.31,Moderate,Gen Z
14703,3.5,0.7,7.9,4.1,1.8,3.47,Low,Gen Z
14704,6.4,2.6,6.4,1.6,3.7,2.67,High,Gen Z
14705,5.7,2.1,6.8,3.0,4.2,3.17,Low,Gen Z
14706,4.2,0.3,7.8,2.8,4.6,3.16,Moderate,Gen Z
14707,4.0,3.3,7.7,2.4,2.6,2.94,Moderate,Gen Z
14708,7.2,0.7,8.4,2.7,3.8,2.72,Low,Gen Z
14709,5.0,2.4,5.4,3.5,4.8,3.61,Low,Gen Z
14710,4.4,2.9,6.9,3.2,3.4,3.23,High,Gen Z
14711,5.6,2.4,5.9,2.4,5.1,2.56,Moderate,Gen Z
14712,1.9,2.8,8.2,6.6,3.8,2.88,High,Gen Z
14713,3.4,1.8,7.8,2.9,1.6,3.14,Low,Gen Z
14714,2.7,2.6,7.9,0.9,6.1,2.95,High,Gen Z
14715,4.7,0.7,6.7,2.0,2.7,3.26,High,Gen Z
14716,6.8,1.4,5.8,4.4,2.9,3.02,High,Gen Z
14717,5.2,0.6,7.3,2.9,5.1,2.87,Moderate,Gen Z
14718,6.1,2.2,7.2,2.6,5.7,2.73,Moderate,Gen Z
14719,4.2,0.0,8.0,4.9,2.4,3.79,High,Gen Z
14720,3.9,1.7,7.4,3.5,4.5,3.16,Moderate,Gen Z
14721,4.4,0.8,8.0,1.7,5.4,2.32,High,Gen Z
14722,4.6,0.7,6.4,1.9,3.2,3.13,Moderate,Gen Z
14723,5.1,3.3,7.4,1.8,0.0,2.91,Low,Gen Z
14724,6.7,3.1,7.0,4.8,2.9,3.2,High,Gen Z
14725,8.4,0.8,7.2,4.4,3.5,3.03,Moderate,Gen Z
14726,5.8,2.5,7.7,3.2,3.6,2.85,Moderate,Gen Z
14727,6.7,0.7,7.2,3.1,6.5,2.84,Moderate,Gen Z
14728,5.8,0.3,4.7,3.5,1.9,2.58,High,Gen Z
14729,6.5,1.0,6.6,3.5,2.4,3.25,Moderate,Gen Z
14730,5.9,2.0,6.3,5.2,2.7,3.33,High,Gen Z
14731,6.7,0.7,6.4,3.8,2.9,2.74,High,Gen Z
14732,6.5,2.4,7.3,1.8,4.9,2.84,High,Gen Z
14733,6.0,1.8,6.8,4.2,3.1,3.3,High,Gen Z
14734,8.1,0.5,5.3,0.1,3.4,2.82,High,Gen Z
14735,5.1,2.1,8.3,4.0,2.7,3.16,Moderate,Gen Z
14736,7.3,2.0,8.5,2.0,5.4,2.95,High,Gen Z
14737,5.4,1.3,7.1,3.6,1.2,3.48,Moderate,Gen Z
14738,4.3,0.0,9.2,6.7,4.2,3.1,High,Gen Z
14739,4.6,0.0,7.7,1.4,4.0,3.1,High,Gen Z
14740,4.1,1.4,6.3,5.3,1.9,3.01,Low,Gen Z
14741,5.1,0.0,8.0,2.2,2.8,2.27,Moderate,Gen Z
14742,5.7,0.8,6.8,3.6,2.3,3.12,High,Gen Z
14743,5.0,1.0,8.0,1.6,4.5,3.23,Moderate,Gen Z
14744,5.0,2.1,6.9,3.7,2.5,3.47,Moderate,Gen Z
14745,6.5,0.7,5.7,5.5,4.6,3.48,High,Gen Z
14746,5.1,2.9,8.7,3.1,2.8,3.53,Moderate,Gen Z
14747,3.0,2.2,5.7,1.7,3.8,2.76,Low,Gen Z
14748,4.1,1.8,6.9,1.5,2.2,2.87,Low,Gen Z
14749,4.5,2.4,6.5,1.3,3.0,3.31,Low,Gen Z
14750,5.9,1.9,7.2,0.7,4.2,2.4,Low,Gen Z
14751,4.3,1.7,5.7,4.0,1.9,3.16,High,Gen Z
14752,5.6,0.0,7.9,5.7,6.8,2.79,Low,Gen Z
14753,4.5,2.8,4.3,0.3,3.3,3.67,Moderate,Gen Z
14754,3.5,1.7,7.4,2.9,2.2,2.86,High,Gen Z
14755,3.5,1.0,6.6,3.9,0.5,3.78,Low,Gen Z
14756,2.8,1.1,6.8,1.5,3.5,3.2,Moderate,Gen Z
14757,5.7,1.0,6.0,1.4,4.3,2.16,High,Gen Z
14758,4.9,0.0,7.1,3.5,4.8,2.68,High,Gen Z
14759,4.2,1.4,6.0,0.8,4.9,3.37,High,Gen Z
14760,4.7,3.4,8.5,2.8,4.0,2.9,Low,Gen Z
14761,2.3,2.4,7.1,2.8,4.8,3.43,Low,Gen Z
14762,6.2,4.6,6.7,2.7,5.8,2.94,High,Gen Z
14763,6.5,1.6,6.7,3.7,2.6,2.95,High,Gen Z
14764,5.6,0.0,7.5,4.2,3.9,3.33,Moderate,Gen Z
14765,4.6,2.9,6.8,4.9,2.5,3.55,High,Gen Z
14766,4.7,1.3,7.0,5.0,2.5,2.44,Low,Gen Z
14767,5.1,0.0,6.0,1.6,4.5,3.07,Moderate,Gen Z
14768,7.1,1.4,7.6,2.2,5.5,3.07,High,Gen Z
14769,3.9,1.5,8.1,4.0,5.2,3.12,Moderate,Gen Z
14770,4.5,2.8,8.3,4.0,2.3,3.03,Moderate,Gen Z
14771,2.8,2.5,6.9,3.6,2.1,3.4,High,Gen Z
14772,5.1,0.6,7.8,2.4,5.2,3.26,High,Gen Z
14773,5.2,3.0,8.5,2.8,3.5,3.52,Moderate,Gen Z
14774,4.9,0.0,8.5,3.6,2.5,3.28,Moderate,Gen Z
14775,5.7,4.6,6.7,1.1,5.6,2.91,Moderate,Gen Z
14776,5.9,3.7,7.7,0.0,2.3,3.75,Moderate,Gen Z
14777,5.3,2.2,7.2,3.4,4.2,3.2,Moderate,Gen Z
14778,5.3,1.5,6.3,2.8,2.6,2.98,High,Gen Z
14779,3.2,2.6,5.8,3.8,3.8,3.56,Low,Gen Z
14780,4.9,2.1,5.2,2.6,0.3,3.06,Moderate,Gen Z
14781,4.2,2.7,8.2,2.8,4.1,3.56,High,Gen Z
14782,4.7,3.4,4.9,2.0,2.5,2.75,High,Gen Z
14783,5.6,1.0,6.1,2.8,4.6,2.84,Moderate,Gen Z
14784,3.5,3.5,7.2,2.9,4.4,2.9,Low,Gen Z
14785,4.6,2.4,6.5,1.8,5.2,3.28,Moderate,Gen Z
14786,5.6,1.3,5.5,3.2,2.4,3.32,Moderate,Gen Z
14787,4.6,3.5,6.2,3.6,6.5,3.09,High,Gen Z
14788,4.9,1.4,5.7,0.7,1.5,3.13,Moderate,Gen Z
14789,2.6,1.9,8.3,3.5,4.4,3.14,Low,Gen Z
14790,4.6,0.0,6.1,3.7,5.9,2.91,Low,Gen Z
14791,5.3,2.8,5.4,2.1,2.5,3.69,High,Gen Z
14792,4.9,1.8,8.6,3.4,2.6,3.18,High,Gen Z
14793,6.2,3.4,7.1,2.5,5.0,2.59,Moderate,Gen Z
14794,6.4,0.0,6.9,3.9,4.0,2.81,Moderate,Gen Z
14795,5.8,0.5,7.4,3.6,2.3,2.94,High,Gen Z
14796,2.5,1.6,5.5,3.2,5.8,2.74,High,Gen Z
14797,6.3,0.0,5.7,4.8,4.4,2.72,Moderate,Gen Z
14798,4.4,0.1,6.5,3.6,3.0,2.63,Low,Gen Z
14799,4.3,0.6,5.6,3.2,3.1,3.63,Moderate,Gen Z
14800,3.7,3.0,8.1,5.7,3.0,2.5,Low,Gen Z
14801,6.4,1.2,7.8,1.3,4.7,3.21,Moderate,Gen Z
14802,3.8,2.9,5.4,3.0,4.6,3.13,High,Gen Z
14803,5.6,1.4,7.9,1.7,2.8,2.81,Moderate,Gen Z
14804,2.7,0.9,6.0,3.2,4.9,2.89,Moderate,Gen Z
14805,4.2,1.8,9.4,3.1,5.9,3.13,Moderate,Gen Z
14806,3.7,1.5,7.8,2.8,3.1,2.55,Low,Gen Z
14807,5.5,0.9,6.7,4.5,6.3,3.02,Moderate,Gen Z
14808,6.3,1.1,8.7,2.0,3.8,2.99,High,Gen Z
14809,3.6,0.0,8.2,1.9,4.8,3.43,Low,Gen Z
14810,3.6,3.2,7.3,2.6,5.2,2.44,Moderate,Gen Z
14811,7.6,2.8,5.4,3.5,1.4,2.94,High,Gen Z
14812,7.0,1.1,7.3,0.0,5.6,2.98,High,Gen Z
14813,5.8,1.9,6.1,2.7,5.0,2.92,High,Gen Z
14814,6.5,0.0,8.9,3.0,3.1,2.34,Moderate,Gen Z
14815,4.9,1.0,7.9,1.3,5.1,3.31,Moderate,Gen Z
14816,3.9,1.8,9.0,1.5,3.5,2.66,High,Gen Z
14817,3.8,1.8,7.6,2.5,1.8,2.95,High,Gen Z
14818,6.6,2.9,7.8,1.5,2.5,3.08,Moderate,Gen Z
14819,6.5,0.0,5.4,4.0,4.0,3.45,High,Gen Z
14820,4.3,1.3,6.6,1.4,4.2,3.75,High,Gen Z
14821,5.5,2.2,7.2,0.0,5.2,3.01,High,Gen Z
14822,2.6,1.7,7.0,4.8,0.8,3.1,High,Gen Z
14823,5.2,2.0,6.8,3.9,6.4,3.92,High,Gen Z
14824,4.0,0.8,6.6,3.8,5.2,2.29,High,Gen Z
14825,5.8,0.6,7.3,3.7,6.5,3.56,High,Gen Z
14826,4.0,1.4,6.5,2.4,4.5,2.58,Low,Gen Z
14827,3.9,2.9,6.5,2.4,3.4,3.02,Moderate,Gen Z
14828,5.2,1.8,8.2,2.2,2.4,3.4,Moderate,Gen Z
14829,2.8,1.3,8.3,4.0,3.4,2.67,High,Gen Z
14830,4.6,1.4,6.2,3.2,7.1,2.98,High,Gen Z
14831,3.8,1.1,6.0,3.0,4.3,3.11,Moderate,Gen Z
14832,6.7,0.7,7.8,5.3,5.8,2.87,High,Gen Z
14833,5.3,1.3,6.6,3.4,6.5,2.84,Moderate,Gen Z
14834,7.0,2.0,6.3,3.6,4.8,3.09,High,Gen Z
14835,4.2,1.5,6.3,1.2,2.7,2.85,Moderate,Gen Z
14836,4.6,3.2,7.0,1.8,3.1,2.45,High,Gen Z
14837,5.8,0.0,5.7,2.3,5.0,3.03,High,Gen Z
14838,6.6,2.1,8.1,1.6,3.9,3.64,Moderate,Gen Z
14839,5.4,2.3,6.7,2.7,2.5,2.86,Moderate,Gen Z
14840,3.7,2.2,6.7,1.5,6.3,3.19,High,Gen Z
14841,5.9,3.6,8.3,3.2,4.8,3.12,Low,Gen Z
14842,5.2,1.8,6.9,0.9,2.6,3.1,Moderate,Gen Z
14843,5.8,2.0,7.6,6.1,4.0,2.98,Moderate,Gen Z
14844,4.1,3.1,7.7,3.2,4.1,2.32,Low,Gen Z
14845,5.6,1.4,7.9,3.5,1.9,2.92,High,Gen Z
14846,4.7,0.0,5.6,3.7,3.0,2.71,High,Gen Z
14847,3.8,2.0,8.2,4.2,3.0,2.92,Moderate,Gen Z
14848,4.4,2.6,6.2,2.2,6.0,2.86,Moderate,Gen Z
14849,5.3,1.8,6.1,2.2,3.6,3.16,High,Gen Z
14850,4.8,3.1,8.0,3.9,2.6,3.79,Low,Gen Z
14851,5.2,2.3,8.6,5.7,1.8,3.29,High,Gen Z
14852,5.3,1.8,6.3,1.1,6.7,2.62,Moderate,Gen Z
14853,2.6,1.5,7.1,1.5,6.4,2.71,High,Gen Z
14854,5.8,1.3,6.7,4.6,4.9,2.91,High,Gen Z
14855,5.9,0.5,5.1,5.8,3.3,3.12,Moderate,Gen Z
14856,5.0,3.3,4.9,0.2,5.8,3.09,High,Gen Z
14857,5.8,0.8,7.6,3.0,4.7,3.34,Low,Gen Z
14858,5.8,1.9,7.5,2.5,4.6,3.12,High,Gen Z
14859,4.6,0.7,6.1,4.7,5.6,3.06,High,Gen Z
14860,6.4,2.6,7.1,2.1,3.6,3.0,High,Gen Z
14861,5.2,1.5,6.9,4.6,3.5,2.81,Moderate,Gen Z
14862,7.1,2.0,7.2,2.2,2.1,3.2,Low,Gen Z
14863,4.1,2.3,7.6,2.1,0.9,2.7,Moderate,Gen Z
14864,5.3,2.7,7.5,1.0,3.0,2.35,High,Gen Z
14865,5.8,1.5,6.8,3.6,4.1,2.47,Low,Gen Z
14866,3.0,0.6,7.5,2.6,4.3,2.9,Moderate,Gen Z
14867,5.3,1.3,7.2,1.2,3.3,2.87,Moderate,Gen Z
14868,5.9,0.3,6.2,1.8,1.1,2.58,High,Gen Z
14869,5.6,3.3,5.7,2.6,3.1,3.04,Moderate,Gen Z
14870,5.4,1.0,7.4,2.9,2.1,3.4,Moderate,Gen Z
14871,6.1,1.4,6.8,2.6,3.1,2.81,Low,Gen Z
14872,5.3,0.5,9.2,1.3,4.7,3.72,High,Gen Z
14873,6.1,1.4,8.6,3.1,4.3,3.37,Moderate,Gen Z
14874,6.0,1.8,6.4,1.8,3.7,3.54,High,Gen Z
14875,7.4,2.3,6.5,3.3,4.2,3.18,High,Gen Z
14876,4.5,3.0,7.2,2.0,1.5,2.67,High,Gen Z
14877,2.8,2.0,7.8,3.0,2.6,3.2,Low,Gen Z
14878,4.2,2.4,5.9,4.3,3.9,2.85,Moderate,Gen Z
14879,4.5,2.3,6.7,6.8,3.5,3.01,High,Gen Z
14880,4.5,1.7,7.3,2.7,5.9,3.14,High,Gen Z
14881,3.2,2.5,7.3,6.6,2.4,2.98,High,Gen Z
14882,4.2,0.6,7.8,1.3,5.3,2.62,Moderate,Gen Z
14883,3.6,1.4,9.3,5.5,5.3,3.17,High,Gen Z
14884,7.4,0.9,6.6,2.7,3.8,3.1,High,Gen Z
14885,5.5,2.6,8.1,1.1,4.1,2.77,Moderate,Gen Z
14886,7.0,1.7,5.9,2.7,2.5,2.26,High,Gen Z
14887,6.3,0.3,8.4,2.6,1.2,3.11,Moderate,Gen Z
14888,4.9,0.5,6.7,1.9,5.7,3.17,Moderate,Gen Z
14889,4.4,1.6,6.5,1.9,1.5,2.98,Low,Gen Z
14890,3.4,0.0,7.4,3.9,2.5,2.89,High,Gen Z
14891,5.1,4.2,8.5,2.6,2.3,2.93,Low,Gen Z
14892,6.5,2.1,6.8,3.4,0.0,2.36,High,Gen Z
14893,6.7,3.0,6.5,5.5,4.5,3.26,Moderate,Gen Z
14894,5.1,2.4,7.8,3.5,6.5,3.64,High,Gen Z
14895,1.7,2.8,7.1,2.7,3.6,2.88,High,Gen Z
14896,3.1,2.1,7.7,2.9,3.7,2.78,High,Gen Z
14897,4.7,1.5,7.7,2.4,5.2,2.81,Moderate,Gen Z
14898,5.3,4.6,6.9,2.7,5.8,2.1,High,Gen Z
14899,2.5,0.7,8.1,0.0,5.9,2.72,Moderate,Gen Z
14900,6.7,0.0,7.4,4.1,2.1,3.58,Moderate,Gen Z
14901,3.7,2.7,6.9,0.6,6.1,2.69,Moderate,Gen Z
14902,5.2,1.0,8.0,4.3,1.2,2.97,Moderate,Gen Z
14903,6.6,0.0,7.3,2.1,5.6,2.93,Moderate,Gen Z
14904,5.1,3.1,5.5,1.3,3.1,3.08,Moderate,Gen Z
14905,4.7,0.6,5.9,3.0,4.8,2.96,High,Gen Z
14906,6.7,0.8,6.4,3.0,3.4,2.83,High,Gen Z
14907,4.6,3.4,6.5,4.0,4.8,2.44,High,Gen Z
14908,3.7,1.1,7.4,3.4,2.5,3.55,Low,Gen Z
14909,2.9,1.7,6.2,2.8,4.9,3.52,High,Gen Z
14910,5.8,2.2,7.3,4.5,4.7,2.89,High,Gen Z
14911,4.7,2.9,7.1,2.6,3.7,2.48,Moderate,Gen Z
14912,8.9,0.9,5.9,2.2,2.3,2.71,Low,Gen Z
14913,5.4,3.5,5.6,1.2,6.2,2.69,Moderate,Gen Z
14914,5.9,3.0,8.2,0.1,1.3,2.74,Low,Gen Z
14915,5.2,0.8,6.7,1.8,2.2,2.91,Moderate,Gen Z
14916,2.4,2.2,6.2,3.3,3.1,2.24,Moderate,Gen Z
14917,3.7,4.9,7.2,3.6,0.3,3.2,Low,Gen Z
14918,5.6,4.0,8.2,2.0,4.6,2.62,High,Gen Z
14919,4.3,2.4,7.5,0.9,0.7,2.48,Moderate,Gen Z
14920,7.2,0.6,7.7,3.3,3.4,3.26,High,Gen Z
14921,5.1,2.4,6.9,3.3,4.7,2.66,Low,Gen Z
14922,5.3,3.0,6.6,2.9,3.2,2.85,High,Gen Z
14923,5.6,0.0,7.0,2.5,6.0,2.52,High,Gen Z
14924,7.3,4.2,6.7,2.9,2.9,2.98,High,Gen Z
14925,6.5,3.0,6.4,1.8,4.5,2.74,Moderate,Gen Z
14926,2.5,2.3,7.8,5.3,0.7,3.12,High,Gen Z
14927,6.3,0.6,8.5,2.6,4.1,2.39,Moderate,Gen Z
14928,5.5,1.2,8.2,2.2,0.9,2.92,High,Gen Z
14929,4.6,0.0,4.9,6.2,2.1,2.34,High,Gen Z
14930,4.2,2.2,6.1,5.1,4.2,3.24,Moderate,Gen Z
14931,7.5,3.3,5.9,3.6,2.8,2.94,High,Gen Z
14932,4.2,2.1,9.4,2.8,7.1,2.54,Moderate,Gen Z
14933,4.4,0.8,5.7,3.2,2.9,2.63,High,Gen Z
14934,3.8,2.7,6.1,4.6,2.8,2.77,High,Gen Z
14935,5.2,1.5,6.9,4.4,4.7,3.08,Low,Gen Z
14936,5.2,1.6,7.2,2.7,4.4,2.51,Low,Gen Z
14937,5.1,2.9,7.8,0.0,3.6,3.05,Moderate,Gen Z
14938,3.6,0.3,5.9,4.9,3.3,2.48,Moderate,Gen Z
14939,4.4,2.8,8.5,2.3,5.5,2.9,High,Gen Z
14940,3.1,0.6,7.5,4.3,4.2,3.01,Low,Gen Z
14941,4.5,2.2,9.4,2.4,4.7,3.48,Moderate,Gen Z
14942,4.6,4.1,8.4,3.6,6.5,3.4,Moderate,Gen Z
14943,3.5,2.8,7.5,4.0,2.0,3.36,Low,Gen Z
14944,5.5,0.0,6.9,1.8,4.8,3.34,High,Gen Z
14945,4.0,1.1,8.3,2.8,5.6,3.63,Low,Gen Z
14946,6.0,0.7,6.6,2.2,2.8,3.98,Moderate,Gen Z
14947,4.1,3.3,5.9,1.9,5.8,2.42,Moderate,Gen Z
14948,4.6,1.0,7.1,2.3,4.1,3.22,Low,Gen Z
14949,6.4,1.1,5.5,3.8,3.2,2.85,High,Gen Z
14950,6.1,3.2,7.2,3.5,3.0,2.8,Low,Gen Z
14951,7.3,2.0,8.0,6.7,3.4,3.02,High,Gen Z
14952,5.4,3.2,7.0,3.7,3.9,2.28,High,Gen Z
14953,6.4,1.1,5.3,4.5,4.1,3.02,Low,Gen Z
14954,4.0,0.7,7.2,1.3,6.5,2.99,Low,Gen Z
14955,5.6,1.4,6.0,3.1,4.7,3.39,High,Gen Z
14956,2.9,0.6,5.7,2.7,2.4,3.42,High,Gen Z
14957,5.4,2.8,5.6,1.6,4.3,3.0,High,Gen Z
14958,5.3,0.4,7.0,1.5,6.4,3.35,Moderate,Gen Z
14959,3.8,2.2,7.2,4.0,4.3,3.69,High,Gen Z
14960,7.1,1.3,8.7,2.1,1.1,2.84,Moderate,Gen Z
14961,6.9,0.1,8.0,1.5,2.5,2.75,High,Gen Z
14962,7.3,2.0,7.2,2.0,7.4,3.03,Moderate,Gen Z
14963,7.2,2.0,7.2,0.9,2.7,2.56,Moderate,Gen Z
14964,7.6,1.1,5.0,4.9,3.1,3.15,High,Gen Z
14965,5.4,2.9,7.7,3.8,3.7,3.44,High,Gen Z
14966,4.9,0.2,8.3,4.2,3.3,3.12,High,Gen Z
14967,6.4,1.7,7.3,2.3,5.0,2.76,High,Gen Z
14968,5.3,2.6,6.1,5.7,3.7,3.22,High,Gen Z
14969,6.3,3.5,6.4,0.6,2.3,2.78,High,Gen Z
14970,7.2,0.0,8.0,2.1,4.5,3.32,High,Gen Z
14971,5.6,1.0,5.8,2.9,2.9,3.05,Moderate,Gen Z
14972,3.8,2.3,6.3,3.4,5.6,3.33,Moderate,Gen Z
14973,3.6,2.9,6.6,3.0,5.0,2.32,High,Gen Z
14974,4.4,3.4,5.8,3.6,6.1,2.71,Low,Gen Z
14975,3.3,1.0,8.1,2.6,7.7,3.1,Moderate,Gen Z
14976,3.8,3.0,6.7,4.7,5.2,3.1,Moderate,Gen Z
14977,5.9,2.0,6.9,1.4,3.9,3.25,Low,Gen Z
14978,5.0,0.6,5.9,2.5,3.2,2.69,High,Gen Z
14979,5.3,1.4,6.6,4.2,4.0,3.3,Moderate,Gen Z
14980,4.7,1.4,6.3,1.5,0.8,3.5,High,Gen Z
14981,4.0,0.9,6.1,2.7,3.0,2.57,High,Gen Z
14982,5.1,1.5,7.4,4.5,3.9,3.02,Moderate,Gen Z
14983,3.5,1.5,6.5,5.4,5.7,3.26,Moderate,Gen Z
14984,5.2,0.7,6.4,1.6,2.7,2.97,Moderate,Gen Z
14985,4.1,1.8,6.7,2.6,4.7,3.63,High,Gen Z
14986,4.4,1.5,6.0,0.0,4.4,2.76,Low,Gen Z
14987,4.5,2.0,6.8,3.0,2.1,3.07,Low,Gen Z
14988,3.9,1.0,8.0,3.8,0.3,3.05,Moderate,Gen Z
14989,5.3,1.6,9.1,3.0,3.3,2.46,Low,Gen Z
14990,7.4,2.8,6.9,1.4,5.0,2.84,Moderate,Gen Z
14991,3.3,1.4,8.8,1.8,2.3,3.29,High,Gen Z
14992,5.0,1.6,6.7,3.9,4.0,3.15,Moderate,Gen Z
14993,5.4,2.4,5.0,1.9,3.8,2.87,Moderate,Gen Z
14994,7.6,0.6,8.2,3.9,1.5,2.26,Moderate,Gen Z
14995,8.4,3.4,6.3,0.9,3.8,2.94,Moderate,Gen Z
14996,5.4,3.8,7.8,4.3,3.2,2.8,High,Gen Z
14997,6.0,2.1,6.9,2.0,4.4,2.62,High,Gen Z
14998,6.1,1.6,6.3,3.8,2.0,2.54,Moderate,Gen Z
14999,6.0,0.1,8.0,1.7,3.7,2.84,Low,Gen Z
15000,3.5,1.8,5.5,4.9,3.3,2.64,High,Gen Z
15001,3.8,0.0,7.8,4.6,5.9,2.48,High,Gen Z
15002,6.1,1.3,5.7,0.4,4.1,3.18,Moderate,Gen Z
15003,6.0,3.2,7.8,0.8,3.7,2.91,Low,Gen Z
15004,8.0,1.8,6.2,2.2,3.4,2.69,High,Gen Z
15005,4.9,1.1,7.7,2.1,3.8,3.24,Moderate,Gen Z
15006,5.4,3.1,6.3,1.2,4.5,3.94,High,Gen Z
15007,5.6,0.8,5.9,0.7,4.8,3.14,Low,Gen Z
15008,5.7,0.4,5.9,2.1,3.6,2.82,High,Gen Z
15009,5.5,0.5,8.8,0.0,4.0,2.99,Moderate,Gen Z
15010,4.9,0.0,8.1,5.0,2.7,2.63,Moderate,Gen Z
15011,5.5,0.0,6.9,1.3,3.8,2.98,High,Gen Z
15012,5.1,1.7,9.4,2.3,1.2,2.61,High,Gen Z
15013,5.5,2.0,5.4,2.5,4.0,3.2,Moderate,Gen Z
15014,4.9,2.3,7.5,3.5,3.4,3.17,High,Gen Z
15015,4.9,1.8,7.9,3.2,2.8,2.96,Low,Gen Z
15016,4.9,3.5,7.3,0.0,5.8,3.09,Moderate,Gen Z
15017,6.5,0.0,6.8,1.5,7.9,2.72,High,Gen Z
15018,2.1,1.9,6.8,3.4,4.1,3.6,High,Gen Z
15019,2.9,3.7,5.0,3.3,5.5,3.01,Low,Gen Z
15020,5.5,2.1,6.1,1.6,3.5,2.51,High,Gen Z
15021,6.9,2.4,8.0,7.1,2.4,2.35,Low,Gen Z
15022,2.7,1.9,8.0,2.2,4.4,2.49,Low,Gen Z
15023,7.8,2.7,8.0,1.4,3.9,2.9,Moderate,Gen Z
15024,6.6,0.2,6.8,4.5,3.8,3.45,High,Gen Z
15025,5.5,2.4,6.3,3.1,4.7,3.04,High,Gen Z
15026,3.9,0.0,6.8,0.5,4.6,2.69,High,Gen Z
15027,2.9,1.5,7.1,1.1,7.0,3.07,High,Gen Z
15028,3.1,1.6,5.7,1.3,3.5,2.59,Low,Gen Z
15029,4.3,2.0,8.5,6.2,2.7,2.83,Moderate,Gen Z
15030,5.4,3.6,6.3,3.8,5.3,3.58,Moderate,Gen Z
15031,5.8,2.5,7.8,5.4,3.4,3.37,High,Gen Z
15032,5.4,1.5,6.1,4.4,4.2,3.14,Moderate,Gen Z
15033,5.9,1.7,8.7,2.3,5.9,3.18,Low,Gen Z
15034,5.1,0.9,6.3,3.1,5.1,2.82,Moderate,Gen Z
15035,3.6,1.3,8.2,4.6,0.9,2.92,Moderate,Gen Z
15036,5.7,0.0,7.6,2.1,6.5,3.22,High,Gen Z
15037,5.6,2.2,6.9,3.2,3.5,3.3,High,Gen Z
15038,6.4,2.7,7.5,3.7,2.6,3.84,High,Gen Z
15039,5.1,2.3,5.8,3.1,3.9,3.64,Moderate,Gen Z
15040,6.0,2.1,6.4,1.9,5.4,2.8,Moderate,Gen Z
15041,4.2,1.0,8.2,2.3,4.6,3.2,Moderate,Gen Z
15042,6.2,2.0,7.3,2.4,4.6,3.03,Moderate,Gen Z
15043,5.6,1.7,7.0,4.4,4.9,2.7,Moderate,Gen Z
15044,3.6,1.6,8.0,3.1,3.2,2.81,High,Gen Z
15045,4.5,0.0,6.9,4.4,2.1,2.64,Moderate,Gen Z
15046,6.5,3.0,5.9,5.0,4.5,3.02,High,Gen Z
15047,5.9,0.9,6.6,7.6,4.7,3.26,High,Gen Z
15048,6.9,0.0,6.7,6.0,1.8,3.52,High,Gen Z
15049,5.8,1.5,7.7,4.3,2.9,3.6,High,Gen Z
15050,7.6,1.4,5.9,1.7,4.9,3.46,Low,Gen Z
15051,4.6,3.1,6.5,0.8,2.5,2.55,Moderate,Gen Z
15052,5.1,2.0,8.0,3.8,1.0,3.46,Moderate,Gen Z
15053,4.7,2.1,6.7,4.4,5.3,2.54,Moderate,Gen Z
15054,6.6,2.1,5.8,5.5,2.0,3.23,High,Gen Z
15055,5.9,5.4,6.9,1.9,4.7,3.4,Moderate,Gen Z
15056,3.8,3.0,8.3,4.1,3.5,3.26,High,Gen Z
15057,5.2,1.5,6.4,2.1,4.1,2.77,Low,Gen Z
15058,7.1,0.7,6.5,3.2,4.4,3.0,High,Gen Z
15059,7.8,3.1,7.2,4.5,2.1,2.87,High,Gen Z
15060,5.0,0.9,6.1,4.1,2.9,2.76,Low,Gen Z
15061,6.9,1.5,7.7,2.7,4.5,3.55,Moderate,Gen Z
15062,4.5,0.7,7.0,2.3,2.3,3.51,High,Gen Z
15063,2.8,0.0,6.6,2.5,3.9,3.23,High,Gen Z
15064,5.3,2.4,7.3,4.3,5.1,3.28,High,Gen Z
15065,4.3,2.3,6.0,0.8,1.1,3.05,High,Gen Z
15066,4.9,1.1,5.3,3.8,7.8,3.1,Moderate,Gen Z
15067,2.7,0.1,5.1,2.2,6.8,3.02,High,Gen Z
15068,6.1,3.0,7.8,2.0,6.2,3.24,High,Gen Z
15069,4.5,3.2,7.9,2.2,6.3,3.26,Moderate,Gen Z
15070,7.2,0.6,7.9,5.0,3.2,2.87,High,Gen Z
15071,3.1,0.5,6.7,2.9,5.1,2.8,Moderate,Gen Z
15072,7.2,1.6,5.0,5.9,3.1,2.81,High,Gen Z
15073,5.1,0.1,6.7,2.5,3.4,3.2,Low,Gen Z
15074,5.5,0.3,7.4,1.2,2.6,2.67,Moderate,Gen Z
15075,3.7,0.7,8.1,3.1,3.5,2.95,Moderate,Gen Z
15076,7.1,2.4,8.1,1.4,1.1,2.48,Low,Gen Z
15077,5.2,2.9,7.1,3.8,1.7,3.18,Moderate,Gen Z
15078,5.2,3.6,6.8,3.0,3.6,3.0,High,Gen Z
15079,3.7,0.7,6.4,1.1,5.9,3.17,Moderate,Gen Z
15080,6.8,2.0,4.8,1.6,6.3,2.95,Moderate,Gen Z
15081,2.7,1.7,6.9,1.0,0.0,3.21,Moderate,Gen Z
15082,5.1,2.7,6.8,2.8,4.2,3.4,Moderate,Gen Z
15083,6.7,0.0,8.0,2.8,4.9,2.71,Low,Gen Z
15084,3.2,2.5,7.1,2.3,5.5,2.32,High,Gen Z
15085,3.6,2.7,7.2,3.4,4.1,3.32,Moderate,Gen Z
15086,6.5,2.3,6.6,3.1,5.9,3.08,Moderate,Gen Z
15087,5.2,1.3,8.1,3.7,2.1,2.76,Low,Gen Z
15088,5.8,0.2,7.9,3.6,5.7,3.25,Moderate,Gen Z
15089,4.6,0.9,7.8,1.3,5.4,2.63,Moderate,Gen Z
15090,5.0,0.0,7.2,5.0,4.0,2.71,High,Gen Z
15091,3.7,0.9,6.7,5.2,4.6,2.75,Moderate,Gen Z
15092,4.8,0.0,5.6,2.2,2.0,3.3,High,Gen Z
15093,3.8,1.3,7.6,4.9,1.4,3.09,Moderate,Gen Z
15094,6.6,0.2,6.3,1.9,7.4,2.65,High,Gen Z
15095,4.9,0.9,6.7,1.1,4.2,2.96,Moderate,Gen Z
15096,3.7,2.4,8.6,5.6,4.2,3.3,High,Gen Z
15097,4.9,3.8,7.7,3.0,2.1,3.37,Moderate,Gen Z
15098,6.8,0.9,7.7,2.0,3.1,3.47,High,Gen Z
15099,1.8,1.2,6.8,2.1,3.0,3.27,Moderate,Gen Z
15100,7.1,1.3,6.8,2.1,2.6,3.19,Low,Gen Z
15101,7.7,2.9,6.3,3.7,4.9,3.13,Moderate,Gen Z
15102,6.1,3.2,8.4,3.4,4.3,2.6,Moderate,Gen Z
15103,4.1,1.0,6.7,4.8,5.1,2.34,Low,Gen Z
15104,4.8,1.3,5.8,3.7,3.2,3.12,High,Gen Z
15105,4.5,0.4,8.2,1.0,4.8,3.03,Moderate,Gen Z
15106,5.6,2.5,4.9,3.1,3.5,3.32,Moderate,Gen Z
15107,3.5,2.2,8.4,4.4,4.0,2.4,Moderate,Gen Z
15108,4.9,1.9,6.9,2.9,2.2,3.42,High,Gen Z
15109,5.1,2.4,8.9,4.2,2.2,3.37,Moderate,Gen Z
15110,6.5,1.9,7.0,2.8,3.4,2.67,Moderate,Gen Z
15111,4.8,0.6,5.2,2.1,4.4,2.81,High,Gen Z
15112,3.4,0.2,6.0,1.5,2.9,3.01,Moderate,Gen Z
15113,5.1,1.8,7.7,5.4,2.8,3.03,Low,Gen Z
15114,6.6,2.0,6.7,2.0,2.9,3.09,High,Gen Z
15115,4.9,2.1,7.8,2.3,2.2,2.33,Moderate,Gen Z
15116,4.9,0.3,7.5,4.3,4.1,2.9,Low,Gen Z
15117,6.4,1.9,8.4,3.5,4.3,3.22,Moderate,Gen Z
15118,4.0,1.6,7.0,1.8,3.3,2.7,High,Gen Z
15119,5.4,1.7,7.2,1.6,5.3,3.11,Moderate,Gen Z
15120,6.7,3.3,7.6,2.8,5.5,3.08,Moderate,Gen Z
15121,5.5,2.1,7.9,2.3,3.5,2.43,Moderate,Gen Z
15122,4.6,1.6,7.0,3.2,4.6,2.78,High,Gen Z
15123,6.3,1.3,6.3,4.2,2.4,3.47,Low,Gen Z
15124,7.0,1.1,8.1,1.2,1.2,3.08,Moderate,Gen Z
15125,4.7,2.2,8.3,0.5,3.6,3.19,High,Gen Z
15126,3.5,1.2,8.9,3.2,6.2,3.57,High,Gen Z
15127,4.0,1.8,8.2,4.7,6.5,2.5,Moderate,Gen Z
15128,4.8,1.4,8.2,2.9,2.9,3.05,Moderate,Gen Z
15129,3.3,1.2,5.4,1.4,3.6,2.9,Low,Gen Z
15130,5.2,0.7,6.0,3.2,4.8,3.15,High,Gen Z
15131,4.2,0.0,8.5,4.9,3.3,2.89,Low,Gen Z
15132,5.7,0.7,7.2,1.1,4.2,3.72,High,Gen Z
15133,4.2,2.9,6.8,2.3,5.5,3.22,Moderate,Gen Z
15134,6.3,1.8,5.5,3.5,4.6,3.48,High,Gen Z
15135,6.5,1.8,7.5,3.3,3.2,2.46,Moderate,Gen Z
15136,3.7,2.2,8.4,6.2,6.7,2.95,Moderate,Gen Z
15137,4.5,1.6,7.3,4.3,4.6,3.65,Moderate,Gen Z
15138,3.5,1.1,6.9,3.0,0.8,3.14,Moderate,Gen Z
15139,4.2,2.9,7.4,1.3,5.3,2.97,Moderate,Gen Z
15140,5.8,1.0,6.7,3.0,3.9,3.43,High,Gen Z
15141,2.6,0.8,7.4,3.9,4.1,2.82,Moderate,Gen Z
15142,5.9,1.2,7.2,4.5,4.1,2.38,High,Gen Z
15143,6.1,2.7,5.3,1.9,6.7,2.47,High,Gen Z
15144,5.0,2.6,6.8,4.6,4.9,3.31,Low,Gen Z
15145,5.9,2.0,7.3,2.5,4.0,3.29,Low,Gen Z
15146,5.7,2.4,5.9,3.5,4.7,3.2,Moderate,Gen Z
15147,6.6,1.5,6.1,4.0,4.5,3.14,Moderate,Gen Z
15148,6.2,0.7,7.7,3.2,2.2,2.83,Moderate,Gen Z
15149,4.3,0.8,6.6,6.4,5.6,3.41,Low,Gen Z
15150,4.7,2.2,5.9,2.5,1.0,3.2,Moderate,Gen Z
15151,4.6,0.1,7.3,0.7,4.6,3.23,High,Gen Z
15152,5.9,0.8,7.2,3.2,4.9,2.92,Moderate,Gen Z
15153,5.3,2.7,9.1,5.5,4.5,2.99,Low,Gen Z
15154,3.9,2.0,6.9,3.8,2.9,3.29,High,Gen Z
15155,5.3,1.5,8.2,4.7,4.8,3.27,High,Gen Z
15156,4.3,2.6,9.9,5.6,2.9,3.27,Moderate,Gen Z
15157,4.1,1.7,6.6,2.8,6.3,3.21,Moderate,Gen Z
15158,4.4,0.0,5.3,2.9,4.5,3.04,High,Gen Z
15159,4.9,2.7,7.7,4.0,5.4,3.43,Moderate,Gen Z
15160,4.7,0.4,8.8,1.8,1.2,2.75,Low,Gen Z
15161,6.6,0.0,6.6,1.1,3.0,2.66,High,Gen Z
15162,4.6,1.2,8.9,4.0,3.4,3.34,Moderate,Gen Z
15163,2.6,0.9,5.8,3.0,3.9,2.67,High,Gen Z
15164,6.0,1.0,6.9,4.3,1.9,3.43,Low,Gen Z
15165,4.8,0.8,6.1,3.5,2.7,3.2,Moderate,Gen Z
15166,3.0,3.4,7.7,2.2,3.2,3.39,Moderate,Gen Z
15167,4.8,4.0,6.6,2.2,4.8,2.42,Low,Gen Z
15168,6.0,1.3,7.2,1.4,5.0,3.1,Low,Gen Z
15169,4.2,3.1,7.3,0.0,6.1,3.24,High,Gen Z
15170,5.7,1.7,8.2,4.1,2.2,3.18,High,Gen Z
15171,5.8,1.7,6.5,1.0,2.7,3.74,Moderate,Gen Z
15172,5.3,0.9,6.9,3.1,2.2,3.5,Moderate,Gen Z
15173,3.7,0.9,8.0,0.1,2.6,3.13,Moderate,Gen Z
15174,4.6,1.2,7.0,4.4,3.9,3.23,Moderate,Gen Z
15175,5.1,2.1,7.2,1.5,2.2,3.08,High,Gen Z
15176,7.4,2.0,6.2,4.5,4.3,3.01,Moderate,Gen Z
15177,4.5,2.0,7.4,2.7,5.7,2.71,Low,Gen Z
15178,6.6,3.8,6.7,6.2,2.4,3.35,Moderate,Gen Z
15179,5.7,2.5,6.0,2.7,3.4,2.92,Low,Gen Z
15180,2.1,3.6,6.8,2.6,2.1,2.57,Moderate,Gen Z
15181,4.6,2.2,5.7,2.9,3.8,3.11,High,Gen Z
15182,5.7,1.2,7.2,3.5,5.9,2.71,High,Gen Z
15183,4.0,1.9,7.1,1.3,3.8,3.52,High,Gen Z
15184,3.0,2.0,7.9,3.3,4.4,2.4,High,Gen Z
15185,7.6,2.0,7.8,3.6,1.5,3.09,High,Gen Z
15186,4.3,0.0,6.1,3.3,4.3,3.23,High,Gen Z
15187,1.0,1.1,6.8,3.5,3.6,3.61,Moderate,Gen Z
15188,6.1,2.8,5.9,4.1,3.4,2.76,High,Gen Z
15189,5.2,1.9,7.1,2.2,5.1,3.59,Moderate,Gen Z
15190,4.6,0.1,6.2,4.1,5.0,2.9,Moderate,Gen Z
15191,4.3,0.6,5.1,3.2,5.6,2.87,Moderate,Gen Z
15192,4.8,2.6,7.2,2.7,5.9,2.46,Moderate,Gen Z
15193,5.2,1.1,8.8,3.0,5.3,3.01,Moderate,Gen Z
15194,5.1,1.6,6.3,2.3,8.0,2.63,High,Gen Z
15195,4.7,1.1,6.5,2.3,3.9,2.19,High,Gen Z
15196,3.7,1.7,9.8,3.2,4.1,2.98,Moderate,Gen Z
15197,2.7,2.2,9.1,5.3,1.0,3.24,Moderate,Gen Z
15198,3.3,0.6,7.9,2.9,3.3,2.71,Moderate,Gen Z
15199,5.8,0.9,7.8,1.3,4.5,3.37,Moderate,Gen Z
15200,4.6,1.4,6.8,4.3,3.5,2.73,Moderate,Gen Z
15201,4.2,0.1,6.2,1.8,4.7,2.74,Low,Gen Z
15202,5.8,1.3,8.2,1.4,5.0,3.8,Low,Gen Z
15203,7.6,1.5,6.5,2.5,5.1,2.85,High,Gen Z
15204,5.8,3.4,7.2,0.3,4.7,2.83,Moderate,Gen Z
15205,5.4,0.4,7.6,2.6,2.4,3.38,High,Gen Z
15206,6.1,3.5,5.3,1.7,5.9,3.28,Low,Gen Z
15207,5.8,2.4,5.7,1.6,5.0,2.76,High,Gen Z
15208,6.6,1.2,7.4,3.0,5.0,3.11,High,Gen Z
15209,1.9,1.0,7.4,3.9,2.0,2.8,Moderate,Gen Z
15210,5.5,1.9,5.1,2.7,5.5,3.04,Low,Gen Z
15211,6.0,2.2,7.4,6.3,5.8,2.66,High,Gen Z
15212,4.8,1.6,7.1,5.2,4.0,2.29,Moderate,Gen Z
15213,5.9,1.4,6.1,1.0,4.8,3.11,Moderate,Gen Z
15214,3.1,0.9,6.9,1.8,2.6,3.39,High,Gen Z
15215,5.6,1.6,7.5,4.3,4.1,3.11,Low,Gen Z
15216,2.0,0.2,5.7,0.6,2.9,3.26,High,Gen Z
15217,4.4,1.8,7.5,2.6,2.6,2.84,Low,Gen Z
15218,7.2,2.6,9.8,3.1,5.3,3.23,High,Gen Z
15219,8.1,1.3,7.8,2.0,5.4,3.16,Moderate,Gen Z
15220,6.3,0.9,6.8,3.0,3.8,2.56,Moderate,Gen Z
15221,4.9,1.1,6.5,2.5,4.1,3.62,Low,Gen Z
15222,4.4,4.1,6.0,4.1,5.3,2.65,High,Gen Z
15223,4.8,2.8,6.3,4.6,2.6,2.61,Moderate,Gen Z
15224,8.4,0.0,7.1,2.9,1.9,2.55,High,Gen Z
15225,6.1,2.3,7.4,3.1,8.0,2.43,Moderate,Gen Z
15226,5.1,1.6,5.7,2.8,4.6,3.01,Moderate,Gen Z
15227,4.3,0.6,6.2,2.9,4.7,2.75,Low,Gen Z
15228,6.7,1.7,7.8,2.8,4.7,3.32,Low,Gen Z
15229,6.3,4.9,5.5,2.7,5.9,3.02,Moderate,Gen Z
15230,5.6,0.1,7.0,4.9,2.8,2.98,Moderate,Gen Z
15231,4.3,1.0,7.3,6.7,2.9,3.35,Low,Gen Z
15232,6.2,2.5,6.7,2.1,2.5,2.31,Low,Gen Z
15233,1.7,0.1,6.3,2.9,4.3,3.56,High,Gen Z
15234,4.0,0.2,5.7,3.1,5.0,3.41,High,Gen Z
15235,5.2,1.8,5.4,2.8,3.2,2.8,Moderate,Gen Z
15236,5.4,3.3,7.8,4.4,5.1,2.35,High,Gen Z
15237,4.5,0.6,7.1,3.0,4.7,2.83,High,Gen Z
15238,4.5,1.4,5.9,3.1,3.4,2.83,High,Gen Z
15239,5.6,0.7,7.3,2.4,3.8,2.76,Low,Gen Z
15240,9.7,0.1,5.4,2.1,7.5,3.12,High,Gen Z
15241,6.5,1.7,5.9,2.3,4.2,3.32,High,Gen Z
15242,3.7,2.6,6.9,4.4,2.7,2.76,Moderate,Gen Z
15243,5.9,1.7,8.6,3.6,3.2,2.38,High,Gen Z
15244,5.5,1.7,5.2,5.8,5.5,2.75,High,Gen Z
15245,7.1,0.8,8.7,0.5,2.9,2.99,Low,Gen Z
15246,3.2,2.1,7.8,1.6,1.6,3.15,Low,Gen Z
15247,5.3,1.7,7.5,0.4,6.0,3.16,Moderate,Gen Z
15248,3.3,1.7,7.2,6.0,6.9,2.6,Moderate,Gen Z
15249,6.8,3.5,9.2,1.1,2.1,3.47,Low,Gen Z
15250,4.6,0.0,7.1,3.5,5.3,2.95,Low,Gen Z
15251,6.5,2.8,6.8,1.5,2.1,3.3,Moderate,Gen Z
15252,4.4,1.2,7.4,3.0,4.6,2.42,Moderate,Gen Z
15253,3.5,1.5,6.7,4.6,2.5,3.0,Low,Gen Z
15254,4.0,1.6,8.4,2.3,2.8,3.14,High,Gen Z
15255,4.2,1.4,6.4,3.3,3.0,3.12,Low,Gen Z
15256,5.6,2.8,7.9,4.2,1.4,2.58,Low,Gen Z
15257,6.0,1.9,5.7,4.2,2.5,2.53,Moderate,Gen Z
15258,4.9,1.7,6.9,1.8,3.7,3.17,Moderate,Gen Z
15259,4.0,1.2,5.9,2.3,4.9,2.12,High,Gen Z
15260,4.1,1.0,8.3,1.5,2.3,2.8,High,Gen Z
15261,4.7,1.6,6.1,4.8,2.9,3.41,Low,Gen Z
15262,4.5,0.4,7.4,0.0,4.9,2.75,High,Gen Z
15263,3.7,1.1,8.0,4.6,3.1,2.61,Low,Gen Z
15264,4.5,2.5,7.9,0.0,3.6,3.1,Low,Gen Z
15265,5.8,2.2,7.3,3.7,3.0,2.68,Low,Gen Z
15266,3.5,2.9,6.9,1.9,6.1,2.66,Moderate,Gen Z
15267,5.2,2.3,6.4,3.9,5.5,3.41,High,Gen Z
15268,7.7,0.2,5.2,4.4,3.6,2.82,Moderate,Gen Z
15269,8.4,0.0,5.4,1.0,2.9,3.03,Low,Gen Z
15270,6.3,2.8,5.8,4.0,4.3,3.05,Low,Gen Z
15271,6.1,2.0,6.9,3.0,1.7,3.13,Low,Gen Z
15272,7.3,3.4,6.9,3.3,2.1,2.87,Moderate,Gen Z
15273,5.8,3.5,8.0,4.1,4.0,3.62,Low,Gen Z
15274,4.2,0.0,5.1,1.5,3.9,3.56,High,Gen Z
15275,5.8,2.5,6.9,2.1,6.1,2.73,Low,Gen Z
15276,5.4,2.5,7.2,4.4,3.5,3.28,Moderate,Gen Z
15277,7.4,2.2,7.3,3.2,3.2,2.66,Moderate,Gen Z
15278,6.0,2.3,6.6,4.1,5.1,3.03,High,Gen Z
15279,5.6,1.6,8.4,4.2,4.3,2.83,Moderate,Gen Z
15280,5.7,0.2,6.4,3.3,2.3,2.45,Low,Gen Z
15281,2.4,0.2,7.0,1.1,3.9,2.63,Moderate,Gen Z
15282,8.4,2.8,7.7,2.8,3.2,2.89,Moderate,Gen Z
15283,3.9,2.5,7.6,2.6,2.1,2.76,High,Gen Z
15284,4.4,0.0,7.4,0.0,1.6,3.18,High,Gen Z
15285,6.3,1.1,7.4,5.0,4.9,3.21,Moderate,Gen Z
15286,4.1,1.0,7.2,0.1,4.8,2.37,High,Gen Z
15287,4.4,2.1,6.0,2.3,5.2,3.65,Low,Gen Z
15288,4.8,0.6,8.2,5.4,3.4,3.32,High,Gen Z
15289,4.4,1.3,6.1,3.3,3.0,3.11,Moderate,Gen Z
15290,3.0,2.1,4.9,3.4,6.0,2.54,High,Gen Z
15291,1.3,0.0,5.6,0.8,1.0,3.04,High,Gen Z
15292,5.5,3.8,7.0,2.5,5.2,3.15,Moderate,Gen Z
15293,4.3,3.7,6.7,2.8,3.6,3.2,Low,Gen Z
15294,2.1,1.9,7.6,3.1,3.7,2.48,High,Gen Z
15295,2.2,2.5,8.6,1.0,4.8,3.16,Moderate,Gen Z
15296,2.5,0.8,6.8,2.9,3.8,2.9,Moderate,Gen Z
15297,5.1,0.0,7.1,3.8,4.7,2.4,High,Gen Z
15298,4.8,1.9,8.3,1.7,3.1,1.88,Moderate,Gen Z
15299,4.4,0.8,7.0,2.6,3.4,2.09,Low,Gen Z
15300,4.4,0.0,6.4,5.1,5.1,2.61,Low,Gen Z
15301,3.7,1.1,8.3,0.8,4.4,3.14,Moderate,Gen Z
15302,5.2,0.0,8.5,1.6,4.6,3.12,High,Gen Z
15303,3.3,0.0,6.9,1.7,2.4,3.08,High,Gen Z
15304,5.2,0.6,8.0,2.5,2.3,2.72,High,Gen Z
15305,5.4,2.6,7.0,5.6,3.3,3.1,Low,Gen Z
15306,3.0,2.0,7.3,2.3,5.8,3.28,High,Gen Z
15307,5.5,2.4,5.6,1.3,4.5,3.38,High,Gen Z
15308,6.5,0.3,6.0,1.8,2.2,2.57,Moderate,Gen Z
15309,5.7,1.5,8.6,3.5,3.2,3.05,Moderate,Gen Z
15310,5.0,2.2,5.9,1.0,7.2,2.81,High,Gen Z
15311,2.3,0.4,7.2,1.4,6.0,3.24,High,Gen Z
15312,3.8,2.6,6.7,0.9,2.5,2.63,Low,Gen Z
15313,2.8,2.7,6.8,2.5,4.0,3.31,Moderate,Gen Z
15314,4.7,2.2,7.9,5.1,3.5,3.27,Moderate,Gen Z
15315,6.1,1.0,8.3,0.7,4.0,2.76,High,Gen Z
15316,4.2,0.3,7.6,6.5,2.7,3.28,Moderate,Gen Z
15317,5.1,0.9,6.3,2.4,4.7,2.8,Low,Gen Z
15318,4.8,0.0,8.0,2.9,3.6,3.23,Moderate,Gen Z
15319,6.5,2.5,8.6,2.6,5.1,3.36,High,Gen Z
15320,5.3,3.1,5.9,1.7,2.0,3.1,High,Gen Z
15321,4.8,0.0,7.4,3.7,4.9,2.43,Moderate,Gen Z
15322,4.0,1.7,8.3,1.1,4.1,2.4,Low,Gen Z
15323,2.7,0.1,8.0,1.1,1.7,3.19,Moderate,Gen Z
15324,4.1,1.6,6.6,3.7,4.5,2.97,High,Gen Z
15325,4.6,2.1,5.2,3.3,4.3,3.24,Moderate,Gen Z
15326,3.4,1.6,6.8,2.5,0.0,2.8,High,Gen Z
15327,5.6,1.1,6.5,3.5,2.9,2.38,Moderate,Gen Z
15328,5.2,1.0,8.1,2.6,2.4,2.94,High,Gen Z
15329,4.7,0.8,7.3,4.1,4.0,3.18,High,Gen Z
15330,6.1,1.9,7.2,0.5,5.9,2.85,High,Gen Z
15331,3.7,3.1,7.2,1.8,3.9,3.21,Low,Gen Z
15332,8.6,2.0,7.3,3.9,4.4,3.04,Moderate,Gen Z
15333,3.4,2.8,7.4,1.7,3.8,2.88,High,Gen Z
15334,6.6,1.6,7.0,3.3,6.5,3.17,High,Gen Z
15335,7.9,1.6,5.7,3.2,3.8,2.96,Moderate,Gen Z
15336,7.0,2.9,8.6,3.9,3.3,3.72,Moderate,Gen Z
15337,4.8,0.5,5.0,5.0,3.7,3.44,High,Gen Z
15338,5.8,1.0,7.6,2.7,6.8,2.82,Moderate,Gen Z
15339,4.4,3.4,6.1,5.0,2.4,2.78,Low,Gen Z
15340,5.5,1.8,6.7,5.6,1.5,2.98,High,Gen Z
15341,6.4,1.9,7.4,3.4,3.6,2.99,Moderate,Gen Z
15342,4.9,1.6,7.0,1.9,6.2,3.12,High,Gen Z
15343,4.1,3.6,5.8,3.8,7.5,3.56,High,Gen Z
15344,5.7,1.1,8.5,4.5,7.6,3.34,Low,Gen Z
15345,4.7,0.0,5.6,3.3,1.9,2.73,High,Gen Z
15346,5.9,0.6,7.7,3.4,3.8,2.98,High,Gen Z
15347,3.8,0.9,6.5,4.8,2.4,3.27,Low,Gen Z
15348,3.8,1.2,6.7,2.6,2.6,3.41,Low,Gen Z
15349,5.4,1.7,8.7,0.6,4.0,3.62,Low,Gen Z
15350,2.5,1.5,7.0,2.7,2.5,3.11,High,Gen Z
15351,5.1,4.1,8.1,2.7,1.0,3.26,High,Gen Z
15352,6.4,0.2,6.2,5.4,2.4,2.58,High,Gen Z
15353,5.3,2.5,7.9,5.9,3.6,2.79,Low,Gen Z
15354,6.2,1.1,7.0,1.6,1.8,2.65,High,Gen Z
15355,5.1,2.2,5.6,3.0,1.5,2.94,Moderate,Gen Z
15356,2.7,1.7,6.7,3.6,1.2,2.17,Moderate,Gen Z
15357,5.1,2.7,7.8,2.2,5.2,2.87,Moderate,Gen Z
15358,6.6,1.6,7.8,3.9,4.4,2.87,Moderate,Gen Z
15359,5.0,2.5,5.4,4.7,2.0,3.55,Low,Gen Z
15360,3.6,3.3,6.7,5.7,2.3,3.14,High,Gen Z
15361,5.9,0.0,7.7,2.0,3.3,3.08,Moderate,Gen Z
15362,6.1,2.0,8.0,1.5,3.3,2.58,Moderate,Gen Z
15363,7.3,1.1,7.3,2.4,4.7,2.57,High,Gen Z
15364,4.6,1.9,7.5,1.8,3.3,2.78,High,Gen Z
15365,5.4,2.0,6.0,1.3,3.9,2.71,Moderate,Gen Z
15366,3.6,1.6,8.3,4.0,4.3,3.22,High,Gen Z
15367,6.7,0.0,7.9,3.2,2.9,3.45,High,Gen Z
15368,3.7,3.7,7.3,2.1,6.0,3.59,Moderate,Gen Z
15369,4.3,0.8,6.5,1.9,5.3,2.98,Moderate,Gen Z
15370,5.1,0.5,7.3,3.9,4.1,2.72,High,Gen Z
15371,3.2,1.5,7.8,0.0,0.7,3.3,High,Gen Z
15372,2.9,1.7,6.6,0.8,4.0,2.98,Moderate,Gen Z
15373,5.5,2.8,6.9,4.2,5.0,2.64,Moderate,Gen Z
15374,4.6,1.8,6.8,1.3,0.0,3.34,High,Gen Z
15375,5.9,1.8,7.3,5.1,4.1,3.16,Moderate,Gen Z
15376,7.0,1.9,7.7,3.7,3.9,3.24,Moderate,Gen Z
15377,4.3,3.3,6.5,4.7,5.7,2.22,Moderate,Gen Z
15378,6.3,2.5,7.4,3.5,1.2,3.02,High,Gen Z
15379,7.8,1.7,7.8,1.8,5.4,2.79,High,Gen Z
15380,5.0,0.5,8.4,3.5,4.7,2.99,High,Gen Z
15381,6.7,1.9,7.2,2.8,2.0,2.76,Moderate,Gen Z
15382,7.3,2.4,8.1,3.3,6.2,2.97,Moderate,Gen Z
15383,6.4,1.7,6.9,7.2,2.0,3.08,Moderate,Gen Z
15384,5.6,3.4,7.0,3.1,3.1,2.38,Moderate,Gen Z
15385,5.2,1.5,6.5,3.0,3.6,3.49,Moderate,Gen Z
15386,5.0,2.4,5.9,3.6,5.4,3.67,High,Gen Z
15387,3.3,0.8,5.8,3.9,3.5,3.75,Moderate,Gen Z
15388,2.8,0.7,5.9,4.0,3.9,2.9,Low,Gen Z
15389,5.2,2.4,5.6,1.7,1.7,3.17,Moderate,Gen Z
15390,4.3,3.1,8.3,3.6,1.5,2.84,Moderate,Gen Z
15391,4.9,0.3,5.8,2.4,1.9,3.61,High,Gen Z
15392,3.4,2.3,7.4,4.0,3.9,2.8,Moderate,Gen Z
15393,7.8,2.3,8.1,1.9,6.2,2.51,Moderate,Gen Z
15394,4.5,0.9,8.5,2.5,1.3,3.35,Moderate,Gen Z
15395,6.9,3.6,8.5,4.1,5.0,2.99,Low,Gen Z
15396,5.0,3.7,6.7,5.2,5.1,3.46,High,Gen Z
15397,5.6,3.3,8.4,3.3,3.7,2.52,Moderate,Gen Z
15398,7.6,1.6,6.4,4.8,5.3,2.57,Low,Gen Z
15399,5.6,1.2,8.8,3.8,4.1,3.45,Moderate,Gen Z
15400,4.2,1.7,7.7,3.5,6.5,3.09,High,Gen Z
15401,6.1,0.8,8.0,3.6,0.7,2.78,Low,Gen Z
15402,7.9,1.7,6.5,1.5,2.0,3.33,High,Gen Z
15403,5.4,3.5,7.2,0.0,4.4,3.16,High,Gen Z
15404,3.8,3.7,8.9,4.0,5.2,3.0,Low,Gen Z
15405,6.2,0.5,7.4,3.5,3.2,2.68,High,Gen Z
15406,4.8,0.0,6.8,1.4,4.1,2.73,Moderate,Gen Z
15407,4.3,0.0,6.6,2.4,2.0,3.16,Moderate,Gen Z
15408,4.5,1.1,7.1,6.0,3.6,3.07,High,Gen Z
15409,4.3,2.0,7.0,2.8,1.5,3.54,High,Gen Z
15410,6.8,2.1,7.7,2.7,4.5,3.3,High,Gen Z
15411,4.3,1.1,5.7,3.4,2.9,3.17,High,Gen Z
15412,4.1,1.4,8.3,2.3,6.2,2.43,High,Gen Z
15413,5.1,2.7,6.4,1.5,2.2,3.42,Moderate,Gen Z
15414,3.8,0.3,6.6,5.4,2.3,2.73,Moderate,Gen Z
15415,3.4,1.9,6.4,3.5,2.7,2.61,Low,Gen Z
15416,4.7,1.6,7.6,2.6,2.9,2.66,High,Gen Z
15417,3.1,0.6,7.6,3.7,0.4,3.09,Moderate,Gen Z
15418,4.7,1.2,7.2,4.2,2.5,3.07,Low,Gen Z
15419,4.6,0.0,6.6,3.0,1.6,3.23,High,Gen Z
15420,4.5,1.0,6.7,5.7,2.5,3.1,Moderate,Gen Z
15421,5.0,1.9,6.6,2.6,3.8,3.09,Moderate,Gen Z
15422,3.0,1.7,5.8,5.5,6.5,2.87,Low,Gen Z
15423,3.1,2.1,7.0,6.7,5.2,3.68,Moderate,Gen Z
15424,5.7,2.4,7.1,2.1,2.6,3.58,Moderate,Gen Z
15425,4.6,0.8,8.4,3.7,6.4,2.92,High,Gen Z
15426,6.5,1.4,7.3,3.3,6.1,3.36,High,Gen Z
15427,2.6,1.8,7.2,1.3,3.6,2.82,Low,Gen Z
15428,6.6,0.7,8.4,0.8,5.1,3.02,Low,Gen Z
15429,8.3,3.8,7.5,2.0,4.1,3.16,Moderate,Gen Z
15430,5.7,2.7,6.6,3.7,3.7,2.46,High,Gen Z
15431,4.2,3.0,5.8,2.2,1.6,2.83,Low,Gen Z
15432,5.7,0.0,5.5,1.9,0.8,3.13,Moderate,Gen Z
15433,4.6,2.5,7.0,4.0,2.8,3.19,High,Gen Z
15434,5.4,2.4,5.7,3.2,2.8,2.86,High,Gen Z
15435,2.8,1.0,7.9,2.8,2.7,2.52,High,Gen Z
15436,6.2,4.8,6.5,3.1,3.0,2.81,High,Gen Z
15437,4.6,2.6,6.7,2.4,3.9,2.8,Moderate,Gen Z
15438,1.0,2.3,5.8,3.6,2.7,3.46,Low,Gen Z
15439,5.7,3.3,6.0,0.2,5.3,3.11,High,Gen Z
15440,5.8,2.5,7.7,2.9,5.7,2.98,Moderate,Gen Z
15441,4.1,2.4,5.9,2.4,3.5,3.18,High,Gen Z
15442,3.2,0.1,6.5,2.0,5.4,3.19,Low,Gen Z
15443,2.9,1.1,9.1,2.0,2.6,3.47,Moderate,Gen Z
15444,5.2,2.6,8.6,0.8,1.2,2.88,High,Gen Z
15445,7.3,0.1,8.5,1.9,4.3,2.64,High,Gen Z
15446,4.6,1.9,6.0,2.5,2.8,3.25,Moderate,Gen Z
15447,5.3,2.2,7.7,4.2,5.7,3.04,Moderate,Gen Z
15448,4.2,3.2,7.5,1.8,4.7,3.29,High,Gen Z
15449,6.5,2.7,6.6,0.9,2.3,2.84,High,Gen Z
15450,5.5,1.0,7.9,3.9,4.3,2.51,Moderate,Gen Z
15451,4.1,0.7,8.5,4.1,3.6,2.75,Moderate,Gen Z
15452,6.1,1.4,6.9,2.5,1.4,3.44,Low,Gen Z
15453,3.7,0.2,6.6,2.8,5.2,2.74,Moderate,Gen Z
15454,1.8,2.1,6.5,0.7,3.3,3.0,High,Gen Z
15455,6.8,2.0,7.2,1.4,5.4,2.6,High,Gen Z
15456,5.1,2.6,7.8,3.1,3.6,3.0,High,Gen Z
15457,3.4,1.2,6.8,5.8,6.5,3.12,High,Gen Z
15458,4.9,1.6,6.9,3.9,2.4,3.24,Low,Gen Z
15459,4.7,0.0,7.1,2.8,3.3,3.22,High,Gen Z
15460,7.9,2.4,7.0,1.9,3.6,2.92,Low,Gen Z
15461,4.7,2.1,7.4,2.4,3.5,2.66,High,Gen Z
15462,5.0,2.5,5.6,4.8,1.6,3.23,Moderate,Gen Z
15463,5.1,1.2,6.8,4.5,2.1,3.05,Low,Gen Z
15464,5.4,0.7,7.5,4.3,4.2,2.92,Moderate,Gen Z
15465,5.7,0.5,9.9,3.6,4.3,2.92,High,Gen Z
15466,5.6,1.6,5.6,2.4,3.6,2.47,Moderate,Gen Z
15467,4.7,2.9,7.7,2.9,4.8,2.87,High,Gen Z
15468,5.8,3.4,5.5,2.5,1.7,3.29,Moderate,Gen Z
15469,5.2,1.2,6.1,1.7,2.5,2.81,Moderate,Gen Z
15470,4.2,0.0,6.6,3.1,4.0,3.21,High,Gen Z
15471,3.5,1.6,5.2,4.3,5.4,2.47,Moderate,Gen Z
15472,5.5,1.8,7.8,2.7,3.3,2.76,Low,Gen Z
15473,6.3,2.8,9.9,4.8,4.8,3.01,High,Gen Z
15474,7.4,1.8,9.0,2.5,5.0,4.0,High,Gen Z
15475,6.7,2.3,7.4,2.5,2.4,2.43,Moderate,Gen Z
15476,7.8,1.2,6.7,3.1,3.5,3.06,Moderate,Gen Z
15477,2.8,0.4,8.8,4.2,2.9,2.84,High,Gen Z
15478,4.3,0.5,7.9,5.3,4.6,2.76,High,Gen Z
15479,2.6,3.5,7.6,5.0,7.1,3.12,Low,Gen Z
15480,3.5,0.9,5.9,3.0,5.6,2.91,High,Gen Z
15481,4.6,0.0,5.2,2.7,5.0,3.22,Moderate,Gen Z
15482,4.7,0.0,6.4,4.2,3.4,3.36,High,Gen Z
15483,2.4,1.0,8.4,2.5,5.3,3.08,High,Gen Z
15484,4.2,1.7,7.4,5.4,4.5,3.6,Moderate,Gen Z
15485,2.9,2.3,6.8,2.0,4.3,3.61,Moderate,Gen Z
15486,6.4,1.6,5.6,2.0,5.3,2.51,High,Gen Z
15487,5.9,2.8,7.3,2.4,2.6,3.58,High,Gen Z
15488,4.0,0.0,6.0,0.9,3.3,2.56,Moderate,Gen Z
15489,3.4,1.8,8.0,1.8,5.4,2.72,Moderate,Gen Z
15490,4.6,2.3,6.3,1.8,2.8,3.05,High,Gen Z
15491,7.5,1.5,8.3,5.5,1.3,3.03,High,Gen Z
15492,4.2,2.6,7.8,2.8,4.4,2.93,High,Gen Z
15493,3.3,1.9,7.4,3.9,2.9,3.05,High,Gen Z
15494,3.5,0.5,7.5,3.7,6.6,2.97,High,Gen Z
15495,6.1,0.5,5.8,4.6,2.8,2.37,Moderate,Gen Z
15496,6.0,0.7,7.2,2.2,2.8,2.86,Low,Gen Z
15497,6.4,2.2,6.8,2.5,3.0,2.64,High,Gen Z
15498,3.3,2.5,8.4,2.0,3.0,3.14,Moderate,Gen Z
15499,5.0,1.7,8.4,2.9,4.5,3.09,High,Gen Z
15500,2.8,1.5,7.7,1.8,4.6,3.19,Moderate,Gen Z
15501,4.4,2.5,7.3,4.6,4.5,2.94,High,Gen Z
15502,5.5,3.4,8.4,3.7,5.1,3.44,Moderate,Gen Z
15503,3.9,1.5,6.1,1.9,4.6,3.01,Low,Gen Z
15504,5.5,0.0,7.6,1.7,3.6,3.15,Low,Gen Z
15505,5.2,1.8,5.5,0.7,3.6,2.65,High,Gen Z
15506,5.6,2.0,7.4,2.0,5.9,3.18,Moderate,Gen Z
15507,5.5,1.7,8.0,1.1,3.6,3.24,High,Gen Z
15508,5.7,2.3,8.1,3.6,3.7,3.12,Moderate,Gen Z
15509,4.6,2.2,7.5,2.9,3.1,2.17,Moderate,Gen Z
15510,3.6,2.0,4.0,0.9,2.6,2.84,High,Gen Z
15511,5.6,2.0,7.3,4.1,4.2,3.28,Moderate,Gen Z
15512,2.0,1.8,4.6,4.2,3.8,3.78,High,Gen Z
15513,6.8,1.4,7.8,1.4,3.2,2.96,Moderate,Gen Z
15514,5.6,0.5,8.2,4.6,2.6,3.41,Low,Gen Z
15515,5.3,1.3,8.2,4.5,5.4,3.43,High,Gen Z
15516,6.8,1.6,7.3,3.9,5.6,2.92,Moderate,Gen Z
15517,3.6,0.0,6.5,4.0,4.8,2.83,Moderate,Gen Z
15518,4.9,1.4,7.2,3.4,1.2,3.57,Low,Gen Z
15519,7.2,1.0,6.2,1.2,4.8,2.8,Moderate,Gen Z
15520,4.7,0.3,8.5,3.7,4.5,3.45,Moderate,Gen Z
15521,7.2,1.6,6.7,1.9,4.8,3.56,High,Gen Z
15522,2.9,0.4,5.4,1.6,4.8,2.77,Low,Gen Z
15523,5.3,2.2,6.7,3.1,3.1,2.71,Low,Gen Z
15524,3.5,0.6,8.4,5.0,2.8,2.92,High,Gen Z
15525,4.2,2.2,7.9,4.6,3.7,2.74,High,Gen Z
15526,2.8,2.7,7.5,4.9,3.2,2.34,High,Gen Z
15527,3.9,1.3,7.3,3.4,4.4,2.37,Moderate,Gen Z
15528,5.2,3.1,7.4,5.1,6.2,3.48,Moderate,Gen Z
15529,6.0,3.9,7.6,3.7,3.4,3.04,Moderate,Gen Z
15530,5.6,2.0,7.4,3.3,2.9,3.37,High,Gen Z
15531,6.8,2.2,10.0,3.3,4.9,3.24,High,Gen Z
15532,4.6,0.0,6.7,3.3,3.6,2.53,Moderate,Gen Z
15533,3.5,0.5,7.2,0.9,4.4,3.77,High,Gen Z
15534,4.3,2.3,7.3,3.4,3.7,3.64,High,Gen Z
15535,3.6,1.0,6.3,4.3,5.8,3.33,High,Gen Z
15536,5.1,3.1,6.4,3.6,1.7,2.82,Low,Gen Z
15537,6.0,1.1,8.7,2.5,2.1,3.3,High,Gen Z
15538,4.8,2.1,6.6,3.2,1.8,2.65,Low,Gen Z
15539,4.8,0.1,5.0,4.8,5.3,2.56,Low,Gen Z
15540,5.5,1.4,6.2,4.9,4.5,3.19,High,Gen Z
15541,5.1,0.2,7.7,2.0,2.8,3.34,High,Gen Z
15542,4.7,2.1,6.4,4.2,3.7,3.0,High,Gen Z
15543,3.7,0.1,6.5,2.5,5.3,3.27,High,Gen Z
15544,3.1,3.0,7.0,2.3,0.8,2.95,High,Gen Z
15545,5.1,0.0,8.2,3.8,0.7,3.21,Moderate,Gen Z
15546,5.8,2.1,5.7,2.7,3.7,2.75,Moderate,Gen Z
15547,4.0,1.9,8.2,2.9,8.0,3.27,High,Gen Z
15548,3.9,2.7,6.3,3.2,4.0,2.38,Low,Gen Z
15549,5.5,3.1,6.0,5.5,8.0,2.88,Moderate,Gen Z
15550,2.8,0.9,6.6,4.0,3.1,3.04,High,Gen Z
15551,5.2,1.5,6.0,3.5,4.5,3.3,Moderate,Gen Z
15552,5.3,1.6,8.1,3.5,3.9,2.88,Moderate,Gen Z
15553,7.5,1.6,4.6,5.3,5.0,2.94,Low,Gen Z
15554,4.8,1.1,5.0,4.0,6.0,2.67,Low,Gen Z
15555,2.8,1.3,6.0,2.4,2.5,2.61,High,Gen Z
15556,3.5,3.4,6.9,1.4,0.0,2.9,Low,Gen Z
15557,3.9,1.9,6.2,3.7,2.7,3.45,High,Gen Z
15558,3.4,0.1,7.3,2.2,3.7,3.18,High,Gen Z
15559,5.4,3.1,6.7,3.7,5.6,3.39,Moderate,Gen Z
15560,4.9,3.8,8.3,2.5,3.1,2.43,Moderate,Gen Z
15561,5.9,1.0,7.1,2.4,2.9,2.83,Moderate,Gen Z
15562,4.9,0.0,5.4,2.3,6.7,2.58,High,Gen Z
15563,4.7,0.4,7.2,2.7,3.9,2.82,High,Gen Z
15564,7.5,3.0,6.0,3.7,5.1,3.0,Low,Gen Z
15565,7.7,2.6,6.7,3.5,5.1,2.46,Low,Gen Z
15566,3.3,1.2,7.5,2.9,3.0,2.97,Moderate,Gen Z
15567,3.8,1.9,8.1,2.0,3.5,2.89,Moderate,Gen Z
15568,3.6,0.0,6.7,4.1,3.7,3.27,Moderate,Gen Z
15569,7.0,1.8,6.3,0.0,0.8,3.14,High,Gen Z
15570,3.7,0.7,5.3,4.6,6.5,3.47,Moderate,Gen Z
15571,5.4,0.5,7.7,0.0,3.2,3.05,Moderate,Gen Z
15572,4.3,0.7,7.0,5.1,4.7,2.79,High,Gen Z
15573,4.3,1.0,6.0,3.4,6.7,3.47,Low,Gen Z
15574,7.4,3.0,8.1,2.4,1.6,3.53,Moderate,Gen Z
15575,4.6,0.0,6.9,0.4,2.7,2.86,Moderate,Gen Z
15576,8.9,1.6,7.2,2.1,4.8,3.29,High,Gen Z
15577,4.1,0.0,5.2,5.6,4.1,3.2,Low,Gen Z
15578,5.8,1.0,4.8,4.5,2.2,3.77,Moderate,Gen Z
15579,4.0,2.2,7.9,5.5,5.6,3.23,Moderate,Gen Z
15580,4.1,0.6,8.4,7.3,4.5,3.04,Moderate,Gen Z
15581,6.4,0.3,6.9,4.6,5.9,2.68,Low,Gen Z
15582,9.0,0.8,6.9,3.7,5.6,2.74,High,Gen Z
15583,3.8,1.8,6.7,3.5,4.3,3.79,High,Gen Z
15584,6.0,1.9,7.9,1.2,1.9,2.79,Moderate,Gen Z
15585,4.2,2.1,7.6,3.1,4.7,3.93,High,Gen Z
15586,5.9,2.8,8.7,2.4,6.1,2.9,High,Gen Z
15587,5.6,0.6,5.1,1.7,1.3,3.06,High,Gen Z
15588,3.7,2.5,6.6,3.3,3.5,3.11,High,Gen Z
15589,5.3,2.7,7.9,3.5,1.9,1.67,Low,Gen Z
15590,4.7,1.6,7.2,2.5,2.3,3.36,Moderate,Gen Z
15591,7.1,1.9,4.4,1.9,0.0,2.86,Low,Gen Z
15592,5.2,2.4,6.5,3.0,4.7,2.81,Moderate,Gen Z
15593,6.9,2.1,8.2,3.9,3.8,2.67,Low,Gen Z
15594,6.8,1.2,8.8,3.6,6.3,2.84,High,Gen Z
15595,4.5,1.9,8.4,4.6,3.1,3.25,High,Gen Z
15596,3.2,1.8,6.9,2.3,4.3,3.35,Low,Gen Z
15597,5.9,0.1,6.3,5.3,5.7,2.82,Moderate,Gen Z
15598,5.8,2.3,7.3,3.5,4.4,2.45,Moderate,Gen Z
15599,4.7,2.5,7.9,3.2,7.3,3.18,Moderate,Gen Z
15600,2.6,2.4,7.2,1.0,3.8,2.65,High,Gen Z
15601,3.8,2.2,8.0,3.9,2.8,2.67,Moderate,Gen Z
15602,3.5,1.6,7.6,2.8,5.6,3.01,High,Gen Z
15603,7.4,1.9,6.7,0.4,4.5,2.96,Low,Gen Z
15604,8.0,0.9,6.0,1.5,4.4,3.16,Moderate,Gen Z
15605,7.0,2.0,7.0,3.2,5.4,3.51,Moderate,Gen Z
15606,4.7,1.5,7.5,1.4,1.8,2.93,Moderate,Gen Z
15607,3.8,0.0,7.4,4.0,1.9,2.47,Moderate,Gen Z
15608,6.1,1.2,7.4,1.6,3.8,3.09,Moderate,Gen Z
15609,6.1,0.9,6.1,3.5,4.2,2.63,Low,Gen Z
15610,4.8,2.4,6.2,5.9,2.4,3.03,Moderate,Gen Z
15611,6.1,1.8,7.0,4.3,3.8,3.23,Low,Gen Z
15612,6.0,3.2,4.8,3.8,2.7,3.37,Moderate,Gen Z
15613,5.6,1.2,6.6,3.6,2.0,3.18,Low,Gen Z
15614,4.5,0.0,7.4,4.3,3.8,3.02,Low,Gen Z
15615,4.3,1.5,7.4,3.1,3.3,2.89,Moderate,Gen Z
15616,7.2,0.5,5.9,2.5,3.3,2.88,Moderate,Gen Z
15617,4.0,3.2,8.8,3.5,4.9,3.21,High,Gen Z
15618,4.9,2.7,7.3,4.6,3.7,2.84,Low,Gen Z
15619,5.9,3.2,7.5,1.1,2.7,2.9,Low,Gen Z
15620,7.6,2.1,6.5,4.3,5.1,2.77,High,Gen Z
15621,3.7,2.1,6.8,1.4,0.3,3.69,High,Gen Z
15622,4.2,1.6,6.8,4.3,3.3,3.06,Moderate,Gen Z
15623,2.8,1.4,6.1,0.6,5.8,2.68,High,Gen Z
15624,5.4,1.9,6.2,2.0,6.0,2.95,High,Gen Z
15625,4.4,0.5,7.6,2.7,4.3,2.99,Moderate,Gen Z
15626,4.8,2.7,7.3,1.3,2.7,2.68,High,Gen Z
15627,3.6,1.9,6.7,2.3,5.0,2.54,Moderate,Gen Z
15628,5.4,3.2,6.6,4.7,5.0,3.23,Low,Gen Z
15629,7.1,3.4,7.5,6.8,3.9,2.3,Moderate,Gen Z
15630,4.6,1.1,7.4,2.4,3.6,2.31,Low,Gen Z
15631,4.5,1.4,5.5,2.4,3.8,3.19,High,Gen Z
15632,5.5,1.4,8.3,3.4,3.4,2.55,High,Gen Z
15633,3.7,2.4,7.6,0.9,4.0,3.01,Moderate,Gen Z
15634,4.7,2.0,8.9,1.5,3.3,3.3,High,Gen Z
15635,2.0,3.7,8.4,2.0,3.4,2.97,Moderate,Gen Z
15636,3.2,2.9,7.9,1.0,1.5,3.65,High,Gen Z
15637,1.6,2.0,8.2,2.6,2.8,2.95,High,Gen Z
15638,3.1,3.3,8.3,3.2,4.7,3.24,High,Gen Z
15639,3.8,2.6,6.4,3.9,6.5,2.68,Moderate,Gen Z
15640,5.5,2.6,6.3,5.8,0.4,2.62,Moderate,Gen Z
15641,5.2,1.2,7.9,0.2,5.3,3.33,High,Gen Z
15642,2.9,0.0,8.2,1.4,6.2,3.34,Moderate,Gen Z
15643,4.1,2.9,7.5,5.4,2.8,2.6,High,Gen Z
15644,4.7,2.8,6.4,4.2,3.6,3.42,Moderate,Gen Z
15645,4.7,0.5,7.1,1.2,4.3,2.49,High,Gen Z
15646,7.9,0.4,7.9,4.0,4.8,3.16,High,Gen Z
15647,6.4,1.0,7.5,1.3,1.2,2.9,High,Gen Z
15648,4.3,1.8,7.6,0.7,3.9,3.41,Moderate,Gen Z
15649,3.8,1.3,6.0,4.4,4.0,3.01,High,Gen Z
15650,6.2,4.0,6.5,1.9,3.7,3.27,High,Gen Z
15651,4.3,2.1,6.7,3.8,1.8,3.44,High,Gen Z
15652,5.5,2.4,6.5,3.8,1.2,2.55,Moderate,Gen Z
15653,5.2,1.9,6.5,3.7,3.3,3.42,Moderate,Gen Z
15654,3.3,2.0,6.2,3.6,5.5,2.31,High,Gen Z
15655,6.4,0.5,7.2,3.8,4.8,2.97,High,Gen Z
15656,4.5,3.4,6.6,0.2,4.5,3.19,Low,Gen Z
15657,3.1,1.4,5.5,3.7,4.7,2.86,Low,Gen Z
15658,7.2,2.7,7.3,4.6,4.7,3.08,Low,Gen Z
15659,3.7,1.0,6.4,4.1,1.7,2.39,Low,Gen Z
15660,4.6,0.7,5.9,4.8,4.9,3.08,High,Gen Z
15661,6.0,1.5,6.9,3.2,3.1,2.96,Moderate,Gen Z
15662,5.9,1.9,6.5,2.1,4.5,2.99,High,Gen Z
15663,3.3,1.2,5.1,1.8,2.4,2.66,High,Gen Z
15664,5.1,0.0,6.9,2.3,2.8,2.96,Moderate,Gen Z
15665,3.7,0.7,6.4,3.9,8.0,2.97,Moderate,Gen Z
15666,5.8,1.3,7.4,2.9,5.0,2.94,High,Gen Z
15667,3.7,1.8,6.8,2.5,4.6,2.98,High,Gen Z
15668,6.5,0.0,8.1,3.0,6.6,3.13,Moderate,Gen Z
15669,7.6,0.0,8.7,0.1,1.8,3.77,Moderate,Gen Z
15670,3.9,0.0,5.1,4.7,2.7,2.48,Low,Gen Z
15671,4.4,0.0,6.5,4.4,3.9,3.04,Moderate,Gen Z
15672,5.6,3.6,6.5,2.2,4.8,3.43,Low,Gen Z
15673,4.2,1.7,8.2,1.6,2.5,2.25,Low,Gen Z
15674,5.8,2.7,7.7,1.4,4.3,3.69,Low,Gen Z
15675,4.4,2.4,5.6,3.7,2.6,2.75,Low,Gen Z
15676,4.2,3.4,6.0,2.1,4.7,2.98,Moderate,Gen Z
15677,5.7,0.9,5.5,4.5,4.5,2.61,Low,Gen Z
15678,6.2,2.2,7.1,1.9,4.2,2.03,High,Gen Z
15679,5.6,3.6,6.9,4.5,4.4,2.73,High,Gen Z
15680,3.1,0.4,6.9,3.0,1.8,3.24,Moderate,Gen Z
15681,3.9,3.1,6.8,5.5,3.7,3.38,High,Gen Z
15682,2.3,2.4,5.8,3.0,4.1,3.12,Low,Gen Z
15683,2.7,3.7,6.7,3.6,4.6,2.92,High,Gen Z
15684,4.8,1.1,6.0,3.8,5.8,2.83,Moderate,Gen Z
15685,4.6,3.1,8.2,5.0,2.1,3.24,Low,Gen Z
15686,5.6,1.8,8.2,1.2,5.0,3.04,Low,Gen Z
15687,8.8,1.7,6.9,1.2,4.4,2.63,High,Gen Z
15688,2.3,1.3,9.1,4.6,1.2,3.26,Low,Gen Z
15689,4.6,1.0,4.1,4.4,2.3,3.11,Moderate,Gen Z
15690,5.6,3.0,6.2,4.9,3.3,2.85,Moderate,Gen Z
15691,4.1,2.0,8.2,2.7,1.9,2.86,Low,Gen Z
15692,4.5,2.8,7.4,2.0,4.3,3.02,Moderate,Gen Z
15693,4.7,1.3,8.6,2.9,3.4,2.37,Moderate,Gen Z
15694,4.4,3.6,7.4,3.1,3.5,3.59,Low,Gen Z
15695,3.2,3.0,6.5,3.8,3.3,3.21,High,Gen Z
15696,6.7,0.3,8.0,2.9,4.0,2.44,High,Gen Z
15697,5.2,0.0,8.5,3.0,4.2,2.71,Moderate,Gen Z
15698,5.5,1.9,6.8,4.6,4.3,2.56,Moderate,Gen Z
15699,4.8,0.6,6.4,0.9,2.3,2.99,Moderate,Gen Z
15700,4.4,2.1,7.4,4.7,4.6,2.59,High,Gen Z
15701,3.8,1.8,7.9,3.6,3.1,2.86,High,Gen Z
15702,5.4,2.6,7.6,1.0,3.7,3.33,Moderate,Gen Z
15703,6.3,2.1,9.2,4.8,3.0,3.67,Low,Gen Z
15704,2.8,1.9,5.1,3.5,5.5,2.5,Moderate,Gen Z
15705,2.9,2.5,7.4,0.5,4.7,2.73,Moderate,Gen Z
15706,3.9,2.4,6.9,3.8,4.3,2.3,High,Gen Z
15707,5.6,1.5,7.2,2.0,2.0,2.32,Moderate,Gen Z
15708,5.5,0.5,6.0,2.7,2.3,2.57,Moderate,Gen Z
15709,1.9,1.1,4.3,1.6,3.3,2.66,High,Gen Z
15710,6.7,2.2,7.2,3.0,5.5,3.42,High,Gen Z
15711,3.2,2.4,5.6,2.6,4.4,2.94,Low,Gen Z
15712,4.7,3.8,7.4,2.5,4.0,3.21,High,Gen Z
15713,5.1,2.9,6.4,2.7,3.9,3.05,High,Gen Z
15714,5.5,1.9,5.9,3.6,6.8,3.23,Moderate,Gen Z
15715,6.2,3.0,5.9,3.3,3.8,2.56,Moderate,Gen Z
15716,6.0,1.3,7.9,0.6,3.7,3.68,Moderate,Gen Z
15717,8.7,2.4,7.2,4.1,2.3,3.04,Low,Gen Z
15718,6.4,3.0,6.9,2.4,4.1,2.72,Low,Gen Z
15719,2.5,0.1,6.7,1.5,4.6,3.0,Moderate,Gen Z
15720,5.8,1.6,6.4,2.2,2.5,2.47,Low,Gen Z
15721,5.4,1.9,7.2,1.1,2.8,3.28,Moderate,Gen Z
15722,6.0,1.0,7.8,2.0,3.4,3.55,High,Gen Z
15723,5.7,0.4,7.6,3.4,4.4,2.56,Moderate,Gen Z
15724,6.7,2.3,7.9,0.8,4.1,3.38,High,Gen Z
15725,2.1,0.1,4.6,3.9,1.8,3.24,Low,Gen Z
15726,8.2,2.4,7.8,2.3,3.3,3.31,High,Gen Z
15727,6.3,1.3,5.5,3.7,4.7,3.0,High,Gen Z
15728,7.6,0.0,6.6,5.4,3.4,3.0,Moderate,Gen Z
15729,3.7,0.1,6.7,1.8,4.6,2.92,Low,Gen Z
15730,6.4,1.8,6.3,4.7,4.6,2.43,Moderate,Gen Z
15731,5.2,2.4,6.9,4.0,3.4,2.79,High,Gen Z
15732,3.9,2.7,5.9,4.0,4.5,2.66,High,Gen Z
15733,7.6,0.0,7.0,2.1,6.9,3.37,High,Gen Z
15734,4.7,2.2,6.5,4.6,6.1,2.84,Low,Gen Z
15735,4.5,0.8,6.5,4.1,2.7,3.96,Moderate,Gen Z
15736,6.9,3.6,5.5,0.4,3.9,3.16,Moderate,Gen Z
15737,5.1,2.1,7.0,2.8,3.8,2.38,High,Gen Z
15738,8.1,2.7,5.8,0.0,5.8,2.53,High,Gen Z
15739,6.8,0.0,6.8,3.7,0.0,3.57,Low,Gen Z
15740,4.3,1.2,7.2,3.5,6.5,2.91,High,Gen Z
15741,3.8,2.4,6.4,1.7,2.9,2.34,Low,Gen Z
15742,4.1,2.5,7.5,4.7,6.4,3.04,High,Gen Z
15743,6.5,1.4,7.3,1.6,5.7,3.45,High,Gen Z
15744,7.2,3.6,6.6,4.6,3.3,3.12,Moderate,Gen Z
15745,3.3,0.0,7.1,2.8,3.3,3.29,Low,Gen Z
15746,3.9,2.8,7.9,3.4,5.1,3.37,Moderate,Gen Z
15747,4.6,1.7,8.7,3.0,4.4,2.35,High,Gen Z
15748,2.8,3.6,6.1,3.4,5.8,2.84,Moderate,Gen Z
15749,4.7,0.4,8.3,2.7,4.2,3.33,Moderate,Gen Z
15750,6.3,2.1,7.9,3.6,3.7,2.99,Low,Gen Z
15751,3.4,0.0,6.6,3.9,2.6,3.4,Low,Gen Z
15752,4.1,1.7,6.0,4.3,5.3,3.01,Moderate,Gen Z
15753,3.6,1.7,5.8,3.4,3.5,2.85,Moderate,Gen Z
15754,5.7,1.9,7.2,3.1,3.4,2.79,Low,Gen Z
15755,5.9,0.8,6.0,2.6,4.8,3.29,Moderate,Gen Z
15756,5.7,2.4,5.7,3.6,2.5,2.87,Moderate,Gen Z
15757,5.1,0.0,7.6,4.6,3.0,3.18,Moderate,Gen Z
15758,2.3,0.0,6.5,2.8,3.6,2.99,Moderate,Gen Z
15759,3.2,1.5,6.8,0.7,4.8,3.04,Moderate,Gen Z
15760,3.8,0.7,7.4,3.1,3.7,2.65,High,Gen Z
15761,4.9,2.9,6.6,4.6,2.1,3.0,Moderate,Gen Z
15762,3.7,1.9,7.6,4.1,1.8,3.13,Moderate,Gen Z
15763,7.3,1.3,7.5,3.6,4.6,3.0,Low,Gen Z
15764,3.7,2.0,8.3,2.5,3.7,3.0,Moderate,Gen Z
15765,4.1,0.0,5.9,1.6,1.4,2.88,High,Gen Z
15766,5.0,0.5,6.5,4.7,3.8,2.61,High,Gen Z
15767,3.4,2.7,7.0,2.6,5.5,2.92,Moderate,Gen Z
15768,4.0,1.5,5.0,2.8,6.3,3.19,Moderate,Gen Z
15769,4.4,2.2,8.1,2.8,3.7,2.77,Moderate,Gen Z
15770,4.8,0.0,7.6,2.7,0.1,3.2,Low,Gen Z
15771,7.0,0.6,6.8,0.6,6.5,3.22,High,Gen Z
15772,4.2,0.6,7.5,3.3,4.6,2.46,High,Gen Z
15773,4.3,4.0,7.1,4.6,3.7,3.2,Moderate,Gen Z
15774,6.0,0.3,7.5,4.2,6.1,2.92,Moderate,Gen Z
15775,5.4,0.3,7.0,3.5,4.0,2.55,High,Gen Z
15776,3.1,1.6,7.6,1.7,2.4,3.31,Moderate,Gen Z
15777,7.2,2.6,7.4,2.8,4.8,2.88,Moderate,Gen Z
15778,3.8,1.0,6.2,2.6,2.9,3.18,Moderate,Gen Z
15779,4.3,1.0,4.7,0.1,2.6,2.74,High,Gen Z
15780,6.3,2.5,8.5,3.3,6.0,2.58,Moderate,Gen Z
15781,2.8,1.4,7.3,2.9,3.9,2.83,High,Gen Z
15782,6.8,1.8,7.3,2.0,6.4,3.07,Low,Gen Z
15783,6.9,2.0,7.0,1.8,3.8,2.73,High,Gen Z
15784,6.5,1.3,7.9,3.1,2.8,3.32,Low,Gen Z
15785,3.9,1.2,7.7,2.9,2.5,2.27,High,Gen Z
15786,4.9,3.4,7.0,3.1,3.5,2.55,High,Gen Z
15787,6.1,2.1,7.4,3.5,1.7,2.96,Moderate,Gen Z
15788,6.2,1.0,6.3,2.7,4.9,3.4,High,Gen Z
15789,4.1,3.3,6.6,1.3,4.8,3.09,High,Gen Z
15790,4.7,1.6,7.7,2.4,3.2,3.12,Moderate,Gen Z
15791,3.9,0.3,7.7,0.6,4.4,2.77,Moderate,Gen Z
15792,5.2,2.3,7.9,3.4,3.3,3.14,Moderate,Gen Z
15793,2.9,2.9,6.0,4.7,3.5,2.91,Low,Gen Z
15794,6.4,0.9,8.0,4.3,3.5,2.87,High,Gen Z
15795,3.8,2.7,7.6,1.6,3.0,3.19,Moderate,Gen Z
15796,5.1,1.7,7.9,1.4,6.1,2.28,High,Gen Z
15797,3.3,2.0,7.6,2.5,6.8,2.78,High,Gen Z
15798,7.0,2.2,8.6,2.3,4.4,3.28,Moderate,Gen Z
15799,6.5,0.5,6.6,2.6,2.8,2.87,Low,Gen Z
15800,3.5,0.4,6.1,2.4,6.3,3.38,Low,Gen Z
15801,3.2,3.1,7.5,3.9,4.6,2.68,Moderate,Gen Z
15802,4.4,2.3,6.5,3.9,3.8,3.21,Moderate,Gen Z
15803,4.5,2.0,7.2,0.2,3.3,3.24,Moderate,Gen Z
15804,4.7,0.8,4.5,0.0,3.5,3.48,Moderate,Gen Z
15805,6.7,3.7,7.3,2.6,3.0,3.11,High,Gen Z
15806,3.9,2.0,5.4,0.0,1.3,2.84,Moderate,Gen Z
15807,4.7,2.6,5.2,0.3,3.1,2.91,High,Gen Z
15808,4.6,0.9,7.1,1.9,4.2,2.89,Moderate,Gen Z
15809,5.5,2.0,7.6,3.1,6.3,3.24,High,Gen Z
15810,5.2,0.6,4.7,2.1,6.7,2.86,High,Gen Z
15811,5.2,0.1,7.2,4.2,2.9,2.67,Moderate,Gen Z
15812,5.3,3.0,7.1,5.2,5.6,2.47,High,Gen Z
15813,4.3,2.8,7.0,4.7,5.4,2.85,High,Gen Z
15814,3.6,0.3,6.6,4.5,3.7,3.04,High,Gen Z
15815,5.8,3.0,7.8,7.2,4.3,2.72,Moderate,Gen Z
15816,5.5,2.6,5.8,5.3,1.9,2.47,High,Gen Z
15817,6.7,3.4,5.5,2.1,3.6,3.24,High,Gen Z
15818,4.4,1.4,7.5,0.9,3.8,2.81,High,Gen Z
15819,6.8,1.4,6.3,3.2,3.4,3.14,Moderate,Gen Z
15820,4.5,1.5,5.3,3.2,4.7,3.09,High,Gen Z
15821,5.1,0.7,9.5,3.7,5.0,3.53,High,Gen Z
15822,4.2,2.6,8.1,2.9,1.6,2.78,Moderate,Gen Z
15823,5.0,1.5,8.5,2.6,0.4,3.21,High,Gen Z
15824,4.4,0.4,6.8,3.7,3.1,2.75,Moderate,Gen Z
15825,4.8,4.3,7.5,0.8,2.5,2.62,High,Gen Z
15826,4.6,1.7,6.6,1.4,4.6,2.78,Moderate,Gen Z
15827,7.4,0.0,6.5,3.5,3.9,2.99,Low,Gen Z
15828,3.1,0.2,6.7,2.7,3.6,2.62,High,Gen Z
15829,5.6,1.7,7.6,3.7,5.8,2.67,Moderate,Gen Z
15830,4.9,2.6,8.2,2.2,4.8,2.78,Moderate,Gen Z
15831,7.2,2.8,8.4,1.2,4.4,3.22,High,Gen Z
15832,7.4,2.0,8.4,3.3,4.0,3.25,High,Gen Z
15833,6.7,1.8,6.2,3.3,3.4,3.52,Moderate,Gen Z
15834,5.2,4.0,6.3,3.4,5.8,2.77,Low,Gen Z
15835,3.7,2.4,7.4,1.0,4.3,3.09,Moderate,Gen Z
15836,3.2,1.0,6.4,3.2,5.8,2.98,High,Gen Z
15837,5.8,1.6,6.6,1.7,3.3,3.27,Low,Gen Z
15838,4.4,0.5,5.6,4.3,3.1,2.33,Moderate,Gen Z
15839,5.8,1.0,6.3,3.2,3.7,2.84,High,Gen Z
15840,5.6,1.5,6.5,0.8,5.4,2.82,Low,Gen Z
15841,5.5,0.0,6.0,3.1,2.9,3.31,Low,Gen Z
15842,6.4,2.3,8.0,2.9,2.7,2.96,High,Gen Z
15843,2.8,3.6,8.6,5.4,2.8,2.06,Low,Gen Z
15844,4.3,2.4,6.8,4.1,5.5,3.31,Moderate,Gen Z
15845,5.9,2.1,8.5,1.8,2.6,3.15,High,Gen Z
15846,1.6,0.0,7.2,3.5,4.3,2.94,Moderate,Gen Z
15847,3.8,2.6,6.5,3.5,3.1,2.99,High,Gen Z
15848,4.3,1.1,8.1,5.9,4.6,3.71,Moderate,Gen Z
15849,5.1,2.7,8.3,3.6,3.9,3.08,Low,Gen Z
15850,4.0,2.6,6.4,3.9,2.5,2.7,High,Gen Z
15851,6.4,4.5,7.7,4.0,4.5,3.11,Moderate,Gen Z
15852,7.1,1.3,7.1,4.3,4.6,2.7,Moderate,Gen Z
15853,3.3,1.3,6.4,5.3,5.4,3.36,Moderate,Gen Z
15854,4.3,0.9,5.4,1.7,5.0,2.65,Low,Gen Z
15855,5.9,0.8,4.5,5.8,4.6,2.87,Low,Gen Z
15856,3.4,0.6,7.3,0.3,5.9,3.04,Moderate,Gen Z
15857,5.7,0.0,6.2,3.8,1.8,3.56,Low,Gen Z
15858,8.0,2.0,4.6,0.1,5.8,2.97,Low,Gen Z
15859,4.1,2.7,5.8,4.8,6.3,3.11,High,Gen Z
15860,3.1,1.4,8.7,3.5,2.6,2.33,Low,Gen Z
15861,3.2,1.4,6.8,2.8,1.8,3.07,Low,Gen Z
15862,4.4,2.2,7.0,2.6,3.2,3.59,High,Gen Z
15863,5.1,0.0,7.0,2.9,5.3,3.27,High,Gen Z
15864,5.1,0.5,8.4,3.5,3.9,2.98,Moderate,Gen Z
15865,5.4,1.7,8.5,5.0,2.7,3.24,Moderate,Gen Z
15866,2.2,1.0,6.8,2.0,3.9,3.12,High,Gen Z
15867,5.7,0.8,7.3,4.2,5.0,3.26,Low,Gen Z
15868,3.5,0.7,7.5,5.1,4.3,3.2,High,Gen Z
15869,5.8,2.0,9.1,4.8,2.8,3.1,Low,Gen Z
15870,5.3,0.3,7.7,5.1,5.1,2.95,Low,Gen Z
15871,4.4,0.3,7.4,3.1,3.7,2.87,High,Gen Z
15872,6.7,1.2,8.1,1.4,2.0,2.48,Moderate,Gen Z
15873,5.7,2.2,6.3,5.0,4.2,3.14,Moderate,Gen Z
15874,4.2,3.0,8.3,3.0,4.2,2.94,Low,Gen Z
15875,2.9,1.4,6.9,2.5,2.6,3.01,High,Gen Z
15876,5.9,2.1,7.9,3.5,2.4,3.22,High,Gen Z
15877,5.1,1.3,5.8,4.8,2.2,3.53,High,Gen Z
15878,7.7,1.0,6.7,1.9,0.8,3.35,High,Gen Z
15879,4.8,1.5,7.2,4.7,5.1,3.01,Moderate,Gen Z
15880,7.4,1.2,7.4,3.8,6.5,3.11,High,Gen Z
15881,4.3,1.9,8.7,1.2,4.8,2.76,High,Gen Z
15882,2.8,0.0,5.7,2.9,3.3,2.93,High,Gen Z
15883,5.0,3.1,4.6,3.2,3.1,3.51,Low,Gen Z
15884,5.4,0.1,6.7,4.1,2.6,3.21,High,Gen Z
15885,4.6,1.2,6.9,3.0,4.2,3.33,Moderate,Gen Z
15886,6.5,2.2,7.1,2.3,4.8,2.35,High,Gen Z
15887,2.0,2.9,7.0,0.0,0.5,3.18,High,Gen Z
15888,5.6,1.7,6.0,5.5,1.5,2.8,High,Gen Z
15889,6.5,2.5,7.6,2.8,2.9,2.91,Moderate,Gen Z
15890,7.7,2.6,7.1,3.7,3.4,3.52,Moderate,Gen Z
15891,3.9,2.0,6.2,2.9,3.7,3.05,High,Gen Z
15892,4.7,2.6,7.6,3.6,3.5,2.85,High,Gen Z
15893,6.0,1.0,7.0,2.1,3.8,2.67,High,Gen Z
15894,4.2,0.0,8.9,3.5,5.3,3.12,High,Gen Z
15895,6.7,1.2,8.4,1.3,4.9,3.03,Moderate,Gen Z
15896,2.3,1.7,6.2,3.5,3.1,2.67,High,Gen Z
15897,3.7,0.5,6.5,1.7,6.9,3.23,Moderate,Gen Z
15898,3.2,1.6,7.3,2.9,5.4,3.04,Low,Gen Z
15899,5.3,3.1,5.4,0.2,6.3,2.7,Moderate,Gen Z
15900,5.0,0.7,7.0,5.2,6.0,3.25,Moderate,Gen Z
15901,4.9,1.2,7.2,2.3,4.1,3.04,High,Gen Z
15902,5.1,1.3,7.7,0.3,5.3,3.57,Moderate,Gen Z
15903,3.3,2.0,7.1,2.6,7.1,3.2,Low,Gen Z
15904,5.1,1.0,7.1,5.5,4.5,2.73,Low,Gen Z
15905,6.2,1.4,8.3,3.1,2.7,2.7,High,Gen Z
15906,3.5,0.3,8.1,5.3,5.9,3.1,Low,Gen Z
15907,3.3,2.2,7.5,0.0,3.2,3.27,High,Gen Z
15908,7.5,1.2,5.9,2.7,1.9,2.46,Low,Gen Z
15909,5.4,1.4,7.2,3.3,3.6,2.9,Moderate,Gen Z
15910,1.0,1.6,8.3,5.9,2.9,3.09,High,Gen Z
15911,7.1,1.6,6.5,2.4,5.9,2.77,Moderate,Gen Z
15912,4.0,0.0,7.5,2.0,3.8,2.72,Low,Gen Z
15913,6.3,2.0,7.2,3.6,2.6,2.39,Moderate,Gen Z
15914,5.9,1.2,6.7,2.9,3.8,3.3,Moderate,Gen Z
15915,3.1,0.8,5.4,2.0,6.1,2.68,Moderate,Gen Z
15916,4.7,1.9,8.0,4.8,3.6,2.93,Low,Gen Z
15917,3.4,1.2,6.5,2.1,8.0,3.06,High,Gen Z
15918,7.4,2.1,7.8,2.6,5.5,2.94,High,Gen Z
15919,4.5,1.8,8.2,3.4,6.4,3.28,Moderate,Gen Z
15920,4.3,2.0,7.2,3.2,4.6,3.27,High,Gen Z
15921,3.1,2.0,5.5,2.0,4.0,2.91,High,Gen Z
15922,4.2,0.4,8.4,5.9,2.3,3.07,High,Gen Z
15923,6.1,1.1,5.9,4.7,2.4,3.01,Moderate,Gen Z
15924,3.5,3.1,5.6,3.5,4.3,2.89,Low,Gen Z
15925,5.2,1.4,7.5,1.4,1.8,2.79,High,Gen Z
15926,6.9,0.9,9.1,2.2,2.5,3.11,High,Gen Z
15927,6.2,0.0,6.1,2.6,2.1,2.64,High,Gen Z
15928,1.1,4.1,7.1,3.1,5.0,3.04,Low,Gen Z
15929,6.8,1.7,7.9,4.5,3.3,3.21,Low,Gen Z
15930,3.7,1.4,6.3,4.2,1.2,2.15,High,Gen Z
15931,5.8,1.4,5.8,3.7,3.1,2.74,High,Gen Z
15932,6.8,0.6,8.0,2.8,3.4,2.65,Moderate,Gen Z
15933,1.9,0.0,6.1,2.8,4.4,2.98,Low,Gen Z
15934,5.7,0.0,8.4,1.6,5.4,3.2,Low,Gen Z
15935,6.2,0.8,8.3,6.4,1.7,2.99,Low,Gen Z
15936,4.5,0.6,5.8,1.4,4.4,2.81,High,Gen Z
15937,6.2,1.5,7.3,2.0,2.4,3.02,Moderate,Gen Z
15938,4.6,0.6,6.5,2.8,3.2,2.89,High,Gen Z
15939,3.2,1.2,6.2,1.8,2.6,3.21,Moderate,Gen Z
15940,5.8,0.1,7.8,5.5,2.6,2.66,High,Gen Z
15941,3.5,1.3,5.6,1.8,2.2,1.95,Low,Gen Z
15942,5.9,2.8,7.1,1.8,6.3,2.9,Moderate,Gen Z
15943,4.2,0.7,6.1,3.5,3.9,3.25,Moderate,Gen Z
15944,5.8,1.7,8.4,2.8,2.3,3.47,Moderate,Gen Z
15945,2.9,3.0,7.1,2.2,5.3,2.93,Moderate,Gen Z
15946,5.5,1.3,7.4,2.5,5.0,3.31,Moderate,Gen Z
15947,5.0,2.9,7.1,1.7,2.6,3.18,High,Gen Z
15948,6.5,1.0,8.1,1.3,4.2,2.74,Moderate,Gen Z
15949,5.2,3.4,6.9,3.6,5.0,3.42,Moderate,Gen Z
15950,5.6,2.0,7.4,2.6,3.5,3.08,Moderate,Gen Z
15951,6.5,1.6,7.7,5.7,1.5,3.3,Low,Gen Z
15952,6.1,3.6,5.6,2.3,5.3,3.45,Moderate,Gen Z
15953,9.3,1.3,6.3,4.9,6.2,2.64,Moderate,Gen Z
15954,3.3,0.0,8.3,1.2,2.3,2.72,Moderate,Gen Z
15955,3.9,2.2,6.8,1.5,3.3,3.13,Moderate,Gen Z
15956,5.4,1.5,5.9,0.0,2.8,3.56,Low,Gen Z
15957,6.1,1.9,6.5,3.7,2.8,3.35,Moderate,Gen Z
15958,4.8,1.2,6.3,2.9,5.5,3.38,High,Gen Z
15959,3.8,2.3,7.8,3.6,7.3,3.01,Moderate,Gen Z
15960,5.4,0.3,6.9,3.2,3.8,3.21,High,Gen Z
15961,5.1,0.0,7.6,4.6,4.4,2.74,High,Gen Z
15962,5.4,0.0,7.0,3.7,1.1,3.04,High,Gen Z
15963,7.4,2.5,7.0,2.9,3.5,3.98,Low,Gen Z
15964,4.4,3.2,5.4,2.2,4.0,2.88,Low,Gen Z
15965,3.3,2.6,6.6,2.8,4.6,2.26,High,Gen Z
15966,4.5,1.9,6.6,4.2,4.9,3.48,High,Gen Z
15967,4.3,1.4,4.0,5.4,1.7,2.84,High,Gen Z
15968,5.6,1.2,7.0,1.7,2.3,2.95,High,Gen Z
15969,6.7,0.8,6.8,2.0,3.1,3.0,High,Gen Z
15970,4.2,3.1,6.1,3.6,4.2,2.62,High,Gen Z
15971,5.6,1.1,7.8,2.7,6.0,2.87,Moderate,Gen Z
15972,4.9,1.7,6.8,1.0,6.2,2.72,Low,Gen Z
15973,6.0,0.0,6.3,1.2,2.7,2.58,Low,Gen Z
15974,3.2,0.5,8.0,2.6,4.4,3.2,Moderate,Gen Z
15975,6.6,0.9,7.2,1.1,4.9,2.67,High,Gen Z
15976,5.6,0.4,8.1,2.5,3.9,2.43,Moderate,Gen Z
15977,6.0,0.8,7.0,1.5,2.1,3.79,Low,Gen Z
15978,3.5,0.9,7.7,4.1,4.7,3.0,Moderate,Gen Z
15979,1.0,2.1,6.9,2.0,4.3,3.15,High,Gen Z
15980,3.1,3.3,6.7,1.6,3.0,2.71,High,Gen Z
15981,4.7,1.6,7.1,4.2,5.2,3.25,Moderate,Gen Z
15982,5.2,1.9,7.4,0.3,1.6,3.51,High,Gen Z
15983,3.8,0.4,7.0,3.2,2.3,2.59,Low,Gen Z
15984,7.5,2.7,7.0,0.8,5.2,2.77,Low,Gen Z
15985,3.5,0.2,7.9,3.6,2.5,2.9,Low,Gen Z
15986,5.0,1.3,7.6,3.9,2.6,3.63,High,Gen Z
15987,4.8,1.6,7.6,4.9,3.9,3.33,Low,Gen Z
15988,2.9,1.1,6.4,3.3,4.2,3.03,Moderate,Gen Z
15989,4.3,2.3,7.9,5.1,5.7,3.5,Low,Gen Z
15990,5.1,1.7,7.0,2.5,1.4,3.21,Moderate,Gen Z
15991,6.3,3.1,7.2,3.2,5.0,2.85,Low,Gen Z
15992,4.1,2.4,6.0,0.1,6.0,3.07,Low,Gen Z
15993,6.1,4.5,8.0,0.0,3.6,3.33,High,Gen Z
15994,4.7,1.1,6.9,2.3,4.6,3.02,Moderate,Gen Z
15995,5.6,0.7,8.4,2.6,2.3,2.77,High,Gen Z
15996,7.7,3.0,5.4,3.4,4.5,2.96,High,Gen Z
15997,3.4,1.7,6.2,4.0,5.5,2.95,Moderate,Gen Z
15998,6.6,2.3,7.3,4.2,3.3,2.84,Low,Gen Z
15999,4.1,2.1,8.4,5.2,3.3,2.69,Low,Gen Z
16000,5.6,1.3,6.1,1.7,8.0,2.34,Moderate,Gen Z
16001,6.4,2.9,5.9,1.5,4.3,2.85,Low,Gen Z
16002,3.2,2.2,5.6,3.4,4.1,2.38,Moderate,Gen Z
16003,6.7,3.2,6.2,1.6,3.0,3.68,Moderate,Gen Z
16004,5.5,0.0,6.6,2.8,3.1,3.15,High,Gen Z
16005,2.6,0.5,7.1,4.3,0.7,3.51,High,Gen Z
16006,3.2,1.2,7.7,2.4,5.2,2.71,Moderate,Gen Z
16007,6.5,2.7,6.5,4.6,3.5,2.77,High,Gen Z
16008,7.8,2.4,6.3,4.7,4.3,2.49,High,Gen Z
16009,4.6,0.0,7.5,4.2,5.3,2.76,Moderate,Gen Z
16010,5.1,2.1,6.3,1.7,2.5,2.98,Moderate,Gen Z
16011,5.7,1.2,5.5,3.2,3.5,2.74,High,Gen Z
16012,5.7,0.9,7.7,1.3,5.0,3.0,Moderate,Gen Z
16013,5.7,1.6,7.8,1.6,4.7,3.03,Low,Gen Z
16014,4.7,1.0,8.2,1.1,3.6,3.45,High,Gen Z
16015,3.8,1.9,5.6,0.8,3.5,3.27,High,Gen Z
16016,6.0,1.9,6.0,2.0,2.9,2.97,High,Gen Z
16017,6.1,2.2,7.1,3.6,2.4,2.4,Moderate,Gen Z
16018,6.1,1.3,6.8,5.9,3.8,3.02,Moderate,Gen Z
16019,6.3,2.6,7.6,4.1,3.2,3.04,Moderate,Gen Z
16020,2.8,1.8,7.1,1.9,4.1,2.94,High,Gen Z
16021,4.4,3.0,5.4,3.9,3.8,3.28,Moderate,Gen Z
16022,6.3,2.9,7.7,0.8,2.6,3.95,Low,Gen Z
16023,6.8,2.1,6.5,3.3,2.9,2.89,High,Gen Z
16024,6.4,2.4,8.2,2.7,7.8,3.27,Moderate,Gen Z
16025,5.1,0.7,7.6,1.4,2.9,2.5,High,Gen Z
16026,4.9,0.8,8.5,4.2,3.5,2.99,High,Gen Z
16027,4.9,0.6,7.0,2.4,3.2,3.18,High,Gen Z
16028,3.7,1.5,7.6,3.0,6.9,3.21,Low,Gen Z
16029,4.4,1.3,7.1,2.6,1.8,3.42,Moderate,Gen Z
16030,2.6,0.3,8.0,4.6,3.7,2.75,High,Gen Z
16031,5.9,1.4,7.1,7.9,4.5,2.49,High,Gen Z
16032,7.5,1.4,7.2,4.1,1.7,3.13,Moderate,Gen Z
16033,5.4,2.8,6.2,4.4,5.3,3.36,Moderate,Gen Z
16034,5.9,1.1,6.2,2.8,3.6,2.99,Moderate,Gen Z
16035,4.5,2.3,9.1,1.0,4.0,2.75,High,Gen Z
16036,3.1,2.6,6.3,2.3,4.6,3.54,Moderate,Gen Z
16037,5.3,0.0,7.5,2.5,2.8,2.06,Moderate,Gen Z
16038,1.9,1.4,6.8,3.1,0.0,2.52,Low,Gen Z
16039,2.8,0.0,6.3,3.5,4.1,3.04,Moderate,Gen Z
16040,5.8,1.2,7.8,1.1,2.3,2.77,Low,Gen Z
16041,4.0,1.2,7.7,2.6,4.4,3.04,Moderate,Gen Z
16042,3.6,0.4,7.2,4.6,1.9,3.0,High,Gen Z
16043,3.9,3.7,5.5,1.8,8.0,3.04,Moderate,Gen Z
16044,7.6,3.0,6.9,1.7,1.9,3.24,Moderate,Gen Z
16045,4.9,1.6,6.1,3.4,7.2,2.61,Low,Gen Z
16046,3.9,2.8,6.1,2.3,5.0,2.84,Moderate,Gen Z
16047,5.6,1.5,6.7,4.2,2.9,2.73,High,Gen Z
16048,4.4,0.7,6.6,0.0,4.1,3.02,High,Gen Z
16049,4.3,2.0,8.4,2.9,5.4,3.05,Low,Gen Z
16050,2.1,4.5,5.6,4.7,3.3,3.26,Moderate,Gen Z
16051,2.9,3.8,7.0,6.2,3.1,2.09,High,Gen Z
16052,4.4,0.4,4.7,3.1,5.3,2.97,High,Gen Z
16053,6.1,1.0,7.8,4.4,2.0,2.23,Moderate,Gen Z
16054,6.0,1.9,6.5,4.5,4.3,3.49,Moderate,Gen Z
16055,4.6,1.1,7.8,3.6,3.9,3.61,High,Gen Z
16056,5.5,1.1,7.7,1.6,1.6,2.16,High,Gen Z
16057,6.6,3.5,7.1,2.0,4.2,3.23,High,Gen Z
16058,6.2,0.4,8.0,1.4,3.1,2.55,Moderate,Gen Z
16059,6.0,0.2,7.4,4.1,4.1,2.87,Moderate,Gen Z
16060,3.1,3.8,6.6,0.8,3.8,2.79,Moderate,Gen Z
16061,4.8,1.5,6.9,2.5,2.4,3.18,High,Gen Z
16062,5.4,3.1,6.7,3.3,2.7,2.62,High,Gen Z
16063,5.7,0.9,5.0,3.0,4.5,2.87,High,Gen Z
16064,3.7,1.6,4.9,1.7,3.7,3.36,High,Gen Z
16065,4.5,2.6,7.1,3.1,1.6,3.16,Moderate,Gen Z
16066,5.7,2.4,7.5,4.3,3.3,2.97,Moderate,Gen Z
16067,3.9,0.1,5.9,2.1,5.9,2.81,High,Gen Z
16068,6.0,1.3,7.1,3.9,2.5,2.95,High,Gen Z
16069,4.1,2.3,6.1,3.5,5.9,2.67,Low,Gen Z
16070,6.9,1.7,6.5,2.8,3.6,2.94,Low,Gen Z
16071,3.9,0.9,7.5,1.7,5.7,2.37,Moderate,Gen Z
16072,5.4,0.0,4.6,3.6,3.1,3.08,Moderate,Gen Z
16073,6.9,0.4,5.2,4.0,6.1,4.0,High,Gen Z
16074,4.4,3.2,8.0,1.1,4.9,3.21,High,Gen Z
16075,5.7,1.7,7.5,1.8,4.8,2.57,Moderate,Gen Z
16076,3.1,0.5,6.2,4.3,5.5,3.08,High,Gen Z
16077,4.9,0.8,7.2,1.7,3.4,3.23,Moderate,Gen Z
16078,5.2,1.5,8.8,4.5,3.7,2.88,Moderate,Gen Z
16079,5.5,0.4,7.1,0.0,4.6,2.88,High,Gen Z
16080,6.9,1.6,7.5,3.8,4.8,3.13,Low,Gen Z
16081,6.2,2.6,6.2,3.0,4.2,3.51,Moderate,Gen Z
16082,7.0,0.0,7.3,0.3,5.4,2.89,Low,Gen Z
16083,5.6,1.5,7.7,1.7,4.3,2.86,Moderate,Gen Z
16084,3.6,1.9,7.0,1.4,4.8,2.79,High,Gen Z
16085,4.4,1.8,6.3,0.0,3.6,2.9,Low,Gen Z
16086,4.5,1.0,8.2,2.7,3.5,2.93,High,Gen Z
16087,3.5,2.4,6.7,3.8,1.9,2.96,Moderate,Gen Z
16088,5.9,2.2,7.1,3.7,4.2,3.69,High,Gen Z
16089,3.9,2.5,7.5,4.4,3.7,2.57,Moderate,Gen Z
16090,4.9,2.7,5.6,1.0,0.1,2.85,Moderate,Gen Z
16091,6.3,0.3,6.7,1.7,1.6,3.12,Moderate,Gen Z
16092,4.1,0.0,6.4,5.4,4.6,3.39,High,Gen Z
16093,5.3,0.3,8.6,0.0,3.3,3.36,High,Gen Z
16094,7.1,1.5,8.2,0.4,4.8,3.36,High,Gen Z
16095,4.9,3.4,7.7,3.1,4.9,3.47,High,Gen Z
16096,6.4,0.6,5.9,5.7,7.2,3.31,High,Gen Z
16097,1.7,2.5,8.2,4.5,4.9,2.79,High,Gen Z
16098,5.1,0.0,7.5,1.8,4.4,3.76,Low,Gen Z
16099,3.6,1.9,6.3,3.6,2.5,3.56,High,Gen Z
16100,5.2,0.4,7.1,2.9,6.1,3.39,Low,Gen Z
16101,4.0,3.5,8.5,0.3,4.3,3.36,Low,Gen Z
16102,5.9,0.3,7.6,3.3,4.4,2.97,Moderate,Gen Z
16103,6.2,4.2,5.7,4.2,5.0,2.98,Moderate,Gen Z
16104,6.4,1.0,8.6,3.7,2.8,2.93,Moderate,Gen Z
16105,5.7,2.5,6.1,3.4,0.8,3.15,Low,Gen Z
16106,3.5,2.4,8.1,0.0,3.0,3.02,High,Gen Z
16107,4.4,3.4,6.9,4.0,3.1,3.23,High,Gen Z
16108,6.0,1.6,5.9,2.0,3.4,3.0,Low,Gen Z
16109,9.0,2.3,8.2,4.1,4.6,2.95,Moderate,Gen Z
16110,2.6,3.2,8.1,4.1,3.3,2.57,Moderate,Gen Z
16111,4.3,2.6,7.7,1.6,6.7,2.77,Moderate,Gen Z
16112,5.4,1.9,6.0,3.7,0.8,2.34,High,Gen Z
16113,4.6,2.1,5.3,2.3,1.3,2.77,Moderate,Gen Z
16114,5.4,1.8,6.8,6.0,3.8,2.58,Moderate,Gen Z
16115,7.1,1.8,7.4,0.6,4.0,2.97,Moderate,Gen Z
16116,4.1,2.6,7.2,2.2,1.9,2.97,Moderate,Gen Z
16117,3.0,1.3,6.7,2.6,5.5,3.01,Moderate,Gen Z
16118,5.2,1.4,6.5,1.6,4.0,2.64,Low,Gen Z
16119,3.7,2.2,4.7,2.5,3.6,3.08,Moderate,Gen Z
16120,3.6,1.2,6.9,3.0,4.1,2.59,Moderate,Gen Z
16121,3.4,1.4,5.2,3.3,4.9,2.95,High,Gen Z
16122,3.1,0.0,5.3,1.5,4.2,3.19,High,Gen Z
16123,6.7,1.2,7.4,2.8,3.8,2.97,Moderate,Gen Z
16124,6.7,1.4,8.1,4.5,5.8,2.86,Moderate,Gen Z
16125,3.5,3.3,6.8,5.6,3.3,3.01,High,Gen Z
16126,5.6,0.7,7.3,2.0,2.4,2.4,Moderate,Gen Z
16127,4.9,0.8,7.5,3.0,4.4,3.46,Low,Gen Z
16128,3.4,3.0,7.3,4.1,3.4,3.52,Low,Gen Z
16129,5.6,1.4,7.4,4.0,2.6,2.61,Low,Gen Z
16130,7.6,0.0,7.0,3.1,2.5,3.02,High,Gen Z
16131,3.4,1.0,5.9,1.0,4.1,3.66,Moderate,Gen Z
16132,6.0,4.0,6.8,3.1,4.3,2.49,High,Gen Z
16133,2.0,2.0,7.2,1.1,1.5,3.18,High,Gen Z
16134,4.7,1.3,7.8,2.0,4.2,3.12,Moderate,Gen Z
16135,3.5,1.8,7.8,3.6,4.1,2.32,Moderate,Gen Z
16136,7.1,1.0,8.5,2.7,5.5,2.2,Moderate,Gen Z
16137,3.4,2.3,5.1,1.8,3.8,3.61,Low,Gen Z
16138,6.3,1.1,6.4,3.7,1.6,2.83,High,Gen Z
16139,4.4,2.0,7.6,3.0,2.7,2.89,Moderate,Gen Z
16140,5.5,2.2,8.6,2.5,3.8,2.84,High,Gen Z
16141,4.1,1.5,6.4,4.5,3.6,3.47,High,Gen Z
16142,2.6,2.6,6.3,3.7,4.5,3.39,High,Gen Z
16143,7.0,2.3,5.1,2.6,3.7,2.6,High,Gen Z
16144,4.8,1.6,7.1,0.8,2.7,2.97,Low,Gen Z
16145,4.7,1.7,8.1,5.1,1.8,3.24,Moderate,Gen Z
16146,5.8,0.2,5.9,4.0,2.7,2.3,Moderate,Gen Z
16147,2.9,0.1,7.7,3.5,5.4,3.16,Low,Gen Z
16148,5.2,0.8,4.9,1.7,5.9,2.62,Low,Gen Z
16149,5.4,0.5,7.0,4.5,5.0,3.06,High,Gen Z
16150,6.4,3.1,6.2,3.1,4.2,2.99,Low,Gen Z
16151,7.3,2.2,8.1,2.5,3.4,3.45,High,Gen Z
16152,4.1,2.2,6.3,3.9,3.6,3.84,High,Gen Z
16153,7.3,2.8,6.1,4.2,3.9,3.27,Moderate,Gen Z
16154,4.1,0.6,5.4,1.4,1.5,3.32,High,Gen Z
16155,5.0,0.4,6.7,3.5,3.9,3.34,Moderate,Gen Z
16156,4.1,1.0,7.5,4.5,4.6,2.7,Low,Gen Z
16157,3.7,1.4,6.0,0.0,3.2,3.02,Low,Gen Z
16158,6.0,0.9,6.8,5.6,6.1,2.0,High,Gen Z
16159,4.7,0.9,7.9,1.7,4.5,2.41,Low,Gen Z
16160,6.0,3.1,6.3,3.9,5.7,3.16,Moderate,Gen Z
16161,2.3,1.5,9.9,2.6,1.4,2.44,Low,Gen Z
16162,6.6,2.0,6.5,1.1,4.8,2.82,Moderate,Gen Z
16163,6.7,1.6,6.9,3.7,4.9,3.4,High,Gen Z
16164,4.7,0.7,6.7,1.0,5.2,3.39,High,Gen Z
16165,6.6,1.6,6.2,3.2,3.5,2.65,Moderate,Gen Z
16166,6.8,1.5,8.0,1.5,5.1,2.77,Low,Gen Z
16167,3.5,1.1,6.9,1.3,6.2,2.73,Moderate,Gen Z
16168,3.8,3.4,5.2,3.8,2.3,2.85,Moderate,Gen Z
16169,5.0,0.0,8.2,5.1,4.2,2.23,High,Gen Z
16170,6.0,0.0,8.5,1.4,4.5,3.25,Moderate,Gen Z
16171,2.2,3.8,6.8,0.7,4.7,2.91,Low,Gen Z
16172,6.4,0.0,8.2,0.1,3.6,2.94,High,Gen Z
16173,4.5,0.7,7.8,2.9,5.2,3.1,Moderate,Gen Z
16174,6.7,1.5,6.8,3.1,4.0,2.59,High,Gen Z
16175,5.0,2.5,7.6,0.0,6.0,2.29,High,Gen Z
16176,3.6,0.0,7.6,4.7,3.3,2.9,High,Gen Z
16177,4.1,0.5,7.1,4.2,5.0,3.27,Low,Gen Z
16178,3.1,1.2,6.3,3.6,0.3,2.48,Moderate,Gen Z
16179,3.3,3.8,4.8,3.0,5.0,3.48,High,Gen Z
16180,7.4,1.2,5.3,1.7,5.7,3.07,Moderate,Gen Z
16181,3.3,0.1,5.7,3.5,7.1,2.54,Moderate,Gen Z
16182,3.1,2.0,5.7,2.6,5.1,2.45,Moderate,Gen Z
16183,6.1,1.9,9.4,3.5,3.2,3.45,Moderate,Gen Z
16184,7.3,1.7,5.8,1.5,5.0,3.05,Moderate,Gen Z
16185,4.0,2.2,5.9,3.9,1.5,2.98,High,Gen Z
16186,4.9,0.2,6.4,3.9,4.9,3.09,Moderate,Gen Z
16187,2.4,2.2,7.2,4.9,6.6,2.83,High,Gen Z
16188,3.4,2.2,6.8,2.1,1.9,2.69,Moderate,Gen Z
16189,5.9,2.6,6.4,3.0,2.0,3.3,Moderate,Gen Z
16190,5.6,2.9,7.1,2.7,6.1,2.68,High,Gen Z
16191,6.8,1.4,6.6,0.3,2.8,3.1,Moderate,Gen Z
16192,4.2,2.6,6.8,3.3,4.2,2.51,High,Gen Z
16193,5.2,1.4,7.6,3.1,4.7,2.8,Low,Gen Z
16194,3.7,0.1,6.7,2.0,4.1,2.69,Moderate,Gen Z
16195,4.5,2.1,8.5,2.1,3.8,2.81,Moderate,Gen Z
16196,4.1,3.3,6.8,4.0,1.9,4.0,High,Gen Z
16197,6.0,0.5,7.6,3.8,4.6,2.93,High,Gen Z
16198,5.8,0.0,6.9,2.8,3.9,2.95,High,Gen Z
16199,5.1,1.6,6.9,3.5,1.9,2.39,Moderate,Gen Z
16200,4.5,1.3,6.5,2.2,2.9,2.62,Low,Gen Z
16201,4.8,0.9,6.2,1.1,4.7,2.64,Moderate,Gen Z
16202,3.4,1.5,6.1,3.1,3.0,2.77,Low,Gen Z
16203,5.2,1.9,6.9,3.9,6.6,3.76,High,Gen Z
16204,6.0,1.1,7.0,3.7,5.6,2.49,Low,Gen Z
16205,3.4,1.5,8.0,3.1,1.5,3.1,Low,Gen Z
16206,6.2,1.6,6.5,3.4,5.9,3.7,Low,Gen Z
16207,6.8,1.4,6.7,2.8,3.6,2.93,High,Gen Z
16208,7.2,2.5,6.3,3.4,3.6,2.85,High,Gen Z
16209,5.4,1.0,6.0,6.1,2.2,3.25,Low,Gen Z
16210,5.6,2.4,7.9,3.6,5.2,3.17,High,Gen Z
16211,2.5,0.0,6.5,4.2,7.8,3.02,Low,Gen Z
16212,5.6,1.1,6.2,3.1,4.2,2.61,Moderate,Gen Z
16213,3.7,2.1,7.3,1.7,4.3,3.02,Low,Gen Z
16214,3.9,0.5,6.1,1.1,5.0,2.54,Moderate,Gen Z
16215,5.4,1.0,8.1,1.7,4.1,3.19,High,Gen Z
16216,2.7,0.0,6.9,0.7,4.0,2.99,Low,Gen Z
16217,4.4,0.1,8.6,3.2,4.0,3.52,High,Gen Z
16218,5.8,2.4,8.4,3.8,4.2,2.9,Moderate,Gen Z
16219,5.8,2.1,5.7,4.4,4.0,3.26,Moderate,Gen Z
16220,3.8,2.9,5.4,2.0,4.6,2.28,High,Gen Z
16221,4.8,1.2,6.2,3.5,2.6,3.24,High,Gen Z
16222,1.3,3.5,7.5,2.2,2.9,3.45,Moderate,Gen Z
16223,5.3,1.0,8.9,5.1,3.8,2.83,High,Gen Z
16224,3.3,1.7,6.1,3.4,5.1,3.19,Moderate,Gen Z
16225,5.7,0.5,7.6,2.8,1.4,2.98,Moderate,Gen Z
16226,6.0,1.3,5.9,3.7,1.2,2.22,Low,Gen Z
16227,5.1,0.7,7.0,3.0,0.6,3.18,High,Gen Z
16228,3.9,3.1,5.1,5.5,1.8,2.73,Moderate,Gen Z
16229,5.4,3.3,7.7,4.0,7.0,3.52,High,Gen Z
16230,7.2,2.4,5.4,5.3,2.6,3.29,High,Gen Z
16231,6.6,2.5,7.0,0.4,5.4,2.94,High,Gen Z
16232,4.7,0.6,6.5,3.8,3.6,2.6,High,Gen Z
16233,5.8,3.8,7.9,2.8,1.9,2.89,High,Gen Z
16234,3.8,0.9,6.6,3.8,2.6,2.88,High,Gen Z
16235,5.4,2.0,7.6,3.5,3.4,2.79,Low,Gen Z
16236,4.6,1.8,6.1,3.5,4.9,2.86,High,Gen Z
16237,5.2,4.3,4.4,2.4,4.0,2.99,Moderate,Gen Z
16238,4.9,0.0,7.4,3.7,2.0,3.31,Moderate,Gen Z
16239,3.5,0.8,7.1,1.9,5.0,2.98,Low,Gen Z
16240,4.0,1.6,7.0,2.0,3.1,3.63,Moderate,Gen Z
16241,6.6,3.4,5.0,2.0,4.5,2.85,Low,Gen Z
16242,6.1,1.5,8.1,2.5,3.7,2.41,Moderate,Gen Z
16243,5.3,0.8,6.7,4.7,4.0,2.9,Moderate,Gen Z
16244,5.5,0.5,6.2,1.7,3.9,3.08,High,Gen Z
16245,4.8,0.9,8.4,2.0,3.8,3.24,Low,Gen Z
16246,6.4,2.2,9.1,4.0,4.4,3.52,High,Gen Z
16247,5.9,1.7,6.8,3.3,4.2,2.93,High,Gen Z
16248,3.9,1.9,6.2,2.6,1.6,3.65,Moderate,Gen Z
16249,6.0,1.6,4.7,4.1,3.6,3.18,Moderate,Gen Z
16250,7.6,1.2,5.5,1.0,2.5,2.66,Low,Gen Z
16251,5.3,2.4,8.3,3.1,1.8,3.15,Moderate,Gen Z
16252,3.8,2.7,6.2,3.3,4.2,2.79,High,Gen Z
16253,2.5,1.6,7.6,3.0,1.9,3.21,Low,Gen Z
16254,2.4,0.6,7.0,0.9,2.7,3.39,Low,Gen Z
16255,5.8,1.2,5.5,2.6,4.7,1.75,Moderate,Gen Z
16256,4.0,3.8,7.0,1.6,4.6,2.9,High,Gen Z
16257,5.3,1.4,8.5,1.9,2.5,2.9,High,Gen Z
16258,6.7,1.0,6.3,5.4,4.0,3.1,Moderate,Gen Z
16259,5.7,1.3,7.4,1.5,6.4,2.89,High,Gen Z
16260,4.6,1.1,6.3,2.0,5.6,2.39,Low,Gen Z
16261,4.9,0.2,7.1,2.0,2.1,2.84,High,Gen Z
16262,6.5,2.6,9.1,1.3,1.4,3.03,Low,Gen Z
16263,5.2,1.9,7.9,3.7,5.5,2.35,Moderate,Gen Z
16264,3.4,0.7,6.8,2.3,1.4,3.46,High,Gen Z
16265,2.3,2.3,7.2,0.0,5.3,2.56,Moderate,Gen Z
16266,6.1,2.1,6.6,4.8,3.8,2.52,High,Gen Z
16267,2.9,0.6,6.2,3.1,2.9,2.69,Moderate,Gen Z
16268,4.7,1.6,8.2,2.3,3.7,2.8,High,Gen Z
16269,5.5,1.9,7.4,2.2,4.6,3.38,High,Gen Z
16270,2.6,3.5,6.3,1.9,3.4,2.76,High,Gen Z
16271,4.9,1.7,8.2,2.6,3.3,3.14,High,Gen Z
16272,6.1,2.3,8.2,4.4,2.8,3.36,Low,Gen Z
16273,4.2,1.8,6.6,2.8,4.4,3.46,High,Gen Z
16274,6.1,1.8,7.9,2.9,4.9,2.85,High,Gen Z
16275,6.4,0.6,7.0,3.0,4.3,3.3,High,Gen Z
16276,5.1,2.5,6.3,3.1,5.4,3.46,High,Gen Z
16277,1.6,3.3,6.7,2.8,5.6,2.89,High,Gen Z
16278,6.8,2.8,8.9,3.4,0.4,3.18,High,Gen Z
16279,8.7,1.0,7.0,0.0,5.0,2.8,Moderate,Gen Z
16280,5.8,0.1,6.6,3.6,3.9,2.97,High,Gen Z
16281,6.9,1.2,6.2,4.0,1.4,3.28,High,Gen Z
16282,4.5,2.2,6.3,2.7,5.0,2.77,High,Gen Z
16283,4.1,3.4,8.0,4.7,2.1,2.96,High,Gen Z
16284,6.0,2.3,8.4,2.5,4.1,3.01,Low,Gen Z
16285,4.0,1.9,8.6,2.5,2.4,2.5,High,Gen Z
16286,2.5,0.5,6.4,4.5,4.8,3.12,Moderate,Gen Z
16287,2.9,2.1,7.8,3.4,3.0,2.64,High,Gen Z
16288,5.6,1.0,6.4,3.4,5.1,2.87,Moderate,Gen Z
16289,8.3,1.5,7.5,4.1,5.2,3.1,High,Gen Z
16290,4.9,3.4,7.1,4.7,3.6,2.92,High,Gen Z
16291,6.2,2.4,7.5,2.7,3.7,3.1,Low,Gen Z
16292,3.1,2.4,6.4,3.4,5.6,3.51,Moderate,Gen Z
16293,5.8,1.5,6.7,2.0,4.7,3.31,Low,Gen Z
16294,7.4,0.6,7.0,2.9,3.0,2.96,High,Gen Z
16295,5.0,2.3,6.1,1.9,1.1,2.63,High,Gen Z
16296,4.9,2.8,5.6,3.4,4.4,2.77,Moderate,Gen Z
16297,5.4,2.7,5.7,4.3,3.1,2.97,High,Gen Z
16298,1.8,1.8,7.3,3.2,3.6,3.38,Low,Gen Z
16299,8.8,1.9,6.5,5.0,2.3,2.73,High,Gen Z
16300,4.5,1.2,6.2,4.4,3.1,3.46,Low,Gen Z
16301,5.4,1.8,8.5,4.3,5.7,3.08,Moderate,Gen Z
16302,3.9,1.2,5.0,3.9,2.8,2.98,High,Gen Z
16303,5.6,1.5,6.9,4.7,2.6,2.81,High,Gen Z
16304,3.7,1.6,7.3,4.2,2.5,2.55,High,Gen Z
16305,2.8,0.5,5.4,2.4,3.1,3.48,High,Gen Z
16306,5.2,0.9,7.8,2.6,0.6,3.32,Moderate,Gen Z
16307,5.3,0.7,7.8,3.9,5.2,3.65,High,Gen Z
16308,6.2,1.1,6.4,2.2,2.1,2.91,Moderate,Gen Z
16309,4.5,2.0,6.6,4.1,5.4,2.73,Moderate,Gen Z
16310,3.3,1.8,7.1,1.2,4.2,2.49,High,Gen Z
16311,7.7,0.4,8.0,6.5,5.1,2.65,Low,Gen Z
16312,3.1,1.3,7.7,4.3,2.6,3.33,Low,Gen Z
16313,5.2,2.3,8.2,2.9,3.6,2.57,Low,Gen Z
16314,5.1,0.0,8.3,3.3,2.4,3.49,High,Gen Z
16315,3.9,2.2,7.5,2.6,4.2,3.01,Low,Gen Z
16316,3.6,3.0,6.3,2.9,3.8,3.02,Moderate,Gen Z
16317,4.2,0.1,6.3,3.7,5.6,3.22,Moderate,Gen Z
16318,4.0,4.7,7.2,3.9,1.3,3.56,High,Gen Z
16319,4.1,1.5,6.0,3.3,4.9,2.26,High,Gen Z
16320,3.0,2.7,7.4,3.3,4.1,3.18,Moderate,Gen Z
16321,2.4,0.6,6.4,1.8,4.1,2.55,High,Gen Z
16322,5.6,2.6,6.3,1.7,2.2,2.45,Moderate,Gen Z
16323,7.8,1.7,7.3,5.7,5.9,2.38,High,Gen Z
16324,5.2,1.2,7.2,3.2,5.6,2.57,Low,Gen Z
16325,4.8,1.2,7.0,3.3,2.0,3.01,Moderate,Gen Z
16326,4.8,1.3,8.4,3.3,3.8,3.18,High,Gen Z
16327,4.7,0.8,6.6,2.9,5.6,2.68,Moderate,Gen Z
16328,3.6,3.1,6.1,2.7,4.8,3.3,Moderate,Gen Z
16329,4.3,1.6,6.9,4.9,3.7,2.53,Moderate,Gen Z
16330,2.3,2.1,7.9,1.7,5.4,3.16,Low,Gen Z
16331,4.8,0.0,4.5,4.0,3.3,3.24,Moderate,Gen Z
16332,4.7,1.2,6.8,1.2,5.7,3.2,High,Gen Z
16333,5.6,0.4,7.5,2.6,4.6,3.38,High,Gen Z
16334,4.7,2.7,6.7,2.2,5.1,2.83,High,Gen Z
16335,3.8,1.9,7.5,4.3,3.3,3.15,High,Gen Z
16336,5.9,2.6,6.0,0.4,4.2,2.77,Moderate,Gen Z
16337,6.0,0.5,7.4,3.3,2.6,3.02,Low,Gen Z
16338,5.2,2.3,9.1,3.5,4.6,3.37,High,Gen Z
16339,4.4,1.3,7.1,4.6,3.4,3.42,High,Gen Z
16340,9.0,2.3,8.3,4.2,4.2,3.15,Moderate,Gen Z
16341,4.3,0.0,7.6,1.6,1.3,2.95,High,Gen Z
16342,5.2,0.6,5.9,0.0,4.0,2.87,Moderate,Gen Z
16343,3.7,2.2,6.0,5.1,4.1,3.17,High,Gen Z
16344,5.2,0.9,7.5,1.6,5.5,3.62,Low,Gen Z
16345,6.7,2.8,6.8,3.5,4.4,2.7,High,Gen Z
16346,3.9,2.5,6.4,1.7,5.2,2.84,High,Gen Z
16347,6.1,0.9,6.4,3.2,4.0,2.96,Moderate,Gen Z
16348,6.8,2.4,6.3,0.0,4.0,3.16,Moderate,Gen Z
16349,5.9,0.5,7.6,1.0,2.1,2.47,High,Gen Z
16350,2.2,2.0,5.0,3.1,4.4,2.94,Moderate,Gen Z
16351,4.6,0.0,6.9,2.3,2.5,2.45,Low,Gen Z
16352,5.7,1.1,8.3,1.4,1.6,2.97,High,Gen Z
16353,5.4,2.2,8.9,3.2,0.5,2.92,High,Gen Z
16354,2.7,3.2,7.6,3.1,5.8,3.05,Low,Gen Z
16355,5.4,0.9,5.4,4.2,4.7,2.97,Low,Gen Z
16356,6.3,0.5,4.9,1.8,4.3,2.33,High,Gen Z
16357,4.0,0.9,7.0,3.7,3.1,2.93,Low,Gen Z
16358,5.9,2.2,8.5,1.5,2.5,2.69,Moderate,Gen Z
16359,4.0,0.8,8.1,4.3,2.8,2.35,Moderate,Gen Z
16360,5.4,4.7,6.4,2.0,4.2,3.42,High,Gen Z
16361,3.9,1.5,8.2,1.9,3.4,2.48,Moderate,Gen Z
16362,4.9,0.9,4.9,5.2,4.6,2.73,Low,Gen Z
16363,2.9,1.1,7.1,2.6,5.1,3.34,High,Gen Z
16364,5.2,2.2,6.6,1.4,6.1,2.55,Moderate,Gen Z
16365,3.7,1.0,7.0,2.8,3.4,2.7,High,Gen Z
16366,6.4,2.2,6.8,3.1,3.9,3.11,High,Gen Z
16367,5.6,1.3,7.5,1.3,0.0,2.5,Moderate,Gen Z
16368,6.2,2.3,6.5,0.0,2.4,2.89,Low,Gen Z
16369,6.8,3.4,5.9,4.5,4.9,2.35,High,Gen Z
16370,4.8,2.9,6.9,3.3,3.8,3.08,Moderate,Gen Z
16371,4.9,1.3,7.1,0.4,3.9,2.67,High,Gen Z
16372,2.8,1.3,5.6,2.0,2.7,3.32,Low,Gen Z
16373,5.0,0.1,6.7,3.5,2.6,2.75,Moderate,Gen Z
16374,6.8,1.7,6.7,2.3,5.3,3.05,Low,Gen Z
16375,3.6,2.2,6.7,2.7,2.2,3.24,High,Gen Z
16376,5.2,1.6,7.1,1.6,2.9,3.72,High,Gen Z
16377,5.6,1.1,6.7,1.4,5.5,2.79,High,Gen Z
16378,6.2,2.0,6.9,2.3,4.7,2.95,High,Gen Z
16379,6.9,3.2,6.3,4.1,1.9,2.12,High,Gen Z
16380,3.6,1.1,6.7,5.4,5.2,2.78,High,Gen Z
16381,4.0,0.8,8.7,3.0,3.8,3.19,High,Gen Z
16382,4.0,2.6,7.0,2.2,5.5,2.88,Moderate,Gen Z
16383,4.8,0.3,7.0,1.0,2.4,2.79,High,Gen Z
16384,6.5,2.1,6.9,0.5,1.9,3.31,High,Gen Z
16385,5.4,2.7,7.8,2.9,4.9,3.56,High,Gen Z
16386,4.0,2.3,7.3,2.7,4.8,3.04,High,Gen Z
16387,7.1,0.9,7.5,0.0,3.8,2.78,Low,Gen Z
16388,4.8,4.3,5.4,4.3,4.1,3.01,High,Gen Z
16389,8.2,1.5,9.3,3.5,3.6,3.18,High,Gen Z
16390,3.6,2.2,8.2,2.5,1.5,2.96,High,Gen Z
16391,7.2,1.4,7.0,5.4,1.4,2.67,Low,Gen Z
16392,2.5,1.9,8.5,2.1,5.6,2.83,High,Gen Z
16393,4.6,0.8,6.9,5.5,5.6,2.99,High,Gen Z
16394,5.6,1.2,6.4,4.1,4.3,2.65,Low,Gen Z
16395,5.1,1.2,6.5,2.3,4.0,2.84,High,Gen Z
16396,5.4,1.0,6.5,1.4,5.0,3.34,Moderate,Gen Z
16397,5.6,3.7,7.7,3.4,3.5,3.43,Moderate,Gen Z
16398,3.8,1.4,7.2,3.8,5.3,2.71,Moderate,Gen Z
16399,6.6,1.1,7.8,2.8,5.6,2.87,High,Gen Z
16400,6.0,2.5,7.7,3.8,4.7,3.84,Moderate,Gen Z
16401,5.7,1.5,7.4,1.7,1.5,3.24,Low,Gen Z
16402,2.8,2.6,5.2,2.3,4.5,2.79,Moderate,Gen Z
16403,3.7,0.8,7.8,1.1,4.3,3.23,Moderate,Gen Z
16404,7.3,1.9,7.5,2.6,4.8,3.0,Moderate,Gen Z
16405,5.8,0.1,6.6,2.2,5.9,2.16,Low,Gen Z
16406,5.9,0.8,7.2,3.3,6.0,3.23,Moderate,Gen Z
16407,5.3,2.9,8.1,5.4,4.5,3.0,High,Gen Z
16408,4.1,1.9,7.2,4.8,1.9,2.73,High,Gen Z
16409,5.4,0.6,7.7,4.9,3.5,2.77,Low,Gen Z
16410,5.8,1.1,6.8,4.1,0.8,2.82,High,Gen Z
16411,8.1,0.6,6.3,3.8,2.8,3.49,Low,Gen Z
16412,3.0,1.9,7.3,4.5,5.7,2.78,Low,Gen Z
16413,3.3,0.6,6.2,2.6,4.2,3.69,High,Gen Z
16414,6.3,2.2,7.8,1.5,3.6,2.79,High,Gen Z
16415,5.9,0.5,7.2,2.6,7.0,2.84,Moderate,Gen Z
16416,4.0,3.0,6.8,2.4,2.7,2.69,Moderate,Gen Z
16417,3.6,3.1,5.4,3.2,3.3,3.29,High,Gen Z
16418,6.7,4.3,7.8,4.1,4.9,3.34,High,Gen Z
16419,5.3,1.8,6.6,2.7,4.5,2.63,Moderate,Gen Z
16420,4.2,2.7,9.1,3.1,2.7,2.93,Moderate,Gen Z
16421,6.5,2.0,7.3,2.1,2.3,2.69,High,Gen Z
16422,6.9,1.7,5.9,4.2,2.5,2.73,High,Gen Z
16423,5.4,0.0,5.7,4.5,4.0,2.96,Moderate,Gen Z
16424,6.8,1.1,9.2,3.5,2.8,2.82,Moderate,Gen Z
16425,1.0,3.0,6.4,1.2,6.3,2.83,High,Gen Z
16426,8.1,0.0,6.2,3.1,3.2,2.93,Moderate,Gen Z
16427,4.2,3.0,7.6,2.3,3.1,3.36,High,Gen Z
16428,7.4,0.7,8.0,0.3,7.2,3.02,Moderate,Gen Z
16429,3.4,2.6,8.0,1.9,3.3,2.99,High,Gen Z
16430,6.0,0.7,5.8,0.9,0.8,3.02,High,Gen Z
16431,5.3,2.1,6.6,2.5,1.1,2.81,Low,Gen Z
16432,2.5,0.0,7.0,2.7,3.6,2.6,Moderate,Gen Z
16433,6.0,0.0,5.5,3.5,2.7,3.6,High,Gen Z
16434,8.2,3.2,7.0,4.4,3.1,3.88,High,Gen Z
16435,2.5,3.6,7.5,1.5,1.9,2.63,Moderate,Gen Z
16436,2.5,2.2,5.3,5.2,4.4,2.85,Moderate,Gen Z
16437,6.5,1.4,5.6,3.6,4.4,3.2,High,Gen Z
16438,6.9,0.0,6.7,3.7,1.7,2.92,Moderate,Gen Z
16439,3.8,0.0,8.2,0.0,2.3,3.14,High,Gen Z
16440,4.4,0.0,5.7,6.0,5.8,3.12,Low,Gen Z
16441,4.3,1.7,5.9,1.4,3.9,2.87,Moderate,Gen Z
16442,2.7,0.6,6.6,1.6,4.2,3.13,Low,Gen Z
16443,6.5,1.5,7.1,2.3,2.3,3.4,Moderate,Gen Z
16444,7.1,0.5,7.3,1.9,5.2,2.98,Moderate,Gen Z
16445,3.9,2.0,7.0,2.1,6.7,3.33,Moderate,Gen Z
16446,4.8,1.2,6.7,3.6,6.0,2.2,Moderate,Gen Z
16447,3.8,1.2,6.5,1.8,5.1,3.78,Moderate,Gen Z
16448,4.2,0.0,6.6,3.9,3.0,3.85,Moderate,Gen Z
16449,5.4,1.1,6.2,1.8,4.3,3.27,Low,Gen Z
16450,4.9,2.6,6.6,2.2,5.5,3.59,High,Gen Z
16451,6.2,2.6,7.2,2.4,2.7,3.07,Low,Gen Z
16452,7.6,1.1,5.9,1.9,6.4,3.28,Moderate,Gen Z
16453,7.3,1.2,5.9,4.0,2.2,3.07,High,Gen Z
16454,2.5,3.3,7.1,2.3,2.6,2.84,Moderate,Gen Z
16455,3.2,0.9,6.7,2.3,1.8,2.97,High,Gen Z
16456,2.5,0.2,6.0,5.8,3.0,3.06,Moderate,Gen Z
16457,4.8,2.1,6.4,0.0,4.3,3.52,High,Gen Z
16458,4.3,3.2,8.7,1.8,5.1,3.34,Moderate,Gen Z
16459,6.4,0.3,7.8,0.9,4.3,3.11,Moderate,Gen Z
16460,2.1,1.4,7.8,2.9,4.4,2.91,High,Gen Z
16461,4.7,0.7,5.9,1.3,1.9,2.47,Moderate,Gen Z
16462,4.8,0.9,6.3,2.1,7.8,3.09,Moderate,Gen Z
16463,4.1,1.9,5.3,3.2,4.6,2.75,High,Gen Z
16464,5.4,0.5,6.4,4.4,3.1,3.01,Moderate,Gen Z
16465,5.4,2.7,6.1,0.1,2.1,2.84,Moderate,Gen Z
16466,4.1,0.9,5.5,2.7,4.4,2.9,Moderate,Gen Z
16467,7.8,2.3,9.3,0.9,3.5,3.3,Moderate,Gen Z
16468,4.1,1.3,6.8,4.2,3.7,2.99,Moderate,Gen Z
16469,1.2,1.8,7.4,4.4,3.0,2.98,Moderate,Gen Z
16470,5.5,0.5,5.9,2.1,5.6,2.33,Low,Gen Z
16471,4.1,2.3,6.1,1.7,3.6,3.64,Low,Gen Z
16472,7.6,0.9,8.7,5.2,3.9,3.6,Moderate,Gen Z
16473,4.5,1.2,7.1,2.6,2.9,3.27,Low,Gen Z
16474,4.7,3.0,7.3,3.4,3.0,2.41,Low,Gen Z
16475,2.3,0.6,6.9,4.3,3.5,3.02,Low,Gen Z
16476,5.4,1.8,7.4,3.6,6.1,3.41,Moderate,Gen Z
16477,2.0,1.7,6.9,1.3,3.1,2.97,High,Gen Z
16478,3.9,0.0,8.0,3.0,3.3,3.35,Low,Gen Z
16479,2.4,2.1,7.6,4.1,2.3,3.37,Moderate,Gen Z
16480,6.2,2.2,8.1,2.7,3.9,3.2,High,Gen Z
16481,3.2,0.3,7.7,3.8,6.2,3.22,Moderate,Gen Z
16482,7.3,2.5,6.7,4.1,3.7,1.98,Low,Gen Z
16483,4.1,2.0,7.0,2.3,5.1,3.17,High,Gen Z
16484,5.2,0.0,6.4,1.4,3.1,2.95,High,Gen Z
16485,4.1,1.9,9.0,1.4,6.1,3.65,High,Gen Z
16486,6.0,0.8,7.0,2.0,5.0,3.45,High,Gen Z
16487,4.6,1.9,6.4,1.9,2.2,3.67,Moderate,Gen Z
16488,7.0,0.5,9.4,4.7,6.0,2.74,Moderate,Gen Z
16489,4.3,1.3,5.2,1.5,5.1,3.18,High,Gen Z
16490,2.8,1.4,7.3,5.0,2.7,2.75,Moderate,Gen Z
16491,5.0,1.2,6.3,4.9,5.1,2.8,Moderate,Gen Z
16492,1.3,2.9,6.9,2.3,5.0,3.03,Moderate,Gen Z
16493,3.6,1.7,6.8,4.2,3.2,3.11,Low,Gen Z
16494,6.3,2.6,7.5,3.5,2.5,2.65,High,Gen Z
16495,5.4,1.1,6.5,1.8,6.7,3.58,Moderate,Gen Z
16496,3.8,1.8,6.8,1.8,3.8,3.84,Moderate,Gen Z
16497,4.5,2.3,7.1,3.3,5.5,3.19,High,Gen Z
16498,6.9,1.9,6.5,2.1,4.9,3.09,Moderate,Gen Z
16499,4.0,2.8,4.7,4.0,4.2,3.26,Moderate,Gen Z
16500,8.3,3.5,6.9,0.2,4.7,3.19,High,Gen Z
16501,5.4,3.0,8.0,2.1,3.8,2.73,Low,Gen Z
16502,8.0,2.5,9.2,3.9,1.0,2.74,Moderate,Gen Z
16503,6.8,0.0,7.0,3.4,2.6,3.17,High,Gen Z
16504,4.1,1.7,5.8,0.8,2.8,2.81,Low,Gen Z
16505,8.3,1.4,7.2,3.7,1.0,2.94,Moderate,Gen Z
16506,3.4,0.3,7.5,1.7,5.2,2.74,Moderate,Gen Z
16507,3.0,2.7,8.3,2.5,2.9,3.47,Low,Gen Z
16508,5.1,0.0,8.5,2.0,2.9,3.3,High,Gen Z
16509,2.8,1.2,6.4,1.9,4.0,2.58,Low,Gen Z
16510,6.7,2.1,6.8,3.9,4.8,2.88,Moderate,Gen Z
16511,4.6,3.4,7.8,2.8,4.5,3.39,High,Gen Z
16512,4.0,2.3,7.0,3.8,4.8,3.2,Moderate,Gen Z
16513,4.4,4.3,6.5,0.2,3.2,3.34,High,Gen Z
16514,2.2,0.7,8.1,3.6,5.0,2.55,Moderate,Gen Z
16515,2.7,4.0,6.2,1.1,4.0,3.59,Low,Gen Z
16516,4.5,1.8,6.9,0.0,4.7,2.57,Moderate,Gen Z
16517,4.8,0.9,8.3,4.6,2.5,3.28,High,Gen Z
16518,7.4,2.8,6.3,2.6,1.9,3.09,Low,Gen Z
16519,6.4,0.0,7.3,1.7,4.7,2.56,Moderate,Gen Z
16520,3.0,2.3,9.0,2.4,4.9,3.29,High,Gen Z
16521,5.3,2.0,6.1,4.0,2.5,3.35,High,Gen Z
16522,4.3,1.5,8.4,6.0,4.0,2.95,High,Gen Z
16523,8.5,1.3,6.5,1.3,3.8,2.51,Moderate,Gen Z
16524,3.6,2.1,7.2,6.2,3.4,2.73,High,Gen Z
16525,4.7,3.2,7.8,1.6,5.1,3.16,High,Gen Z
16526,2.5,2.7,7.3,2.8,2.2,3.06,High,Gen Z
16527,4.0,0.7,8.3,4.3,2.4,3.3,Low,Gen Z
16528,4.0,1.5,6.7,1.1,4.5,3.35,High,Gen Z
16529,3.6,2.5,6.5,3.8,3.4,3.09,Low,Gen Z
16530,2.8,0.0,5.2,4.8,6.0,2.22,High,Gen Z
16531,5.3,1.9,8.8,3.6,1.8,3.41,Moderate,Gen Z
16532,6.2,3.0,7.3,3.7,3.9,2.49,Moderate,Gen Z
16533,6.0,2.1,4.8,4.5,5.2,3.37,Moderate,Gen Z
16534,5.4,1.7,8.2,2.0,5.2,2.97,High,Gen Z
16535,8.6,4.3,7.6,3.6,4.2,3.35,Moderate,Gen Z
16536,4.8,3.6,6.7,2.9,2.5,3.4,Low,Gen Z
16537,4.5,0.1,6.5,1.1,5.0,2.76,Moderate,Gen Z
16538,5.8,1.1,7.7,1.7,3.9,2.96,High,Gen Z
16539,2.4,2.1,7.1,0.8,5.9,2.76,High,Gen Z
16540,4.1,1.7,8.7,3.4,4.7,2.92,High,Gen Z
16541,6.7,0.1,5.1,2.3,3.1,3.28,High,Gen Z
16542,3.1,0.2,8.6,1.6,3.4,3.52,Low,Gen Z
16543,5.3,0.0,4.8,1.5,5.7,3.09,Low,Gen Z
16544,3.5,0.8,6.6,3.8,3.8,2.93,Moderate,Gen Z
16545,4.0,0.6,5.3,3.9,3.5,2.11,Low,Gen Z
16546,6.1,0.4,7.9,2.9,3.8,3.47,Low,Gen Z
16547,6.8,1.8,8.6,2.0,3.2,3.38,Low,Gen Z
16548,4.9,1.8,6.0,0.7,3.4,2.82,Low,Gen Z
16549,2.4,3.2,6.1,3.3,2.2,2.92,Moderate,Gen Z
16550,4.4,0.9,6.5,4.8,3.9,3.12,Moderate,Gen Z
16551,3.1,1.9,7.8,5.0,4.9,2.89,High,Gen Z
16552,6.6,1.8,6.2,1.8,3.1,2.93,High,Gen Z
16553,6.6,2.1,7.8,2.4,3.1,2.85,Moderate,Gen Z
16554,5.5,1.3,7.3,3.2,3.6,2.87,Moderate,Gen Z
16555,3.9,1.0,8.1,4.6,4.6,2.82,Moderate,Gen Z
16556,3.1,2.0,6.7,1.8,2.1,2.91,Moderate,Gen Z
16557,5.7,0.7,6.1,3.1,3.9,2.75,Moderate,Gen Z
16558,5.4,1.2,6.2,1.2,4.2,3.16,Low,Gen Z
16559,4.4,2.7,7.6,4.0,5.1,2.86,Low,Gen Z
16560,4.9,2.3,8.2,5.1,2.5,3.57,High,Gen Z
16561,5.2,1.2,6.8,3.2,2.7,2.45,Moderate,Gen Z
16562,6.7,1.7,7.1,2.9,0.0,3.15,High,Gen Z
16563,5.2,0.7,7.4,2.7,4.1,2.54,Moderate,Gen Z
16564,5.0,0.0,7.9,3.1,5.1,2.85,Low,Gen Z
16565,5.5,1.6,7.5,4.0,3.6,3.52,High,Gen Z
16566,4.0,2.9,7.8,0.1,4.6,3.16,High,Gen Z
16567,7.1,2.0,6.5,4.3,4.8,3.39,High,Gen Z
16568,4.8,3.0,7.8,2.7,1.3,2.74,High,Gen Z
16569,2.7,2.1,7.3,0.8,4.3,3.24,High,Gen Z
16570,6.0,1.3,7.7,1.7,4.7,3.1,Moderate,Gen Z
16571,7.2,0.6,7.3,4.5,4.4,2.78,High,Gen Z
16572,4.2,1.4,6.7,2.8,1.4,2.55,High,Gen Z
16573,7.1,0.6,7.0,4.4,2.5,2.94,High,Gen Z
16574,7.2,2.5,7.1,3.9,4.0,3.31,Moderate,Gen Z
16575,4.6,0.2,7.9,3.6,6.8,3.68,Moderate,Gen Z
16576,6.4,2.4,6.1,2.8,4.4,2.68,Moderate,Gen Z
16577,3.5,0.8,7.9,0.7,5.4,2.98,High,Gen Z
16578,5.1,1.4,7.2,2.4,4.2,2.82,Moderate,Gen Z
16579,5.5,2.6,6.3,2.4,4.5,2.83,Moderate,Gen Z
16580,6.1,0.3,7.2,5.2,6.5,3.15,High,Gen Z
16581,3.2,0.0,6.5,3.4,3.9,2.83,Low,Gen Z
16582,4.4,1.2,8.3,4.0,2.9,3.32,High,Gen Z
16583,7.3,0.3,7.3,0.7,2.0,2.72,Low,Gen Z
16584,4.6,2.4,7.5,2.5,1.6,2.78,Moderate,Gen Z
16585,5.1,3.2,7.0,5.4,1.4,2.8,Moderate,Gen Z
16586,5.3,0.8,6.0,5.5,2.0,2.95,Moderate,Gen Z
16587,4.8,1.2,7.0,2.2,6.2,2.97,Moderate,Gen Z
16588,4.6,2.8,8.1,3.9,4.3,2.52,High,Gen Z
16589,6.0,2.1,7.4,0.7,5.4,3.02,Low,Gen Z
16590,2.1,0.4,6.4,4.4,3.8,3.26,Low,Gen Z
16591,3.7,0.0,8.0,0.3,2.5,3.01,High,Gen Z
16592,2.3,0.6,7.4,2.6,1.7,2.4,Moderate,Gen Z
16593,5.7,0.3,8.1,2.9,2.2,3.14,Low,Gen Z
16594,3.3,0.6,7.9,1.5,4.5,2.98,Moderate,Gen Z
16595,5.3,1.4,6.1,1.2,2.9,3.2,Moderate,Gen Z
16596,6.5,1.9,6.1,2.8,3.7,2.73,High,Gen Z
16597,4.5,0.8,7.5,5.5,2.3,3.3,High,Gen Z
16598,6.2,1.3,5.7,1.1,4.7,3.36,Moderate,Gen Z
16599,5.1,2.8,7.4,3.2,5.6,3.16,High,Gen Z
16600,2.6,1.6,6.7,2.8,5.1,2.58,Moderate,Gen Z
16601,4.1,3.3,8.3,4.0,4.3,2.71,Moderate,Gen Z
16602,5.1,2.2,7.8,4.0,2.4,2.91,High,Gen Z
16603,4.7,1.8,9.0,1.5,2.8,2.72,High,Gen Z
16604,7.0,0.9,7.7,2.9,3.3,3.22,High,Gen Z
16605,7.1,2.7,7.0,5.5,6.1,2.68,High,Gen Z
16606,2.7,1.0,6.2,3.0,3.1,3.03,High,Gen Z
16607,4.6,1.3,7.1,3.4,3.7,2.68,Moderate,Gen Z
16608,6.2,1.0,6.8,3.0,5.2,2.89,High,Gen Z
16609,6.7,0.4,5.2,2.5,2.5,2.48,Moderate,Gen Z
16610,5.7,2.6,6.6,3.8,4.2,3.15,Low,Gen Z
16611,2.5,3.0,7.0,2.4,4.3,2.42,High,Gen Z
16612,6.2,1.9,7.1,3.8,3.1,3.09,High,Gen Z
16613,5.0,1.8,7.3,4.9,5.5,3.18,Moderate,Gen Z
16614,2.3,1.6,6.5,0.1,2.9,2.7,Low,Gen Z
16615,4.7,0.4,6.7,4.8,3.6,3.34,High,Gen Z
16616,4.8,0.0,6.8,0.0,4.5,2.63,Low,Gen Z
16617,5.6,0.0,7.2,2.5,1.9,2.56,Moderate,Gen Z
16618,4.3,2.9,6.8,2.3,4.3,2.88,High,Gen Z
16619,3.8,0.0,8.2,5.3,7.4,2.96,Moderate,Gen Z
16620,6.1,0.0,7.4,1.3,3.2,2.77,High,Gen Z
16621,4.7,2.2,5.9,3.8,4.1,2.77,Moderate,Gen Z
16622,4.4,1.6,6.8,3.0,5.9,2.53,High,Gen Z
16623,3.7,1.3,7.3,3.6,2.3,2.58,High,Gen Z
16624,7.3,1.1,6.6,1.5,4.8,2.99,Low,Gen Z
16625,5.6,1.1,6.7,3.3,3.5,2.6,Low,Gen Z
16626,3.0,0.0,6.5,3.3,4.4,3.02,High,Gen Z
16627,5.1,1.3,7.9,4.0,4.7,2.9,High,Gen Z
16628,4.7,0.3,6.1,3.0,4.1,3.01,High,Gen Z
16629,3.8,3.6,7.3,2.0,4.6,3.16,Moderate,Gen Z
16630,5.5,0.7,7.1,3.7,4.5,3.49,High,Gen Z
16631,3.3,1.2,7.6,4.9,3.0,3.03,Moderate,Gen Z
16632,8.4,3.4,6.5,4.8,3.7,2.79,High,Gen Z
16633,6.2,2.7,9.9,3.1,4.0,2.63,Low,Gen Z
16634,8.2,0.9,7.1,5.0,2.6,3.08,High,Gen Z
16635,6.6,2.7,6.7,2.1,2.9,3.24,Moderate,Gen Z
16636,3.9,1.5,7.2,0.4,2.8,3.22,Moderate,Gen Z
16637,4.8,3.2,7.1,0.0,5.7,2.71,Moderate,Gen Z
16638,5.1,2.8,5.9,2.9,2.4,3.47,Moderate,Gen Z
16639,3.8,0.0,7.1,3.4,5.5,3.25,Low,Gen Z
16640,5.7,1.4,6.3,2.3,6.2,2.64,Low,Gen Z
16641,3.4,1.8,7.6,1.0,3.0,2.97,High,Gen Z
16642,4.4,2.0,8.4,3.4,3.6,3.06,Moderate,Gen Z
16643,4.4,2.3,8.2,3.6,3.1,3.43,High,Gen Z
16644,5.6,3.0,6.5,3.5,4.2,3.06,High,Gen Z
16645,5.7,1.0,6.8,2.7,3.1,2.81,High,Gen Z
16646,2.7,1.6,7.9,1.8,4.7,3.96,Moderate,Gen Z
16647,5.5,0.9,6.0,2.0,4.4,2.92,Low,Gen Z
16648,7.1,0.8,7.6,2.4,3.6,3.52,Moderate,Gen Z
16649,5.6,1.1,5.9,0.0,0.0,2.9,Moderate,Gen Z
16650,4.2,2.0,6.4,3.3,5.0,3.48,Moderate,Gen Z
16651,6.3,1.9,7.4,3.5,2.3,3.18,High,Gen Z
16652,5.1,2.9,6.8,2.0,3.1,3.28,Low,Gen Z
16653,5.3,2.2,7.9,2.2,2.3,3.34,Moderate,Gen Z
16654,4.0,1.5,6.4,1.2,1.8,3.41,High,Gen Z
16655,7.2,1.8,5.4,1.8,2.0,2.24,Moderate,Gen Z
16656,6.1,2.6,8.1,2.4,4.4,2.64,Low,Gen Z
16657,4.0,2.3,5.8,2.2,3.6,3.17,High,Gen Z
16658,6.2,3.1,6.6,3.8,1.0,2.66,Low,Gen Z
16659,2.3,3.2,6.9,2.4,3.3,2.74,High,Gen Z
16660,6.8,0.8,6.9,3.6,4.5,2.95,Moderate,Gen Z
16661,4.6,1.5,6.7,1.3,3.5,3.17,Moderate,Gen Z
16662,4.2,2.5,10.0,0.2,3.6,2.46,High,Gen Z
16663,4.8,0.2,8.4,4.9,5.0,3.79,High,Gen Z
16664,3.2,1.8,6.5,3.0,4.3,3.08,High,Gen Z
16665,4.3,3.5,8.4,1.6,3.7,3.01,High,Gen Z
16666,6.7,2.2,7.1,2.6,2.5,2.95,High,Gen Z
16667,3.3,2.1,5.8,3.1,4.1,3.54,Moderate,Gen Z
16668,5.1,1.6,6.7,4.2,4.5,2.88,Low,Gen Z
16669,4.1,1.1,6.9,4.7,4.2,3.56,High,Gen Z
16670,5.0,4.5,5.7,2.2,2.9,3.16,Moderate,Gen Z
16671,3.4,1.0,4.4,4.5,4.8,2.34,Moderate,Gen Z
16672,5.8,1.4,8.4,5.6,3.8,3.85,Moderate,Gen Z
16673,3.5,1.4,7.8,0.7,3.0,3.0,High,Gen Z
16674,5.2,1.5,7.5,2.6,4.3,2.55,High,Gen Z
16675,5.2,4.2,6.8,0.5,4.3,2.78,High,Gen Z
16676,2.4,3.5,8.3,2.7,3.9,2.76,Moderate,Gen Z
16677,4.2,1.3,7.4,3.6,4.4,2.57,High,Gen Z
16678,5.7,2.5,6.9,0.8,3.1,2.91,Low,Gen Z
16679,5.2,2.0,8.8,0.8,1.6,2.51,Moderate,Gen Z
16680,5.1,2.7,6.5,3.0,0.0,2.88,High,Gen Z
16681,2.5,1.8,8.1,1.0,4.0,2.51,Moderate,Gen Z
16682,7.1,1.0,6.0,2.9,1.9,3.51,High,Gen Z
16683,5.2,2.5,6.9,3.7,3.1,2.97,Moderate,Gen Z
16684,3.5,1.2,5.9,3.2,2.6,2.97,Low,Gen Z
16685,4.5,3.0,5.9,2.1,4.7,2.57,High,Gen Z
16686,5.8,2.7,6.4,4.7,1.5,3.13,High,Gen Z
16687,2.0,1.7,7.3,5.6,4.1,2.98,High,Gen Z
16688,5.9,3.4,7.2,1.1,3.8,2.43,Moderate,Gen Z
16689,4.4,2.5,6.5,4.4,2.6,3.15,High,Gen Z
16690,6.1,1.3,6.5,4.3,3.2,3.57,Moderate,Gen Z
16691,7.4,3.0,7.2,5.7,2.4,2.76,Moderate,Gen Z
16692,3.9,2.0,8.0,3.3,5.2,2.98,Low,Gen Z
16693,2.3,0.0,6.5,2.1,4.5,2.29,High,Gen Z
16694,4.5,1.7,7.9,2.0,1.6,3.35,Low,Gen Z
16695,2.9,2.6,6.0,4.5,4.0,2.82,High,Gen Z
16696,4.7,3.0,7.1,2.6,3.5,2.94,Moderate,Gen Z
16697,5.0,0.0,5.4,1.7,4.2,2.98,Moderate,Gen Z
16698,4.7,1.6,8.2,1.9,1.4,3.73,High,Gen Z
16699,5.3,1.5,6.7,3.5,1.5,3.08,High,Gen Z
16700,6.6,1.7,6.9,3.7,4.9,3.46,Low,Gen Z
16701,6.5,1.4,8.3,4.8,3.8,3.2,Moderate,Gen Z
16702,7.3,3.4,5.2,2.3,3.3,2.9,High,Gen Z
16703,5.2,0.0,8.5,2.9,3.7,2.72,Moderate,Gen Z
16704,4.5,1.5,7.4,2.9,2.6,2.68,Moderate,Gen Z
16705,7.1,1.4,6.0,2.5,3.7,3.42,High,Gen Z
16706,3.9,1.8,6.9,2.7,2.9,2.89,High,Gen Z
16707,3.4,2.5,6.8,4.1,1.7,2.86,High,Gen Z
16708,4.9,0.0,7.0,1.6,5.1,2.51,High,Gen Z
16709,7.2,3.3,5.6,2.3,3.1,3.03,High,Gen Z
16710,5.3,0.1,6.4,0.6,4.0,2.93,High,Gen Z
16711,5.9,4.3,5.8,3.7,0.0,3.25,High,Gen Z
16712,4.9,1.7,6.8,3.8,1.8,2.92,Low,Gen Z
16713,6.8,1.2,8.3,5.0,4.0,2.6,Moderate,Gen Z
16714,8.6,2.0,6.5,0.2,4.5,3.05,Low,Gen Z
16715,7.1,0.7,6.3,1.6,2.7,2.5,Low,Gen Z
16716,4.5,1.3,6.2,3.6,4.9,3.31,Moderate,Gen Z
16717,5.1,0.0,7.2,2.9,4.5,2.68,High,Gen Z
16718,4.7,4.5,5.5,2.3,4.7,2.49,High,Gen Z
16719,7.1,1.3,6.3,0.0,4.6,3.22,Moderate,Gen Z
16720,4.4,2.0,6.4,4.4,3.2,3.81,Moderate,Gen Z
16721,3.7,2.2,7.0,1.8,4.9,3.61,High,Gen Z
16722,6.5,1.3,6.3,2.1,3.9,3.21,Moderate,Gen Z
16723,3.8,1.0,7.4,4.1,4.5,3.1,High,Gen Z
16724,5.9,0.0,8.0,1.4,4.4,3.55,High,Gen Z
16725,6.3,1.8,6.7,3.9,3.4,3.82,High,Gen Z
16726,3.2,2.4,8.4,4.5,5.0,2.34,High,Gen Z
16727,4.6,3.4,6.6,2.6,3.7,3.09,High,Gen Z
16728,6.3,3.3,9.2,2.2,5.2,2.43,Moderate,Gen Z
16729,6.4,1.9,6.4,3.5,4.7,2.84,High,Gen Z
16730,5.4,1.9,8.2,2.8,1.8,2.69,Moderate,Gen Z
16731,4.7,0.0,6.2,3.1,4.0,3.62,Moderate,Gen Z
16732,5.8,1.3,7.1,3.1,2.3,2.86,Low,Gen Z
16733,2.9,1.2,7.0,3.7,1.4,3.62,Low,Gen Z
16734,5.2,1.5,6.4,3.7,0.4,3.02,Moderate,Gen Z
16735,4.7,2.7,6.1,1.1,5.9,2.62,High,Gen Z
16736,2.7,1.0,7.0,3.8,3.1,3.4,Moderate,Gen Z
16737,6.2,2.5,7.6,4.5,2.8,2.9,High,Gen Z
16738,5.1,1.8,6.8,4.0,6.9,2.99,High,Gen Z
16739,5.2,0.0,6.6,1.8,1.9,3.36,Low,Gen Z
16740,3.9,0.6,7.0,6.3,5.2,2.67,Low,Gen Z
16741,6.8,3.4,6.7,5.3,3.4,3.33,Low,Gen Z
16742,4.1,1.9,6.4,4.3,6.4,3.11,Moderate,Gen Z
16743,7.7,2.4,7.8,1.0,6.8,2.95,High,Gen Z
16744,4.1,1.5,8.2,3.4,3.5,3.1,Low,Gen Z
16745,7.2,1.9,6.1,2.9,3.6,2.93,Moderate,Gen Z
16746,5.4,3.1,6.6,3.3,5.4,3.6,Low,Gen Z
16747,4.6,1.1,8.2,3.6,4.8,2.64,Moderate,Gen Z
16748,3.6,1.7,9.1,3.0,3.4,3.02,High,Gen Z
16749,6.5,2.8,6.7,1.7,4.2,2.94,High,Gen Z
16750,2.7,1.3,7.7,2.5,1.7,2.61,High,Gen Z
16751,5.3,2.7,5.6,0.6,4.5,2.71,Low,Gen Z
16752,7.3,1.4,7.4,5.0,6.8,3.25,High,Gen Z
16753,6.2,0.0,6.3,4.3,6.6,2.53,High,Gen Z
16754,5.7,1.4,7.4,1.9,2.4,2.61,High,Gen Z
16755,3.8,2.6,7.7,2.3,2.2,2.77,High,Gen Z
16756,5.2,1.3,4.6,2.7,3.2,3.41,Moderate,Gen Z
16757,6.8,1.3,6.6,3.4,3.5,2.93,High,Gen Z
16758,6.0,2.2,7.0,3.0,6.8,2.55,Moderate,Gen Z
16759,5.2,1.6,7.5,3.9,4.5,2.84,High,Gen Z
16760,5.8,1.7,6.5,5.1,2.7,2.69,High,Gen Z
16761,4.0,1.0,6.3,4.1,2.8,2.92,Moderate,Gen Z
16762,6.2,2.4,7.1,2.2,1.1,3.57,High,Gen Z
16763,4.5,1.4,8.2,4.6,2.1,2.87,Low,Gen Z
16764,6.7,3.2,6.4,3.1,3.1,3.56,Low,Gen Z
16765,4.3,1.4,5.9,4.3,2.3,3.01,High,Gen Z
16766,2.4,1.6,7.3,1.4,4.1,2.42,Moderate,Gen Z
16767,5.5,1.3,7.6,2.5,2.7,3.5,Low,Gen Z
16768,7.0,0.0,6.5,1.8,4.2,3.11,Moderate,Gen Z
16769,7.5,0.5,8.1,0.0,3.9,3.06,High,Gen Z
16770,3.1,1.2,6.5,1.0,3.5,3.03,Moderate,Gen Z
16771,4.6,3.0,6.1,3.3,5.8,3.22,Moderate,Gen Z
16772,5.1,2.0,6.6,1.5,2.2,2.89,High,Gen Z
16773,5.9,3.4,9.0,2.1,2.4,2.19,High,Gen Z
16774,4.7,1.4,6.8,4.3,1.7,2.64,Moderate,Gen Z
16775,4.6,0.0,7.2,1.9,4.8,2.62,Low,Gen Z
16776,2.7,1.1,4.0,4.7,5.2,3.14,Low,Gen Z
16777,4.8,3.7,6.5,3.5,3.8,3.72,High,Gen Z
16778,6.3,0.0,6.4,3.1,4.3,2.4,Moderate,Gen Z
16779,3.1,1.1,6.9,2.2,4.5,2.7,Low,Gen Z
16780,5.0,1.4,5.2,3.6,7.4,3.09,Moderate,Gen Z
16781,7.4,1.8,5.5,3.0,1.1,2.5,High,Gen Z
16782,3.7,2.2,6.1,2.3,5.1,3.37,Moderate,Gen Z
16783,5.2,2.9,7.2,0.0,3.2,2.79,Moderate,Gen Z
16784,6.0,3.0,7.3,2.8,4.4,3.16,Low,Gen Z
16785,2.5,1.4,5.5,3.7,2.4,3.51,Moderate,Gen Z
16786,6.3,0.0,6.4,2.1,5.1,2.83,Moderate,Gen Z
16787,3.7,2.5,7.8,4.4,2.0,2.87,Moderate,Gen Z
16788,8.4,2.8,8.4,0.8,3.4,3.24,Moderate,Gen Z
16789,7.7,0.4,7.0,3.2,4.4,3.46,Low,Gen Z
16790,6.2,0.0,5.1,3.4,2.4,2.73,High,Gen Z
16791,6.6,3.7,5.7,2.1,4.1,3.98,Low,Gen Z
16792,4.5,2.1,7.3,1.6,2.2,3.03,Moderate,Gen Z
16793,3.9,2.8,7.3,2.1,0.9,3.24,High,Gen Z
16794,5.4,2.6,7.6,3.7,2.4,3.93,High,Gen Z
16795,5.0,2.2,6.3,3.8,6.0,3.32,Moderate,Gen Z
16796,4.1,0.8,8.0,3.6,2.5,3.11,High,Gen Z
16797,7.7,1.3,6.2,3.6,4.2,3.36,High,Gen Z
16798,3.1,2.0,6.5,1.7,2.4,2.22,Moderate,Gen Z
16799,5.7,0.9,7.9,3.5,3.1,2.8,High,Gen Z
16800,4.4,1.9,7.3,2.2,0.6,3.05,Moderate,Gen Z
16801,6.4,2.2,8.1,4.2,1.8,2.96,High,Gen Z
16802,3.7,2.8,8.0,4.7,3.5,3.48,Low,Gen Z
16803,4.4,2.2,5.1,4.4,5.3,3.26,Moderate,Gen Z
16804,4.1,0.9,7.6,2.2,4.1,3.23,High,Gen Z
16805,4.2,3.6,6.8,0.1,7.0,3.39,Moderate,Gen Z
16806,4.7,1.6,8.5,3.3,2.1,2.91,Moderate,Gen Z
16807,5.5,0.7,6.7,2.3,2.7,2.68,Moderate,Gen Z
16808,6.7,1.8,7.9,1.6,0.7,2.88,Moderate,Gen Z
16809,3.4,3.0,6.5,4.4,4.1,3.44,Low,Gen Z
16810,3.6,2.8,6.5,4.9,3.0,2.43,Moderate,Gen Z
16811,6.3,2.1,5.1,3.0,5.4,2.73,High,Gen Z
16812,4.6,0.7,6.3,2.5,4.8,2.84,Moderate,Gen Z
16813,5.5,2.0,7.1,3.3,2.7,2.47,High,Gen Z
16814,4.6,0.0,7.8,1.6,4.4,3.78,Moderate,Gen Z
16815,5.6,3.3,6.2,2.2,5.4,3.02,Moderate,Gen Z
16816,6.6,1.9,6.5,2.8,2.1,2.42,Moderate,Gen Z
16817,7.6,2.4,8.3,1.9,4.5,3.05,Moderate,Gen Z
16818,4.8,0.0,4.9,3.2,1.2,3.21,Moderate,Gen Z
16819,4.1,2.2,5.1,4.6,3.0,3.3,Low,Gen Z
16820,5.6,0.2,6.0,4.3,3.1,2.76,Moderate,Gen Z
16821,7.2,2.1,8.8,2.5,0.9,3.16,Moderate,Gen Z
16822,6.8,1.4,8.0,5.1,3.7,3.36,Moderate,Gen Z
16823,5.7,2.0,8.3,4.5,3.9,2.57,Low,Gen Z
16824,6.3,1.1,6.4,3.2,3.3,2.83,High,Gen Z
16825,7.3,1.3,6.8,4.7,3.4,3.3,Moderate,Gen Z
16826,4.0,1.2,7.0,1.4,3.5,2.67,High,Gen Z
16827,2.0,0.0,9.4,3.3,2.3,3.34,Moderate,Gen Z
16828,6.1,1.8,6.0,0.8,4.0,3.75,Moderate,Gen Z
16829,2.8,0.4,6.6,0.0,1.2,3.0,Moderate,Gen Z
16830,2.8,2.8,6.0,3.0,4.7,2.75,Low,Gen Z
16831,7.6,2.0,7.0,3.2,4.7,2.95,High,Gen Z
16832,5.9,1.2,6.8,4.5,1.9,3.0,High,Gen Z
16833,5.1,0.6,7.3,1.8,5.0,3.44,High,Gen Z
16834,5.7,1.4,6.7,4.0,1.8,3.68,High,Gen Z
16835,5.1,0.0,5.9,3.3,5.8,3.37,Low,Gen Z
16836,4.3,2.1,7.5,2.8,2.0,3.32,High,Gen Z
16837,7.8,2.5,5.8,0.8,5.4,2.15,High,Gen Z
16838,6.1,2.9,7.0,3.2,5.1,2.68,Moderate,Gen Z
16839,5.5,2.6,7.8,2.9,2.7,2.75,Moderate,Gen Z
16840,2.8,0.0,5.2,2.7,5.1,2.89,Moderate,Gen Z
16841,3.8,2.7,7.7,3.4,1.6,2.77,Low,Gen Z
16842,4.3,1.8,5.4,2.7,1.0,3.08,High,Gen Z
16843,4.0,2.0,6.9,0.8,3.4,2.36,High,Gen Z
16844,3.0,2.3,9.2,4.2,3.7,2.94,Low,Gen Z
16845,6.5,0.0,5.5,2.1,4.6,3.24,High,Gen Z
16846,5.3,1.7,4.0,4.4,3.7,2.26,Low,Gen Z
16847,5.2,0.1,8.0,4.8,3.1,2.99,High,Gen Z
16848,4.6,1.5,7.3,5.7,3.5,2.53,High,Gen Z
16849,7.6,1.9,8.1,5.1,4.3,3.22,Moderate,Gen Z
16850,7.0,2.7,7.0,5.8,2.1,2.84,Low,Gen Z
16851,3.5,1.5,9.0,2.8,3.2,2.92,Low,Gen Z
16852,7.0,0.9,7.9,3.0,3.5,3.22,Moderate,Gen Z
16853,5.7,1.7,5.4,2.7,3.1,3.34,Low,Gen Z
16854,6.4,2.1,8.0,1.8,1.7,3.01,Moderate,Gen Z
16855,4.8,2.3,6.3,3.0,3.8,2.85,Moderate,Gen Z
16856,7.2,4.1,4.9,3.4,4.1,2.84,Moderate,Gen Z
16857,5.4,2.6,8.1,3.3,4.5,2.8,High,Gen Z
16858,3.5,3.3,7.4,3.8,5.2,2.79,Moderate,Gen Z
16859,5.0,2.3,8.2,3.6,1.0,2.95,High,Gen Z
16860,2.6,3.3,7.9,3.0,3.7,2.85,Moderate,Gen Z
16861,7.2,1.8,7.6,1.8,5.7,2.77,Low,Gen Z
16862,7.9,3.1,5.2,2.9,4.5,2.81,Low,Gen Z
16863,4.2,1.9,6.6,6.2,5.6,2.64,Low,Gen Z
16864,4.3,2.6,9.1,3.0,5.0,2.73,High,Gen Z
16865,7.8,3.4,7.5,5.8,3.6,2.7,High,Gen Z
16866,5.1,0.4,7.4,3.4,5.0,3.26,Moderate,Gen Z
16867,4.3,1.5,7.1,4.9,5.1,3.25,Low,Gen Z
16868,6.6,2.3,7.9,2.2,4.6,2.83,Low,Gen Z
16869,5.0,2.0,6.9,0.6,5.5,2.81,High,Gen Z
16870,4.6,2.1,6.2,2.9,3.6,3.35,Moderate,Gen Z
16871,5.8,1.2,7.4,1.6,5.9,3.53,Moderate,Gen Z
16872,5.7,0.0,7.1,2.8,2.6,2.88,High,Gen Z
16873,9.6,2.1,6.9,4.4,1.6,3.63,Low,Gen Z
16874,4.8,0.3,6.9,3.4,5.5,3.16,High,Gen Z
16875,4.9,1.7,7.4,1.3,6.4,3.06,High,Gen Z
16876,5.0,2.9,6.8,4.1,3.9,2.73,Low,Gen Z
16877,5.6,1.1,8.8,4.6,3.0,3.18,Moderate,Gen Z
16878,5.4,1.9,8.4,1.7,5.8,3.94,High,Gen Z
16879,4.8,1.6,6.9,5.4,4.1,2.9,High,Gen Z
16880,3.5,1.3,7.0,0.5,1.4,2.78,Low,Gen Z
16881,4.9,1.5,9.0,1.7,2.9,2.88,Moderate,Gen Z
16882,2.9,0.0,7.2,0.7,4.7,2.84,High,Gen Z
16883,2.8,1.2,6.7,3.4,7.1,2.47,High,Gen Z
16884,4.8,2.7,5.6,3.7,4.3,2.84,Low,Gen Z
16885,4.0,1.7,7.2,1.4,5.2,3.0,High,Gen Z
16886,4.8,1.4,8.7,4.1,3.0,3.23,High,Gen Z
16887,4.3,2.4,6.3,3.0,4.7,2.85,Moderate,Gen Z
16888,6.1,1.8,8.4,2.0,6.0,2.94,Moderate,Gen Z
16889,3.6,1.3,7.4,4.4,5.8,3.28,Moderate,Gen Z
16890,3.6,4.2,7.4,0.0,2.1,3.07,Low,Gen Z
16891,6.3,1.2,8.6,3.9,6.6,2.45,High,Gen Z
16892,5.8,2.4,8.4,2.4,2.1,3.03,High,Gen Z
16893,4.9,3.6,5.9,3.8,3.7,3.49,Low,Gen Z
16894,4.3,2.3,5.8,1.0,6.7,3.31,Low,Gen Z
16895,6.0,3.0,7.2,6.0,2.0,2.69,High,Gen Z
16896,5.7,1.3,7.7,5.5,5.3,3.07,Low,Gen Z
16897,4.2,2.0,7.2,0.9,3.9,2.31,High,Gen Z
16898,4.6,2.7,7.1,1.3,2.7,2.87,High,Gen Z
16899,2.5,2.5,6.6,2.7,3.3,2.76,High,Gen Z
16900,3.1,2.7,7.6,4.2,4.5,2.41,Moderate,Gen Z
16901,5.4,3.1,7.8,3.8,4.6,3.41,Moderate,Gen Z
16902,4.4,0.0,6.0,1.3,3.7,3.2,Moderate,Gen Z
16903,2.4,1.0,6.2,3.5,4.7,2.72,High,Gen Z
16904,3.1,3.7,8.1,2.7,4.2,3.08,Low,Gen Z
16905,6.2,1.5,8.8,4.4,3.5,3.26,High,Gen Z
16906,5.2,2.3,8.5,2.0,3.2,2.73,High,Gen Z
16907,6.2,0.9,7.5,2.2,3.8,3.05,Low,Gen Z
16908,6.1,0.0,6.9,3.3,1.8,2.81,Low,Gen Z
16909,3.3,1.8,7.5,2.6,4.1,2.88,Moderate,Gen Z
16910,6.7,2.7,8.5,0.1,6.8,2.89,High,Gen Z
16911,3.3,1.8,8.0,5.3,3.9,2.86,High,Gen Z
16912,8.4,3.1,6.5,0.0,2.7,3.14,Moderate,Gen Z
16913,3.8,1.8,6.4,3.4,5.6,3.18,Moderate,Gen Z
16914,7.6,2.8,6.6,1.3,3.4,2.65,High,Gen Z
16915,5.0,2.3,7.3,3.9,4.5,2.4,Moderate,Gen Z
16916,5.9,1.5,6.1,1.2,3.9,2.53,Low,Gen Z
16917,8.5,2.7,5.3,0.8,2.7,2.67,High,Gen Z
16918,6.8,2.3,6.1,2.2,4.0,3.21,High,Gen Z
16919,1.8,2.5,6.2,3.2,2.6,2.54,Moderate,Gen Z
16920,5.3,1.2,6.6,3.0,2.9,2.52,High,Gen Z
16921,6.5,2.4,7.7,1.2,4.5,2.32,Low,Gen Z
16922,6.5,2.7,6.8,1.1,6.2,2.48,High,Gen Z
16923,2.3,1.0,8.5,2.7,2.0,2.94,Moderate,Gen Z
16924,7.5,4.8,6.9,4.5,2.7,3.01,Low,Gen Z
16925,6.6,2.7,5.8,3.6,6.2,3.1,Moderate,Gen Z
16926,5.9,2.7,8.3,3.6,3.6,2.47,Moderate,Gen Z
16927,6.1,3.0,6.1,3.1,4.0,3.06,Low,Gen Z
16928,4.2,1.3,8.1,3.7,5.7,3.63,High,Gen Z
16929,4.6,3.1,5.9,0.3,1.2,3.14,High,Gen Z
16930,6.9,1.8,7.7,4.2,3.4,2.88,Moderate,Gen Z
16931,5.2,1.7,6.4,1.8,5.4,3.36,Moderate,Gen Z
16932,7.0,0.0,5.8,0.0,6.6,3.41,Low,Gen Z
16933,6.1,2.0,6.6,3.0,4.2,3.06,Moderate,Gen Z
16934,5.8,1.2,6.8,4.4,4.1,3.11,Moderate,Gen Z
16935,7.9,2.8,6.7,3.2,6.3,2.09,Moderate,Gen Z
16936,5.6,0.0,5.2,6.4,3.5,3.7,Low,Gen Z
16937,6.8,1.9,7.2,3.1,1.9,2.99,Moderate,Gen Z
16938,6.4,0.9,7.9,4.3,2.5,2.53,Moderate,Gen Z
16939,4.7,2.0,9.2,1.6,3.4,2.73,Low,Gen Z
16940,5.5,3.3,6.7,1.5,2.7,2.65,High,Gen Z
16941,6.9,2.5,6.8,2.6,5.3,3.42,High,Gen Z
16942,7.0,1.6,7.4,2.4,5.7,3.18,Moderate,Gen Z
16943,4.6,0.6,8.8,2.6,3.5,3.75,High,Gen Z
16944,4.6,3.0,8.3,2.2,5.1,3.03,High,Gen Z
16945,5.7,2.9,7.3,0.9,8.0,2.94,High,Gen Z
16946,5.2,0.9,7.3,1.6,5.7,2.88,Low,Gen Z
16947,4.2,2.1,7.9,3.0,4.4,2.83,Low,Gen Z
16948,6.6,0.0,6.8,3.3,3.5,3.25,Moderate,Gen Z
16949,7.3,2.7,7.4,4.3,3.3,2.87,High,Gen Z
16950,3.9,1.7,8.7,2.1,2.1,3.74,High,Gen Z
16951,5.0,2.3,5.9,2.1,2.9,2.9,High,Gen Z
16952,3.9,3.9,7.4,4.2,4.2,2.33,High,Gen Z
16953,5.1,3.8,6.6,1.6,1.0,2.52,Moderate,Gen Z
16954,4.3,2.3,6.3,2.5,6.1,2.96,Low,Gen Z
16955,6.0,1.1,4.6,2.7,4.0,2.46,Low,Gen Z
16956,6.1,2.5,6.4,1.7,5.0,3.46,Low,Gen Z
16957,6.5,0.5,6.5,1.7,5.5,3.34,High,Gen Z
16958,4.3,1.6,7.5,3.3,3.9,2.84,High,Gen Z
16959,2.4,0.8,7.8,3.6,3.0,2.73,High,Gen Z
16960,5.6,1.2,7.1,2.5,2.9,3.01,Moderate,Gen Z
16961,5.3,2.9,7.8,0.0,3.3,3.18,High,Gen Z
16962,4.1,2.8,8.5,2.8,3.8,2.82,High,Gen Z
16963,6.2,1.5,8.4,1.3,2.2,3.42,Moderate,Gen Z
16964,7.5,2.8,8.2,3.5,2.5,2.45,High,Gen Z
16965,1.8,2.6,4.9,5.4,3.9,2.71,Moderate,Gen Z
16966,4.3,0.0,7.4,3.4,4.6,3.42,High,Gen Z
16967,6.2,2.3,7.9,3.4,4.4,2.98,Moderate,Gen Z
16968,4.6,1.1,5.9,3.8,2.4,2.56,High,Gen Z
16969,6.8,0.0,7.8,5.3,3.3,3.19,Moderate,Gen Z
16970,5.1,1.2,8.6,2.5,2.8,2.77,Moderate,Gen Z
16971,2.9,0.5,8.2,3.9,1.8,3.42,High,Gen Z
16972,3.6,0.6,7.1,2.3,5.8,3.0,High,Gen Z
16973,3.9,2.5,7.4,1.8,2.4,3.48,High,Gen Z
16974,5.0,1.7,5.7,3.4,5.8,3.02,High,Gen Z
16975,4.1,2.1,7.2,4.0,2.6,3.58,Low,Gen Z
16976,7.7,2.1,7.7,3.8,3.4,2.81,Low,Gen Z
16977,6.4,1.5,6.3,2.6,4.2,3.16,High,Gen Z
16978,3.6,2.0,7.6,1.5,3.2,3.52,Low,Gen Z
16979,5.7,3.5,6.4,4.2,2.5,3.22,High,Gen Z
16980,3.8,2.9,5.9,1.5,2.8,3.06,High,Gen Z
16981,6.7,1.1,6.7,1.6,3.1,2.96,High,Gen Z
16982,5.0,0.0,7.7,2.4,2.6,3.49,Moderate,Gen Z
16983,5.7,0.8,7.1,2.4,4.6,3.02,High,Gen Z
16984,4.9,3.2,6.7,3.4,3.3,3.17,Low,Gen Z
16985,3.0,1.7,9.2,5.1,4.2,3.43,Moderate,Gen Z
16986,3.7,0.1,7.3,4.4,6.0,2.75,Low,Gen Z
16987,2.7,1.4,6.9,2.4,1.8,2.46,High,Gen Z
16988,3.8,2.3,6.3,3.7,7.6,2.9,Moderate,Gen Z
16989,6.3,2.9,7.7,1.7,4.1,2.9,Low,Gen Z
16990,5.0,3.8,6.5,0.5,5.6,2.84,Moderate,Gen Z
16991,5.6,2.8,7.4,3.7,1.8,2.99,Low,Gen Z
16992,7.3,1.7,7.2,1.2,6.5,2.61,Moderate,Gen Z
16993,4.3,1.1,9.3,3.6,1.6,3.32,Low,Gen Z
16994,5.2,2.0,6.6,3.3,2.8,3.15,Low,Gen Z
16995,4.7,1.7,7.5,2.9,3.0,2.94,Moderate,Gen Z
16996,5.3,2.9,7.7,2.0,5.5,2.3,High,Gen Z
16997,5.1,0.0,8.0,4.0,6.1,2.72,Low,Gen Z
16998,5.3,0.7,5.4,1.8,1.6,3.06,Moderate,Gen Z
16999,6.2,2.7,9.1,3.4,6.3,2.67,High,Gen Z
17000,5.8,2.5,7.5,2.2,4.1,2.96,High,Gen Z
17001,7.2,1.1,7.3,2.4,1.8,2.74,High,Gen Z
17002,7.5,1.1,6.4,3.6,2.3,3.57,Moderate,Gen Z
17003,5.6,2.9,6.2,4.9,3.7,3.18,Moderate,Gen Z
17004,5.0,1.9,7.4,3.7,3.9,2.82,Moderate,Gen Z
17005,5.0,0.1,6.9,6.0,2.6,2.85,Moderate,Gen Z
17006,3.8,2.0,7.0,4.2,4.2,3.08,Moderate,Gen Z
17007,5.5,2.4,6.7,0.7,4.9,2.58,Moderate,Gen Z
17008,3.8,3.7,6.7,1.5,1.4,3.16,Moderate,Gen Z
17009,6.4,1.7,6.9,5.4,3.0,2.93,High,Gen Z
17010,5.3,0.7,6.0,0.8,2.2,3.31,Moderate,Gen Z
17011,6.4,1.4,5.8,1.9,2.4,3.25,Low,Gen Z
17012,4.9,1.7,6.1,2.9,3.1,2.6,High,Gen Z
17013,5.1,2.7,7.5,3.3,3.2,3.48,High,Gen Z
17014,4.3,2.6,8.3,2.7,3.0,2.89,High,Gen Z
17015,5.9,0.0,7.6,5.4,3.9,3.11,Moderate,Gen Z
17016,5.5,3.8,7.0,4.7,3.2,3.07,High,Gen Z
17017,5.6,1.0,8.5,3.1,3.3,2.12,Moderate,Gen Z
17018,4.7,0.9,6.2,5.6,1.7,2.75,Moderate,Gen Z
17019,5.4,1.4,8.7,2.3,1.5,3.64,High,Gen Z
17020,8.2,0.2,6.1,5.5,4.7,3.2,Low,Gen Z
17021,6.2,1.7,7.0,2.4,4.4,3.54,Moderate,Gen Z
17022,6.1,1.7,6.8,2.6,8.0,2.64,High,Gen Z
17023,5.4,1.0,6.2,2.9,4.5,2.69,Moderate,Gen Z
17024,5.9,2.5,6.4,4.9,1.4,3.7,High,Gen Z
17025,3.8,0.4,5.6,4.3,4.0,2.82,Low,Gen Z
17026,5.2,0.6,7.5,4.5,5.4,3.48,Low,Gen Z
17027,4.1,0.7,8.5,4.3,3.7,3.23,Low,Gen Z
17028,5.7,1.9,8.9,8.0,1.1,2.84,Moderate,Gen Z
17029,4.8,3.0,8.1,0.0,0.6,2.8,Moderate,Gen Z
17030,7.2,2.4,7.0,1.9,5.0,3.32,Moderate,Gen Z
17031,4.4,1.4,7.4,3.2,4.1,2.93,Moderate,Gen Z
17032,3.9,0.9,5.0,3.8,5.1,3.24,Low,Gen Z
17033,7.6,1.3,6.7,1.4,3.3,2.66,Moderate,Gen Z
17034,6.5,2.5,6.6,3.6,5.9,2.9,Low,Gen Z
17035,5.8,1.9,6.4,3.0,2.8,2.79,High,Gen Z
17036,5.0,0.4,6.4,3.5,2.9,2.51,Low,Gen Z
17037,5.6,2.7,5.5,4.7,0.8,3.31,Moderate,Gen Z
17038,8.5,4.0,7.5,5.2,2.3,2.98,Moderate,Gen Z
17039,5.2,4.2,6.9,2.4,4.8,2.78,High,Gen Z
17040,3.7,2.9,6.8,0.0,3.7,3.11,Low,Gen Z
17041,3.4,0.9,7.0,4.1,3.8,2.64,High,Gen Z
17042,7.3,1.8,6.9,3.7,4.2,2.87,Low,Gen Z
17043,2.0,1.6,6.9,1.4,5.2,2.73,High,Gen Z
17044,3.0,0.3,7.0,2.2,3.3,2.73,High,Gen Z
17045,4.8,2.4,6.7,2.8,5.5,2.4,High,Gen Z
17046,3.2,1.3,6.9,3.0,4.4,3.31,High,Gen Z
17047,3.6,3.0,4.4,4.2,6.4,2.98,High,Gen Z
17048,3.5,0.7,7.1,1.3,2.7,3.38,High,Gen Z
17049,4.0,2.0,10.0,2.7,3.3,2.94,Low,Gen Z
17050,4.0,0.7,6.5,5.1,4.4,2.91,Low,Gen Z
17051,4.4,0.9,6.6,1.2,3.3,3.16,Moderate,Gen Z
17052,4.4,1.9,7.6,2.6,4.7,3.23,High,Gen Z
17053,3.9,0.1,7.1,3.6,1.9,2.43,Moderate,Gen Z
17054,5.7,2.4,5.9,1.4,2.3,3.19,Moderate,Gen Z
17055,5.1,1.2,5.0,1.0,3.4,2.8,High,Gen Z
17056,5.8,0.5,5.8,4.6,2.9,2.78,Low,Gen Z
17057,7.1,2.6,5.4,3.6,2.7,3.16,Moderate,Gen Z
17058,4.9,1.0,7.4,3.8,2.5,3.14,High,Gen Z
17059,4.6,1.3,7.3,1.1,5.4,2.9,Low,Gen Z
17060,5.9,2.7,8.0,1.9,4.2,2.54,Low,Gen Z
17061,7.2,4.0,5.0,1.9,3.6,3.18,Moderate,Gen Z
17062,2.4,0.8,7.7,2.7,6.3,3.9,High,Gen Z
17063,5.7,3.7,7.6,1.5,2.8,2.56,Moderate,Gen Z
17064,4.9,0.8,8.6,2.4,2.7,2.94,Moderate,Gen Z
17065,5.8,0.2,4.7,2.9,3.0,3.42,Low,Gen Z
17066,3.5,0.5,6.5,2.3,3.2,3.27,Low,Gen Z
17067,4.8,2.8,7.7,4.2,2.0,2.63,Low,Gen Z
17068,7.7,1.8,6.3,4.1,2.3,2.86,High,Gen Z
17069,2.9,1.6,5.8,1.8,4.9,3.22,High,Gen Z
17070,5.5,4.0,6.2,0.9,1.3,2.59,High,Gen Z
17071,4.4,2.0,7.5,3.2,1.8,2.74,Moderate,Gen Z
17072,4.0,1.6,7.0,3.4,5.4,3.47,Low,Gen Z
17073,8.0,2.4,5.9,1.2,4.5,2.97,Moderate,Gen Z
17074,3.7,2.0,7.2,3.9,5.3,2.83,High,Gen Z
17075,3.7,1.7,7.6,1.2,7.7,2.34,Low,Gen Z
17076,3.3,3.4,5.9,2.5,3.7,3.14,High,Gen Z
17077,5.5,2.7,10.0,3.8,1.0,2.98,High,Gen Z
17078,5.6,2.6,7.1,0.0,4.5,2.67,Moderate,Gen Z
17079,9.3,2.2,7.8,2.2,3.7,3.04,Moderate,Gen Z
17080,4.1,1.7,8.2,2.9,5.5,3.41,Low,Gen Z
17081,7.8,2.1,7.1,2.3,2.5,1.97,Low,Gen Z
17082,6.0,2.1,7.7,2.3,1.9,3.05,Low,Gen Z
17083,5.0,1.5,6.5,4.3,4.3,3.64,High,Gen Z
17084,5.6,1.6,6.6,5.9,4.3,3.07,Moderate,Gen Z
17085,4.4,1.8,6.4,2.4,4.7,3.1,Moderate,Gen Z
17086,6.1,2.3,6.0,2.8,2.7,3.05,Low,Gen Z
17087,7.3,0.9,5.2,3.2,6.2,2.69,Low,Gen Z
17088,6.1,1.9,5.9,3.2,4.6,3.68,High,Gen Z
17089,5.5,1.7,6.9,3.1,3.1,3.1,Low,Gen Z
17090,4.7,1.9,6.3,5.9,2.8,2.72,Moderate,Gen Z
17091,2.7,1.4,7.7,2.0,0.5,2.52,High,Gen Z
17092,5.4,1.5,6.1,5.2,3.4,2.73,High,Gen Z
17093,4.4,1.0,6.7,1.7,2.9,2.85,Moderate,Gen Z
17094,3.4,3.5,6.3,4.7,2.7,2.96,High,Gen Z
17095,7.9,2.4,6.2,3.3,4.3,3.51,High,Gen Z
17096,4.9,0.7,7.4,1.5,1.6,3.02,Moderate,Gen Z
17097,5.6,2.6,6.1,4.0,6.4,2.76,Moderate,Gen Z
17098,3.5,1.2,6.8,3.8,5.3,3.09,Moderate,Gen Z
17099,5.2,0.8,6.1,1.7,2.9,2.4,High,Gen Z
17100,4.6,1.5,6.1,3.4,4.1,3.02,Low,Gen Z
17101,1.6,1.9,5.6,3.1,3.3,3.38,High,Gen Z
17102,5.0,2.7,7.8,3.5,3.5,2.97,High,Gen Z
17103,5.6,2.5,6.9,2.3,2.9,3.06,High,Gen Z
17104,6.7,1.4,6.5,3.4,3.0,3.29,High,Gen Z
17105,4.0,2.3,8.3,3.6,3.1,3.23,Moderate,Gen Z
17106,7.5,2.3,7.8,2.2,1.9,2.79,Moderate,Gen Z
17107,5.5,0.3,7.9,1.8,5.8,2.6,High,Gen Z
17108,5.4,3.5,6.8,3.2,5.6,2.52,High,Gen Z
17109,4.9,1.2,9.1,3.4,2.7,3.26,High,Gen Z
17110,7.5,1.3,9.4,3.4,3.9,2.8,Moderate,Gen Z
17111,4.5,2.2,5.1,3.7,3.5,3.22,Moderate,Gen Z
17112,4.5,2.0,8.1,2.1,5.3,3.46,High,Gen Z
17113,5.0,2.3,7.0,4.6,2.7,2.9,Moderate,Gen Z
17114,5.6,4.1,7.8,1.9,1.7,2.88,Moderate,Gen Z
17115,9.2,0.0,6.4,4.6,5.0,2.98,High,Gen Z
17116,4.1,2.3,6.8,2.9,3.6,2.96,Low,Gen Z
17117,8.0,0.7,6.7,2.1,4.0,2.69,High,Gen Z
17118,5.7,0.3,7.6,2.0,2.9,3.11,High,Gen Z
17119,6.3,1.3,7.0,5.9,5.6,3.02,Low,Gen Z
17120,5.5,2.8,6.7,4.2,2.9,3.44,High,Gen Z
17121,3.6,1.1,7.1,3.4,1.6,3.25,Moderate,Gen Z
17122,5.2,2.5,7.5,3.1,2.9,2.67,High,Gen Z
17123,3.4,1.2,6.4,0.0,3.5,3.31,Moderate,Gen Z
17124,3.5,1.0,7.3,3.0,6.0,2.11,Moderate,Gen Z
17125,5.5,1.9,5.8,4.7,2.1,2.87,High,Gen Z
17126,2.7,0.5,8.3,4.1,1.0,2.6,Moderate,Gen Z
17127,4.1,0.8,6.7,3.5,3.2,3.54,Moderate,Gen Z
17128,5.1,2.8,6.5,2.7,3.2,2.84,High,Gen Z
17129,4.2,2.0,6.4,4.4,4.2,3.11,High,Gen Z
17130,6.1,2.9,7.0,2.2,2.7,3.09,Moderate,Gen Z
17131,4.6,1.6,7.5,0.6,3.6,2.8,High,Gen Z
17132,3.6,2.2,8.1,0.0,2.5,3.44,Moderate,Gen Z
17133,4.8,1.8,6.9,5.3,4.1,2.94,High,Gen Z
17134,3.2,1.6,7.2,4.0,3.0,3.05,Moderate,Gen Z
17135,4.4,2.6,5.9,1.8,3.7,2.35,High,Gen Z
17136,5.5,1.3,6.9,4.2,2.2,3.01,Moderate,Gen Z
17137,6.2,2.7,7.2,4.5,4.8,3.12,Low,Gen Z
17138,9.1,3.2,5.6,3.4,3.3,3.35,High,Gen Z
17139,6.4,0.9,5.1,3.5,1.9,3.12,High,Gen Z
17140,6.3,2.1,7.0,1.9,2.3,3.06,Moderate,Gen Z
17141,5.4,2.4,6.1,0.0,2.4,3.12,Low,Gen Z
17142,4.7,2.9,7.0,1.1,6.6,2.65,Moderate,Gen Z
17143,6.0,0.2,8.3,2.1,7.3,2.89,Moderate,Gen Z
17144,4.3,3.5,6.8,2.6,3.0,3.28,High,Gen Z
17145,6.0,0.6,7.0,4.1,4.9,3.1,High,Gen Z
17146,3.8,0.0,6.9,3.5,7.2,3.68,Moderate,Gen Z
17147,4.1,1.9,6.6,3.3,4.5,2.72,Moderate,Gen Z
17148,6.0,1.8,8.5,1.6,3.9,3.43,Moderate,Gen Z
17149,4.4,0.9,7.3,2.2,4.0,2.8,High,Gen Z
17150,4.7,1.5,7.7,2.6,4.4,3.32,High,Gen Z
17151,9.0,1.3,6.6,2.8,4.8,2.38,Moderate,Gen Z
17152,6.4,2.5,7.2,4.0,3.6,3.18,High,Gen Z
17153,4.1,0.8,6.7,4.1,2.1,3.8,Moderate,Gen Z
17154,3.7,2.5,8.7,3.6,3.4,3.59,Moderate,Gen Z
17155,4.4,0.4,8.2,1.7,5.8,2.9,Moderate,Gen Z
17156,5.0,1.1,5.5,3.5,2.8,3.15,High,Gen Z
17157,7.4,1.5,7.2,1.4,0.8,2.58,High,Gen Z
17158,7.5,1.6,6.6,4.2,3.5,2.42,Moderate,Gen Z
17159,4.6,0.0,7.6,0.9,5.6,2.76,Low,Gen Z
17160,5.7,1.7,5.4,2.9,4.1,2.52,High,Gen Z
17161,4.1,1.7,6.6,5.2,4.5,2.68,High,Gen Z
17162,3.1,1.3,6.8,3.9,0.0,2.81,Moderate,Gen Z
17163,6.3,3.1,5.5,4.3,1.7,2.9,High,Gen Z
17164,3.3,2.1,7.3,3.6,4.2,2.96,Low,Gen Z
17165,1.0,2.7,6.6,4.9,1.0,3.32,Low,Gen Z
17166,3.8,2.2,8.5,1.8,3.2,3.18,Low,Gen Z
17167,3.2,1.2,6.7,2.3,5.5,3.22,High,Gen Z
17168,5.5,0.7,6.5,4.2,7.4,2.86,Moderate,Gen Z
17169,3.6,0.1,6.7,3.0,6.1,2.87,High,Gen Z
17170,5.5,1.5,4.9,1.9,4.1,3.48,Moderate,Gen Z
17171,4.5,2.3,6.9,0.0,2.2,2.86,Moderate,Gen Z
17172,4.7,2.5,5.2,3.2,2.2,3.06,High,Gen Z
17173,4.6,2.3,7.4,4.3,5.5,2.6,High,Gen Z
17174,4.1,2.9,7.7,5.4,4.8,3.93,Low,Gen Z
17175,4.3,1.6,6.9,4.3,4.0,3.42,Moderate,Gen Z
17176,2.4,3.0,5.8,4.0,1.2,2.75,High,Gen Z
17177,6.5,1.9,7.2,0.3,4.1,3.23,Moderate,Gen Z
17178,5.9,0.0,5.9,4.9,1.5,2.88,Moderate,Gen Z
17179,6.2,1.9,5.9,1.3,3.8,2.94,Moderate,Gen Z
17180,5.6,0.7,5.9,2.5,5.2,3.14,High,Gen Z
17181,3.7,0.6,7.0,1.3,6.2,3.09,High,Gen Z
17182,4.5,1.7,7.4,3.0,6.4,3.01,High,Gen Z
17183,4.6,1.5,6.2,2.3,4.0,2.23,Moderate,Gen Z
17184,4.1,5.8,7.1,1.7,3.7,2.85,High,Gen Z
17185,4.3,1.9,6.6,3.2,7.0,2.78,High,Gen Z
17186,4.9,2.1,6.3,1.5,3.5,3.23,High,Gen Z
17187,6.0,0.0,7.9,2.2,0.9,3.3,Low,Gen Z
17188,5.8,3.5,6.2,5.5,3.1,2.94,Moderate,Gen Z
17189,6.2,1.1,7.5,3.6,3.0,3.33,High,Gen Z
17190,6.0,3.2,7.4,1.6,3.9,3.28,Moderate,Gen Z
17191,4.7,1.7,8.0,1.7,2.4,2.63,High,Gen Z
17192,5.7,1.3,7.6,3.6,3.7,2.99,Moderate,Gen Z
17193,6.3,2.2,7.3,5.2,3.7,2.85,Moderate,Gen Z
17194,5.4,2.7,6.5,0.4,3.9,3.01,High,Gen Z
17195,6.2,0.3,5.6,4.0,4.0,3.1,Low,Gen Z
17196,7.7,1.3,7.2,1.8,2.0,3.04,Moderate,Gen Z
17197,4.0,0.1,6.7,2.0,1.1,2.94,Moderate,Gen Z
17198,3.6,3.4,7.9,2.1,3.3,3.1,High,Gen Z
17199,6.9,2.4,6.4,2.9,3.9,3.18,High,Gen Z
17200,5.4,0.9,6.8,5.4,2.9,3.27,Low,Gen Z
17201,6.7,3.4,7.2,2.9,1.4,3.0,Moderate,Gen Z
17202,4.6,0.9,8.2,5.3,3.0,2.65,High,Gen Z
17203,4.6,1.3,7.4,1.9,3.2,3.03,Low,Gen Z
17204,4.6,1.6,7.0,2.8,4.0,2.86,Low,Gen Z
17205,5.2,2.3,7.0,3.7,3.4,2.92,High,Gen Z
17206,5.5,1.1,6.8,1.6,1.2,2.96,High,Gen Z
17207,4.2,0.4,6.9,3.7,5.4,3.12,High,Gen Z
17208,4.3,0.0,7.9,2.7,2.7,3.63,Moderate,Gen Z
17209,5.8,2.8,5.1,4.1,3.7,3.78,Moderate,Gen Z
17210,6.1,2.8,7.0,0.8,2.8,3.28,High,Gen Z
17211,5.2,0.6,7.6,3.0,4.8,3.14,Moderate,Gen Z
17212,3.9,2.1,6.8,0.7,4.4,2.67,Moderate,Gen Z
17213,6.6,1.7,7.3,2.6,4.2,2.86,High,Gen Z
17214,6.6,1.7,5.2,5.4,3.4,3.0,Moderate,Gen Z
17215,6.0,1.9,6.1,0.6,5.2,2.71,Low,Gen Z
17216,2.7,0.4,7.3,2.2,0.7,3.92,Moderate,Gen Z
17217,7.3,2.2,6.1,3.5,3.6,2.57,High,Gen Z
17218,5.5,2.0,6.3,2.7,5.6,2.77,Low,Gen Z
17219,3.5,2.5,8.0,3.8,4.5,2.93,Moderate,Gen Z
17220,4.6,2.0,6.7,0.9,1.6,2.98,Low,Gen Z
17221,4.3,2.9,6.4,3.6,6.0,2.99,High,Gen Z
17222,6.8,1.0,7.3,3.5,4.0,3.34,Moderate,Gen Z
17223,4.7,1.7,8.2,4.2,5.7,3.07,Moderate,Gen Z
17224,4.7,1.5,7.3,2.8,5.1,3.36,Moderate,Gen Z
17225,1.0,2.4,6.1,1.8,2.2,3.46,Low,Gen Z
17226,4.0,1.1,7.3,3.9,3.0,2.79,High,Gen Z
17227,7.9,2.5,8.0,2.2,4.5,2.55,High,Gen Z
17228,5.0,1.4,7.7,6.0,1.4,3.28,Moderate,Gen Z
17229,4.5,1.6,6.4,1.9,5.1,3.3,High,Gen Z
17230,5.1,0.0,5.2,3.1,7.1,2.82,Moderate,Gen Z
17231,4.5,1.2,7.9,2.9,5.0,3.49,High,Gen Z
17232,4.8,3.3,6.3,2.6,3.4,2.92,High,Gen Z
17233,5.0,1.3,8.5,4.4,3.9,3.5,High,Gen Z
17234,2.4,1.6,7.9,3.8,3.2,2.99,Moderate,Gen Z
17235,6.7,2.4,4.5,3.7,0.2,2.84,Low,Gen Z
17236,4.8,0.1,9.4,1.7,4.1,2.98,High,Gen Z
17237,5.1,2.5,7.6,0.5,5.2,3.24,High,Gen Z
17238,3.6,0.3,7.5,4.5,7.9,3.74,High,Gen Z
17239,2.9,0.4,8.9,5.0,2.3,2.97,High,Gen Z
17240,6.3,3.0,7.8,2.9,4.2,3.02,Moderate,Gen Z
17241,4.3,1.6,7.4,2.8,5.3,2.99,Moderate,Gen Z
17242,5.3,1.8,6.3,3.2,3.4,2.61,High,Gen Z
17243,7.6,0.7,5.6,1.6,3.1,2.6,High,Gen Z
17244,3.1,2.0,8.1,2.3,2.6,3.02,Moderate,Gen Z
17245,5.0,0.7,6.2,4.7,3.7,3.31,Moderate,Gen Z
17246,5.3,1.2,6.5,4.2,4.4,2.54,Moderate,Gen Z
17247,5.5,2.2,6.1,2.5,2.3,3.13,High,Gen Z
17248,4.1,2.5,6.1,3.2,4.1,2.93,Low,Gen Z
17249,6.0,1.8,7.4,1.6,3.3,3.58,Moderate,Gen Z
17250,5.6,3.8,9.6,2.3,5.6,2.84,Low,Gen Z
17251,8.0,3.0,7.9,5.0,3.0,3.23,Moderate,Gen Z
17252,3.2,1.2,6.9,3.5,6.0,2.17,Moderate,Gen Z
17253,3.2,1.5,8.3,2.6,4.5,3.48,High,Gen Z
17254,4.9,1.9,8.4,3.6,6.0,3.13,Moderate,Gen Z
17255,8.0,1.9,7.6,4.4,1.8,2.66,Moderate,Gen Z
17256,5.1,2.2,7.1,3.8,3.9,2.4,Moderate,Gen Z
17257,6.7,2.3,7.5,2.1,4.1,3.02,Moderate,Gen Z
17258,6.3,2.2,6.2,2.7,5.6,2.94,Moderate,Gen Z
17259,3.0,2.8,7.8,3.0,3.2,3.4,Moderate,Gen Z
17260,7.7,1.8,8.7,1.1,1.9,3.1,High,Gen Z
17261,3.4,1.0,6.4,4.7,2.5,3.52,Low,Gen Z
17262,3.1,1.7,6.4,2.4,3.6,2.74,Moderate,Gen Z
17263,3.0,2.0,4.7,0.9,4.6,2.78,Moderate,Gen Z
17264,4.8,1.7,6.3,3.9,0.1,2.87,Low,Gen Z
17265,5.9,1.4,6.3,3.8,5.6,2.49,Moderate,Gen Z
17266,3.6,1.6,7.4,2.7,3.7,3.22,Moderate,Gen Z
17267,6.6,2.8,5.8,2.5,3.3,2.39,High,Gen Z
17268,4.2,1.0,8.0,0.1,5.9,2.83,Moderate,Gen Z
17269,5.4,1.2,7.1,4.8,2.3,3.0,Low,Gen Z
17270,5.0,3.3,8.0,1.7,3.3,3.12,High,Gen Z
17271,5.5,2.2,6.9,4.3,7.3,2.9,High,Gen Z
17272,4.0,1.8,7.0,2.2,3.7,3.21,Low,Gen Z
17273,3.2,3.1,6.1,2.0,3.1,2.23,High,Gen Z
17274,3.4,0.0,7.0,3.9,2.2,2.75,Moderate,Gen Z
17275,5.5,0.9,8.6,0.6,3.3,3.24,Low,Gen Z
17276,3.1,1.1,6.9,2.2,3.2,2.83,Moderate,Gen Z
17277,2.5,0.0,8.4,4.1,2.8,2.86,Moderate,Gen Z
17278,6.4,1.2,6.3,2.1,5.9,3.44,Moderate,Gen Z
17279,4.4,0.0,5.0,0.8,3.7,2.87,Moderate,Gen Z
17280,7.9,2.1,6.5,1.2,0.0,3.42,High,Gen Z
17281,5.5,3.1,8.3,2.9,4.2,2.78,Moderate,Gen Z
17282,4.3,3.0,8.0,2.0,3.2,2.75,Low,Gen Z
17283,4.4,1.4,6.7,4.4,5.3,3.2,Moderate,Gen Z
17284,3.5,3.7,7.2,2.6,5.0,2.83,High,Gen Z
17285,5.0,1.8,7.0,3.8,3.9,3.55,Moderate,Gen Z
17286,6.1,2.7,7.0,4.3,2.0,3.3,Moderate,Gen Z
17287,4.0,2.1,7.8,2.8,6.9,3.17,Low,Gen Z
17288,6.6,2.2,7.8,2.3,3.5,3.51,Moderate,Gen Z
17289,6.6,2.1,6.6,3.1,4.2,3.02,Moderate,Gen Z
17290,7.2,4.2,8.1,4.7,3.6,3.03,Moderate,Gen Z
17291,3.2,1.6,8.9,4.6,3.5,2.92,High,Gen Z
17292,4.6,1.4,6.5,3.4,1.4,3.44,Low,Gen Z
17293,4.7,1.7,7.1,2.0,4.9,3.07,Moderate,Gen Z
17294,6.2,1.7,7.5,5.2,4.2,2.91,High,Gen Z
17295,3.7,0.4,8.3,4.1,3.8,2.69,High,Gen Z
17296,3.0,2.1,7.6,3.3,4.1,3.4,Low,Gen Z
17297,5.4,2.4,6.5,0.7,5.1,2.63,Moderate,Gen Z
17298,5.3,1.8,6.0,0.9,3.8,3.22,Moderate,Gen Z
17299,3.6,2.6,7.0,4.5,2.2,2.62,Moderate,Gen Z
17300,6.6,0.8,6.7,1.2,4.5,2.62,Low,Gen Z
17301,6.5,2.3,9.3,3.1,5.8,2.94,Moderate,Gen Z
17302,5.5,1.0,7.4,2.1,4.1,2.45,Moderate,Gen Z
17303,8.0,1.6,7.4,4.2,4.7,2.93,High,Gen Z
17304,4.2,0.7,7.1,3.0,3.7,2.9,High,Gen Z
17305,5.5,2.5,7.3,1.0,4.3,3.43,High,Gen Z
17306,5.4,2.0,8.0,1.5,3.3,2.83,Moderate,Gen Z
17307,6.3,3.4,6.4,1.6,3.9,2.51,Low,Gen Z
17308,4.3,1.6,7.6,2.0,2.1,2.9,High,Gen Z
17309,4.1,1.4,8.1,3.5,2.1,2.73,High,Gen Z
17310,6.6,4.5,5.3,1.2,4.4,2.61,High,Gen Z
17311,5.4,3.5,6.1,3.2,5.9,2.99,Moderate,Gen Z
17312,3.5,1.5,7.1,4.3,2.7,2.84,Moderate,Gen Z
17313,5.8,0.7,6.8,4.9,4.0,2.73,Moderate,Gen Z
17314,5.1,1.5,7.8,3.7,4.8,2.78,High,Gen Z
17315,5.8,4.6,7.1,3.9,6.5,3.36,Moderate,Gen Z
17316,3.5,1.9,8.0,0.4,7.3,3.21,High,Gen Z
17317,4.1,2.0,7.6,2.0,3.9,2.93,High,Gen Z
17318,4.6,3.9,7.7,1.3,5.3,2.96,Low,Gen Z
17319,4.1,2.3,7.2,2.6,6.1,3.3,Moderate,Gen Z
17320,5.1,2.5,8.1,3.2,2.5,3.55,Low,Gen Z
17321,6.6,1.8,5.7,3.5,2.5,3.16,High,Gen Z
17322,4.9,1.4,8.3,3.3,3.9,2.85,Moderate,Gen Z
17323,5.4,1.9,8.0,2.8,2.1,3.32,Low,Gen Z
17324,6.9,2.5,7.6,3.0,1.9,3.18,High,Gen Z
17325,4.7,3.0,7.9,4.3,5.0,3.07,Moderate,Gen Z
17326,6.5,2.0,7.6,1.0,3.4,3.02,Moderate,Gen Z
17327,7.8,2.2,7.5,3.6,1.4,3.01,Moderate,Gen Z
17328,5.0,1.7,4.9,2.7,3.4,2.45,Moderate,Gen Z
17329,7.8,2.4,6.5,3.4,5.4,2.46,High,Gen Z
17330,4.2,0.0,7.5,4.8,2.3,2.97,Moderate,Gen Z
17331,4.8,1.5,6.6,2.6,2.8,3.36,Moderate,Gen Z
17332,3.7,3.4,6.0,4.3,2.4,2.27,High,Gen Z
17333,6.5,3.0,8.1,0.3,4.1,2.74,Moderate,Gen Z
17334,2.6,1.5,8.4,5.4,2.4,2.59,Low,Gen Z
17335,5.5,3.0,7.8,2.9,2.4,3.48,Low,Gen Z
17336,8.4,1.0,6.2,3.0,0.6,2.77,Moderate,Gen Z
17337,6.5,3.7,6.1,2.9,2.7,3.62,Low,Gen Z
17338,6.2,2.7,6.5,6.4,5.5,3.29,Moderate,Gen Z
17339,5.0,1.4,7.3,0.8,2.2,2.63,Low,Gen Z
17340,4.0,0.3,6.3,4.6,2.9,2.94,Moderate,Gen Z
17341,6.3,3.0,8.1,2.8,1.9,2.61,Moderate,Gen Z
17342,2.9,1.7,7.6,4.1,6.7,3.14,High,Gen Z
17343,4.6,1.2,6.8,4.2,3.4,2.9,Moderate,Gen Z
17344,7.5,2.9,5.9,3.5,5.0,2.61,Moderate,Gen Z
17345,6.0,0.6,6.2,5.6,5.9,2.49,High,Gen Z
17346,4.8,1.4,9.3,1.9,2.4,3.03,Low,Gen Z
17347,6.2,1.2,5.4,4.0,5.3,3.6,Low,Gen Z
17348,4.0,2.3,8.2,2.2,2.1,3.11,High,Gen Z
17349,5.1,2.2,7.1,3.4,3.6,2.92,High,Gen Z
17350,4.1,1.0,8.2,6.8,3.8,3.58,High,Gen Z
17351,6.2,0.3,5.5,1.9,0.7,3.08,High,Gen Z
17352,5.4,0.2,7.6,2.7,7.1,3.5,Low,Gen Z
17353,6.4,0.4,7.1,3.9,5.2,3.36,High,Gen Z
17354,2.6,1.4,6.5,2.0,5.6,2.89,Low,Gen Z
17355,5.3,3.0,8.2,3.3,4.3,2.95,Moderate,Gen Z
17356,9.1,1.1,6.7,2.5,2.9,3.13,Moderate,Gen Z
17357,4.5,2.2,7.0,1.8,4.8,2.67,High,Gen Z
17358,4.6,1.3,8.6,1.5,4.9,2.76,Low,Gen Z
17359,3.9,0.4,8.1,0.8,3.3,2.57,High,Gen Z
17360,6.0,1.7,6.4,1.4,3.5,3.14,High,Gen Z
17361,2.6,1.7,7.0,1.8,2.9,2.84,High,Gen Z
17362,3.1,1.6,7.1,3.7,1.6,3.42,Moderate,Gen Z
17363,5.0,1.3,7.7,5.8,3.8,2.97,Moderate,Gen Z
17364,6.4,2.1,7.5,5.5,5.3,3.16,High,Gen Z
17365,7.7,2.2,8.9,1.6,4.0,3.03,Moderate,Gen Z
17366,5.7,1.6,6.8,2.0,4.1,2.93,Moderate,Gen Z
17367,5.4,2.1,6.2,0.5,4.3,3.12,High,Gen Z
17368,6.0,2.6,8.8,4.2,2.3,2.87,Low,Gen Z
17369,5.1,0.0,7.1,3.1,4.3,2.96,High,Gen Z
17370,7.3,2.4,6.9,3.4,4.4,3.47,Moderate,Gen Z
17371,1.7,3.7,6.1,2.0,2.8,2.8,Low,Gen Z
17372,4.9,1.3,6.3,2.7,5.1,3.32,Moderate,Gen Z
17373,6.7,0.0,8.0,1.9,7.6,2.36,Low,Gen Z
17374,4.7,1.8,7.4,4.0,6.6,3.42,Moderate,Gen Z
17375,4.4,2.3,8.8,6.1,4.6,2.81,High,Gen Z
17376,5.7,2.1,5.9,3.5,4.3,3.35,Moderate,Gen Z
17377,4.4,1.4,6.1,2.1,1.4,2.18,High,Gen Z
17378,4.5,1.8,9.2,0.7,5.6,2.59,High,Gen Z
17379,5.3,3.1,7.1,1.2,4.1,3.12,Low,Gen Z
17380,3.8,0.2,8.7,2.1,2.3,3.37,Moderate,Gen Z
17381,4.2,1.3,6.3,4.8,2.5,2.75,Moderate,Gen Z
17382,4.7,1.6,7.0,0.0,3.8,3.05,Low,Gen Z
17383,8.1,3.8,6.1,2.7,1.0,2.85,High,Gen Z
17384,4.8,0.8,5.6,2.2,4.0,3.12,High,Gen Z
17385,2.1,2.8,8.0,1.7,3.7,3.39,High,Gen Z
17386,4.1,2.7,7.4,3.5,8.0,2.87,Moderate,Gen Z
17387,4.2,0.5,7.3,2.2,4.1,3.22,High,Gen Z
17388,6.4,2.6,6.4,4.4,5.5,2.76,High,Gen Z
17389,3.9,0.7,8.6,3.5,4.7,2.33,Moderate,Gen Z
17390,3.9,1.2,6.5,2.7,4.2,2.42,High,Gen Z
17391,6.0,1.7,7.7,2.3,1.3,3.09,Moderate,Gen Z
17392,3.0,3.4,9.0,2.8,6.5,2.74,Moderate,Gen Z
17393,6.6,1.2,6.1,4.9,4.4,2.76,High,Gen Z
17394,6.4,2.3,7.5,1.9,3.0,3.21,Moderate,Gen Z
17395,6.5,2.2,6.6,4.0,3.8,3.21,Low,Gen Z
17396,4.2,2.9,7.4,3.4,5.5,3.13,High,Gen Z
17397,3.8,2.4,6.6,1.5,3.9,2.98,High,Gen Z
17398,5.8,2.0,8.0,3.1,0.2,2.86,Moderate,Gen Z
17399,5.5,0.3,6.6,3.7,4.4,2.86,High,Gen Z
17400,3.6,1.7,6.9,2.1,4.5,3.06,High,Gen Z
17401,3.9,1.3,7.4,1.9,1.3,2.6,Low,Gen Z
17402,5.0,1.1,6.5,0.8,3.0,3.05,High,Gen Z
17403,5.6,0.5,8.0,4.5,3.8,2.84,Moderate,Gen Z
17404,6.3,2.4,7.1,1.6,5.6,3.25,High,Gen Z
17405,6.3,1.0,6.6,3.4,4.1,2.79,High,Gen Z
17406,4.5,3.5,7.5,3.8,3.4,2.75,Low,Gen Z
17407,6.7,0.4,8.5,3.2,4.4,2.89,Moderate,Gen Z
17408,5.6,0.7,6.9,3.5,6.7,3.56,Moderate,Gen Z
17409,5.3,1.8,8.2,1.2,5.6,3.35,High,Gen Z
17410,7.4,4.8,7.9,3.4,4.8,3.08,Moderate,Gen Z
17411,5.3,0.0,8.3,3.6,3.2,2.84,Moderate,Gen Z
17412,5.3,2.4,5.5,1.7,4.6,3.59,Moderate,Gen Z
17413,6.3,1.0,5.4,5.2,2.6,3.47,Low,Gen Z
17414,4.3,3.6,6.5,3.5,2.1,3.13,Moderate,Gen Z
17415,7.6,1.3,6.8,3.3,5.0,3.66,Moderate,Gen Z
17416,2.0,1.3,6.1,3.6,4.2,3.38,High,Gen Z
17417,3.8,2.8,7.5,2.2,5.0,3.01,Moderate,Gen Z
17418,3.8,1.3,6.4,4.1,1.2,3.18,High,Gen Z
17419,6.2,4.5,8.5,1.8,4.0,3.28,High,Gen Z
17420,4.5,0.9,5.1,3.5,3.9,3.43,High,Gen Z
17421,6.3,2.6,7.6,4.9,3.0,2.98,Moderate,Gen Z
17422,3.6,0.0,8.0,0.5,5.1,3.03,Moderate,Gen Z
17423,4.0,0.9,8.0,2.0,7.0,2.89,Moderate,Gen Z
17424,5.4,1.6,7.6,1.2,4.5,3.12,Moderate,Gen Z
17425,4.6,2.6,8.2,1.3,4.0,2.71,Moderate,Gen Z
17426,4.9,1.4,7.1,0.2,4.7,3.04,High,Gen Z
17427,6.6,1.2,5.6,3.9,4.5,2.62,High,Gen Z
17428,6.3,2.7,7.7,2.3,4.2,3.09,High,Gen Z
17429,6.6,2.0,6.9,5.5,2.1,2.95,High,Gen Z
17430,8.7,1.5,6.7,1.1,7.4,2.93,Moderate,Gen Z
17431,4.7,3.4,6.0,0.7,6.4,2.72,Moderate,Gen Z
17432,3.5,1.4,7.9,4.9,4.0,2.83,Moderate,Gen Z
17433,4.3,1.0,6.8,4.0,4.2,2.76,Moderate,Gen Z
17434,6.1,0.0,5.4,4.0,4.1,2.87,Low,Gen Z
17435,4.3,0.8,6.1,3.9,1.9,3.04,Moderate,Gen Z
17436,5.8,2.6,9.1,2.2,3.6,3.19,Moderate,Gen Z
17437,4.7,0.9,7.7,1.4,4.2,2.79,High,Gen Z
17438,6.1,3.8,7.8,4.7,3.6,2.88,Moderate,Gen Z
17439,6.6,0.9,9.9,1.9,4.2,2.86,High,Gen Z
17440,4.2,2.2,5.0,2.6,2.4,3.07,High,Gen Z
17441,3.8,1.2,5.6,2.8,4.6,3.44,High,Gen Z
17442,5.2,1.9,6.6,0.0,2.4,3.24,Moderate,Gen Z
17443,4.1,2.2,5.7,4.0,6.3,2.82,High,Gen Z
17444,6.5,1.9,9.4,2.3,5.4,3.18,Moderate,Gen Z
17445,2.9,2.2,6.7,1.4,3.0,3.33,Moderate,Gen Z
17446,5.1,1.0,8.0,3.5,2.6,3.97,Moderate,Gen Z
17447,5.8,0.7,6.6,4.9,2.9,3.28,High,Gen Z
17448,3.6,3.3,6.0,1.9,4.7,3.16,Moderate,Gen Z
17449,2.8,1.3,6.6,4.3,4.4,2.7,High,Gen Z
17450,4.7,0.0,7.7,4.1,1.7,2.39,High,Gen Z
17451,6.3,0.5,7.1,6.6,3.6,2.69,Moderate,Gen Z
17452,2.6,1.9,8.0,3.8,3.1,3.15,Low,Gen Z
17453,4.8,1.1,7.0,2.1,3.0,3.31,Moderate,Gen Z
17454,5.0,1.8,4.7,2.7,1.2,3.51,Moderate,Gen Z
17455,5.7,4.6,7.3,3.8,2.4,2.64,Moderate,Gen Z
17456,5.2,1.4,5.9,3.8,4.8,3.27,High,Gen Z
17457,6.0,0.8,6.4,3.2,2.4,2.2,Moderate,Gen Z
17458,2.5,1.8,9.0,0.8,6.3,2.94,High,Gen Z
17459,2.7,2.6,6.6,5.4,4.4,3.17,High,Gen Z
17460,4.0,0.2,5.7,1.6,3.4,2.64,High,Gen Z
17461,2.5,0.6,7.4,3.5,4.1,2.49,Low,Gen Z
17462,4.7,1.9,7.3,2.6,5.7,2.75,Low,Gen Z
17463,2.8,1.7,7.5,3.3,2.0,2.56,Low,Gen Z
17464,6.5,2.0,7.4,5.4,4.8,2.99,High,Gen Z
17465,5.5,5.6,8.8,1.3,5.6,2.14,High,Gen Z
17466,5.6,0.5,7.6,5.6,6.3,3.14,Low,Gen Z
17467,8.0,2.0,6.9,4.4,3.5,3.14,High,Gen Z
17468,5.2,2.4,7.8,5.0,2.5,2.81,Moderate,Gen Z
17469,5.2,0.8,7.7,4.0,4.4,3.73,High,Gen Z
17470,3.7,4.2,6.9,3.8,3.6,3.05,Low,Gen Z
17471,5.5,1.3,5.8,3.0,4.7,2.65,Moderate,Gen Z
17472,5.2,1.5,8.7,3.3,2.8,3.26,Low,Gen Z
17473,6.6,0.7,7.7,1.1,4.1,2.86,Moderate,Gen Z
17474,2.9,3.5,5.2,0.9,1.2,3.21,High,Gen Z
17475,2.5,2.3,5.0,4.2,3.7,3.45,High,Gen Z
17476,4.1,3.2,5.3,2.8,2.0,2.41,Moderate,Gen Z
17477,6.4,0.0,8.0,1.7,3.3,2.52,Low,Gen Z
17478,3.6,3.8,6.6,3.7,4.5,2.64,Low,Gen Z
17479,4.7,1.2,6.2,2.9,4.3,3.66,Moderate,Gen Z
17480,6.0,1.1,6.8,2.5,3.1,3.28,Moderate,Gen Z
17481,4.9,0.6,6.1,3.1,2.9,2.72,Low,Gen Z
17482,4.6,2.1,8.1,2.9,4.5,3.47,Low,Gen Z
17483,7.2,1.9,7.8,1.2,4.1,2.77,Low,Gen Z
17484,3.7,0.0,8.4,2.7,2.7,3.45,Moderate,Gen Z
17485,7.1,1.3,7.0,4.4,5.5,3.55,High,Gen Z
17486,1.7,2.4,5.7,3.1,5.8,3.19,Moderate,Gen Z
17487,4.7,2.9,7.4,3.1,3.2,3.12,Moderate,Gen Z
17488,4.6,4.1,8.0,3.0,2.1,3.41,Moderate,Gen Z
17489,3.6,0.2,5.9,2.5,3.0,3.1,Low,Gen Z
17490,5.5,1.3,6.3,5.3,3.7,2.88,High,Gen Z
17491,4.5,1.3,7.1,3.8,4.8,3.03,High,Gen Z
17492,5.8,1.5,6.0,4.2,4.7,2.34,High,Gen Z
17493,4.3,2.8,7.6,3.0,4.1,3.07,Moderate,Gen Z
17494,4.6,2.0,6.6,4.9,3.7,3.15,Low,Gen Z
17495,3.0,1.5,6.3,2.5,3.7,2.92,High,Gen Z
17496,3.5,1.8,5.8,4.7,2.6,2.7,Moderate,Gen Z
17497,5.6,0.0,7.8,2.8,5.9,3.7,Moderate,Gen Z
17498,8.1,1.7,7.0,3.6,3.3,3.4,Moderate,Gen Z
17499,3.0,1.1,9.0,1.5,3.8,3.01,Moderate,Gen Z
17500,6.1,2.7,6.4,2.5,1.3,3.07,Moderate,Gen Z
17501,4.3,2.9,7.0,3.1,4.1,3.27,High,Gen Z
17502,6.5,0.4,5.7,3.4,3.2,3.15,Low,Gen Z
17503,4.8,1.8,6.5,2.7,1.8,2.96,High,Gen Z
17504,5.6,0.1,8.4,0.9,0.5,2.61,Moderate,Gen Z
17505,5.8,3.2,7.7,4.8,3.4,3.59,Low,Gen Z
17506,2.5,0.9,6.5,1.5,3.6,2.5,High,Gen Z
17507,7.5,1.6,8.0,4.7,2.8,3.7,Moderate,Gen Z
17508,6.3,1.5,6.2,4.1,2.0,3.08,Moderate,Gen Z
17509,4.1,1.0,7.5,1.6,3.2,2.85,Moderate,Gen Z
17510,3.6,2.6,5.7,2.8,1.6,3.53,Moderate,Gen Z
17511,4.3,2.4,6.0,4.9,5.3,2.34,High,Gen Z
17512,3.6,2.4,8.7,3.2,2.6,3.44,Moderate,Gen Z
17513,2.8,0.3,8.2,1.4,5.7,2.98,Moderate,Gen Z
17514,2.6,1.3,7.4,0.9,3.2,2.7,Moderate,Gen Z
17515,4.7,0.3,6.6,5.5,5.4,3.25,Moderate,Gen Z
17516,4.9,0.5,5.9,4.0,1.3,2.51,High,Gen Z
17517,5.2,2.0,7.5,2.8,2.4,3.53,High,Gen Z
17518,4.0,1.3,7.3,3.0,3.6,2.96,High,Gen Z
17519,7.0,1.6,6.9,2.2,2.3,2.76,Low,Gen Z
17520,5.2,2.6,7.2,4.8,3.5,3.04,Low,Gen Z
17521,3.7,0.8,5.8,2.0,3.2,3.34,High,Gen Z
17522,5.3,0.7,7.4,4.5,3.2,3.22,High,Gen Z
17523,5.0,1.5,6.9,3.6,3.0,2.9,High,Gen Z
17524,4.6,0.6,6.8,1.7,0.6,2.85,Low,Gen Z
17525,4.3,1.6,4.7,2.8,2.7,3.87,Low,Gen Z
17526,6.3,2.4,6.7,3.2,3.6,3.01,High,Gen Z
17527,4.6,1.4,8.4,2.6,4.3,3.57,High,Gen Z
17528,4.9,3.5,7.0,4.5,3.5,3.1,High,Gen Z
17529,3.3,3.1,6.3,1.5,1.8,2.89,Moderate,Gen Z
17530,5.1,1.5,7.2,4.4,4.1,3.21,High,Gen Z
17531,2.5,2.1,6.7,3.5,3.7,3.59,Moderate,Gen Z
17532,8.8,1.6,8.3,2.6,1.2,2.78,Moderate,Gen Z
17533,3.4,2.9,8.1,4.7,5.2,3.02,Moderate,Gen Z
17534,6.2,2.7,7.2,1.8,2.1,2.89,High,Gen Z
17535,5.1,0.6,7.0,3.8,0.0,3.01,High,Gen Z
17536,3.5,1.8,6.5,1.9,5.3,3.11,Moderate,Gen Z
17537,3.1,1.2,6.2,1.2,4.8,3.28,High,Gen Z
17538,3.6,3.0,7.2,4.8,1.1,3.05,Low,Gen Z
17539,3.3,0.0,6.8,4.4,3.7,2.79,Low,Gen Z
17540,3.0,1.0,7.3,0.0,3.9,2.87,Low,Gen Z
17541,4.4,2.7,7.6,2.6,2.3,3.07,High,Gen Z
17542,2.6,2.6,6.1,3.9,4.2,3.73,Moderate,Gen Z
17543,4.1,2.3,7.8,3.3,2.9,2.59,High,Gen Z
17544,5.4,1.5,7.6,2.9,5.6,2.88,Moderate,Gen Z
17545,3.9,1.3,6.8,2.3,2.1,2.79,High,Gen Z
17546,5.9,0.7,6.2,3.0,1.3,2.68,High,Gen Z
17547,5.5,0.0,7.5,2.3,3.2,2.61,Moderate,Gen Z
17548,7.5,0.1,7.2,5.0,2.2,3.44,Low,Gen Z
17549,4.2,1.7,7.7,2.2,3.0,2.89,Moderate,Gen Z
17550,7.2,0.2,7.6,5.1,3.0,2.09,Moderate,Gen Z
17551,2.6,1.7,8.7,6.0,5.1,3.33,Moderate,Gen Z
17552,6.2,1.6,7.1,5.0,5.2,2.8,Moderate,Gen Z
17553,5.8,2.2,8.3,0.5,3.5,3.43,Low,Gen Z
17554,5.2,3.2,6.9,2.7,2.1,3.17,Low,Gen Z
17555,4.2,1.2,8.2,2.5,5.0,2.74,High,Gen Z
17556,6.1,3.8,6.4,1.4,4.3,3.04,Moderate,Gen Z
17557,4.2,1.5,6.7,0.7,3.5,3.03,High,Gen Z
17558,4.2,1.3,5.5,2.5,4.6,3.3,Low,Gen Z
17559,4.2,1.0,6.9,3.6,5.4,2.38,Moderate,Gen Z
17560,4.8,1.9,8.3,1.1,4.7,2.64,High,Gen Z
17561,6.5,2.2,7.8,5.3,5.9,2.45,Moderate,Gen Z
17562,4.9,1.5,7.8,3.1,4.3,2.58,High,Gen Z
17563,7.4,1.7,6.5,2.3,7.0,2.58,High,Gen Z
17564,6.3,1.2,8.9,3.7,4.6,3.15,Low,Gen Z
17565,5.3,2.4,7.0,0.2,4.5,2.72,Low,Gen Z
17566,6.4,0.4,6.2,1.2,3.2,3.19,Moderate,Gen Z
17567,5.6,1.3,8.2,6.2,2.3,3.03,High,Gen Z
17568,5.5,3.8,6.6,5.6,4.0,2.93,Moderate,Gen Z
17569,4.3,3.3,5.8,5.7,2.9,2.64,High,Gen Z
17570,4.1,4.6,5.8,5.0,0.9,3.13,Moderate,Gen Z
17571,3.8,1.8,5.7,3.3,4.1,3.16,Moderate,Gen Z
17572,4.9,2.2,6.6,5.0,4.3,2.76,High,Gen Z
17573,4.1,2.1,8.0,4.7,5.0,2.86,Low,Gen Z
17574,3.9,2.5,8.0,2.0,4.5,3.22,Moderate,Gen Z
17575,5.5,0.7,5.9,1.9,5.6,3.62,Moderate,Gen Z
17576,4.4,1.3,7.8,1.9,5.0,2.92,High,Gen Z
17577,4.6,1.5,6.7,4.6,0.0,3.22,Low,Gen Z
17578,5.5,0.2,5.6,3.4,2.2,3.31,Low,Gen Z
17579,5.1,0.7,7.3,2.7,4.5,3.49,Low,Gen Z
17580,2.9,1.7,7.9,3.3,2.6,3.22,High,Gen Z
17581,4.3,2.4,7.3,5.1,2.4,3.4,Moderate,Gen Z
17582,4.1,1.9,5.9,1.5,0.9,3.25,Moderate,Gen Z
17583,6.4,3.0,5.5,4.3,4.4,3.65,Low,Gen Z
17584,7.1,3.5,7.7,2.8,1.4,2.56,High,Gen Z
17585,5.2,1.1,7.4,2.5,2.4,3.46,Low,Gen Z
17586,1.2,2.3,7.5,2.9,3.4,3.68,High,Gen Z
17587,3.0,1.4,7.3,3.0,2.8,2.45,High,Gen Z
17588,4.7,1.5,7.8,0.0,5.2,3.15,Moderate,Gen Z
17589,6.5,2.5,7.1,2.3,3.9,3.67,High,Gen Z
17590,5.8,0.6,7.3,4.1,1.5,3.02,High,Gen Z
17591,4.9,3.7,6.6,3.8,2.9,3.53,Moderate,Gen Z
17592,3.7,1.7,7.0,1.2,5.3,2.78,High,Gen Z
17593,3.7,2.0,6.8,2.6,2.4,3.08,High,Gen Z
17594,4.3,1.4,5.0,1.4,4.3,3.02,Low,Gen Z
17595,3.1,2.1,7.0,2.3,0.9,2.87,High,Gen Z
17596,4.8,2.2,7.5,4.9,2.0,2.99,Moderate,Gen Z
17597,3.0,1.5,8.3,1.7,2.6,2.71,High,Gen Z
17598,4.5,2.3,7.8,0.8,3.1,3.04,High,Gen Z
17599,3.1,2.1,6.8,3.6,5.3,3.39,Low,Gen Z
17600,5.8,0.8,7.3,0.5,4.2,3.05,High,Gen Z
17601,4.8,2.2,7.3,4.8,0.9,3.23,High,Gen Z
17602,2.9,1.7,7.6,4.2,4.4,2.84,High,Gen Z
17603,4.2,1.7,7.1,0.0,2.8,2.7,High,Gen Z
17604,7.1,1.7,6.1,3.0,2.7,2.42,High,Gen Z
17605,4.2,2.1,6.8,2.7,4.2,2.91,Moderate,Gen Z
17606,4.7,0.1,6.9,3.7,3.5,2.9,Low,Gen Z
17607,4.3,2.3,6.4,4.4,3.7,2.91,High,Gen Z
17608,3.1,2.6,7.6,5.1,3.8,3.32,Low,Gen Z
17609,5.4,2.4,6.8,4.1,5.6,2.96,Moderate,Gen Z
17610,4.8,0.0,5.9,0.0,4.4,3.01,Moderate,Gen Z
17611,3.2,0.0,7.2,3.2,4.2,2.9,Low,Gen Z
17612,4.3,1.9,7.3,3.1,4.6,2.22,Moderate,Gen Z
17613,7.4,1.9,5.3,2.8,4.2,2.96,High,Gen Z
17614,3.4,0.0,7.3,1.8,3.4,3.1,High,Gen Z
17615,4.0,3.2,6.5,2.2,5.0,3.25,Moderate,Gen Z
17616,5.0,2.0,7.2,2.2,2.9,3.27,High,Gen Z
17617,7.4,2.9,5.0,2.4,3.2,2.81,Moderate,Gen Z
17618,5.8,0.4,8.5,3.0,3.0,3.51,Moderate,Gen Z
17619,4.4,2.4,6.4,1.8,3.7,2.38,Moderate,Gen Z
17620,6.1,0.3,8.6,4.1,1.2,3.65,Low,Gen Z
17621,5.4,2.0,6.9,0.0,2.8,3.06,High,Gen Z
17622,2.6,3.0,6.5,0.8,5.2,3.28,Low,Gen Z
17623,6.2,1.7,7.0,0.6,6.1,2.04,High,Gen Z
17624,5.9,0.8,6.7,2.2,4.3,3.15,Low,Gen Z
17625,6.1,1.5,7.7,3.2,4.9,2.56,Low,Gen Z
17626,4.5,1.4,5.2,3.1,0.8,3.38,Moderate,Gen Z
17627,5.1,1.5,6.6,1.5,3.5,3.29,Low,Gen Z
17628,4.0,2.2,8.7,1.3,4.9,3.34,High,Gen Z
17629,3.4,2.2,8.0,3.5,3.8,2.23,Low,Gen Z
17630,5.2,3.4,5.5,3.9,3.6,2.79,High,Gen Z
17631,4.5,0.7,7.4,3.3,2.7,3.31,High,Gen Z
17632,5.5,2.2,7.8,0.4,4.2,2.46,High,Gen Z
17633,5.7,1.2,5.8,0.4,1.4,2.89,Moderate,Gen Z
17634,4.2,2.0,9.2,2.9,2.8,2.54,Moderate,Gen Z
17635,6.1,1.2,7.7,3.7,3.3,2.82,Moderate,Gen Z
17636,5.2,1.3,7.2,4.4,4.3,2.84,High,Gen Z
17637,6.6,0.3,8.6,3.8,3.4,3.25,Moderate,Gen Z
17638,4.0,1.5,6.4,1.2,5.8,3.34,High,Gen Z
17639,5.8,3.1,7.1,2.1,4.0,3.37,Moderate,Gen Z
17640,3.8,3.7,8.0,3.2,5.4,3.27,Moderate,Gen Z
17641,3.0,0.0,6.9,2.1,4.1,1.87,Moderate,Gen Z
17642,4.0,1.4,5.7,3.3,2.4,2.81,Low,Gen Z
17643,6.6,1.9,6.3,4.4,5.2,3.23,High,Gen Z
17644,3.4,2.1,6.7,3.6,6.3,2.89,Low,Gen Z
17645,6.9,1.9,7.7,5.5,4.3,3.05,Low,Gen Z
17646,3.6,0.5,6.5,6.3,3.6,3.49,High,Gen Z
17647,3.8,1.8,7.8,0.6,6.6,3.11,High,Gen Z
17648,4.8,2.6,9.2,3.2,3.4,3.35,Low,Gen Z
17649,1.6,2.0,7.0,2.4,4.1,3.78,Low,Gen Z
17650,6.4,0.5,6.8,1.6,4.6,2.23,High,Gen Z
17651,3.2,0.0,7.8,1.9,4.0,2.97,High,Gen Z
17652,6.2,1.9,8.4,3.8,2.8,3.6,Moderate,Gen Z
17653,5.2,1.7,7.1,1.8,3.7,3.11,Moderate,Gen Z
17654,5.1,1.2,7.8,5.2,5.4,3.36,Moderate,Gen Z
17655,2.9,1.6,7.4,2.0,5.0,2.63,High,Gen Z
17656,6.0,2.1,7.9,2.5,4.1,3.12,Low,Gen Z
17657,7.0,0.8,6.1,3.5,4.0,2.33,Moderate,Gen Z
17658,4.6,2.4,5.1,2.7,7.5,3.65,High,Gen Z
17659,3.5,2.0,7.4,3.0,2.2,3.02,Moderate,Gen Z
17660,4.9,0.2,7.8,5.3,3.5,2.91,High,Gen Z
17661,3.9,1.9,6.1,4.9,4.3,2.82,Low,Gen Z
17662,3.9,3.1,5.9,4.1,4.3,2.36,Low,Gen Z
17663,5.2,2.8,6.6,0.9,4.4,3.13,Moderate,Gen Z
17664,6.1,3.9,6.1,4.4,3.7,2.27,Low,Gen Z
17665,4.8,1.7,8.1,1.9,3.3,2.92,High,Gen Z
17666,4.2,0.0,5.4,2.8,5.2,2.29,Low,Gen Z
17667,7.5,3.3,5.6,4.1,4.3,2.66,High,Gen Z
17668,7.1,2.0,9.3,2.2,3.8,3.54,High,Gen Z
17669,4.0,1.6,9.4,3.7,5.3,3.33,Low,Gen Z
17670,3.1,4.1,8.6,3.8,7.2,2.69,Low,Gen Z
17671,5.8,1.2,7.5,4.5,2.7,3.11,Moderate,Gen Z
17672,5.5,1.4,8.1,2.8,1.4,2.95,High,Gen Z
17673,5.2,0.3,7.1,2.6,2.0,2.18,High,Gen Z
17674,3.9,2.3,5.8,1.9,1.7,2.12,Moderate,Gen Z
17675,5.0,1.7,7.2,3.7,2.6,2.82,Low,Gen Z
17676,6.3,1.6,6.3,4.2,4.3,2.79,Low,Gen Z
17677,4.7,0.9,6.7,3.6,3.2,2.96,Low,Gen Z
17678,8.1,1.8,6.4,3.2,4.1,2.46,Moderate,Gen Z
17679,5.3,1.0,8.2,2.0,3.7,2.71,High,Gen Z
17680,7.2,4.1,7.4,2.9,3.8,3.61,Low,Gen Z
17681,5.0,1.5,8.4,0.0,3.6,2.7,High,Gen Z
17682,4.5,1.5,7.6,1.9,4.9,3.14,Low,Gen Z
17683,4.5,2.8,6.4,3.0,7.0,3.02,Moderate,Gen Z
17684,3.4,2.0,6.4,0.8,6.7,2.76,Low,Gen Z
17685,5.0,1.6,7.5,2.3,5.7,2.89,High,Gen Z
17686,4.6,2.3,6.7,3.6,2.7,3.26,High,Gen Z
17687,5.4,2.0,6.6,3.0,2.3,3.26,High,Gen Z
17688,7.5,1.6,5.5,3.8,6.5,2.99,High,Gen Z
17689,5.2,2.3,6.9,1.2,6.5,2.81,Low,Gen Z
17690,5.5,0.4,6.7,5.8,6.6,3.32,Moderate,Gen Z
17691,4.8,1.4,6.2,5.3,4.8,3.32,High,Gen Z
17692,4.3,2.8,7.6,0.7,3.7,2.87,Low,Gen Z
17693,6.5,1.2,6.9,3.4,6.1,2.75,Moderate,Gen Z
17694,5.0,0.8,7.1,4.2,4.0,3.35,Low,Gen Z
17695,6.5,0.7,8.2,3.8,5.4,3.32,Moderate,Gen Z
17696,5.4,0.0,8.2,2.3,4.3,2.78,Moderate,Gen Z
17697,4.4,3.1,6.4,3.8,6.2,3.27,Low,Gen Z
17698,7.6,1.9,6.5,5.1,3.2,3.22,Moderate,Gen Z
17699,2.8,2.7,7.3,1.1,8.0,2.47,High,Gen Z
17700,4.5,3.0,9.0,3.1,1.1,3.26,Low,Gen Z
17701,5.4,0.0,5.4,0.0,5.0,2.99,Low,Gen Z
17702,4.9,0.3,7.6,2.5,2.7,3.56,Low,Gen Z
17703,5.1,2.9,7.5,2.1,4.0,3.0,Moderate,Gen Z
17704,5.8,0.6,7.4,3.4,3.9,3.25,High,Gen Z
17705,3.6,1.3,4.3,1.7,4.3,3.2,Moderate,Gen Z
17706,6.0,2.4,7.7,0.0,3.1,3.09,Moderate,Gen Z
17707,4.7,2.4,6.1,2.1,0.8,2.54,Low,Gen Z
17708,7.5,2.6,7.3,6.1,5.8,3.31,Moderate,Gen Z
17709,5.0,3.3,5.9,3.3,3.3,3.81,Low,Gen Z
17710,5.4,2.7,8.1,2.6,6.4,3.09,High,Gen Z
17711,5.7,0.3,6.7,3.0,1.9,2.91,Moderate,Gen Z
17712,2.9,1.1,7.9,0.2,5.5,2.91,Moderate,Gen Z
17713,3.1,0.2,7.7,4.4,6.0,3.24,High,Gen Z
17714,4.3,0.0,6.5,2.9,4.8,2.83,High,Gen Z
17715,5.8,1.7,6.6,2.6,5.7,3.06,High,Gen Z
17716,4.5,2.6,7.1,4.0,3.5,2.81,High,Gen Z
17717,4.3,2.6,7.4,3.5,4.4,2.99,Moderate,Gen Z
17718,4.3,2.1,9.0,3.2,3.0,2.11,Low,Gen Z
17719,5.9,2.0,6.4,3.3,4.0,2.73,High,Gen Z
17720,4.6,2.2,6.2,1.3,3.3,3.41,High,Gen Z
17721,6.0,1.0,5.4,3.0,3.8,3.23,High,Gen Z
17722,5.3,0.1,6.1,2.2,4.5,3.0,High,Gen Z
17723,4.7,0.2,6.8,0.2,2.5,3.01,Low,Gen Z
17724,5.3,1.2,8.6,2.8,3.5,2.85,High,Gen Z
17725,7.9,1.7,7.3,4.2,4.6,2.61,High,Gen Z
17726,4.9,0.5,8.8,5.2,5.0,2.99,Moderate,Gen Z
17727,5.5,1.4,7.5,4.1,5.3,2.87,Moderate,Gen Z
17728,2.9,1.2,8.1,4.2,4.5,3.07,Low,Gen Z
17729,6.6,0.8,5.8,4.0,2.8,2.54,Low,Gen Z
17730,5.7,1.3,7.2,4.9,2.6,2.84,Moderate,Gen Z
17731,5.9,2.9,6.7,3.2,2.6,3.01,High,Gen Z
17732,6.0,1.7,7.8,1.7,5.7,2.8,Moderate,Gen Z
17733,4.6,1.9,7.3,3.3,0.0,1.75,Moderate,Gen Z
17734,5.6,0.9,5.5,1.8,6.7,3.1,High,Gen Z
17735,4.3,0.0,7.7,0.7,3.2,3.48,High,Gen Z
17736,4.3,2.2,6.9,3.7,2.7,2.26,Moderate,Gen Z
17737,5.7,1.6,4.8,2.3,3.5,2.81,Moderate,Gen Z
17738,4.6,0.9,4.7,1.8,3.4,2.38,Moderate,Gen Z
17739,6.8,1.1,6.1,3.1,4.0,2.99,High,Gen Z
17740,5.2,1.8,6.8,1.9,5.2,2.35,Low,Gen Z
17741,5.2,1.8,6.3,0.9,2.1,2.35,High,Gen Z
17742,7.0,2.8,6.1,0.1,4.1,2.8,High,Gen Z
17743,5.3,0.0,7.7,5.0,0.5,3.03,High,Gen Z
17744,5.2,2.5,6.2,2.3,5.3,3.27,Moderate,Gen Z
17745,3.7,0.5,6.1,1.9,3.7,3.3,Moderate,Gen Z
17746,3.0,0.8,7.2,3.3,6.2,3.38,High,Gen Z
17747,6.2,1.0,6.2,3.2,3.0,2.57,High,Gen Z
17748,5.4,0.5,7.3,3.2,4.1,3.12,High,Gen Z
17749,3.0,3.3,7.4,2.9,2.4,2.43,High,Gen Z
17750,3.3,0.8,6.9,3.6,2.3,2.82,High,Gen Z
17751,6.0,2.3,7.1,4.2,3.6,2.74,Moderate,Gen Z
17752,5.1,3.1,6.8,3.8,5.4,2.53,High,Gen Z
17753,3.6,1.4,6.8,3.7,1.4,2.18,Low,Gen Z
17754,5.4,0.7,7.2,0.8,4.3,2.74,High,Gen Z
17755,5.8,0.0,8.1,4.3,1.6,3.38,High,Gen Z
17756,4.8,2.0,6.8,2.7,3.9,3.13,Moderate,Gen Z
17757,4.9,4.5,6.1,2.8,4.9,2.87,Low,Gen Z
17758,3.4,1.7,7.7,1.8,4.7,3.16,High,Gen Z
17759,2.4,1.3,7.0,3.0,1.7,2.7,High,Gen Z
17760,5.5,1.4,7.6,1.3,6.2,2.55,High,Gen Z
17761,4.7,0.0,9.3,2.2,2.9,3.1,Moderate,Gen Z
17762,7.4,2.4,8.5,2.4,2.8,3.53,Moderate,Gen Z
17763,5.0,3.0,8.5,4.7,2.1,3.21,High,Gen Z
17764,3.7,1.3,7.4,3.6,2.8,2.72,High,Gen Z
17765,5.8,2.8,6.8,2.8,4.9,3.28,High,Gen Z
17766,4.1,1.2,7.5,3.5,4.4,2.63,High,Gen Z
17767,5.0,1.4,6.4,3.4,5.3,2.9,High,Gen Z
17768,4.4,1.4,5.4,1.8,2.4,2.78,Low,Gen Z
17769,6.7,2.7,5.6,1.2,3.7,2.99,High,Gen Z
17770,4.1,2.9,8.9,0.6,2.0,3.0,Moderate,Gen Z
17771,4.2,1.2,7.3,4.5,3.8,3.13,Moderate,Gen Z
17772,5.6,2.0,7.4,3.9,2.1,2.97,High,Gen Z
17773,6.0,2.3,7.6,2.3,3.8,2.49,High,Gen Z
17774,6.4,0.7,6.7,3.1,5.4,2.76,High,Gen Z
17775,6.0,2.1,6.0,3.2,3.2,3.33,Moderate,Gen Z
17776,3.9,3.4,8.3,3.1,5.2,3.07,High,Gen Z
17777,3.8,4.2,7.1,2.1,5.3,2.68,High,Gen Z
17778,5.9,1.5,7.9,1.9,2.9,2.52,Moderate,Gen Z
17779,3.2,0.2,7.1,1.3,5.6,3.03,Moderate,Gen Z
17780,6.0,1.1,6.7,0.5,4.1,2.67,Moderate,Gen Z
17781,6.0,0.0,7.3,3.7,3.4,2.67,Moderate,Gen Z
17782,8.2,0.1,7.2,5.6,4.7,3.32,High,Gen Z
17783,3.8,1.4,7.7,5.1,2.6,3.09,Low,Gen Z
17784,2.7,0.3,7.1,2.3,2.4,2.72,Moderate,Gen Z
17785,6.3,2.1,5.7,0.9,4.1,3.58,Moderate,Gen Z
17786,8.0,0.0,6.4,1.9,5.5,2.73,Moderate,Gen Z
17787,6.3,2.2,8.4,5.0,4.6,2.78,High,Gen Z
17788,5.0,0.0,7.1,3.6,6.3,3.49,Moderate,Gen Z
17789,2.8,1.9,8.6,4.4,7.0,2.66,High,Gen Z
17790,4.5,1.9,6.7,0.1,3.3,3.25,Low,Gen Z
17791,3.0,3.6,5.6,3.2,4.6,3.18,Moderate,Gen Z
17792,4.8,2.3,6.9,2.8,3.5,3.0,High,Gen Z
17793,3.9,1.4,6.5,5.2,2.0,2.72,Moderate,Gen Z
17794,3.7,2.6,8.3,1.6,3.2,2.54,High,Gen Z
17795,5.5,1.6,5.8,2.2,4.0,3.04,Moderate,Gen Z
17796,4.7,2.2,8.0,2.8,4.4,2.52,Moderate,Gen Z
17797,3.4,2.3,6.8,5.0,4.6,3.05,High,Gen Z
17798,3.5,1.5,6.2,0.0,3.0,2.61,High,Gen Z
17799,7.0,0.8,5.0,1.7,6.4,3.07,High,Gen Z
17800,5.6,1.5,6.6,4.2,5.8,2.59,Moderate,Gen Z
17801,5.5,1.9,8.1,2.2,4.9,3.01,Moderate,Gen Z
17802,7.0,0.5,7.9,4.9,5.8,3.21,High,Gen Z
17803,4.5,1.1,5.4,1.9,3.2,3.08,Moderate,Gen Z
17804,3.2,2.2,6.8,2.2,3.7,3.16,High,Gen Z
17805,5.1,0.1,5.9,3.9,2.6,2.6,High,Gen Z
17806,4.5,1.3,7.4,0.0,3.3,3.68,Moderate,Gen Z
17807,5.6,0.5,9.4,2.0,5.4,2.95,High,Gen Z
17808,4.6,0.7,6.2,3.6,2.8,2.69,High,Gen Z
17809,6.5,2.4,7.5,1.7,3.2,3.61,High,Gen Z
17810,7.4,0.6,7.0,4.3,7.3,3.51,Moderate,Gen Z
17811,7.8,1.5,7.4,4.8,1.9,3.15,High,Gen Z
17812,4.7,2.2,8.4,2.8,5.2,2.98,Moderate,Gen Z
17813,4.9,3.3,7.6,4.8,3.3,2.96,High,Gen Z
17814,6.2,0.6,8.4,2.8,5.0,2.72,High,Gen Z
17815,4.2,1.7,8.6,6.9,4.1,2.32,Low,Gen Z
17816,5.9,0.0,6.6,3.2,1.4,2.99,High,Gen Z
17817,4.4,2.5,7.0,6.4,2.0,2.83,Moderate,Gen Z
17818,5.7,0.7,6.5,3.8,4.2,3.71,High,Gen Z
17819,4.3,2.1,6.5,2.5,3.7,2.67,High,Gen Z
17820,5.8,0.0,7.0,3.8,2.9,3.88,Moderate,Gen Z
17821,5.4,1.1,5.0,4.6,3.1,3.8,Low,Gen Z
17822,6.0,3.4,8.1,4.0,7.9,3.58,High,Gen Z
17823,6.1,2.7,7.1,0.1,3.0,2.84,Moderate,Gen Z
17824,5.1,1.9,7.4,1.7,3.7,2.77,High,Gen Z
17825,3.2,2.3,6.7,1.0,4.8,2.71,Low,Gen Z
17826,4.4,2.8,5.8,1.9,1.2,2.87,Moderate,Gen Z
17827,3.4,2.7,8.2,3.6,2.6,2.24,Moderate,Gen Z
17828,7.7,0.8,8.0,3.3,3.7,3.62,High,Gen Z
17829,7.3,1.4,6.5,2.8,3.1,2.27,Low,Gen Z
17830,3.6,1.1,9.1,1.9,1.5,3.17,Low,Gen Z
17831,5.0,2.4,8.2,3.9,4.0,2.5,Moderate,Gen Z
17832,4.6,2.4,7.3,3.9,5.5,3.25,High,Gen Z
17833,7.1,1.0,6.0,2.6,4.3,2.74,Moderate,Gen Z
17834,5.7,3.9,8.6,3.2,4.1,2.5,Low,Gen Z
17835,6.1,0.5,7.4,1.5,6.2,2.83,Moderate,Gen Z
17836,4.5,2.2,6.7,1.9,3.9,2.85,Moderate,Gen Z
17837,4.7,2.2,6.0,1.7,4.1,3.16,Moderate,Gen Z
17838,6.1,3.0,6.8,2.7,5.7,2.58,High,Gen Z
17839,5.4,0.3,7.1,3.6,3.3,2.86,Moderate,Gen Z
17840,3.1,3.3,7.4,3.9,3.2,3.7,Moderate,Gen Z
17841,5.6,0.0,7.1,1.1,4.5,2.96,High,Gen Z
17842,4.0,2.8,6.1,4.2,2.4,2.71,Low,Gen Z
17843,4.1,0.0,6.3,4.9,3.4,3.32,Low,Gen Z
17844,7.4,1.1,6.0,3.4,2.7,3.33,Moderate,Gen Z
17845,4.2,2.0,8.7,2.0,4.8,2.88,High,Gen Z
17846,4.2,2.6,8.2,3.3,3.7,2.52,Low,Gen Z
17847,5.4,1.5,6.9,2.0,3.1,3.37,Low,Gen Z
17848,4.3,1.9,6.4,3.2,4.0,3.08,Low,Gen Z
17849,4.3,2.1,8.5,2.0,3.6,3.29,High,Gen Z
17850,5.8,0.6,5.8,2.1,1.9,3.33,Moderate,Gen Z
17851,5.3,1.9,5.5,6.2,2.6,3.08,High,Gen Z
17852,5.0,2.1,7.6,2.3,3.9,2.75,Moderate,Gen Z
17853,4.3,1.2,6.4,4.1,4.7,2.8,Moderate,Gen Z
17854,4.2,1.1,7.1,3.2,3.8,3.06,Moderate,Gen Z
17855,4.5,0.5,7.4,2.6,3.6,3.03,High,Gen Z
17856,5.6,1.2,8.7,2.1,3.3,2.94,Moderate,Gen Z
17857,5.5,2.5,7.9,2.1,1.7,2.92,Low,Gen Z
17858,6.2,1.3,5.5,2.6,3.3,3.1,Moderate,Gen Z
17859,6.4,0.3,6.1,2.4,5.5,2.69,Low,Gen Z
17860,3.9,1.0,6.5,2.5,4.6,3.29,Moderate,Gen Z
17861,5.4,1.3,6.8,4.5,7.6,3.02,High,Gen Z
17862,2.2,1.4,7.2,2.8,4.0,3.55,High,Gen Z
17863,5.5,1.4,7.8,1.4,1.7,3.1,High,Gen Z
17864,8.8,0.3,7.5,3.0,4.1,3.55,Moderate,Gen Z
17865,4.1,0.9,8.3,2.2,3.8,2.33,High,Gen Z
17866,3.7,0.3,6.1,3.8,2.9,3.34,Moderate,Gen Z
17867,5.9,1.7,6.1,1.0,2.5,3.5,Moderate,Gen Z
17868,4.7,2.0,7.8,0.4,5.2,3.07,High,Gen Z
17869,5.1,0.9,6.9,1.5,1.6,3.41,Moderate,Gen Z
17870,6.9,1.0,5.9,4.0,5.2,2.86,Moderate,Gen Z
17871,2.2,2.3,4.3,1.2,2.8,3.3,High,Gen Z
17872,6.5,2.6,8.2,0.0,3.2,3.36,Moderate,Gen Z
17873,4.4,1.3,6.2,1.4,2.3,2.96,Low,Gen Z
17874,6.4,0.7,6.4,3.7,3.5,2.98,Moderate,Gen Z
17875,5.3,1.6,7.8,4.5,3.6,3.03,Moderate,Gen Z
17876,3.9,1.7,7.4,2.4,4.0,3.28,Moderate,Gen Z
17877,6.7,0.8,5.9,2.9,2.7,3.76,High,Gen Z
17878,6.0,3.6,7.3,3.8,5.4,4.0,High,Gen Z
17879,5.3,1.6,6.8,1.7,2.2,2.7,Low,Gen Z
17880,5.0,1.0,7.3,3.3,3.0,2.73,High,Gen Z
17881,5.5,0.9,6.9,2.7,2.6,2.8,Moderate,Gen Z
17882,3.7,3.7,7.5,2.5,2.0,2.58,Moderate,Gen Z
17883,4.3,1.2,5.2,3.5,5.9,3.03,High,Gen Z
17884,3.1,0.7,5.0,3.7,3.6,2.8,High,Gen Z
17885,4.2,0.5,6.7,5.5,0.2,3.44,Moderate,Gen Z
17886,7.3,1.1,5.8,2.3,3.9,2.53,High,Gen Z
17887,5.0,0.2,5.9,5.0,1.1,2.73,High,Gen Z
17888,4.7,3.0,7.4,4.7,2.7,2.37,Moderate,Gen Z
17889,5.5,0.5,5.5,2.8,4.2,3.38,Low,Gen Z
17890,6.8,2.0,6.7,3.2,3.5,2.67,High,Gen Z
17891,5.3,1.7,6.0,5.5,4.9,3.08,Moderate,Gen Z
17892,7.7,1.0,6.5,0.0,6.2,3.72,High,Gen Z
17893,4.5,2.1,6.2,0.0,4.7,2.91,High,Gen Z
17894,4.1,1.6,7.9,0.9,2.6,3.25,Moderate,Gen Z
17895,3.5,2.3,7.8,5.2,5.3,2.75,Moderate,Gen Z
17896,5.8,0.8,6.3,2.0,3.4,3.29,High,Gen Z
17897,4.8,1.6,7.3,2.5,2.7,3.37,Moderate,Gen Z
17898,3.8,3.5,6.4,2.0,3.2,3.55,Low,Gen Z
17899,4.5,3.1,7.3,2.7,1.0,2.86,Low,Gen Z
17900,6.0,3.1,6.7,2.7,2.3,3.24,High,Gen Z
17901,4.8,1.8,7.7,5.9,4.5,2.89,Moderate,Gen Z
17902,5.9,3.2,7.5,3.4,4.3,3.3,Moderate,Gen Z
17903,6.0,0.4,6.1,0.9,2.9,3.07,Moderate,Gen Z
17904,3.8,1.8,6.8,3.1,4.5,2.64,Low,Gen Z
17905,6.8,1.2,7.8,2.4,4.8,3.45,Low,Gen Z
17906,5.7,2.2,6.8,3.7,3.0,3.48,High,Gen Z
17907,5.1,0.0,7.1,2.5,3.0,2.8,Moderate,Gen Z
17908,5.7,2.0,8.1,2.5,2.5,3.48,Moderate,Gen Z
17909,6.6,0.5,8.4,1.5,2.1,3.06,High,Gen Z
17910,4.0,0.5,8.2,4.4,3.7,3.32,High,Gen Z
17911,5.3,1.9,6.8,4.2,3.4,2.88,Low,Gen Z
17912,1.1,1.9,7.4,0.2,2.2,3.45,Low,Gen Z
17913,6.0,1.5,8.2,0.3,6.0,3.15,Moderate,Gen Z
17914,7.4,0.9,6.5,2.6,5.6,3.0,Moderate,Gen Z
17915,3.6,2.3,4.6,2.0,3.0,2.6,Moderate,Gen Z
17916,4.1,0.9,7.5,1.6,2.8,3.0,High,Gen Z
17917,4.9,2.2,7.2,3.5,4.1,2.6,High,Gen Z
17918,4.0,2.3,9.0,2.4,2.5,2.96,Low,Gen Z
17919,6.0,2.3,6.4,5.6,4.7,2.68,Low,Gen Z
17920,5.3,1.7,9.5,4.8,2.9,3.29,High,Gen Z
17921,2.4,2.1,6.6,3.6,3.7,3.06,Moderate,Gen Z
17922,4.0,1.5,7.4,2.8,4.8,2.65,Moderate,Gen Z
17923,3.6,2.7,6.5,1.1,2.7,2.99,Moderate,Gen Z
17924,7.5,2.2,7.4,3.5,4.7,3.04,Low,Gen Z
17925,5.5,0.4,8.7,1.8,4.1,2.89,High,Gen Z
17926,5.5,2.3,6.3,1.7,4.8,3.57,High,Gen Z
17927,3.5,1.4,7.5,1.6,2.6,3.3,High,Gen Z
17928,2.5,2.3,8.9,2.2,1.8,3.1,High,Gen Z
17929,6.0,2.1,8.1,2.5,2.1,3.81,Moderate,Gen Z
17930,5.7,1.4,6.8,2.9,4.8,3.18,High,Gen Z
17931,6.1,0.0,7.5,3.6,7.7,2.51,Moderate,Gen Z
17932,5.9,0.8,7.6,2.8,7.6,2.91,High,Gen Z
17933,3.1,0.0,6.6,2.9,3.8,3.25,Moderate,Gen Z
17934,5.3,1.3,6.8,4.1,0.2,2.95,Moderate,Gen Z
17935,6.2,2.5,4.2,5.1,6.0,2.61,High,Gen Z
17936,4.1,2.2,7.1,2.1,3.0,2.68,High,Gen Z
17937,4.8,3.0,6.8,3.1,3.4,3.13,Low,Gen Z
17938,4.7,0.7,7.2,3.8,4.0,3.02,High,Gen Z
17939,3.2,1.1,7.0,5.1,3.5,3.35,High,Gen Z
17940,4.0,0.9,7.5,2.2,5.3,3.43,Low,Gen Z
17941,4.4,4.1,6.0,1.3,5.1,2.78,Low,Gen Z
17942,4.7,2.7,6.8,3.2,3.6,2.83,Low,Gen Z
17943,4.1,2.6,7.2,3.2,3.4,2.95,High,Gen Z
17944,3.4,1.1,6.5,3.4,4.0,3.23,Moderate,Gen Z
17945,4.5,0.9,8.6,3.8,3.0,2.68,Moderate,Gen Z
17946,5.6,3.8,5.0,3.8,3.5,2.37,Low,Gen Z
17947,3.0,1.4,5.6,2.2,6.3,2.91,High,Gen Z
17948,5.9,1.9,6.3,2.4,3.8,3.12,High,Gen Z
17949,4.6,0.3,5.7,2.3,2.3,2.3,Low,Gen Z
17950,8.7,1.8,7.9,3.3,2.3,3.29,Moderate,Gen Z
17951,7.3,2.9,7.8,1.7,1.6,3.63,Moderate,Gen Z
17952,5.1,0.0,6.8,3.4,6.2,3.84,High,Gen Z
17953,6.6,2.7,6.4,2.5,4.3,2.87,High,Gen Z
17954,3.5,1.0,6.2,5.0,4.2,3.0,Moderate,Gen Z
17955,4.5,1.3,8.2,6.7,4.6,2.54,Moderate,Gen Z
17956,4.4,1.4,6.4,2.0,4.5,2.95,High,Gen Z
17957,6.2,1.9,4.6,1.0,4.3,2.73,Moderate,Gen Z
17958,6.4,0.2,7.7,3.6,5.8,3.03,Moderate,Gen Z
17959,3.4,1.9,6.6,2.4,1.5,3.44,Low,Gen Z
17960,4.8,0.0,7.3,0.6,1.1,3.62,Moderate,Gen Z
17961,6.3,3.5,8.6,0.5,2.8,3.38,Moderate,Gen Z
17962,5.1,0.8,6.2,2.0,5.1,2.6,High,Gen Z
17963,6.0,1.3,7.1,4.3,7.4,3.02,Low,Gen Z
17964,3.0,1.3,8.9,1.6,1.6,3.28,High,Gen Z
17965,3.5,3.4,7.7,2.9,2.1,2.87,Moderate,Gen Z
17966,6.0,1.0,5.7,5.4,6.5,2.83,Moderate,Gen Z
17967,5.1,4.3,8.7,5.3,3.2,3.39,Moderate,Gen Z
17968,5.0,2.0,7.8,2.9,4.8,3.7,Moderate,Gen Z
17969,6.5,0.0,8.0,3.1,6.5,3.47,Moderate,Gen Z
17970,3.8,1.9,6.0,5.7,5.8,2.78,Low,Gen Z
17971,7.0,2.8,6.1,3.0,1.2,2.36,Moderate,Gen Z
17972,2.3,0.7,7.6,1.4,3.9,3.3,Low,Gen Z
17973,2.3,3.7,8.1,1.8,1.6,3.21,High,Gen Z
17974,7.4,1.8,7.6,0.8,6.6,3.14,Moderate,Gen Z
17975,4.5,2.8,7.7,2.5,4.1,2.77,Moderate,Gen Z
17976,5.8,1.1,4.8,2.3,6.9,3.28,Low,Gen Z
17977,3.7,1.6,6.3,0.2,2.2,3.57,High,Gen Z
17978,2.5,2.7,8.4,4.2,1.5,2.05,High,Gen Z
17979,4.7,1.8,7.2,2.5,2.8,3.09,Low,Gen Z
17980,6.0,1.9,7.6,3.2,3.8,3.48,Moderate,Gen Z
17981,6.2,1.0,5.3,2.4,4.0,3.47,High,Gen Z
17982,4.1,3.0,7.2,0.4,4.0,3.13,High,Gen Z
17983,6.0,1.4,6.5,4.9,4.1,3.21,Low,Gen Z
17984,7.3,1.2,8.4,2.2,5.2,2.91,Moderate,Gen Z
17985,6.9,2.9,6.8,3.2,4.5,3.04,High,Gen Z
17986,7.5,2.7,7.4,3.8,1.5,2.01,High,Gen Z
17987,6.5,0.4,7.2,1.0,4.6,3.02,High,Gen Z
17988,5.3,1.5,6.1,3.1,2.6,3.21,High,Gen Z
17989,5.3,3.3,7.7,1.6,4.5,2.99,High,Gen Z
17990,4.6,1.6,6.0,3.7,4.4,3.03,High,Gen Z
17991,6.6,1.9,7.5,1.9,3.4,2.06,Low,Gen Z
17992,3.4,1.4,5.3,3.9,8.0,2.47,High,Gen Z
17993,6.3,3.0,5.9,4.4,2.6,3.48,Low,Gen Z
17994,3.7,0.1,7.1,3.7,2.6,2.51,High,Gen Z
17995,6.1,2.1,5.8,1.0,1.3,2.56,Low,Gen Z
17996,4.4,0.7,4.9,3.6,4.7,3.77,High,Gen Z
17997,5.2,4.9,7.5,4.8,4.5,3.32,High,Gen Z
17998,5.4,0.5,6.6,3.7,2.0,2.85,Moderate,Gen Z
17999,2.9,1.1,6.3,4.1,1.4,3.62,Low,Gen Z
18000,7.4,0.4,7.5,2.5,3.6,2.71,High,Gen Z
