Student_ID,Study_Hours_Per_Day,Extracurricular_Hours_Per_Day,Sleep_Hours_Per_Day,Social_Hours_Per_Day,Physical_Activity_Hours_Per_Day,GPA,Stress_Level,Generation
18001,5.6,2.6,7.3,2.6,5.2,2.94,Low,Millennials
18002,6.4,2.0,7.0,4.6,3.3,2.74,Low,Millennials
18003,6.2,2.8,8.5,2.9,4.4,3.51,Moderate,Millennials
18004,6.3,3.3,6.2,2.2,5.2,2.52,Moderate,Millennials
18005,8.2,0.7,7.4,0.5,3.2,3.51,Low,Millennials
18006,4.9,3.1,8.0,0.4,6.5,2.81,Low,Millennials
18007,4.6,2.8,7.0,2.2,4.2,2.98,Low,Millennials
18008,5.9,1.7,9.1,1.3,4.2,2.94,Low,Millennials
18009,5.3,1.4,8.4,0.0,6.0,3.66,Low,Millennials
18010,8.2,1.6,8.2,1.1,4.9,3.37,Moderate,Millennials
18011,5.8,2.8,7.5,2.7,1.9,3.03,Moderate,Millennials
18012,6.7,3.4,9.1,2.4,4.9,2.9,Low,Millennials
18013,6.3,1.3,7.7,1.8,4.0,2.94,Low,Millennials
18014,6.4,1.1,5.3,1.7,5.9,3.25,Low,Millennials
18015,6.8,1.8,7.9,1.0,2.9,2.85,High,Millennials
18016,6.8,3.0,6.3,1.7,5.3,3.3,Low,Millennials
18017,4.9,3.4,8.0,0.8,6.5,2.55,Low,Millennials
18018,7.4,1.4,6.0,4.4,1.9,2.85,Low,Millennials
18019,3.6,3.3,7.6,1.6,3.3,2.41,Low,Millennials
18020,3.0,4.1,7.9,4.2,3.0,2.35,Moderate,Millennials
18021,6.0,0.1,8.7,1.0,1.5,3.0,Moderate,Millennials
18022,7.0,1.3,7.7,2.3,4.8,3.85,Moderate,Millennials
18023,7.1,2.8,7.9,2.4,6.0,3.41,Low,Millennials
18024,5.6,0.4,8.9,1.5,2.8,3.23,High,Millennials
18025,5.3,0.7,8.0,2.5,4.3,3.27,High,Millennials
18026,8.3,2.6,7.8,1.7,3.4,3.84,Low,Millennials
18027,5.5,2.2,7.2,0.5,1.3,2.77,Moderate,Millennials
18028,5.8,1.2,8.3,3.5,4.7,3.41,Moderate,Millennials
18029,5.2,1.8,9.1,2.0,3.0,3.14,Low,Millennials
18030,6.0,1.7,8.4,3.1,7.1,3.17,Low,Millennials
18031,8.9,2.0,8.8,0.4,3.4,3.17,Low,Millennials
18032,8.2,3.1,6.9,2.7,3.6,2.82,Low,Millennials
18033,6.1,0.1,6.5,3.2,2.7,3.3,Low,Millennials
18034,7.2,2.7,9.2,0.0,2.3,2.75,High,Millennials
18035,3.6,2.4,9.2,2.9,4.4,2.99,High,Millennials
18036,5.6,2.9,8.9,0.9,5.0,2.65,Moderate,Millennials
18037,6.4,2.7,9.2,0.8,4.1,2.98,Moderate,Millennials
18038,5.9,0.5,9.1,2.0,4.6,3.16,Moderate,Millennials
18039,4.4,4.5,7.5,2.1,4.9,2.46,Moderate,Millennials
18040,6.2,2.3,7.6,1.5,7.0,2.64,Low,Millennials
18041,6.4,1.9,8.9,3.9,4.7,2.67,Moderate,Millennials
18042,5.2,3.6,6.5,2.3,2.6,2.45,Moderate,Millennials
18043,5.9,2.5,8.4,3.4,3.3,3.11,High,Millennials
18044,6.0,0.9,8.1,0.3,3.4,3.06,Low,Millennials
18045,7.1,3.1,7.3,0.0,3.2,2.63,Low,Millennials
18046,6.0,1.4,6.7,1.0,4.3,3.29,Moderate,Millennials
18047,5.2,1.4,8.6,1.0,5.0,3.04,Moderate,Millennials
18048,6.5,1.4,7.0,2.9,4.5,2.49,High,Millennials
18049,7.0,1.7,8.7,1.1,1.8,2.99,Moderate,Millennials
18050,5.9,2.1,7.9,3.3,5.7,2.92,Moderate,Millennials
18051,2.9,2.2,7.3,1.0,3.5,2.72,Moderate,Millennials
18052,5.4,4.3,8.2,2.3,3.5,2.65,Low,Millennials
18053,7.1,2.0,7.4,3.8,5.5,2.84,Low,Millennials
18054,2.9,1.7,9.2,1.6,3.2,3.38,Moderate,Millennials
18055,5.4,3.0,9.5,1.3,5.5,3.13,Moderate,Millennials
18056,5.0,3.2,7.3,1.6,5.7,3.11,Low,Millennials
18057,4.6,3.6,7.9,2.8,5.9,2.91,Low,Millennials
18058,4.9,0.2,9.0,1.8,5.0,3.09,Low,Millennials
18059,4.2,1.7,6.7,3.3,6.5,2.89,High,Millennials
18060,3.6,1.6,8.7,0.0,4.7,3.55,Low,Millennials
18061,5.5,2.6,7.7,1.4,6.0,3.22,Low,Millennials
18062,7.7,1.3,8.4,3.6,0.6,2.41,Moderate,Millennials
18063,6.2,2.9,8.4,2.2,4.3,2.8,Moderate,Millennials
18064,7.9,2.8,6.7,3.1,3.9,2.72,Low,Millennials
18065,3.7,1.6,9.0,2.4,6.4,3.22,Moderate,Millennials
18066,4.4,2.4,7.9,3.0,4.2,2.95,Moderate,Millennials
18067,4.5,0.7,8.8,0.3,3.2,3.0,Moderate,Millennials
18068,8.3,2.0,6.3,3.1,3.3,3.2,Low,Millennials
18069,3.8,2.6,6.9,3.5,4.3,2.72,High,Millennials
18070,3.9,2.6,5.3,1.4,4.7,2.73,Moderate,Millennials
18071,3.8,4.0,10.0,2.2,4.8,2.98,Low,Millennials
18072,5.7,0.9,9.2,2.0,2.6,3.39,High,Millennials
18073,4.6,2.2,7.1,2.3,3.0,3.02,Moderate,Millennials
18074,8.0,2.5,7.0,1.7,3.5,2.58,Low,Millennials
18075,6.0,3.2,8.3,1.6,3.1,2.67,Moderate,Millennials
18076,2.4,4.0,8.0,3.5,4.5,3.29,Moderate,Millennials
18077,6.8,1.7,8.0,1.5,3.7,2.39,Moderate,Millennials
18078,3.9,2.1,7.1,4.3,0.9,2.87,Moderate,Millennials
18079,6.5,4.2,8.1,2.3,4.5,2.88,Moderate,Millennials
18080,7.6,2.6,9.0,0.1,4.7,2.67,Moderate,Millennials
18081,6.4,3.2,6.8,0.0,6.3,3.09,Low,Millennials
18082,7.1,3.4,7.3,2.2,4.8,2.87,Moderate,Millennials
18083,5.4,1.6,7.7,2.7,4.0,3.34,Low,Millennials
18084,3.7,4.5,8.8,3.3,5.1,3.28,Moderate,Millennials
18085,7.7,1.0,7.2,2.0,5.9,2.95,Moderate,Millennials
18086,2.5,1.6,6.8,1.7,2.6,3.56,Moderate,Millennials
18087,6.4,2.6,10.0,0.0,5.1,2.86,Moderate,Millennials
18088,7.6,3.6,7.3,3.1,4.3,2.33,Moderate,Millennials
18089,6.3,2.2,7.1,2.0,6.7,3.3,Low,Millennials
18090,6.0,3.1,7.9,2.2,7.5,3.38,Moderate,Millennials
18091,5.3,0.8,8.9,1.4,2.0,3.4,Moderate,Millennials
18092,5.9,2.0,6.6,1.9,3.6,3.18,Moderate,Millennials
18093,7.6,1.7,6.8,2.3,4.3,3.03,Moderate,Millennials
18094,7.4,1.7,8.9,3.1,7.2,2.97,Moderate,Millennials
18095,5.1,3.3,8.7,2.7,4.9,3.49,Moderate,Millennials
18096,6.0,2.6,8.3,5.8,5.8,3.06,Moderate,Millennials
18097,4.6,1.9,7.4,1.2,4.1,2.96,Low,Millennials
18098,6.9,1.1,8.1,2.8,3.9,3.06,Moderate,Millennials
18099,5.2,1.7,8.1,2.8,4.7,3.12,Moderate,Millennials
18100,8.1,0.7,7.1,0.2,5.6,2.59,Moderate,Millennials
18101,6.3,2.1,6.8,1.5,5.2,3.44,Moderate,Millennials
18102,5.8,1.8,9.3,3.0,5.5,2.84,Moderate,Millennials
18103,5.2,3.0,7.9,1.3,3.1,2.98,Low,Millennials
18104,7.1,0.9,6.7,4.2,4.9,2.79,Low,Millennials
18105,4.9,2.7,7.9,3.6,4.1,3.29,Low,Millennials
18106,6.8,3.4,6.8,0.3,4.4,3.48,Moderate,Millennials
18107,7.9,4.6,7.7,1.7,3.8,2.75,Moderate,Millennials
18108,7.9,2.8,6.4,2.4,6.4,2.76,Moderate,Millennials
18109,2.4,1.3,8.6,3.5,3.9,3.55,High,Millennials
18110,5.1,2.7,7.7,2.2,3.7,3.09,Moderate,Millennials
18111,6.2,3.0,8.7,0.2,6.2,3.0,Moderate,Millennials
18112,6.2,0.4,5.1,0.8,7.2,2.94,Low,Millennials
18113,5.0,2.7,8.3,2.0,4.8,2.85,Low,Millennials
18114,7.4,3.3,8.2,3.2,4.3,3.33,High,Millennials
18115,4.9,2.0,7.6,2.5,4.9,3.4,Moderate,Millennials
18116,4.9,1.9,7.2,1.7,3.2,3.08,Moderate,Millennials
18117,7.5,1.7,6.0,2.6,0.9,3.03,Low,Millennials
18118,7.3,2.8,8.2,2.9,3.7,2.57,Moderate,Millennials
18119,5.7,3.2,7.1,2.5,1.9,3.03,High,Millennials
18120,7.3,2.3,7.8,3.6,3.2,3.2,High,Millennials
18121,7.0,1.3,5.9,1.8,4.0,2.99,Moderate,Millennials
18122,7.0,1.3,8.2,2.3,2.1,3.32,Moderate,Millennials
18123,7.2,2.0,6.1,1.7,3.4,2.47,Moderate,Millennials
18124,6.5,2.3,8.0,1.7,2.8,2.85,Moderate,Millennials
18125,6.6,2.0,6.5,2.9,2.8,2.48,Moderate,Millennials
18126,5.2,2.7,6.3,1.2,2.8,3.0,Moderate,Millennials
18127,5.0,1.9,8.0,1.7,3.7,3.27,Moderate,Millennials
18128,6.8,2.6,8.9,1.4,1.6,2.87,Low,Millennials
18129,6.0,3.1,7.3,2.1,3.3,3.03,Moderate,Millennials
18130,5.4,1.6,8.1,1.8,5.6,3.1,Moderate,Millennials
18131,4.5,0.7,7.0,4.6,3.0,3.06,Low,Millennials
18132,5.5,2.5,9.2,1.3,6.5,3.06,Moderate,Millennials
18133,6.0,2.3,8.3,1.2,4.1,3.14,Moderate,Millennials
18134,6.4,3.6,6.9,2.6,5.0,2.9,Moderate,Millennials
18135,4.8,1.9,8.8,2.0,3.9,2.82,Moderate,Millennials
18136,3.1,0.9,10.0,1.9,5.0,2.62,Moderate,Millennials
18137,5.4,4.3,9.0,2.0,4.5,3.22,High,Millennials
18138,3.7,1.2,7.5,1.9,5.0,2.63,High,Millennials
18139,6.7,2.3,8.5,1.8,1.1,3.14,Moderate,Millennials
18140,6.2,2.1,7.1,0.9,3.6,2.71,Moderate,Millennials
18141,7.8,4.0,8.2,2.9,7.0,2.89,High,Millennials
18142,5.7,0.9,7.7,0.0,6.6,2.98,Moderate,Millennials
18143,6.2,1.7,7.5,2.2,5.3,2.96,High,Millennials
18144,5.5,2.0,7.2,3.5,5.8,2.75,Moderate,Millennials
18145,6.1,3.4,8.4,1.3,2.6,2.95,High,Millennials
18146,6.0,2.9,8.9,0.0,4.6,3.37,Moderate,Millennials
18147,7.0,0.4,7.6,2.0,3.0,2.9,Moderate,Millennials
18148,5.0,2.3,7.9,2.3,3.8,3.17,Low,Millennials
18149,9.5,2.1,6.7,0.8,5.5,2.69,High,Millennials
18150,5.3,0.4,7.0,1.7,0.8,2.5,Low,Millennials
18151,3.6,3.1,7.4,0.1,3.8,2.48,Low,Millennials
18152,8.4,0.7,6.8,1.3,3.8,2.73,Low,Millennials
18153,6.9,1.1,7.4,1.6,4.1,3.81,Moderate,Millennials
18154,3.6,0.9,6.4,1.3,3.6,2.81,Moderate,Millennials
18155,6.2,3.3,6.8,3.0,3.6,3.06,Low,Millennials
18156,3.5,1.5,7.3,1.6,2.4,3.28,Low,Millennials
18157,5.4,1.8,5.6,2.3,3.2,2.86,Low,Millennials
18158,5.8,1.4,8.1,0.0,3.7,2.8,Low,Millennials
18159,6.9,2.7,7.2,1.2,2.3,3.57,Moderate,Millennials
18160,3.9,1.8,6.1,1.8,4.1,3.17,Low,Millennials
18161,7.4,2.7,8.2,1.1,3.6,3.37,Moderate,Millennials
18162,5.6,3.2,8.2,0.3,1.2,3.15,Moderate,Millennials
18163,6.6,1.3,6.6,2.2,1.1,2.79,Moderate,Millennials
18164,6.7,1.8,7.2,2.3,5.6,2.51,Moderate,Millennials
18165,6.2,0.0,8.3,1.2,4.2,2.82,Moderate,Millennials
18166,6.0,1.7,8.2,2.6,3.3,2.99,Low,Millennials
18167,5.9,2.0,9.5,2.5,4.1,2.89,Moderate,Millennials
18168,5.6,1.1,8.0,1.3,5.6,3.69,Moderate,Millennials
18169,4.3,1.5,7.1,1.2,4.9,3.09,High,Millennials
18170,6.7,0.0,7.5,0.9,4.3,2.66,Moderate,Millennials
18171,5.4,2.0,8.2,3.7,3.1,2.92,Moderate,Millennials
18172,4.9,0.0,9.7,2.8,2.2,2.97,Moderate,Millennials
18173,5.0,2.3,8.6,1.6,5.0,2.5,Low,Millennials
18174,6.7,0.0,7.9,0.4,4.0,3.22,Moderate,Millennials
18175,5.4,0.7,8.9,3.9,4.1,2.99,Moderate,Millennials
18176,5.5,4.7,8.1,2.2,4.9,3.46,High,Millennials
18177,6.8,2.3,7.6,3.3,5.0,3.01,High,Millennials
18178,7.8,1.0,8.9,3.2,2.8,2.66,Moderate,Millennials
18179,4.4,4.7,7.3,3.3,4.8,3.06,High,Millennials
18180,4.6,1.3,6.1,2.2,2.5,2.91,Moderate,Millennials
18181,6.4,1.3,6.8,3.2,4.9,3.37,Low,Millennials
18182,4.5,2.1,8.9,1.6,4.9,3.25,Low,Millennials
18183,5.9,4.7,7.0,3.6,3.8,3.06,High,Millennials
18184,8.4,3.2,7.5,3.2,6.7,2.94,High,Millennials
18185,6.4,0.5,7.6,1.9,4.0,2.84,Low,Millennials
18186,4.2,4.4,8.7,2.0,8.0,2.73,High,Millennials
18187,7.7,1.3,8.2,1.3,3.6,2.84,Moderate,Millennials
18188,5.5,1.1,7.1,2.0,3.0,3.15,High,Millennials
18189,5.0,2.2,7.2,2.1,4.8,3.85,Moderate,Millennials
18190,4.8,2.8,7.1,2.2,4.1,2.7,Moderate,Millennials
18191,4.7,0.1,7.4,4.3,2.8,3.29,Moderate,Millennials
18192,5.5,1.7,5.9,1.1,4.0,2.64,Low,Millennials
18193,6.8,3.4,6.5,2.4,6.5,2.87,Moderate,Millennials
18194,7.4,3.7,8.4,1.9,4.4,2.81,Moderate,Millennials
18195,4.7,1.8,7.7,2.5,4.4,2.69,Low,Millennials
18196,5.2,1.2,8.7,1.9,3.2,3.01,Moderate,Millennials
18197,2.9,3.5,9.1,3.1,6.9,2.92,High,Millennials
18198,7.8,2.1,6.6,2.4,4.9,2.82,Moderate,Millennials
18199,3.7,1.4,7.3,3.4,4.1,2.91,Low,Millennials
18200,4.3,1.8,8.8,0.2,3.4,3.15,Low,Millennials
18201,5.9,1.1,7.7,2.6,5.0,3.0,Low,Millennials
18202,5.0,3.4,7.0,3.1,2.7,3.05,Moderate,Millennials
18203,9.2,3.1,6.7,3.3,4.0,3.29,Moderate,Millennials
18204,4.3,2.0,6.6,3.5,2.9,3.23,High,Millennials
18205,4.4,2.3,7.1,2.0,3.7,3.39,High,Millennials
18206,7.9,2.2,6.8,1.5,5.3,2.92,Moderate,Millennials
18207,5.8,2.9,8.2,3.0,2.7,2.51,Moderate,Millennials
18208,6.4,2.4,8.0,0.9,2.7,2.87,Moderate,Millennials
18209,3.5,3.2,7.3,3.5,1.0,3.05,High,Millennials
18210,7.6,1.0,7.7,1.9,3.2,3.23,High,Millennials
18211,5.1,2.1,8.2,3.3,3.4,2.53,Low,Millennials
18212,3.8,2.4,8.6,2.7,2.6,2.63,Moderate,Millennials
18213,5.7,2.7,7.9,4.2,6.6,2.4,High,Millennials
18214,7.4,1.1,7.3,0.7,3.0,3.21,Moderate,Millennials
18215,4.8,2.2,8.4,2.3,4.1,2.81,Low,Millennials
18216,5.7,1.5,7.5,2.5,3.6,2.87,Moderate,Millennials
18217,5.9,2.5,8.9,4.7,6.7,2.99,Low,Millennials
18218,6.5,0.2,7.9,0.9,3.6,2.8,Moderate,Millennials
18219,4.5,2.9,7.5,3.4,5.4,3.28,Low,Millennials
18220,7.9,1.6,7.5,3.1,2.9,3.49,Moderate,Millennials
18221,5.4,3.2,7.9,2.5,4.6,2.89,Moderate,Millennials
18222,4.5,4.2,7.1,2.0,4.8,2.66,Moderate,Millennials
18223,4.4,2.5,7.9,3.7,3.3,2.9,High,Millennials
18224,7.0,2.5,7.2,0.8,4.3,2.68,Moderate,Millennials
18225,7.2,2.7,8.1,1.7,3.0,2.55,Low,Millennials
18226,7.2,3.0,8.2,2.4,4.1,2.96,Moderate,Millennials
18227,3.9,2.6,8.8,1.7,3.5,2.61,Low,Millennials
18228,5.7,1.6,7.1,1.4,5.1,3.24,Low,Millennials
18229,5.8,1.5,7.2,2.8,5.1,3.2,Moderate,Millennials
18230,7.1,0.8,7.5,2.7,3.5,3.08,Moderate,Millennials
18231,5.4,1.8,9.1,1.8,3.7,2.78,High,Millennials
18232,5.2,1.2,6.2,3.1,4.9,2.43,Moderate,Millennials
18233,4.6,1.6,5.4,2.5,5.7,2.56,Low,Millennials
18234,5.1,2.3,7.7,1.3,7.0,2.98,Moderate,Millennials
18235,6.4,3.5,8.2,1.1,7.1,2.66,Low,Millennials
18236,7.2,2.2,9.3,0.9,4.0,2.48,Moderate,Millennials
18237,5.0,3.1,8.3,0.0,4.9,2.88,Low,Millennials
18238,3.4,1.0,8.7,3.0,4.6,2.76,High,Millennials
18239,2.0,1.6,8.6,3.6,3.1,3.48,Moderate,Millennials
18240,6.6,2.0,8.3,2.4,4.0,2.92,High,Millennials
18241,7.1,4.2,7.5,0.3,2.0,3.1,Low,Millennials
18242,4.8,1.1,6.4,3.5,3.5,2.91,Moderate,Millennials
18243,4.8,0.8,8.4,1.4,4.2,2.76,Low,Millennials
18244,5.5,1.2,7.9,3.7,4.3,2.72,Low,Millennials
18245,2.7,2.6,7.6,1.5,4.1,3.43,Moderate,Millennials
18246,6.1,2.8,8.7,0.3,1.1,2.37,High,Millennials
18247,7.5,2.1,10.0,0.3,2.3,2.22,High,Millennials
18248,5.5,2.8,8.5,0.0,2.9,3.08,High,Millennials
18249,4.2,1.8,7.4,1.7,4.4,2.86,Moderate,Millennials
18250,5.2,3.8,9.0,2.4,4.4,3.22,Low,Millennials
18251,5.3,1.7,8.0,0.5,4.3,2.98,Low,Millennials
18252,6.6,2.2,8.0,2.4,2.6,3.18,Moderate,Millennials
18253,5.4,3.6,8.0,2.5,3.9,3.59,Moderate,Millennials
18254,5.6,1.4,7.9,1.8,6.0,2.78,Moderate,Millennials
18255,5.2,2.9,8.8,3.3,4.4,3.39,Moderate,Millennials
18256,5.7,3.1,8.6,1.1,6.4,3.09,Low,Millennials
18257,7.6,0.6,8.2,2.0,2.9,2.88,Moderate,Millennials
18258,7.2,4.2,9.7,1.0,5.6,3.55,High,Millennials
18259,6.3,2.0,5.5,0.2,3.0,3.58,Moderate,Millennials
18260,5.5,4.1,7.8,0.0,4.2,2.96,High,Millennials
18261,7.0,2.0,7.3,3.1,6.8,2.69,Moderate,Millennials
18262,6.1,3.3,6.9,2.1,3.8,2.91,Low,Millennials
18263,5.7,2.8,9.8,3.4,5.0,2.99,Low,Millennials
18264,7.3,2.9,7.7,2.9,4.1,2.86,High,Millennials
18265,5.2,2.6,6.8,1.1,4.0,3.09,Low,Millennials
18266,7.0,2.7,8.4,0.7,3.8,3.24,Low,Millennials
18267,6.1,2.6,8.4,1.4,4.1,3.81,Low,Millennials
18268,5.8,2.1,7.5,4.0,6.0,2.86,High,Millennials
18269,9.4,0.2,9.4,2.6,5.8,3.58,Moderate,Millennials
18270,7.2,1.6,7.8,1.5,4.6,2.56,Moderate,Millennials
18271,6.9,1.3,6.5,2.6,4.6,3.11,Low,Millennials
18272,5.5,1.6,7.5,1.4,5.3,3.13,Low,Millennials
18273,7.6,1.1,7.7,2.3,2.7,2.91,Low,Millennials
18274,6.7,1.6,7.1,2.7,2.7,3.09,High,Millennials
18275,4.0,1.3,8.0,3.3,3.9,3.18,Moderate,Millennials
18276,5.6,2.6,7.6,4.0,4.0,3.32,Low,Millennials
18277,7.5,3.0,6.6,0.5,1.8,3.47,Moderate,Millennials
18278,5.7,2.4,8.9,2.6,3.6,2.94,Low,Millennials
18279,4.5,2.1,7.5,3.1,1.8,2.74,Low,Millennials
18280,4.8,2.8,8.1,0.2,4.7,2.91,High,Millennials
18281,5.4,3.3,7.2,1.6,2.1,2.91,Low,Millennials
18282,4.9,1.3,8.3,1.0,5.3,2.99,Low,Millennials
18283,7.5,2.4,8.7,1.4,1.8,2.49,Moderate,Millennials
18284,5.8,2.9,8.3,2.7,3.7,2.8,High,Millennials
18285,2.1,2.6,8.1,3.0,5.1,2.46,High,Millennials
18286,6.5,1.8,9.0,3.7,2.6,2.9,Moderate,Millennials
18287,3.9,3.0,6.5,0.9,3.2,3.29,Low,Millennials
18288,6.5,1.4,7.4,0.8,4.9,2.84,Low,Millennials
18289,7.0,1.8,9.3,1.7,4.7,3.02,Moderate,Millennials
18290,8.9,1.6,8.8,2.4,6.7,2.71,High,Millennials
18291,7.1,1.6,8.4,2.1,3.3,2.96,Moderate,Millennials
18292,6.8,2.1,6.4,0.0,4.8,3.15,Moderate,Millennials
18293,7.0,2.5,6.8,2.0,5.3,3.12,Low,Millennials
18294,4.5,0.0,6.7,3.4,1.4,3.13,Moderate,Millennials
18295,6.5,3.3,8.3,1.3,4.9,3.27,Moderate,Millennials
18296,6.1,3.4,8.8,1.9,2.9,2.64,Low,Millennials
18297,7.9,4.7,8.5,2.3,6.4,3.36,Low,Millennials
18298,7.6,0.8,7.5,1.4,3.3,2.59,Low,Millennials
18299,5.3,2.7,8.5,2.5,4.3,3.27,Moderate,Millennials
18300,4.1,2.3,5.0,0.8,6.1,3.2,High,Millennials
18301,7.8,1.8,7.4,0.4,2.2,2.86,Moderate,Millennials
18302,7.5,4.7,8.3,2.4,3.9,2.4,Low,Millennials
18303,5.6,1.3,8.2,3.2,2.1,3.44,Moderate,Millennials
18304,4.5,2.9,8.8,2.5,3.9,2.84,Moderate,Millennials
18305,4.8,1.0,6.9,1.9,3.9,2.86,Low,Millennials
18306,6.1,0.7,7.3,1.5,1.6,2.55,Moderate,Millennials
18307,5.5,2.6,7.0,1.5,5.4,2.73,Low,Millennials
18308,5.8,3.1,8.9,2.3,3.5,3.07,Low,Millennials
18309,6.2,0.2,8.1,1.0,3.6,2.89,High,Millennials
18310,6.9,3.5,7.7,2.7,2.2,2.84,Low,Millennials
18311,5.9,2.0,7.7,0.5,2.0,2.97,Low,Millennials
18312,5.0,1.0,8.4,3.6,4.5,3.02,Moderate,Millennials
18313,6.8,0.6,9.1,1.3,4.7,3.18,Moderate,Millennials
18314,3.1,3.5,7.3,5.0,4.7,3.51,Moderate,Millennials
18315,7.1,4.8,7.7,1.8,6.3,2.87,Moderate,Millennials
18316,5.3,0.9,7.7,1.3,7.3,3.03,High,Millennials
18317,5.3,0.4,6.7,1.8,4.6,3.26,High,Millennials
18318,5.6,5.5,8.4,2.2,4.8,2.98,Moderate,Millennials
18319,5.5,0.5,8.1,3.3,4.4,2.52,Moderate,Millennials
18320,3.3,3.4,6.4,1.4,0.4,2.86,Low,Millennials
18321,5.5,1.3,6.6,1.6,2.4,3.1,Low,Millennials
18322,6.0,1.4,7.8,1.0,3.0,3.52,Low,Millennials
18323,4.4,4.1,9.1,2.4,3.4,3.03,Low,Millennials
18324,7.5,4.5,6.4,0.6,3.5,2.98,Moderate,Millennials
18325,5.6,1.3,8.8,1.2,7.3,3.38,Low,Millennials
18326,6.7,1.5,6.4,2.2,6.0,2.7,High,Millennials
18327,5.6,1.7,7.0,1.8,3.7,3.49,Low,Millennials
18328,4.5,2.6,8.4,1.5,2.2,2.73,High,Millennials
18329,5.8,1.8,8.3,1.8,0.6,2.92,Moderate,Millennials
18330,6.5,1.6,7.0,2.0,5.7,3.01,Low,Millennials
18331,7.4,3.3,7.5,3.0,2.1,3.49,Low,Millennials
18332,6.6,2.5,7.6,3.3,3.2,3.53,Low,Millennials
18333,6.7,2.2,8.9,0.3,5.4,2.57,Low,Millennials
18334,5.9,2.5,7.1,1.4,6.1,3.21,Low,Millennials
18335,4.9,3.0,8.9,3.2,5.9,2.89,Low,Millennials
18336,5.0,2.3,7.8,0.8,4.6,2.85,Moderate,Millennials
18337,8.1,1.9,8.3,1.7,7.3,2.91,Low,Millennials
18338,4.2,3.0,8.8,1.9,2.3,3.21,Moderate,Millennials
18339,5.0,2.6,8.0,1.5,5.8,2.79,Low,Millennials
18340,5.7,4.6,7.7,2.3,4.2,3.34,Moderate,Millennials
18341,7.9,2.5,7.6,3.8,3.1,2.9,Moderate,Millennials
18342,5.9,0.7,8.4,0.2,3.6,2.66,Moderate,Millennials
18343,5.1,1.4,7.2,2.9,3.7,2.5,Low,Millennials
18344,6.3,1.6,8.1,2.1,6.7,2.98,Moderate,Millennials
18345,4.8,0.8,8.4,1.9,4.6,3.04,Moderate,Millennials
18346,6.2,4.3,9.0,0.8,4.0,3.18,Moderate,Millennials
18347,5.8,1.8,6.2,0.8,4.0,3.23,Moderate,Millennials
18348,4.8,1.2,9.1,1.5,4.1,3.33,Low,Millennials
18349,6.6,0.1,7.2,1.1,3.3,2.71,Low,Millennials
18350,6.9,1.8,7.5,2.4,6.4,2.69,Moderate,Millennials
18351,5.7,2.9,6.8,3.1,1.6,3.15,Moderate,Millennials
18352,7.7,4.1,7.4,2.8,3.9,3.15,Low,Millennials
18353,5.1,0.4,8.8,1.9,5.1,3.31,Moderate,Millennials
18354,7.3,2.1,8.4,3.4,5.6,2.88,High,Millennials
18355,5.9,2.2,7.4,2.8,5.6,2.72,Moderate,Millennials
18356,5.8,2.8,8.7,1.9,4.6,2.93,Moderate,Millennials
18357,3.9,1.2,7.8,3.4,4.1,3.37,Moderate,Millennials
18358,6.7,2.8,7.1,1.1,3.9,3.1,Low,Millennials
18359,6.4,3.9,7.9,2.8,3.0,3.21,Moderate,Millennials
18360,6.2,2.6,7.6,2.8,2.2,3.53,High,Millennials
18361,6.0,2.0,8.2,1.8,4.6,2.91,Low,Millennials
18362,7.3,1.7,7.5,4.2,4.8,3.46,Low,Millennials
18363,6.3,2.1,8.2,0.4,1.8,3.01,Low,Millennials
18364,6.3,1.8,8.9,2.9,4.3,3.3,Moderate,Millennials
18365,5.5,2.2,8.8,2.4,1.5,2.86,High,Millennials
18366,2.9,3.1,7.5,1.0,5.4,2.75,Moderate,Millennials
18367,5.1,3.1,6.3,1.1,1.6,3.08,Low,Millennials
18368,2.9,0.2,7.9,2.9,4.4,2.93,Moderate,Millennials
18369,5.1,2.6,8.0,2.8,4.8,3.25,Low,Millennials
18370,4.7,0.9,8.6,1.2,5.4,2.97,Moderate,Millennials
18371,4.6,2.7,7.8,2.0,7.1,3.2,Low,Millennials
18372,6.6,2.5,8.5,1.9,3.9,3.57,Moderate,Millennials
18373,7.8,2.1,5.4,3.0,6.3,2.94,Moderate,Millennials
18374,4.5,2.7,8.9,2.9,5.9,3.32,Moderate,Millennials
18375,7.0,1.5,7.8,1.2,3.4,2.86,Low,Millennials
18376,3.7,2.8,9.3,3.1,2.9,2.76,Moderate,Millennials
18377,4.9,2.7,7.2,0.9,1.9,2.98,Moderate,Millennials
18378,6.9,1.8,6.4,1.1,1.6,2.95,Moderate,Millennials
18379,6.8,6.0,8.0,1.5,5.4,3.39,Moderate,Millennials
18380,7.3,1.0,8.4,2.3,5.1,2.87,Moderate,Millennials
18381,6.9,1.3,7.1,1.5,5.1,3.66,High,Millennials
18382,5.8,2.1,8.6,0.6,5.5,3.03,High,Millennials
18383,5.0,3.3,6.3,4.0,2.9,2.57,High,Millennials
18384,5.9,2.9,5.7,2.5,3.1,3.1,Low,Millennials
18385,6.5,3.3,8.2,2.4,4.9,3.24,High,Millennials
18386,4.9,3.1,7.7,2.7,4.7,2.73,Low,Millennials
18387,8.6,1.1,8.6,2.5,3.5,3.13,Moderate,Millennials
18388,5.7,2.2,6.6,2.5,2.9,3.21,Moderate,Millennials
18389,4.2,1.8,7.7,3.0,3.3,2.7,Low,Millennials
18390,5.8,1.6,8.5,2.8,5.4,2.69,Low,Millennials
18391,6.4,2.6,9.3,0.0,4.6,3.07,Low,Millennials
18392,2.9,3.4,6.7,4.0,4.9,2.56,Moderate,Millennials
18393,4.8,2.2,8.8,2.6,7.8,3.57,Moderate,Millennials
18394,7.4,2.0,8.1,1.6,3.2,3.19,Low,Millennials
18395,5.3,2.5,7.6,3.4,2.8,3.21,Moderate,Millennials
18396,8.1,1.1,8.5,1.1,5.0,3.43,High,Millennials
18397,4.3,2.4,7.8,2.1,3.6,3.79,High,Millennials
18398,6.3,2.4,7.5,1.4,5.1,3.25,Moderate,Millennials
18399,4.5,0.0,8.2,4.5,1.3,3.02,Low,Millennials
18400,4.8,1.1,8.3,1.3,2.7,3.16,Low,Millennials
18401,7.4,1.5,6.1,1.9,3.2,3.29,Moderate,Millennials
18402,4.3,3.9,8.0,2.5,2.2,2.87,Low,Millennials
18403,3.9,2.4,8.9,2.3,5.0,2.61,Moderate,Millennials
18404,6.1,1.8,7.5,2.2,4.5,2.39,Low,Millennials
18405,7.6,2.6,6.5,1.4,3.6,3.22,Moderate,Millennials
18406,7.3,1.9,9.5,3.1,3.4,2.74,Low,Millennials
18407,4.7,3.1,7.5,2.6,2.8,2.29,High,Millennials
18408,4.8,2.0,9.1,2.4,1.0,2.53,Low,Millennials
18409,8.1,3.4,8.7,0.2,2.0,3.31,Low,Millennials
18410,6.0,1.7,7.8,3.5,3.6,3.09,Moderate,Millennials
18411,6.3,1.7,6.9,3.2,4.8,2.29,Moderate,Millennials
18412,4.9,2.2,7.9,1.4,2.2,2.93,Moderate,Millennials
18413,5.7,2.5,6.1,2.2,5.4,3.13,Moderate,Millennials
18414,7.1,2.4,9.6,1.6,5.7,2.52,Moderate,Millennials
18415,5.1,1.6,8.3,1.0,2.8,3.27,Moderate,Millennials
18416,7.7,1.5,6.1,1.4,5.3,3.39,Moderate,Millennials
18417,6.2,2.2,8.1,1.5,5.3,3.76,Moderate,Millennials
18418,5.3,3.6,7.2,1.2,4.5,2.98,Low,Millennials
18419,8.0,2.8,8.1,2.8,5.4,2.99,Moderate,Millennials
18420,7.5,1.9,8.2,2.6,5.8,2.86,Moderate,Millennials
18421,3.7,3.5,8.7,3.3,0.7,3.15,Moderate,Millennials
18422,5.5,1.3,9.4,2.9,5.5,3.7,High,Millennials
18423,8.6,2.5,9.1,1.7,7.0,2.95,Moderate,Millennials
18424,5.6,2.6,6.3,2.8,3.8,2.79,Moderate,Millennials
18425,5.6,5.2,9.7,1.8,6.0,2.86,Moderate,Millennials
18426,6.2,2.6,7.0,4.0,3.8,2.98,Low,Millennials
18427,6.1,1.8,8.0,0.5,3.4,2.99,Moderate,Millennials
18428,7.4,2.0,7.5,4.3,2.9,3.38,Low,Millennials
18429,6.7,0.9,8.3,2.1,4.8,2.95,Moderate,Millennials
18430,4.8,0.5,8.7,1.5,4.9,2.89,High,Millennials
18431,4.4,2.6,8.0,1.4,5.2,2.81,Low,Millennials
18432,6.0,0.9,6.9,3.7,4.1,2.54,Low,Millennials
18433,3.5,2.8,7.8,1.6,3.9,2.83,Low,Millennials
18434,5.0,3.3,8.5,1.7,4.2,2.46,High,Millennials
18435,4.2,3.8,7.9,2.9,3.4,2.86,Low,Millennials
18436,6.6,2.9,5.9,1.3,3.9,3.31,Moderate,Millennials
18437,7.7,0.3,8.0,2.0,3.5,2.67,Moderate,Millennials
18438,5.1,1.4,8.6,1.4,6.1,2.2,Moderate,Millennials
18439,5.7,1.6,9.1,2.3,5.2,2.63,Moderate,Millennials
18440,5.5,2.8,7.5,0.0,2.6,3.27,Moderate,Millennials
18441,5.1,1.7,8.2,2.0,6.0,2.54,Low,Millennials
18442,5.6,2.6,8.3,1.3,2.9,2.87,Moderate,Millennials
18443,7.1,0.6,7.7,2.5,4.1,3.02,Moderate,Millennials
18444,5.0,2.7,7.7,2.5,1.5,2.84,Moderate,Millennials
18445,4.3,2.0,8.9,0.0,5.4,3.32,Moderate,Millennials
18446,6.0,1.7,5.8,0.7,4.5,3.19,Low,Millennials
18447,7.6,3.9,8.8,4.1,3.2,2.96,Moderate,Millennials
18448,7.0,3.2,8.2,0.5,5.8,3.53,Moderate,Millennials
18449,5.8,1.8,7.5,1.6,5.8,3.24,Moderate,Millennials
18450,5.9,0.0,6.7,1.5,4.8,3.27,Moderate,Millennials
18451,4.7,1.2,7.8,2.6,3.7,3.31,Moderate,Millennials
18452,6.5,1.6,7.8,2.9,5.6,2.7,Moderate,Millennials
18453,6.4,0.6,8.3,0.0,2.9,2.9,Low,Millennials
18454,6.4,1.8,9.1,3.1,2.6,3.4,Moderate,Millennials
18455,6.3,2.1,6.9,1.0,4.9,2.82,Moderate,Millennials
18456,5.4,2.4,7.8,2.2,3.0,3.08,High,Millennials
18457,5.9,2.8,8.0,3.1,7.7,3.0,Low,Millennials
18458,4.6,1.7,8.4,2.0,2.3,3.54,Moderate,Millennials
18459,5.2,2.8,8.3,2.2,2.9,3.08,High,Millennials
18460,7.5,2.6,8.6,1.8,1.5,3.1,Moderate,Millennials
18461,5.4,0.7,8.0,0.6,2.8,3.55,Low,Millennials
18462,4.1,2.0,7.4,1.5,4.2,2.85,Moderate,Millennials
18463,6.4,1.6,7.8,2.4,4.9,3.15,Moderate,Millennials
18464,5.4,1.0,8.1,1.6,2.6,3.17,Moderate,Millennials
18465,4.0,1.4,7.0,1.9,3.9,3.3,Moderate,Millennials
18466,3.8,2.6,7.2,2.4,2.0,2.89,Moderate,Millennials
18467,6.1,2.7,6.6,1.7,4.8,2.76,Moderate,Millennials
18468,6.2,2.2,7.9,1.0,4.8,2.99,High,Millennials
18469,5.0,1.0,8.2,1.1,4.4,3.11,Moderate,Millennials
18470,5.2,1.8,7.1,3.5,6.2,2.83,Low,Millennials
18471,3.7,1.8,8.8,3.5,5.2,3.46,Moderate,Millennials
18472,5.7,0.0,8.2,3.3,2.0,3.01,Moderate,Millennials
18473,7.7,1.1,7.4,1.0,4.1,2.72,Low,Millennials
18474,5.0,3.7,8.2,3.2,2.8,3.3,Moderate,Millennials
18475,5.4,4.0,7.1,3.7,2.1,3.45,Moderate,Millennials
18476,7.6,0.7,7.6,1.7,0.3,2.84,Moderate,Millennials
18477,6.3,4.6,6.9,3.1,4.1,2.63,Moderate,Millennials
18478,6.6,3.4,8.4,3.0,4.3,3.14,Low,Millennials
18479,6.9,2.9,6.4,3.7,4.2,2.9,Low,Millennials
18480,6.0,1.7,8.9,1.7,3.8,2.65,Low,Millennials
18481,5.9,3.0,9.7,1.2,4.9,3.1,Moderate,Millennials
18482,5.6,2.1,9.5,2.5,3.2,3.05,Low,Millennials
18483,6.2,2.1,8.0,3.5,4.8,3.23,Moderate,Millennials
18484,4.9,0.8,9.0,3.9,1.8,3.41,High,Millennials
18485,4.2,2.1,8.3,0.9,3.8,3.43,Moderate,Millennials
18486,4.5,4.4,7.6,1.8,4.4,2.29,Moderate,Millennials
18487,7.6,1.8,7.9,0.0,2.3,3.12,Moderate,Millennials
18488,5.4,1.2,7.8,0.2,1.0,2.97,Moderate,Millennials
18489,6.7,1.9,8.1,2.7,6.9,2.91,Low,Millennials
18490,4.8,2.7,7.7,3.1,3.2,2.81,Moderate,Millennials
18491,3.5,3.9,8.0,2.9,3.1,2.92,Moderate,Millennials
18492,3.1,1.9,8.4,2.2,5.8,3.28,Low,Millennials
18493,4.3,3.8,7.6,0.8,4.8,2.87,Moderate,Millennials
18494,3.5,0.8,7.5,1.7,3.8,2.64,Low,Millennials
18495,3.7,3.2,7.3,0.5,3.7,2.72,High,Millennials
18496,7.7,2.9,8.6,0.2,2.5,2.9,Moderate,Millennials
18497,4.5,2.5,7.7,3.7,6.2,3.14,Moderate,Millennials
18498,3.6,5.0,6.5,0.5,5.6,3.18,Low,Millennials
18499,6.2,2.4,8.1,0.0,3.1,3.07,Moderate,Millennials
18500,6.4,3.3,7.7,1.0,6.6,2.87,Low,Millennials
18501,6.7,3.7,8.7,3.2,3.2,2.67,Moderate,Millennials
18502,4.8,2.6,7.4,4.3,3.8,2.85,Moderate,Millennials
18503,9.1,2.6,7.4,3.7,4.0,2.91,High,Millennials
18504,5.7,2.7,5.8,2.0,4.9,3.38,Moderate,Millennials
18505,5.6,3.0,6.0,4.0,5.9,2.75,Moderate,Millennials
18506,3.3,1.4,8.1,1.4,3.3,2.5,Moderate,Millennials
18507,4.7,0.7,9.1,1.3,3.0,3.18,Moderate,Millennials
18508,5.8,3.7,6.7,0.5,4.7,2.77,High,Millennials
18509,6.8,3.0,6.8,1.4,2.7,2.87,Moderate,Millennials
18510,5.8,2.6,7.8,1.5,4.9,2.62,Moderate,Millennials
18511,5.4,1.9,8.4,3.1,4.7,2.97,High,Millennials
18512,5.4,2.2,9.1,2.9,3.3,2.47,Low,Millennials
18513,4.4,3.8,8.7,4.0,0.9,2.68,High,Millennials
18514,6.3,2.5,9.6,2.2,2.6,2.85,Low,Millennials
18515,5.4,3.1,7.7,1.8,4.9,3.03,Low,Millennials
18516,9.6,2.0,5.7,3.0,5.5,3.53,High,Millennials
18517,4.5,2.7,9.5,1.6,3.9,3.17,High,Millennials
18518,5.9,4.2,7.5,2.7,4.3,3.21,Moderate,Millennials
18519,5.0,0.4,6.9,2.3,4.4,3.07,Moderate,Millennials
18520,6.4,1.8,8.6,0.0,5.0,3.14,High,Millennials
18521,6.2,4.3,6.7,0.4,3.8,3.26,High,Millennials
18522,5.9,5.0,7.2,1.5,5.7,3.2,Moderate,Millennials
18523,3.3,2.3,9.9,3.4,3.6,3.48,Moderate,Millennials
18524,4.6,5.1,6.9,1.3,3.9,2.73,Low,Millennials
18525,5.1,2.8,9.3,2.2,3.3,3.04,Low,Millennials
18526,6.4,5.4,7.7,1.9,2.6,3.64,Moderate,Millennials
18527,7.3,0.0,9.2,4.4,2.7,3.05,Low,Millennials
18528,4.8,0.5,7.6,2.7,6.4,2.75,Low,Millennials
18529,7.9,0.0,7.0,4.2,4.0,2.97,Moderate,Millennials
18530,6.6,3.7,8.0,2.4,3.5,3.1,Low,Millennials
18531,7.2,1.3,8.6,2.7,3.6,2.82,Low,Millennials
18532,5.9,2.4,9.1,3.6,2.8,2.81,Moderate,Millennials
18533,7.8,1.3,7.2,3.0,3.8,3.22,Moderate,Millennials
18534,6.1,1.7,7.7,2.0,6.6,2.28,Low,Millennials
18535,6.2,2.6,9.0,2.0,3.6,2.55,Low,Millennials
18536,4.9,2.0,6.7,2.1,4.1,2.5,Moderate,Millennials
18537,6.4,3.4,8.8,2.1,4.8,2.93,High,Millennials
18538,5.2,3.1,7.2,3.0,1.4,2.17,Low,Millennials
18539,7.2,2.8,8.6,2.7,4.6,3.28,Moderate,Millennials
18540,6.1,2.2,8.0,3.3,5.4,2.95,Low,Millennials
18541,4.8,1.5,8.2,1.2,5.8,3.07,Moderate,Millennials
18542,3.5,1.9,8.2,2.7,4.1,2.53,Moderate,Millennials
18543,5.4,2.9,8.8,1.7,7.0,2.69,High,Millennials
18544,6.0,2.0,8.7,3.9,4.7,3.43,High,Millennials
18545,6.9,3.0,8.8,1.9,1.7,2.92,Moderate,Millennials
18546,8.5,3.3,8.8,3.0,3.4,2.54,Moderate,Millennials
18547,4.7,2.2,7.6,2.0,3.5,2.61,Moderate,Millennials
18548,5.0,0.8,8.8,4.4,4.7,2.86,Low,Millennials
18549,4.0,1.7,7.7,2.6,5.0,2.96,Low,Millennials
18550,7.1,0.0,7.1,1.3,2.8,3.27,Moderate,Millennials
18551,4.7,2.5,7.5,1.7,4.0,3.08,Low,Millennials
18552,4.5,1.9,10.0,2.5,2.7,2.77,Moderate,Millennials
18553,4.0,2.1,6.4,1.9,3.2,3.28,Low,Millennials
18554,6.2,4.0,8.7,0.0,4.3,2.46,High,Millennials
18555,5.9,0.9,8.5,3.6,2.1,3.54,Low,Millennials
18556,7.7,0.9,6.8,0.5,4.8,2.84,Low,Millennials
18557,5.6,3.4,7.9,1.5,3.6,3.2,Low,Millennials
18558,6.2,1.5,7.5,2.7,2.1,2.97,Moderate,Millennials
18559,3.0,3.8,8.9,1.3,5.2,2.9,High,Millennials
18560,6.1,1.9,7.2,0.0,3.2,2.75,Moderate,Millennials
18561,6.0,0.0,8.1,2.6,2.5,3.12,Moderate,Millennials
18562,3.9,2.6,7.0,2.5,2.4,2.66,Moderate,Millennials
18563,5.6,1.9,7.5,3.1,5.3,2.73,High,Millennials
18564,5.0,0.3,7.8,1.0,3.0,2.59,Low,Millennials
18565,6.0,3.3,7.3,4.6,2.0,3.24,High,Millennials
18566,6.5,2.5,9.2,1.5,3.2,3.24,High,Millennials
18567,7.4,2.7,8.9,2.2,3.6,3.06,Moderate,Millennials
18568,4.1,3.5,7.6,1.7,2.6,3.63,High,Millennials
18569,5.1,0.0,6.7,2.6,5.5,3.27,Moderate,Millennials
18570,6.5,3.1,9.5,1.1,2.4,3.42,Moderate,Millennials
18571,7.7,1.7,7.6,3.1,3.9,3.09,Moderate,Millennials
18572,9.3,1.7,9.3,2.4,4.0,3.06,Low,Millennials
18573,5.8,3.6,7.2,3.4,5.3,3.12,Moderate,Millennials
18574,8.0,4.0,8.4,1.8,2.9,2.84,High,Millennials
18575,4.2,1.4,8.3,1.7,4.4,2.81,Low,Millennials
18576,5.1,3.8,8.8,4.0,5.4,2.87,High,Millennials
18577,5.3,0.8,8.8,2.2,2.1,3.07,Moderate,Millennials
18578,5.9,2.2,7.3,2.9,5.3,3.12,High,Millennials
18579,6.0,3.6,7.7,1.5,5.8,2.87,High,Millennials
18580,5.2,0.7,6.0,2.8,5.7,3.6,Low,Millennials
18581,4.7,1.7,6.5,3.9,4.9,2.84,High,Millennials
18582,6.3,2.1,7.2,2.7,2.9,3.29,Moderate,Millennials
18583,5.3,0.6,7.7,0.4,1.6,3.57,Moderate,Millennials
18584,6.7,0.4,7.2,1.7,5.3,2.14,Moderate,Millennials
18585,4.7,2.9,6.5,1.2,2.8,3.17,Moderate,Millennials
18586,5.2,2.0,9.1,2.0,5.6,3.31,Low,Millennials
18587,5.9,1.5,7.9,2.0,6.4,3.27,Moderate,Millennials
18588,4.4,0.8,6.8,0.0,6.2,3.31,Moderate,Millennials
18589,3.2,1.1,7.3,1.4,3.4,2.64,Moderate,Millennials
18590,6.7,1.5,7.3,3.6,3.8,2.84,Low,Millennials
18591,6.6,3.2,6.8,1.4,5.2,2.92,Moderate,Millennials
18592,5.6,1.8,7.2,3.1,3.4,3.38,Moderate,Millennials
18593,5.8,1.6,9.1,3.0,5.9,2.86,High,Millennials
18594,6.8,2.2,7.7,1.3,3.4,3.02,Moderate,Millennials
18595,6.5,3.0,8.0,3.4,5.4,3.37,Moderate,Millennials
18596,7.2,1.6,7.7,3.8,6.2,2.97,Moderate,Millennials
18597,6.4,0.6,9.3,2.4,3.3,3.23,Low,Millennials
18598,6.3,0.4,5.8,0.6,5.1,2.86,High,Millennials
18599,4.4,2.6,6.7,3.1,6.0,3.19,Moderate,Millennials
18600,8.0,0.0,10.0,2.6,2.9,3.28,Low,Millennials
18601,4.2,2.7,8.1,0.8,5.0,3.27,Moderate,Millennials
18602,6.4,2.6,6.9,2.0,5.3,3.17,Low,Millennials
18603,7.5,1.1,7.4,0.0,3.7,3.34,Moderate,Millennials
18604,6.0,2.6,7.1,1.1,6.9,3.03,Moderate,Millennials
18605,6.6,1.7,8.1,3.1,5.1,2.68,Moderate,Millennials
18606,4.3,0.0,5.3,3.5,4.7,3.2,Low,Millennials
18607,7.5,3.5,7.6,4.0,5.2,3.52,Low,Millennials
18608,5.7,0.2,6.3,1.9,3.2,3.0,Moderate,Millennials
18609,3.7,1.8,7.0,1.2,2.9,3.05,Moderate,Millennials
18610,4.0,1.4,8.3,3.0,2.3,3.05,Low,Millennials
18611,6.4,2.3,7.1,0.8,2.8,3.14,Low,Millennials
18612,8.0,3.6,8.4,2.0,5.2,3.02,High,Millennials
18613,4.2,0.9,9.6,1.5,4.1,3.08,Moderate,Millennials
18614,7.7,2.4,9.5,2.7,3.9,3.0,Moderate,Millennials
18615,7.6,1.4,8.9,1.8,5.5,3.05,Moderate,Millennials
18616,5.2,1.4,9.0,3.1,2.5,2.8,Low,Millennials
18617,6.6,4.2,9.7,0.9,4.6,2.76,Low,Millennials
18618,3.5,0.4,9.3,0.4,6.7,2.79,Moderate,Millennials
18619,3.9,0.5,9.6,0.8,1.6,3.16,High,Millennials
18620,5.6,4.1,8.2,1.6,6.0,2.48,High,Millennials
18621,4.9,3.8,8.6,1.6,8.0,3.35,Low,Millennials
18622,5.7,1.9,7.4,2.4,3.1,2.7,Low,Millennials
18623,4.9,2.5,8.1,2.7,3.4,3.01,Low,Millennials
18624,7.9,2.4,8.4,2.5,2.2,2.49,Low,Millennials
18625,7.1,2.0,8.4,2.2,1.0,2.94,Low,Millennials
18626,7.1,2.8,7.1,0.8,2.5,2.31,Moderate,Millennials
18627,6.8,2.4,8.3,2.0,6.0,2.96,High,Millennials
18628,5.9,0.8,8.3,2.0,6.0,3.09,Moderate,Millennials
18629,3.4,1.2,8.2,0.2,4.5,3.03,Moderate,Millennials
18630,6.1,2.7,7.3,1.8,2.5,3.44,Low,Millennials
18631,6.1,2.5,7.4,2.7,3.8,2.47,Low,Millennials
18632,4.0,1.1,9.5,3.0,6.3,3.2,Low,Millennials
18633,9.5,1.7,9.3,0.3,3.6,2.72,Low,Millennials
18634,5.2,0.5,6.8,2.4,5.4,3.6,High,Millennials
18635,3.9,3.2,6.6,1.0,5.4,3.21,Moderate,Millennials
18636,5.5,0.8,8.0,2.6,5.7,3.15,Low,Millennials
18637,7.0,2.5,8.5,1.0,1.8,2.94,Moderate,Millennials
18638,5.4,1.1,7.6,2.0,6.1,3.16,Moderate,Millennials
18639,7.5,2.1,7.9,1.8,5.6,2.73,High,Millennials
18640,6.9,4.0,7.6,2.3,2.5,2.54,Moderate,Millennials
18641,6.9,1.3,6.8,4.2,3.7,2.91,Moderate,Millennials
18642,7.2,2.3,7.9,2.8,2.9,2.87,High,Millennials
18643,4.8,2.9,7.7,1.5,4.3,3.24,Low,Millennials
18644,6.5,0.3,5.9,2.9,5.1,2.68,Low,Millennials
18645,7.9,3.3,8.5,2.5,2.9,3.17,Low,Millennials
18646,4.4,2.9,7.7,1.7,2.8,2.6,Low,Millennials
18647,6.3,3.3,9.4,0.7,4.7,2.88,High,Millennials
18648,6.9,1.8,7.5,2.5,5.4,3.07,High,Millennials
18649,4.2,1.5,7.8,1.1,4.7,3.3,Low,Millennials
18650,5.4,2.8,7.6,2.3,2.6,2.77,Moderate,Millennials
18651,6.2,1.7,8.6,1.9,1.0,3.37,Moderate,Millennials
18652,6.5,4.1,7.1,2.9,5.6,3.09,High,Millennials
18653,4.1,2.4,6.0,3.8,3.1,2.66,Low,Millennials
18654,7.3,0.4,8.8,1.5,5.6,3.04,Moderate,Millennials
18655,7.7,2.6,7.2,1.0,5.3,2.98,Low,Millennials
18656,5.6,2.3,8.1,3.0,5.0,3.73,Low,Millennials
18657,5.1,2.8,8.5,0.4,6.7,3.21,Moderate,Millennials
18658,5.0,1.9,8.1,0.0,3.4,3.11,Moderate,Millennials
18659,6.8,0.9,7.1,2.2,3.7,3.01,Moderate,Millennials
18660,6.0,2.7,7.1,1.9,6.9,3.09,Moderate,Millennials
18661,7.0,1.0,7.5,0.0,5.4,3.02,Moderate,Millennials
18662,6.4,2.8,7.0,1.7,3.6,3.0,Moderate,Millennials
18663,6.3,2.7,8.6,2.6,4.6,3.32,Moderate,Millennials
18664,7.3,4.3,6.8,0.0,2.8,2.6,Moderate,Millennials
18665,6.3,3.6,7.9,1.5,6.3,3.8,Low,Millennials
18666,7.9,2.5,8.8,1.1,4.8,3.37,Moderate,Millennials
18667,5.8,2.8,7.6,2.9,7.0,3.23,Moderate,Millennials
18668,6.7,2.3,8.3,1.5,5.1,2.78,Moderate,Millennials
18669,3.8,2.1,8.7,0.4,5.8,2.88,Moderate,Millennials
18670,5.6,1.9,7.4,1.5,3.2,2.98,Low,Millennials
18671,4.9,1.8,9.0,2.5,5.7,2.91,High,Millennials
18672,3.8,3.0,8.7,3.5,5.6,2.9,Low,Millennials
18673,4.4,2.6,8.1,0.7,3.6,2.74,Moderate,Millennials
18674,4.1,0.0,7.6,1.1,3.8,2.85,Moderate,Millennials
18675,6.5,2.9,8.0,1.2,5.2,3.0,Moderate,Millennials
18676,5.2,2.2,9.2,1.1,3.8,3.06,Moderate,Millennials
18677,7.8,3.0,8.3,4.1,6.2,3.38,Low,Millennials
18678,6.3,1.8,7.5,1.2,3.7,3.12,Moderate,Millennials
18679,4.1,2.6,9.4,3.0,4.9,3.15,Low,Millennials
18680,7.0,4.0,6.7,2.7,3.5,2.8,Moderate,Millennials
18681,2.6,2.7,8.8,1.6,2.0,2.61,Moderate,Millennials
18682,6.0,2.9,7.2,1.7,3.9,3.31,High,Millennials
18683,6.8,0.5,7.0,3.0,2.8,3.04,Moderate,Millennials
18684,4.3,0.4,8.1,1.3,4.6,2.86,Low,Millennials
18685,6.7,0.0,7.5,1.6,2.2,2.6,Moderate,Millennials
18686,4.1,1.0,7.9,2.8,5.9,2.63,Moderate,Millennials
18687,6.6,1.1,8.2,2.2,1.7,3.11,Moderate,Millennials
18688,4.4,2.1,7.0,3.8,3.1,3.85,Low,Millennials
18689,6.5,1.6,7.9,3.2,3.0,3.19,Moderate,Millennials
18690,5.6,1.7,7.7,3.4,4.4,2.72,Low,Millennials
18691,2.9,1.5,8.0,3.4,4.1,3.14,Moderate,Millennials
18692,6.4,1.8,7.4,2.0,4.9,2.99,Moderate,Millennials
18693,6.2,3.7,5.8,1.4,2.6,2.92,Moderate,Millennials
18694,5.8,3.4,7.6,1.2,5.0,3.07,Moderate,Millennials
18695,4.9,1.5,6.7,2.6,3.8,2.94,Low,Millennials
18696,4.8,1.9,7.7,3.5,4.7,3.51,Low,Millennials
18697,6.6,1.1,8.8,3.3,5.7,3.38,Moderate,Millennials
18698,6.7,2.5,7.5,3.4,5.1,2.46,Low,Millennials
18699,3.9,2.0,7.8,3.1,5.0,3.26,Low,Millennials
18700,6.3,2.0,8.2,0.7,5.2,3.15,Low,Millennials
18701,6.1,3.1,8.7,1.1,3.9,2.48,Moderate,Millennials
18702,3.5,3.3,7.5,2.6,4.0,2.55,Low,Millennials
18703,4.2,1.9,7.7,1.7,4.0,2.99,Moderate,Millennials
18704,6.3,2.6,7.6,1.8,5.0,2.37,Moderate,Millennials
18705,5.9,1.0,7.8,2.1,5.7,3.14,Low,Millennials
18706,6.1,2.0,6.4,2.4,6.5,3.17,Low,Millennials
18707,4.6,2.7,8.9,3.2,2.2,2.99,Moderate,Millennials
18708,5.5,1.5,6.6,2.7,2.8,3.13,Moderate,Millennials
18709,4.6,0.0,9.1,2.1,4.5,3.1,Moderate,Millennials
18710,5.5,3.9,7.4,2.9,5.4,2.97,Moderate,Millennials
18711,4.9,2.6,8.3,1.1,2.6,2.94,Moderate,Millennials
18712,7.2,3.7,6.3,3.2,2.6,2.1,Moderate,Millennials
18713,6.5,2.1,7.5,2.7,8.0,3.08,Moderate,Millennials
18714,5.1,3.0,9.4,1.4,4.3,3.62,Moderate,Millennials
18715,6.8,0.0,7.9,2.8,3.0,3.19,Moderate,Millennials
18716,4.9,3.4,8.2,1.7,2.6,3.1,Moderate,Millennials
18717,3.4,2.1,8.7,1.6,4.6,3.12,High,Millennials
18718,4.2,3.0,8.4,2.3,5.9,3.09,Moderate,Millennials
18719,5.8,3.4,8.5,3.5,3.1,3.21,Moderate,Millennials
18720,7.2,4.3,5.7,3.2,4.0,2.59,Moderate,Millennials
18721,6.2,1.4,7.8,2.9,4.5,2.72,Moderate,Millennials
18722,5.4,4.5,9.1,4.5,3.2,3.1,Low,Millennials
18723,6.5,1.7,9.0,1.1,4.2,3.14,High,Millennials
18724,7.9,2.2,8.5,2.0,5.5,2.9,Moderate,Millennials
18725,4.6,0.5,7.2,2.4,4.8,3.0,Moderate,Millennials
18726,6.3,4.0,6.5,0.1,1.3,3.04,Low,Millennials
18727,7.9,1.3,8.1,3.7,5.0,3.27,Moderate,Millennials
18728,5.0,1.2,8.3,1.6,5.4,3.0,High,Millennials
18729,4.2,2.7,7.1,1.9,1.9,3.23,Moderate,Millennials
18730,6.0,2.9,8.2,4.2,7.0,3.02,Moderate,Millennials
18731,6.6,1.6,7.0,0.6,3.8,2.59,Moderate,Millennials
18732,7.4,1.7,7.3,2.5,5.1,3.0,Low,Millennials
18733,6.0,2.2,7.1,1.1,6.8,2.91,Moderate,Millennials
18734,4.5,3.5,7.7,3.3,0.8,2.87,Low,Millennials
18735,6.2,1.8,7.5,1.4,5.5,2.78,High,Millennials
18736,5.4,3.5,7.4,5.0,5.7,3.77,Moderate,Millennials
18737,3.8,2.0,9.8,1.5,3.9,3.49,Low,Millennials
18738,4.4,2.9,8.3,3.8,4.8,3.78,Low,Millennials
18739,7.3,2.9,6.8,2.6,4.3,2.75,Low,Millennials
18740,6.7,3.9,9.0,3.7,5.8,2.55,High,Millennials
18741,2.7,1.2,6.9,1.6,2.6,2.97,Moderate,Millennials
18742,8.8,3.0,5.8,2.3,2.9,2.88,Low,Millennials
18743,5.0,1.8,7.7,2.4,3.8,2.98,Moderate,Millennials
18744,5.0,1.7,7.0,2.5,2.9,2.47,Low,Millennials
18745,9.9,2.0,7.8,1.5,3.5,2.81,Moderate,Millennials
18746,4.8,3.4,8.3,3.0,4.0,3.15,Low,Millennials
18747,5.2,2.7,8.5,1.6,5.8,2.87,Moderate,Millennials
18748,7.6,2.3,8.1,0.2,4.9,2.74,High,Millennials
18749,3.5,2.6,7.2,0.4,4.5,2.65,Moderate,Millennials
18750,5.9,2.6,7.1,1.9,4.6,3.39,High,Millennials
18751,6.5,1.9,7.3,3.8,2.4,3.05,High,Millennials
18752,4.9,1.2,7.7,2.1,5.1,3.18,Moderate,Millennials
18753,7.1,1.4,7.6,2.3,3.5,3.4,High,Millennials
18754,6.9,1.2,8.7,3.4,5.0,3.23,Moderate,Millennials
18755,2.2,1.8,7.5,2.2,3.6,2.8,Moderate,Millennials
18756,5.2,1.6,8.0,1.1,2.4,2.87,Low,Millennials
18757,5.1,3.4,6.9,4.2,6.1,3.46,High,Millennials
18758,8.9,0.9,8.8,2.8,5.4,2.78,High,Millennials
18759,7.8,2.6,8.7,2.4,6.1,3.36,Low,Millennials
18760,7.2,3.9,7.7,1.5,4.5,3.22,High,Millennials
18761,5.4,1.3,7.5,1.3,3.5,3.3,Low,Millennials
18762,6.0,3.4,8.7,1.5,4.5,3.08,Moderate,Millennials
18763,4.8,2.1,5.0,5.5,3.1,3.05,Moderate,Millennials
18764,7.0,2.7,7.8,1.5,4.8,2.7,Moderate,Millennials
18765,6.5,1.1,7.3,0.8,6.9,3.21,Low,Millennials
18766,4.1,1.3,8.0,2.0,2.7,2.74,Moderate,Millennials
18767,6.6,0.3,8.0,1.7,6.1,3.0,Moderate,Millennials
18768,7.2,1.3,9.6,2.9,4.9,2.85,Low,Millennials
18769,5.7,0.9,9.7,0.1,2.4,2.82,Moderate,Millennials
18770,7.3,2.0,7.1,0.7,5.2,2.71,High,Millennials
18771,5.0,1.4,8.3,0.0,5.7,2.9,Low,Millennials
18772,5.6,3.2,7.2,3.3,3.6,3.13,Moderate,Millennials
18773,6.4,1.6,8.0,2.5,7.2,3.51,Moderate,Millennials
18774,5.7,1.9,7.6,0.6,3.9,2.83,Moderate,Millennials
18775,4.7,3.1,8.7,0.4,5.0,2.76,High,Millennials
18776,7.0,1.3,8.7,1.7,6.1,3.28,Moderate,Millennials
18777,7.3,2.9,8.5,3.6,6.5,3.17,High,Millennials
18778,6.2,3.8,8.0,2.5,6.4,2.78,High,Millennials
18779,4.3,1.1,6.8,1.1,5.9,2.98,Low,Millennials
18780,5.3,2.4,8.1,2.2,3.2,3.14,Moderate,Millennials
18781,7.7,3.0,8.6,0.0,4.6,2.95,Low,Millennials
18782,3.7,1.4,7.7,3.3,2.2,2.71,Moderate,Millennials
18783,5.1,3.1,6.9,4.3,3.0,2.47,Moderate,Millennials
18784,6.5,1.1,8.4,0.0,7.0,3.48,Moderate,Millennials
18785,3.9,1.7,9.4,2.3,5.3,3.22,High,Millennials
18786,4.6,2.7,6.6,4.8,5.1,3.34,Moderate,Millennials
18787,5.4,4.0,8.4,0.8,4.9,2.79,Moderate,Millennials
18788,4.1,0.5,7.3,1.8,3.1,2.95,Low,Millennials
18789,5.1,1.4,7.2,2.9,3.5,3.22,Low,Millennials
18790,5.9,1.3,10.0,3.1,4.8,3.2,Low,Millennials
18791,9.1,3.9,8.3,3.3,4.6,3.48,Moderate,Millennials
18792,7.0,1.2,7.5,4.0,2.8,2.86,Moderate,Millennials
18793,6.6,2.1,7.3,0.0,4.8,3.34,Moderate,Millennials
18794,4.8,4.3,7.8,3.0,2.3,2.41,Moderate,Millennials
18795,7.9,1.9,7.2,1.8,5.0,2.71,Low,Millennials
18796,6.1,3.3,7.4,0.8,4.4,2.99,Moderate,Millennials
18797,8.9,2.2,7.5,1.6,4.4,3.22,Low,Millennials
18798,6.7,0.5,8.0,0.5,2.1,2.48,Low,Millennials
18799,2.5,3.1,8.1,2.3,3.6,3.1,High,Millennials
18800,6.3,3.2,7.6,3.2,2.9,3.04,Low,Millennials
18801,5.7,2.6,8.3,1.7,5.3,2.84,Low,Millennials
18802,8.0,2.5,6.9,1.8,4.3,2.7,Low,Millennials
18803,6.2,1.1,9.3,0.9,1.6,3.22,Low,Millennials
18804,5.1,2.0,8.1,0.7,4.1,2.79,Moderate,Millennials
18805,4.0,2.0,8.3,2.9,2.0,2.32,Low,Millennials
18806,5.2,1.1,9.3,3.0,5.0,3.03,High,Millennials
18807,5.5,3.2,6.8,2.8,6.0,3.24,Moderate,Millennials
18808,6.2,3.4,8.3,2.8,4.9,3.42,Moderate,Millennials
18809,7.2,3.4,7.6,3.9,3.9,3.32,Low,Millennials
18810,6.4,1.1,7.4,2.6,3.9,3.27,Moderate,Millennials
18811,7.6,3.2,6.6,1.4,3.4,3.0,Moderate,Millennials
18812,6.8,2.4,7.3,2.1,1.9,3.45,Low,Millennials
18813,3.1,2.3,8.2,2.3,5.0,2.71,Moderate,Millennials
18814,6.5,3.1,6.8,1.8,5.9,3.66,High,Millennials
18815,5.7,2.0,7.9,2.9,3.7,3.12,Moderate,Millennials
18816,4.6,3.8,10.0,2.0,5.6,2.78,Moderate,Millennials
18817,4.1,2.5,7.3,2.2,4.7,2.53,Moderate,Millennials
18818,7.4,4.9,7.4,4.8,7.4,3.2,High,Millennials
18819,5.1,1.2,7.8,3.4,4.6,2.58,Low,Millennials
18820,7.6,0.5,9.0,2.8,7.2,2.85,Low,Millennials
18821,2.8,2.1,6.5,1.9,3.1,3.2,High,Millennials
18822,3.7,2.6,8.0,4.1,4.8,3.12,Moderate,Millennials
18823,5.8,0.2,6.7,3.2,3.5,3.14,Low,Millennials
18824,5.4,2.5,8.0,3.4,3.7,2.77,Moderate,Millennials
18825,5.9,3.6,9.3,3.3,5.6,3.26,Low,Millennials
18826,4.9,1.7,7.6,1.9,5.1,3.12,Low,Millennials
18827,5.8,1.9,6.8,0.9,4.5,3.11,Low,Millennials
18828,5.3,1.5,8.5,1.4,4.5,2.18,Low,Millennials
18829,4.4,1.0,8.8,2.0,4.3,3.33,High,Millennials
18830,4.6,0.7,9.0,0.9,2.8,3.39,Moderate,Millennials
18831,4.4,2.4,7.9,3.8,6.1,3.34,Moderate,Millennials
18832,2.9,2.7,7.4,1.2,4.3,2.76,Low,Millennials
18833,5.6,0.5,8.6,3.2,3.4,3.12,Moderate,Millennials
18834,8.6,2.2,9.2,3.5,4.0,3.73,Low,Millennials
18835,6.5,3.1,8.4,1.4,6.0,3.17,Moderate,Millennials
18836,4.3,0.6,7.4,1.6,2.7,2.35,Moderate,Millennials
18837,4.2,1.9,8.4,2.0,4.4,3.09,Moderate,Millennials
18838,4.8,1.9,6.7,2.9,3.5,2.92,Low,Millennials
18839,5.5,1.4,7.8,2.5,5.8,2.59,Moderate,Millennials
18840,8.9,1.9,8.2,1.5,3.1,2.66,Moderate,Millennials
18841,7.1,3.2,8.5,0.6,4.2,2.7,Low,Millennials
18842,5.2,2.4,6.8,1.0,6.1,2.5,Moderate,Millennials
18843,6.2,3.0,8.7,0.6,3.5,3.37,Moderate,Millennials
18844,5.3,2.0,7.3,2.3,7.5,2.87,Moderate,Millennials
18845,8.2,2.7,7.3,0.2,3.7,2.81,Low,Millennials
18846,7.7,3.8,7.6,3.1,3.4,2.6,Moderate,Millennials
18847,5.2,1.5,8.4,1.8,2.3,3.02,Low,Millennials
18848,7.0,2.2,8.1,1.9,3.4,2.82,Low,Millennials
18849,5.3,1.5,8.6,2.3,5.7,2.76,Moderate,Millennials
18850,4.4,2.3,9.0,1.9,3.5,3.09,Moderate,Millennials
18851,5.3,0.8,7.8,2.8,2.5,2.89,Low,Millennials
18852,5.4,2.2,7.0,1.2,4.2,3.36,Moderate,Millennials
18853,6.3,1.8,8.5,1.5,1.9,3.3,Moderate,Millennials
18854,4.4,1.6,6.4,2.0,3.5,2.74,High,Millennials
18855,5.9,2.1,8.6,1.5,3.9,2.72,Moderate,Millennials
18856,4.4,1.7,7.2,2.4,5.0,2.97,Moderate,Millennials
18857,5.5,1.9,7.6,0.8,4.3,2.65,Low,Millennials
18858,6.0,2.0,8.0,1.4,4.4,3.17,Moderate,Millennials
18859,6.6,1.8,7.3,2.3,7.0,3.42,Low,Millennials
18860,6.1,0.6,9.7,5.2,4.1,2.67,Low,Millennials
18861,5.4,3.3,8.3,1.1,6.6,3.17,Moderate,Millennials
18862,5.2,1.5,6.7,2.4,4.5,3.06,Low,Millennials
18863,4.5,1.2,6.8,3.1,3.7,2.9,Moderate,Millennials
18864,8.4,1.3,6.4,1.5,6.0,3.05,Moderate,Millennials
18865,5.3,2.1,6.6,3.5,2.3,3.21,Low,Millennials
18866,6.4,1.8,7.7,1.7,5.0,3.13,High,Millennials
18867,5.9,1.5,6.9,3.0,5.1,2.9,Low,Millennials
18868,6.0,4.1,8.5,2.0,4.9,3.03,Moderate,Millennials
18869,3.5,4.5,6.7,2.0,2.9,3.17,High,Millennials
18870,5.4,0.3,8.3,1.8,4.3,2.9,Low,Millennials
18871,5.7,1.8,7.8,3.2,3.1,3.57,Low,Millennials
18872,3.1,2.6,8.1,2.5,4.7,3.2,Moderate,Millennials
18873,6.4,2.4,7.0,0.2,2.0,3.45,High,Millennials
18874,2.7,3.7,7.3,0.9,4.2,3.5,Moderate,Millennials
18875,5.1,3.0,8.8,2.3,3.4,2.91,Moderate,Millennials
18876,4.9,0.5,6.9,2.5,6.1,2.83,Moderate,Millennials
18877,8.0,3.6,8.6,2.6,3.7,2.93,Moderate,Millennials
18878,5.1,1.3,6.7,0.7,4.9,2.65,Low,Millennials
18879,4.6,4.4,9.0,2.1,5.5,3.27,Low,Millennials
18880,7.1,2.3,6.9,0.9,5.3,3.18,Low,Millennials
18881,6.3,1.7,8.4,2.4,5.8,3.16,Low,Millennials
18882,5.2,5.2,7.0,1.1,4.0,2.99,Moderate,Millennials
18883,6.4,3.3,8.2,0.7,4.9,2.48,Moderate,Millennials
18884,6.3,2.0,7.4,1.5,7.2,2.97,Moderate,Millennials
18885,5.2,1.1,6.8,0.5,4.9,3.16,High,Millennials
18886,6.6,2.7,8.7,1.4,4.1,2.58,Moderate,Millennials
18887,4.9,3.6,7.3,2.7,2.4,2.97,Moderate,Millennials
18888,6.0,0.1,8.5,1.6,4.9,2.88,High,Millennials
18889,7.1,1.6,7.8,2.0,4.2,2.94,Moderate,Millennials
18890,6.0,5.1,8.4,2.0,4.9,3.26,Low,Millennials
18891,5.0,1.3,8.0,1.8,4.6,2.98,Moderate,Millennials
18892,5.5,3.5,7.8,2.2,4.5,2.89,Moderate,Millennials
18893,5.4,3.1,8.0,1.6,5.6,2.62,Moderate,Millennials
18894,7.2,0.9,9.2,1.5,3.2,2.91,Moderate,Millennials
18895,5.1,2.2,6.9,1.5,2.5,3.08,Moderate,Millennials
18896,5.9,2.3,6.9,3.3,5.9,3.33,Low,Millennials
18897,5.4,0.5,7.5,0.8,4.8,3.34,Moderate,Millennials
18898,6.9,1.9,7.2,2.8,2.6,3.38,High,Millennials
18899,4.5,2.4,6.9,2.1,4.8,2.81,Moderate,Millennials
18900,6.0,2.7,7.6,0.9,2.9,3.44,Moderate,Millennials
18901,3.4,2.5,7.9,0.0,4.4,2.43,Low,Millennials
18902,5.6,3.6,7.6,2.5,3.6,2.93,Moderate,Millennials
18903,7.1,1.0,7.9,3.2,2.2,3.03,High,Millennials
18904,8.9,1.8,9.0,1.0,3.1,3.36,Moderate,Millennials
18905,4.8,3.3,8.0,0.4,4.3,3.13,Moderate,Millennials
18906,7.2,2.0,9.0,2.7,4.6,3.64,High,Millennials
18907,7.2,1.3,7.9,0.8,1.0,2.93,Moderate,Millennials
18908,5.2,2.5,8.1,3.6,4.1,3.14,High,Millennials
18909,6.0,3.3,9.2,3.9,6.5,2.87,Moderate,Millennials
18910,5.4,0.8,7.8,1.9,4.8,3.17,Moderate,Millennials
18911,5.1,0.6,7.2,2.2,4.2,2.99,Moderate,Millennials
18912,4.0,4.3,7.1,3.2,2.9,3.43,Moderate,Millennials
18913,4.7,2.7,6.5,0.3,6.0,2.73,Moderate,Millennials
18914,7.2,2.6,8.5,5.2,5.1,2.94,High,Millennials
18915,7.0,2.2,9.3,2.6,3.1,2.53,Low,Millennials
18916,6.9,0.6,7.2,1.8,4.5,2.72,Moderate,Millennials
18917,5.8,3.7,7.7,3.0,4.7,2.71,Low,Millennials
18918,4.6,3.6,6.3,1.4,4.2,3.49,Moderate,Millennials
18919,4.0,3.3,9.9,2.4,3.3,3.15,Low,Millennials
18920,7.1,2.6,8.0,1.5,2.7,2.96,Moderate,Millennials
18921,5.0,3.5,8.3,1.0,4.5,3.29,Moderate,Millennials
18922,6.1,3.2,8.3,2.6,3.2,3.21,Moderate,Millennials
18923,6.9,2.3,8.2,3.4,4.2,3.28,High,Millennials
18924,5.0,1.7,8.9,3.6,4.9,3.17,Low,Millennials
18925,6.1,1.8,8.0,1.4,5.1,3.29,Moderate,Millennials
18926,5.8,0.6,8.8,1.3,3.5,3.07,Low,Millennials
18927,4.4,3.6,6.4,2.0,4.6,3.55,High,Millennials
18928,5.0,0.8,9.4,1.9,4.5,2.86,Low,Millennials
18929,5.5,1.9,8.4,3.4,7.1,2.56,High,Millennials
18930,2.0,1.1,8.4,1.3,3.4,3.12,Low,Millennials
18931,7.0,0.9,8.3,0.1,4.5,2.92,High,Millennials
18932,6.5,2.8,7.9,3.1,6.2,2.83,Moderate,Millennials
18933,5.6,3.1,7.4,1.4,1.5,2.95,Low,Millennials
18934,5.0,2.6,7.7,2.4,3.0,2.71,Moderate,Millennials
18935,9.1,0.9,7.7,2.1,6.4,3.0,Low,Millennials
18936,5.0,2.8,7.3,1.4,2.6,2.04,Low,Millennials
18937,5.3,1.5,7.9,3.1,6.9,3.06,Moderate,Millennials
18938,5.3,2.5,8.6,2.7,2.6,2.91,Moderate,Millennials
18939,7.5,1.8,8.2,0.5,4.1,3.62,Moderate,Millennials
18940,6.6,4.2,7.4,2.7,4.4,3.18,Moderate,Millennials
18941,6.9,0.6,9.1,2.4,4.8,2.82,Low,Millennials
18942,2.8,1.1,8.2,1.4,4.2,3.23,Low,Millennials
18943,5.4,2.7,7.4,1.2,4.6,3.28,Moderate,Millennials
18944,5.4,2.8,6.6,0.4,4.0,2.77,Low,Millennials
18945,5.5,1.2,7.7,0.4,4.1,2.66,Low,Millennials
18946,3.5,2.0,6.9,4.0,3.5,2.93,Low,Millennials
18947,7.0,1.6,8.5,0.1,5.2,3.13,Moderate,Millennials
18948,7.0,2.5,8.5,1.0,3.3,2.95,Moderate,Millennials
18949,5.7,1.0,8.7,4.0,2.5,2.58,High,Millennials
18950,5.5,4.2,8.1,2.0,6.3,3.52,Moderate,Millennials
18951,5.6,2.3,8.1,1.7,5.7,2.46,Low,Millennials
18952,7.0,2.8,7.6,1.5,3.0,2.87,Low,Millennials
18953,5.0,2.1,8.2,0.0,4.5,2.82,Moderate,Millennials
18954,6.6,1.3,7.5,2.4,4.3,2.92,High,Millennials
18955,6.7,4.6,7.9,3.0,4.2,2.7,Moderate,Millennials
18956,6.2,3.8,6.7,5.3,4.1,2.85,Moderate,Millennials
18957,5.7,0.8,6.2,1.9,2.3,3.21,Moderate,Millennials
18958,6.6,0.8,6.6,2.7,3.9,3.03,High,Millennials
18959,6.9,0.9,10.0,3.2,4.4,3.22,Moderate,Millennials
18960,5.0,0.0,8.4,4.0,2.9,2.86,Moderate,Millennials
18961,5.4,1.3,6.8,2.1,5.2,3.48,Low,Millennials
18962,4.8,3.2,8.0,4.5,3.9,3.17,Low,Millennials
18963,4.8,2.5,7.6,2.6,3.6,3.25,Moderate,Millennials
18964,7.5,0.0,8.0,0.6,4.4,2.78,Moderate,Millennials
18965,5.0,3.1,8.4,3.0,3.2,2.86,Moderate,Millennials
18966,6.9,2.5,6.4,1.9,4.0,3.17,Moderate,Millennials
18967,6.3,4.1,7.5,1.6,2.6,3.33,High,Millennials
18968,8.2,3.5,6.6,2.7,5.0,2.99,Moderate,Millennials
18969,3.6,1.7,5.0,0.4,5.2,3.16,Low,Millennials
18970,4.7,2.6,7.1,2.7,4.7,3.34,Low,Millennials
18971,6.5,2.9,7.6,1.5,3.9,2.98,Moderate,Millennials
18972,4.3,3.2,8.5,2.6,4.4,3.26,Moderate,Millennials
18973,5.8,2.4,8.1,1.9,5.7,3.18,Low,Millennials
18974,6.9,1.5,7.4,2.5,5.0,2.8,Low,Millennials
18975,4.0,1.9,7.1,2.1,3.7,3.16,High,Millennials
18976,4.5,3.6,7.5,2.0,0.0,2.72,Moderate,Millennials
18977,5.5,0.0,7.5,1.1,2.8,2.73,Low,Millennials
18978,4.0,0.9,7.0,1.1,4.3,2.87,Low,Millennials
18979,5.9,1.9,7.2,2.8,3.4,2.62,High,Millennials
18980,7.9,3.4,7.7,2.4,2.8,2.69,High,Millennials
18981,6.7,2.0,8.3,0.3,2.6,3.54,Moderate,Millennials
18982,5.7,2.0,5.9,4.8,4.5,3.26,Low,Millennials
18983,4.4,1.3,7.5,2.4,3.1,2.54,Moderate,Millennials
18984,5.3,2.0,6.7,3.5,2.6,3.81,Low,Millennials
18985,6.7,3.8,6.7,2.8,5.7,3.08,Low,Millennials
18986,7.1,1.1,8.5,1.1,7.2,3.43,Low,Millennials
18987,7.3,2.3,6.9,3.2,6.2,2.98,Low,Millennials
18988,7.9,2.1,8.6,0.7,6.9,2.82,Moderate,Millennials
18989,5.5,2.4,7.9,1.8,5.0,3.36,Moderate,Millennials
18990,5.5,3.1,7.8,1.2,3.2,3.05,Moderate,Millennials
18991,4.8,2.9,7.0,0.5,3.1,2.8,Moderate,Millennials
18992,6.7,2.6,6.3,2.4,5.1,3.13,Moderate,Millennials
18993,4.4,1.1,7.2,5.1,4.2,3.0,Moderate,Millennials
18994,7.3,3.9,8.5,2.7,3.9,3.32,Moderate,Millennials
18995,5.1,3.4,7.5,0.8,5.3,3.2,Moderate,Millennials
18996,4.7,1.0,8.5,0.9,4.7,3.5,Moderate,Millennials
18997,7.5,1.6,8.0,2.4,5.0,2.96,Low,Millennials
18998,4.9,3.0,7.3,2.5,5.4,3.16,Moderate,Millennials
18999,5.6,4.5,7.7,2.7,2.5,3.58,Low,Millennials
19000,7.1,1.8,9.9,0.6,3.2,3.04,Moderate,Millennials
19001,4.6,1.9,9.0,1.0,5.4,3.23,Moderate,Millennials
19002,4.7,4.0,7.0,1.4,2.3,3.47,Low,Millennials
19003,5.1,3.3,8.6,3.4,5.1,3.23,Low,Millennials
19004,6.3,3.9,7.7,1.5,5.7,3.0,High,Millennials
19005,6.4,2.4,6.7,1.0,5.8,3.29,Low,Millennials
19006,3.7,1.7,7.2,2.6,1.7,2.42,High,Millennials
19007,6.5,3.7,7.8,1.3,7.0,2.98,High,Millennials
19008,4.9,1.8,7.6,2.4,8.0,3.45,High,Millennials
19009,4.5,2.1,8.6,1.0,5.6,3.13,Low,Millennials
19010,6.4,1.4,8.1,2.3,4.5,2.9,Low,Millennials
19011,5.1,3.1,7.3,0.2,2.9,3.44,Low,Millennials
19012,5.7,0.0,6.7,5.2,5.6,2.98,Low,Millennials
19013,7.9,4.6,7.3,2.7,3.8,2.95,High,Millennials
19014,3.4,2.8,7.8,2.5,1.3,3.37,High,Millennials
19015,4.3,2.2,7.1,4.1,5.6,2.82,Low,Millennials
19016,5.7,0.9,7.4,3.0,7.4,2.29,Low,Millennials
19017,6.3,3.3,7.1,4.5,1.7,3.24,Moderate,Millennials
19018,7.0,0.6,7.7,2.5,5.1,3.15,Moderate,Millennials
19019,5.3,2.1,7.7,2.0,4.6,3.51,Low,Millennials
19020,4.1,1.9,7.7,4.6,5.0,3.28,High,Millennials
19021,4.7,1.3,7.8,4.6,6.5,3.31,Moderate,Millennials
19022,6.8,1.1,6.8,2.2,8.0,2.85,Low,Millennials
19023,3.5,2.5,7.8,2.2,2.6,3.19,Moderate,Millennials
19024,5.9,2.7,7.5,2.0,3.8,2.47,High,Millennials
19025,5.1,3.0,7.2,2.8,4.1,2.86,Low,Millennials
19026,6.1,2.5,7.5,1.4,3.6,2.42,Moderate,Millennials
19027,4.4,1.6,8.8,0.1,3.3,3.07,Low,Millennials
19028,4.5,2.2,8.3,2.0,5.4,3.07,Low,Millennials
19029,7.1,1.2,7.3,1.8,3.3,3.36,High,Millennials
19030,4.8,2.3,9.3,0.8,5.7,3.12,Low,Millennials
19031,7.0,3.4,6.9,3.9,5.1,2.73,High,Millennials
19032,4.9,2.7,7.3,0.3,4.7,3.07,Low,Millennials
19033,7.0,1.6,7.8,2.7,5.8,2.86,Moderate,Millennials
19034,4.2,2.9,8.7,3.0,3.5,2.43,Low,Millennials
19035,8.5,0.0,8.8,0.0,3.3,2.86,Low,Millennials
19036,6.2,1.1,6.5,3.6,2.0,3.29,High,Millennials
19037,7.4,2.2,6.9,2.6,5.8,3.31,Low,Millennials
19038,5.0,1.0,8.7,2.1,5.2,3.52,Moderate,Millennials
19039,6.3,2.2,9.2,3.2,5.2,3.18,Low,Millennials
19040,5.8,3.3,7.6,2.6,4.4,3.35,Moderate,Millennials
19041,6.1,2.6,6.4,2.3,6.5,3.21,Low,Millennials
19042,6.1,0.6,6.9,2.4,5.1,3.15,Moderate,Millennials
19043,7.3,3.5,7.4,1.2,3.2,3.08,Low,Millennials
19044,4.1,1.4,7.7,2.4,5.1,3.15,Moderate,Millennials
19045,7.6,2.4,8.5,1.3,4.9,2.85,Low,Millennials
19046,5.4,3.0,8.7,3.1,5.7,3.46,High,Millennials
19047,3.9,2.3,8.5,0.7,4.8,2.86,Moderate,Millennials
19048,6.1,2.2,7.5,2.2,3.2,2.81,High,Millennials
19049,6.9,0.7,7.2,1.2,4.1,3.04,Low,Millennials
19050,7.2,2.9,6.3,2.3,4.5,2.81,Low,Millennials
19051,5.6,2.5,5.7,3.4,6.0,2.81,Moderate,Millennials
19052,7.3,1.3,8.1,3.0,4.2,3.39,Low,Millennials
19053,4.8,4.5,8.6,1.8,2.8,3.33,Low,Millennials
19054,5.8,1.8,8.2,3.0,5.6,2.71,Moderate,Millennials
19055,8.5,2.0,7.9,2.3,5.4,3.19,Low,Millennials
19056,5.2,0.5,8.9,3.8,7.9,2.71,Moderate,Millennials
19057,5.5,3.0,8.9,2.6,3.9,3.37,Moderate,Millennials
19058,4.4,2.7,6.6,1.4,3.6,3.22,Moderate,Millennials
19059,5.2,1.9,7.9,1.7,5.1,3.35,High,Millennials
19060,5.9,0.3,8.2,1.5,5.6,2.91,High,Millennials
19061,7.2,2.3,8.5,0.9,3.2,3.87,Moderate,Millennials
19062,6.2,2.7,8.4,3.4,5.5,3.29,Moderate,Millennials
19063,4.8,1.0,5.9,2.2,3.4,2.92,Low,Millennials
19064,3.3,4.1,6.3,1.4,3.1,3.48,Moderate,Millennials
19065,6.1,0.0,8.0,1.1,3.3,2.87,Moderate,Millennials
19066,7.4,0.1,7.8,2.2,3.8,2.65,Low,Millennials
19067,6.9,2.7,8.0,3.1,7.7,2.55,Low,Millennials
19068,9.0,2.1,7.9,3.6,3.0,2.94,Moderate,Millennials
19069,7.2,1.8,7.1,3.2,5.6,2.89,Low,Millennials
19070,6.0,1.4,8.5,2.3,5.7,2.46,Moderate,Millennials
19071,5.1,1.4,9.7,1.5,1.9,3.3,Moderate,Millennials
19072,5.8,0.9,8.9,3.2,5.5,3.59,Moderate,Millennials
19073,7.0,4.4,6.9,2.8,3.3,3.0,Low,Millennials
19074,3.0,2.9,8.1,1.8,4.7,3.15,Moderate,Millennials
19075,5.0,2.4,8.8,2.1,2.5,3.77,Moderate,Millennials
19076,8.5,1.7,7.4,2.7,3.4,2.63,Moderate,Millennials
19077,5.2,2.7,7.4,3.9,3.4,2.85,Low,Millennials
19078,6.0,1.0,9.2,2.7,3.3,2.81,Low,Millennials
19079,5.6,1.4,7.2,3.0,7.7,2.67,Moderate,Millennials
19080,6.1,1.9,6.9,3.1,3.8,3.04,Low,Millennials
19081,4.1,2.6,7.2,1.3,5.0,2.61,Moderate,Millennials
19082,5.6,2.3,8.0,4.3,1.6,3.25,Moderate,Millennials
19083,6.5,1.3,7.8,2.3,3.0,2.4,Moderate,Millennials
19084,4.8,3.1,7.9,3.5,5.7,3.02,High,Millennials
19085,4.9,1.3,7.9,1.7,3.8,2.68,Low,Millennials
19086,6.8,2.4,7.7,2.6,6.0,3.0,Low,Millennials
19087,6.5,2.7,7.5,3.1,4.2,2.69,Moderate,Millennials
19088,7.2,2.2,7.5,2.8,4.2,2.96,Low,Millennials
19089,3.7,2.3,7.1,2.0,4.0,3.03,Low,Millennials
19090,6.5,2.0,7.3,3.0,1.9,3.04,Low,Millennials
19091,6.0,2.2,6.8,1.9,3.9,3.25,Low,Millennials
19092,6.1,2.9,7.8,2.9,3.0,3.07,Moderate,Millennials
19093,7.2,4.1,9.5,2.7,5.1,3.36,Low,Millennials
19094,5.3,1.9,8.5,4.1,2.9,2.6,Low,Millennials
19095,3.9,2.4,7.4,2.0,4.2,2.95,Low,Millennials
19096,6.9,3.6,6.4,2.3,1.4,2.9,Low,Millennials
19097,6.9,2.8,8.3,2.1,5.0,2.94,Moderate,Millennials
19098,7.4,2.4,8.6,0.6,2.3,2.77,Low,Millennials
19099,7.7,2.1,8.9,1.8,7.2,3.2,Low,Millennials
19100,5.0,1.1,8.6,1.6,4.9,3.04,Moderate,Millennials
19101,8.2,2.2,8.4,0.0,3.4,3.29,Moderate,Millennials
19102,5.0,3.7,7.2,3.0,5.6,2.88,Low,Millennials
19103,4.7,1.2,7.9,1.1,3.7,3.67,Low,Millennials
19104,6.6,2.9,9.8,1.7,4.7,3.28,Moderate,Millennials
19105,4.3,3.8,7.5,0.6,3.1,2.74,Moderate,Millennials
19106,7.1,1.3,6.8,1.3,1.3,3.05,Low,Millennials
19107,4.4,1.3,8.3,4.3,3.7,3.37,High,Millennials
19108,6.7,1.4,8.1,2.4,4.5,2.89,Moderate,Millennials
19109,5.7,1.2,8.1,2.1,5.5,3.24,Low,Millennials
19110,8.3,3.2,8.1,3.9,1.7,3.28,Low,Millennials
19111,4.6,2.0,7.7,2.3,4.4,2.89,Moderate,Millennials
19112,5.4,2.0,8.8,1.1,4.4,3.22,High,Millennials
19113,6.6,2.5,6.0,2.1,0.0,3.09,Low,Millennials
19114,7.3,1.6,7.0,2.1,3.1,2.78,Low,Millennials
19115,6.7,1.6,7.3,2.4,3.8,3.4,Moderate,Millennials
19116,6.3,1.2,7.4,4.1,6.0,3.2,Low,Millennials
19117,5.8,1.2,8.1,2.4,3.2,3.09,Moderate,Millennials
19118,4.2,1.6,8.2,0.8,5.2,3.21,Low,Millennials
19119,5.5,3.5,7.4,2.4,6.3,3.13,Moderate,Millennials
19120,4.5,3.4,8.9,0.8,4.3,2.97,Moderate,Millennials
19121,7.9,1.4,7.8,1.5,2.4,3.14,Moderate,Millennials
19122,4.7,3.0,8.3,2.9,5.0,3.23,Moderate,Millennials
19123,8.1,1.3,8.0,0.1,3.1,3.4,Moderate,Millennials
19124,5.4,1.3,8.1,1.0,5.0,3.19,Low,Millennials
19125,5.1,1.2,8.3,1.5,2.7,3.47,High,Millennials
19126,5.8,2.2,5.5,0.0,4.7,2.98,Moderate,Millennials
19127,5.5,4.5,7.6,0.5,4.7,2.84,High,Millennials
19128,8.0,2.7,6.5,3.1,2.7,2.56,Moderate,Millennials
19129,4.5,1.5,9.1,2.1,2.9,3.13,Moderate,Millennials
19130,4.0,2.4,9.1,1.6,3.8,2.98,Moderate,Millennials
19131,7.8,2.6,8.3,0.8,4.9,3.3,High,Millennials
19132,2.2,2.3,9.1,3.1,5.2,3.25,Low,Millennials
19133,6.3,2.9,8.2,1.8,1.2,3.2,Low,Millennials
19134,6.5,2.3,8.4,2.8,0.9,2.53,High,Millennials
19135,5.6,1.0,8.1,1.9,3.0,2.73,Moderate,Millennials
19136,7.2,4.6,5.9,2.2,5.3,2.92,Low,Millennials
19137,4.6,2.6,7.4,3.0,5.0,3.23,Low,Millennials
19138,7.2,1.2,8.4,2.4,4.6,3.34,Low,Millennials
19139,6.4,1.7,7.9,2.8,3.8,2.8,Moderate,Millennials
19140,5.0,2.4,8.0,1.7,7.4,3.27,Low,Millennials
19141,6.6,3.9,6.7,1.6,3.2,2.65,Low,Millennials
19142,7.7,3.1,9.2,2.7,3.8,3.4,Moderate,Millennials
19143,6.0,0.8,8.7,2.0,3.7,3.06,High,Millennials
19144,7.9,3.0,7.6,2.1,2.9,2.87,Low,Millennials
19145,6.8,0.0,9.3,1.6,6.2,2.79,Moderate,Millennials
19146,6.4,1.8,8.8,2.5,4.6,2.81,Moderate,Millennials
19147,7.1,2.3,8.4,1.7,0.7,3.27,Moderate,Millennials
19148,5.2,4.3,7.7,2.7,3.3,3.18,Low,Millennials
19149,3.8,1.3,7.1,3.5,2.9,2.92,Low,Millennials
19150,5.4,3.8,5.7,2.3,5.6,3.02,Moderate,Millennials
19151,3.8,2.8,8.4,1.5,2.9,3.33,Moderate,Millennials
19152,5.5,0.0,9.0,4.2,5.7,2.75,Low,Millennials
19153,4.0,2.2,8.7,3.5,5.7,3.01,Moderate,Millennials
19154,5.1,1.6,7.5,2.0,3.1,3.45,Moderate,Millennials
19155,8.1,3.9,7.6,2.2,6.3,2.78,Moderate,Millennials
19156,7.7,3.2,7.0,3.1,2.5,2.94,Low,Millennials
19157,8.2,2.5,7.9,2.9,3.5,2.27,Moderate,Millennials
19158,7.3,2.2,9.7,1.5,5.5,3.03,Moderate,Millennials
19159,4.3,1.9,8.6,1.5,1.4,3.02,Moderate,Millennials
19160,5.6,3.5,7.9,2.2,5.2,2.47,Moderate,Millennials
19161,4.3,3.4,8.4,1.7,4.5,3.71,Moderate,Millennials
19162,4.4,2.1,6.7,2.8,4.0,2.43,Low,Millennials
19163,6.0,4.5,7.5,1.3,5.5,2.85,Moderate,Millennials
19164,6.0,1.9,7.9,1.8,5.9,2.82,Low,Millennials
19165,5.0,0.6,7.7,3.3,2.6,2.55,Low,Millennials
19166,4.9,1.6,6.4,2.0,5.0,2.56,Moderate,Millennials
19167,6.1,3.6,8.9,0.6,6.0,3.12,Low,Millennials
19168,7.9,1.2,7.8,2.3,3.3,3.21,Low,Millennials
19169,8.1,0.5,6.4,1.2,4.9,3.06,Low,Millennials
19170,7.4,2.8,8.0,1.2,3.9,2.92,Low,Millennials
19171,4.9,3.4,8.5,1.4,4.3,2.49,Low,Millennials
19172,6.7,0.7,7.7,1.0,4.8,2.55,Low,Millennials
19173,4.2,2.8,8.0,2.0,2.6,3.1,Moderate,Millennials
19174,5.8,1.4,8.2,2.6,4.4,3.19,Low,Millennials
19175,6.0,3.0,7.4,3.1,2.5,3.28,High,Millennials
19176,4.9,5.2,9.1,0.7,3.9,2.75,Moderate,Millennials
19177,6.2,2.0,7.8,0.5,2.8,3.64,Moderate,Millennials
19178,7.0,3.5,7.7,1.8,6.1,3.41,High,Millennials
19179,6.6,2.5,8.1,1.6,2.1,2.94,Low,Millennials
19180,6.0,0.3,8.1,2.8,2.5,3.24,Low,Millennials
19181,4.4,0.0,7.5,3.1,3.8,3.31,High,Millennials
19182,4.4,2.9,7.7,3.5,4.2,2.77,Low,Millennials
19183,7.3,2.9,7.9,2.4,2.3,3.12,Low,Millennials
19184,6.9,0.3,7.9,2.8,3.9,3.33,Moderate,Millennials
19185,5.0,1.1,9.2,2.3,5.6,3.32,Moderate,Millennials
19186,3.7,3.0,8.1,1.3,3.9,2.53,High,Millennials
19187,4.6,2.4,7.3,2.1,5.3,3.22,High,Millennials
19188,5.8,1.5,7.6,2.3,4.2,2.67,Moderate,Millennials
19189,5.4,2.1,7.4,1.7,4.3,2.99,High,Millennials
19190,7.2,2.2,7.1,2.4,3.4,3.23,High,Millennials
19191,3.5,0.4,7.4,1.8,6.9,3.11,Moderate,Millennials
19192,6.3,1.9,7.6,2.2,4.1,2.58,Low,Millennials
19193,6.1,1.4,7.7,0.6,4.2,3.22,High,Millennials
19194,6.2,1.8,9.0,2.2,4.2,3.17,Moderate,Millennials
19195,6.1,2.7,7.5,2.7,5.1,3.19,Low,Millennials
19196,6.0,1.0,5.0,2.4,5.2,3.08,Moderate,Millennials
19197,4.4,2.1,8.8,3.2,2.6,3.07,Moderate,Millennials
19198,5.4,1.1,9.5,2.6,6.5,2.73,Moderate,Millennials
19199,5.6,1.5,7.5,1.6,6.7,3.57,High,Millennials
19200,7.7,2.1,6.4,4.3,5.3,3.11,Low,Millennials
19201,8.4,1.9,9.5,3.0,3.4,2.91,High,Millennials
19202,4.7,4.3,8.1,3.7,6.7,3.18,Moderate,Millennials
19203,7.5,2.5,7.0,2.8,6.8,2.65,Low,Millennials
19204,6.4,2.0,7.3,2.7,3.7,3.34,Low,Millennials
19205,5.5,2.8,7.9,0.8,4.2,3.05,Low,Millennials
19206,8.3,2.9,8.0,2.2,4.6,3.02,High,Millennials
19207,7.4,1.2,8.5,0.3,2.5,3.08,High,Millennials
19208,4.8,1.2,9.8,1.7,3.2,3.41,Moderate,Millennials
19209,4.5,0.8,6.5,1.4,4.3,2.78,Low,Millennials
19210,7.4,2.4,7.9,0.4,3.6,2.99,High,Millennials
19211,6.5,1.2,9.1,2.3,2.5,2.85,Moderate,Millennials
19212,6.2,1.5,8.5,2.2,3.8,3.26,Moderate,Millennials
19213,5.3,1.6,6.5,2.1,5.8,3.04,High,Millennials
19214,8.2,2.3,6.8,2.2,3.8,3.3,High,Millennials
19215,4.4,0.2,8.9,4.5,4.9,3.49,Moderate,Millennials
19216,4.4,2.6,9.0,3.1,3.4,2.8,High,Millennials
19217,6.4,2.0,6.2,2.5,4.2,3.17,High,Millennials
19218,3.2,1.6,6.3,1.9,5.0,2.96,High,Millennials
19219,6.0,2.4,6.8,2.2,5.6,3.09,High,Millennials
19220,6.0,0.9,7.8,1.4,4.8,3.25,Moderate,Millennials
19221,6.2,2.1,7.6,2.4,1.4,3.09,Low,Millennials
19222,6.3,3.1,8.0,2.7,4.1,3.01,Moderate,Millennials
19223,3.3,2.2,7.7,2.3,4.5,2.92,High,Millennials
19224,4.6,1.8,8.9,2.1,4.4,2.52,Low,Millennials
19225,7.5,1.9,8.8,2.1,4.1,3.29,Low,Millennials
19226,3.8,1.7,9.1,3.5,3.4,2.86,Moderate,Millennials
19227,7.3,3.8,7.4,0.8,3.0,3.09,High,Millennials
19228,7.1,2.9,7.5,2.0,4.7,3.01,High,Millennials
19229,6.3,2.4,7.6,2.9,2.1,3.09,Moderate,Millennials
19230,6.4,3.2,7.6,1.8,2.9,3.21,Low,Millennials
19231,2.0,2.9,7.6,1.9,3.7,2.9,Moderate,Millennials
19232,7.5,3.1,6.4,0.7,5.1,3.31,Moderate,Millennials
19233,6.5,2.7,7.2,3.3,2.2,2.38,Moderate,Millennials
19234,7.1,1.7,6.7,3.6,1.9,2.96,Low,Millennials
19235,4.0,3.0,6.9,0.9,4.2,3.03,Moderate,Millennials
19236,4.7,0.9,7.5,2.2,3.3,2.79,High,Millennials
19237,6.0,2.8,9.0,3.0,0.4,3.04,Low,Millennials
19238,5.3,0.6,6.3,2.9,6.3,3.11,Low,Millennials
19239,8.6,2.7,6.6,1.1,0.5,2.86,Low,Millennials
19240,5.3,3.5,8.2,2.7,4.4,2.91,High,Millennials
19241,5.1,2.3,7.4,1.6,1.8,2.34,Moderate,Millennials
19242,4.4,2.0,9.0,2.6,2.1,2.97,Low,Millennials
19243,6.2,2.3,8.2,1.0,3.4,3.4,High,Millennials
19244,8.6,3.8,7.8,2.2,3.7,3.02,High,Millennials
19245,4.2,1.8,7.6,3.3,4.5,2.48,Moderate,Millennials
19246,6.3,1.7,9.0,2.5,4.7,2.93,Moderate,Millennials
19247,4.6,1.1,8.0,2.1,6.5,2.79,Low,Millennials
19248,5.8,1.3,8.0,3.4,2.9,3.28,Low,Millennials
19249,4.1,0.0,6.7,0.3,7.6,3.25,Moderate,Millennials
19250,4.0,4.9,7.9,1.7,4.8,3.06,Moderate,Millennials
19251,7.3,3.9,8.1,2.8,4.3,2.89,Moderate,Millennials
19252,6.4,2.5,9.3,3.1,2.9,2.74,Moderate,Millennials
19253,6.0,1.5,8.7,2.4,3.2,2.3,Moderate,Millennials
19254,4.9,2.9,7.9,1.2,6.6,2.87,Moderate,Millennials
19255,4.9,3.2,9.4,2.4,2.9,3.16,Moderate,Millennials
19256,6.2,2.8,9.4,2.8,5.5,2.8,Moderate,Millennials
19257,5.6,1.9,7.6,4.8,2.5,2.97,Low,Millennials
19258,5.5,2.0,6.7,1.9,4.8,2.98,Moderate,Millennials
19259,7.9,1.9,7.9,1.1,4.7,3.27,Moderate,Millennials
19260,6.2,4.2,7.6,3.5,6.2,3.36,Moderate,Millennials
19261,6.5,0.7,9.3,0.9,2.3,3.47,Moderate,Millennials
19262,7.6,1.4,9.0,1.2,6.0,2.63,Moderate,Millennials
19263,4.3,1.8,8.2,3.2,4.4,2.71,Moderate,Millennials
19264,4.6,1.1,9.1,2.3,3.7,2.86,High,Millennials
19265,4.3,0.0,8.6,2.5,4.0,3.2,Low,Millennials
19266,8.3,1.1,8.0,1.1,6.7,3.16,High,Millennials
19267,4.6,1.7,7.1,2.1,5.8,3.47,Low,Millennials
19268,5.8,1.9,7.7,1.6,3.2,2.92,Low,Millennials
19269,7.3,0.3,9.7,2.9,3.1,2.66,Low,Millennials
19270,3.5,3.5,10.0,2.5,3.0,3.01,Low,Millennials
19271,7.2,0.6,7.9,0.0,5.0,3.53,Moderate,Millennials
19272,7.5,2.7,7.9,2.9,4.7,3.19,Low,Millennials
19273,8.0,2.9,8.4,1.4,5.3,2.55,Moderate,Millennials
19274,7.4,2.6,6.6,1.2,4.6,3.95,Low,Millennials
19275,4.1,3.7,7.6,0.7,3.6,2.84,Low,Millennials
19276,7.0,1.2,6.9,2.5,4.3,2.92,Low,Millennials
19277,6.9,2.8,7.6,3.2,2.5,3.03,Moderate,Millennials
19278,4.1,2.4,8.7,1.8,3.5,3.23,Moderate,Millennials
19279,5.3,0.4,7.7,2.0,5.9,2.83,Moderate,Millennials
19280,7.1,2.2,8.3,2.2,4.4,3.13,High,Millennials
19281,6.9,0.8,8.8,1.3,3.1,2.5,High,Millennials
19282,7.9,2.9,5.9,1.7,5.9,2.93,Moderate,Millennials
19283,5.5,3.3,7.8,3.0,5.8,2.74,Moderate,Millennials
19284,5.5,2.4,9.6,2.7,3.5,2.99,Moderate,Millennials
19285,5.9,3.1,7.5,1.7,3.9,3.3,Low,Millennials
19286,7.6,1.8,6.2,1.2,5.0,2.61,Low,Millennials
19287,3.7,3.2,7.8,1.7,3.5,2.62,Low,Millennials
19288,4.8,2.5,9.7,2.2,3.6,2.75,Moderate,Millennials
19289,3.2,3.1,9.4,1.3,4.3,2.86,Low,Millennials
19290,7.0,2.5,8.1,1.9,3.6,2.44,High,Millennials
19291,5.4,1.6,8.7,1.9,3.5,2.73,High,Millennials
19292,4.4,2.3,8.7,3.7,4.7,3.11,Low,Millennials
19293,5.0,2.1,8.5,2.3,3.2,2.97,Moderate,Millennials
19294,5.6,2.7,9.2,1.7,4.5,2.94,Low,Millennials
19295,7.2,0.0,8.6,2.2,4.5,2.91,Moderate,Millennials
19296,6.9,3.2,7.6,1.7,4.0,3.04,Low,Millennials
19297,4.8,1.4,9.6,2.5,3.0,3.3,Low,Millennials
19298,6.9,2.5,8.3,0.0,5.7,1.99,Low,Millennials
19299,5.3,2.7,9.4,3.5,4.0,3.16,Moderate,Millennials
19300,6.4,2.5,8.2,1.2,4.8,2.94,Low,Millennials
19301,6.4,1.4,8.7,3.0,0.6,2.99,Low,Millennials
19302,5.3,2.2,7.5,2.0,4.2,3.07,Moderate,Millennials
19303,5.9,1.9,8.1,3.2,5.1,2.73,Moderate,Millennials
19304,4.6,3.6,7.7,3.0,5.5,3.06,High,Millennials
19305,5.2,2.8,6.9,1.8,6.9,3.1,Moderate,Millennials
19306,5.6,1.4,8.1,1.4,4.6,3.32,Low,Millennials
19307,4.4,2.0,7.1,1.9,6.2,3.89,Low,Millennials
19308,4.7,0.6,8.1,1.1,6.5,3.77,Moderate,Millennials
19309,5.4,1.6,7.3,2.0,3.7,2.71,High,Millennials
19310,2.5,0.2,9.4,1.8,4.5,2.77,Moderate,Millennials
19311,5.1,1.7,8.0,1.5,3.1,2.66,Moderate,Millennials
19312,5.2,1.8,7.1,0.8,2.9,3.24,Moderate,Millennials
19313,6.4,2.2,8.3,1.4,1.8,2.93,Moderate,Millennials
19314,7.4,1.6,7.8,1.9,6.2,2.67,Moderate,Millennials
19315,5.1,2.1,6.8,2.3,3.1,2.85,Moderate,Millennials
19316,7.4,2.1,8.4,2.6,4.9,3.02,Low,Millennials
19317,5.0,2.3,8.7,0.7,3.9,3.26,Low,Millennials
19318,4.3,2.7,7.6,3.4,3.9,3.39,High,Millennials
19319,5.8,1.5,6.5,1.3,4.4,2.97,High,Millennials
19320,7.2,1.3,7.6,1.8,7.0,3.11,Low,Millennials
19321,8.9,2.4,7.3,1.4,5.4,3.33,Moderate,Millennials
19322,6.4,3.5,8.5,2.0,3.8,3.09,High,Millennials
19323,2.9,1.8,9.0,4.0,6.5,3.1,Low,Millennials
19324,6.1,0.1,8.3,2.2,3.9,2.8,Moderate,Millennials
19325,5.5,3.2,7.8,0.8,4.0,2.87,Moderate,Millennials
19326,7.4,1.7,8.0,2.2,2.5,2.37,High,Millennials
19327,8.9,2.9,7.3,1.1,5.9,2.97,Moderate,Millennials
19328,5.6,3.8,7.7,1.8,4.3,3.35,Moderate,Millennials
19329,5.5,2.2,7.2,0.9,6.6,2.89,High,Millennials
19330,5.0,3.7,6.5,2.7,2.1,3.51,High,Millennials
19331,5.4,3.3,9.7,2.9,5.5,2.5,Low,Millennials
19332,5.6,2.9,7.9,3.8,3.3,2.43,Moderate,Millennials
19333,6.1,1.4,7.3,2.4,5.8,3.32,Low,Millennials
19334,5.5,3.7,8.4,1.2,2.6,3.14,Low,Millennials
19335,5.3,2.9,7.4,0.9,6.5,3.29,Moderate,Millennials
19336,8.8,0.0,9.2,4.6,5.0,2.77,Moderate,Millennials
19337,4.8,2.4,6.1,4.7,7.2,2.99,Moderate,Millennials
19338,5.5,4.2,7.9,3.6,5.3,2.73,Moderate,Millennials
19339,4.5,3.8,8.2,1.6,3.7,3.03,Moderate,Millennials
19340,4.3,1.8,8.5,1.0,5.0,3.25,Low,Millennials
19341,5.9,3.1,9.7,3.0,4.6,2.85,High,Millennials
19342,4.0,1.8,5.0,2.9,4.0,2.99,Low,Millennials
19343,5.4,4.8,8.2,2.0,5.7,2.98,Moderate,Millennials
19344,3.4,2.1,5.9,0.7,7.2,3.04,High,Millennials
19345,7.2,2.7,6.0,3.0,2.6,3.2,Moderate,Millennials
19346,6.0,1.6,7.7,3.0,5.9,3.29,Low,Millennials
19347,4.9,3.4,7.1,2.2,4.9,3.61,Low,Millennials
19348,5.8,2.1,7.5,3.0,7.5,3.41,Moderate,Millennials
19349,6.0,2.5,7.0,2.1,2.4,3.68,High,Millennials
19350,5.4,1.8,8.0,1.9,4.2,3.28,Moderate,Millennials
19351,6.2,3.5,8.7,4.1,2.9,3.2,Low,Millennials
19352,5.4,2.2,7.4,1.7,1.1,3.01,Moderate,Millennials
19353,4.0,1.7,7.4,0.8,3.9,2.72,Moderate,Millennials
19354,5.3,3.3,7.9,0.4,3.5,2.96,Low,Millennials
19355,4.5,2.3,9.3,2.7,3.9,2.51,High,Millennials
19356,5.9,2.9,6.9,1.3,5.8,3.34,Moderate,Millennials
19357,5.9,1.9,8.5,1.7,5.2,2.58,Moderate,Millennials
19358,6.6,2.2,7.3,1.7,7.3,3.49,High,Millennials
19359,4.4,2.4,6.4,2.8,4.5,2.8,Low,Millennials
19360,4.3,3.2,6.4,1.1,6.1,3.64,Moderate,Millennials
19361,4.7,2.6,6.9,2.3,2.7,3.22,Moderate,Millennials
19362,6.2,2.5,8.6,0.8,6.4,3.18,High,Millennials
19363,5.9,3.6,5.4,0.0,4.6,3.44,Low,Millennials
19364,5.1,1.3,7.6,4.8,1.4,3.19,High,Millennials
19365,6.3,2.5,7.3,2.3,3.7,2.48,Moderate,Millennials
19366,6.0,2.0,9.7,2.7,3.1,2.9,Moderate,Millennials
19367,3.5,2.4,6.8,3.6,6.6,3.09,Moderate,Millennials
19368,4.7,4.6,7.0,1.7,3.2,3.29,High,Millennials
19369,3.7,3.7,7.5,3.3,2.2,3.55,Low,Millennials
19370,6.4,4.6,6.8,0.4,4.8,2.79,Low,Millennials
19371,6.2,3.6,7.0,2.1,4.7,3.26,Moderate,Millennials
19372,6.1,3.8,7.8,2.3,4.6,3.23,High,Millennials
19373,6.8,2.4,6.4,0.8,4.6,3.45,Low,Millennials
19374,6.1,0.2,7.2,2.3,6.9,3.73,Moderate,Millennials
19375,6.9,3.3,8.3,1.9,4.6,2.77,Low,Millennials
19376,4.4,2.7,8.0,2.0,7.2,2.89,Moderate,Millennials
19377,4.5,2.9,8.2,2.5,3.1,3.37,Moderate,Millennials
19378,8.4,3.4,7.6,1.9,7.1,3.27,Moderate,Millennials
19379,3.6,2.4,6.6,1.1,2.8,3.37,Moderate,Millennials
19380,4.9,1.6,8.9,1.2,6.0,3.21,Moderate,Millennials
19381,4.6,2.7,8.4,3.0,4.8,2.97,Low,Millennials
19382,6.1,4.1,7.5,2.2,4.8,2.69,Low,Millennials
19383,3.0,2.4,9.3,1.9,5.8,3.24,Moderate,Millennials
19384,4.8,2.1,8.5,1.5,4.6,3.08,High,Millennials
19385,8.0,2.5,8.5,3.0,3.7,2.5,Moderate,Millennials
19386,6.5,2.2,9.1,2.2,5.2,2.75,Moderate,Millennials
19387,6.6,1.4,6.3,2.0,6.2,3.01,Moderate,Millennials
19388,4.0,1.3,8.2,3.8,2.5,3.41,Moderate,Millennials
19389,6.7,1.6,7.5,2.2,4.7,2.74,High,Millennials
19390,7.6,2.1,8.0,3.6,4.4,3.52,Low,Millennials
19391,4.6,3.6,6.5,2.0,6.4,2.6,Moderate,Millennials
19392,6.6,2.1,7.4,2.5,4.7,2.84,Moderate,Millennials
19393,6.3,3.0,7.5,1.0,6.1,3.28,High,Millennials
19394,7.5,0.4,8.1,3.1,4.1,2.96,Low,Millennials
19395,6.8,3.5,7.6,0.4,4.3,2.78,Moderate,Millennials
19396,8.2,3.4,7.4,2.1,4.7,3.07,Moderate,Millennials
19397,5.4,3.4,7.0,1.4,5.1,2.99,High,Millennials
19398,6.7,1.0,7.6,2.7,3.3,2.98,Moderate,Millennials
19399,4.9,2.6,9.0,0.6,4.6,2.64,Moderate,Millennials
19400,6.6,2.0,7.7,1.6,1.1,2.86,High,Millennials
19401,5.2,3.6,7.0,0.8,3.5,2.95,High,Millennials
19402,2.8,1.9,7.6,1.3,4.9,2.96,Low,Millennials
19403,6.2,2.4,8.4,3.8,4.7,2.55,Low,Millennials
19404,7.1,1.8,6.8,1.5,7.3,2.89,Low,Millennials
19405,7.1,2.6,6.3,4.3,3.7,2.47,Moderate,Millennials
19406,4.1,3.3,6.9,0.8,2.1,3.16,Low,Millennials
19407,5.5,2.4,8.0,0.0,5.0,3.04,Low,Millennials
19408,5.0,1.4,7.8,1.4,5.2,2.74,Moderate,Millennials
19409,7.4,1.4,8.1,1.2,5.3,2.99,Moderate,Millennials
19410,3.7,2.6,6.7,0.8,3.2,2.22,Moderate,Millennials
19411,6.0,0.9,8.5,0.8,3.5,3.23,High,Millennials
19412,5.6,1.2,9.0,1.6,3.1,3.25,Low,Millennials
19413,3.7,3.0,6.5,2.3,2.8,3.19,Low,Millennials
19414,3.6,1.2,8.4,1.6,3.8,3.01,High,Millennials
19415,7.9,3.0,7.5,2.3,2.5,3.31,Low,Millennials
19416,7.2,3.4,9.0,3.0,3.8,3.36,Moderate,Millennials
19417,5.8,0.0,8.6,1.9,3.9,3.21,Low,Millennials
19418,2.9,3.5,9.5,1.5,4.4,3.0,Moderate,Millennials
19419,5.3,3.1,8.4,1.8,6.0,2.65,Low,Millennials
19420,4.9,2.4,6.9,4.0,6.8,3.09,Moderate,Millennials
19421,5.9,2.7,8.3,1.7,1.8,2.8,Low,Millennials
19422,8.0,1.6,7.9,1.7,5.9,2.93,Moderate,Millennials
19423,4.8,1.1,7.7,2.8,5.3,3.14,High,Millennials
19424,6.2,2.8,7.5,0.8,5.7,2.41,Moderate,Millennials
19425,3.9,1.6,7.6,2.4,3.7,3.46,Low,Millennials
19426,6.4,0.5,7.0,3.9,4.2,2.99,Moderate,Millennials
19427,7.6,1.3,8.1,3.8,5.3,3.09,Moderate,Millennials
19428,4.4,2.2,7.7,1.2,4.1,2.97,High,Millennials
19429,5.3,2.0,7.6,0.0,3.4,3.13,High,Millennials
19430,3.2,0.7,8.5,3.8,2.4,3.79,Moderate,Millennials
19431,6.4,3.8,7.9,0.0,0.7,3.51,Moderate,Millennials
19432,5.9,1.9,9.6,4.7,3.6,2.97,Moderate,Millennials
19433,4.0,3.5,7.3,3.9,3.1,3.13,High,Millennials
19434,6.5,1.7,8.0,3.7,2.7,3.61,Low,Millennials
19435,5.2,1.7,7.7,1.3,5.5,2.83,Moderate,Millennials
19436,4.4,1.8,8.0,1.8,4.2,2.64,Moderate,Millennials
19437,6.4,1.7,8.5,3.6,8.0,2.76,Moderate,Millennials
19438,6.2,1.9,8.0,2.7,3.7,3.01,Low,Millennials
19439,4.9,2.0,7.7,2.1,3.8,3.31,Moderate,Millennials
19440,7.5,1.0,8.2,1.7,5.2,2.71,Moderate,Millennials
19441,5.1,0.0,6.9,4.2,3.9,3.05,Moderate,Millennials
19442,6.3,0.4,8.8,1.3,3.2,3.07,Moderate,Millennials
19443,6.2,1.9,7.8,1.9,5.8,2.78,Low,Millennials
19444,6.9,4.0,8.6,1.6,3.8,3.28,High,Millennials
19445,4.9,2.2,7.0,0.5,4.6,3.14,Moderate,Millennials
19446,7.4,1.7,7.3,3.4,5.0,2.66,Low,Millennials
19447,5.3,1.7,8.3,1.5,2.0,2.71,High,Millennials
19448,6.5,2.6,8.5,2.9,3.4,2.97,Moderate,Millennials
19449,7.1,1.7,9.0,1.0,3.9,2.99,Moderate,Millennials
19450,5.5,3.7,6.9,1.1,4.5,3.2,Moderate,Millennials
19451,7.5,1.1,6.3,1.4,3.3,2.66,Moderate,Millennials
19452,5.9,0.1,9.1,2.6,3.0,3.3,Moderate,Millennials
19453,6.6,4.0,9.4,1.1,5.4,2.84,Moderate,Millennials
19454,5.7,0.7,7.3,2.7,6.6,3.33,Low,Millennials
19455,7.3,2.9,7.3,3.6,4.1,3.32,Low,Millennials
19456,4.5,1.3,8.5,2.0,3.9,2.97,High,Millennials
19457,7.3,2.8,7.4,1.8,3.8,2.42,High,Millennials
19458,3.4,0.5,7.6,1.6,3.8,2.89,Low,Millennials
19459,5.4,1.9,7.3,0.4,4.3,2.71,Moderate,Millennials
19460,7.4,2.9,8.2,1.8,4.0,2.98,High,Millennials
19461,5.8,3.0,8.0,1.4,5.8,3.02,Moderate,Millennials
19462,6.5,2.8,7.8,2.8,2.3,2.82,Moderate,Millennials
19463,8.0,1.6,6.7,2.6,3.4,2.46,High,Millennials
19464,6.0,2.1,8.6,3.1,2.6,3.34,Low,Millennials
19465,6.9,0.3,6.9,4.4,5.8,3.18,Moderate,Millennials
19466,5.5,3.4,7.1,3.2,5.4,3.0,Low,Millennials
19467,3.2,1.8,5.5,2.9,6.6,2.95,Moderate,Millennials
19468,5.8,0.3,8.8,3.0,4.5,3.11,High,Millennials
19469,3.7,2.9,8.7,3.0,5.2,3.21,Moderate,Millennials
19470,9.7,3.9,7.9,3.4,5.7,3.47,Moderate,Millennials
19471,9.7,3.1,7.6,3.5,4.4,2.82,Low,Millennials
19472,7.5,1.1,8.5,4.0,3.3,3.22,Moderate,Millennials
19473,5.9,3.8,8.2,2.5,3.0,2.89,Low,Millennials
19474,6.7,2.8,8.6,2.3,3.9,2.99,Low,Millennials
19475,6.0,2.2,7.7,1.9,6.7,3.13,Low,Millennials
19476,4.5,2.1,8.4,3.6,4.0,3.13,Low,Millennials
19477,5.0,3.0,8.2,0.0,6.1,2.87,Moderate,Millennials
19478,5.5,3.4,8.1,2.6,5.1,3.19,Low,Millennials
19479,7.3,2.6,8.3,2.7,4.1,3.1,Low,Millennials
19480,4.6,2.3,7.4,4.0,4.7,2.68,High,Millennials
19481,5.0,2.2,8.5,3.5,6.8,3.19,Moderate,Millennials
19482,7.7,3.1,7.3,1.8,4.6,3.22,Moderate,Millennials
19483,5.6,3.0,6.7,4.5,4.6,2.27,Low,Millennials
19484,7.3,2.9,8.0,4.4,3.8,3.61,Low,Millennials
19485,7.5,2.5,8.7,1.8,5.2,3.31,Low,Millennials
19486,6.4,2.9,8.8,1.1,4.2,2.74,Moderate,Millennials
19487,4.1,3.7,8.2,2.7,2.4,2.81,Moderate,Millennials
19488,5.0,1.6,7.2,2.3,5.0,3.36,Moderate,Millennials
19489,6.1,3.4,8.3,0.0,6.3,2.94,Low,Millennials
19490,6.4,4.2,7.5,3.6,4.8,2.77,High,Millennials
19491,6.3,2.3,7.3,1.2,3.8,3.36,Moderate,Millennials
19492,6.0,4.1,5.8,1.3,2.8,2.94,High,Millennials
19493,5.5,1.5,7.8,0.9,3.7,2.45,Low,Millennials
19494,6.4,3.6,8.9,1.9,5.4,3.06,Moderate,Millennials
19495,5.0,3.9,8.4,2.2,2.8,2.89,Low,Millennials
19496,5.4,1.9,7.3,3.3,3.8,3.07,Moderate,Millennials
19497,5.9,2.3,8.5,1.0,3.4,2.8,Moderate,Millennials
19498,7.2,3.1,8.1,2.8,3.8,3.41,Moderate,Millennials
19499,5.7,2.7,7.0,3.0,3.2,3.19,Moderate,Millennials
19500,7.6,2.9,7.2,1.0,4.4,3.18,High,Millennials
19501,5.8,1.9,8.2,2.2,3.7,3.07,Moderate,Millennials
19502,7.2,2.5,7.2,2.5,5.1,2.94,Low,Millennials
19503,6.6,2.2,8.5,3.5,5.5,3.08,Moderate,Millennials
19504,4.7,3.3,7.5,1.2,5.0,2.54,Moderate,Millennials
19505,4.1,2.7,7.7,5.1,4.2,2.99,Low,Millennials
19506,5.2,4.7,8.4,2.7,0.7,2.97,High,Millennials
19507,5.7,3.3,5.7,2.3,2.0,2.89,Low,Millennials
19508,8.5,2.5,8.0,2.7,3.9,2.97,Moderate,Millennials
19509,5.7,1.6,7.1,2.1,2.9,2.83,High,Millennials
19510,7.1,2.2,8.4,3.1,2.2,2.77,Moderate,Millennials
19511,2.9,2.9,6.9,3.2,8.0,2.84,Low,Millennials
19512,7.4,3.0,6.5,2.7,3.9,3.41,Moderate,Millennials
19513,5.6,3.4,7.8,4.0,2.5,3.05,Low,Millennials
19514,7.8,0.7,8.2,1.2,4.1,3.29,Low,Millennials
19515,7.7,2.8,8.0,3.6,3.7,3.13,Moderate,Millennials
19516,4.8,0.7,7.8,3.8,3.4,3.17,Moderate,Millennials
19517,5.1,0.4,8.4,2.7,6.2,3.01,Moderate,Millennials
19518,4.1,3.5,7.6,0.9,4.1,3.13,Moderate,Millennials
19519,6.5,0.0,7.3,2.8,5.3,3.25,Moderate,Millennials
19520,4.3,0.8,7.5,3.1,3.3,2.4,Moderate,Millennials
19521,7.7,3.6,8.2,2.3,3.4,2.72,Moderate,Millennials
19522,3.7,2.4,7.2,2.7,2.5,3.09,Moderate,Millennials
19523,6.7,3.3,8.7,0.5,3.1,3.57,Low,Millennials
19524,5.9,2.6,7.3,2.0,4.0,2.86,High,Millennials
19525,7.1,3.5,7.0,3.0,4.2,2.48,Moderate,Millennials
19526,7.9,1.4,6.4,4.1,5.0,2.93,Low,Millennials
19527,7.3,1.3,6.3,2.0,3.1,3.21,Low,Millennials
19528,4.5,2.7,7.5,3.6,3.9,2.67,Low,Millennials
19529,5.0,3.3,8.7,3.7,4.5,3.12,Moderate,Millennials
19530,7.8,3.0,10.0,3.3,5.1,3.33,Low,Millennials
19531,5.9,1.9,8.9,1.4,3.3,2.89,Low,Millennials
19532,6.8,1.9,8.0,2.7,4.9,3.19,High,Millennials
19533,7.9,2.7,7.2,2.1,4.7,3.14,Moderate,Millennials
19534,7.5,3.2,8.1,2.2,5.0,2.65,Low,Millennials
19535,6.6,0.8,9.6,2.8,3.8,3.28,Low,Millennials
19536,5.0,2.0,8.0,0.0,3.6,3.01,Moderate,Millennials
19537,5.3,1.0,8.1,3.5,2.9,3.2,Moderate,Millennials
19538,7.2,1.5,7.2,1.8,7.4,2.93,Moderate,Millennials
19539,5.2,2.3,9.3,1.1,3.8,3.75,Moderate,Millennials
19540,7.0,2.6,9.1,1.6,4.0,3.28,Low,Millennials
19541,4.7,0.4,9.6,3.0,3.6,3.37,Low,Millennials
19542,5.8,2.7,6.7,2.4,4.8,2.97,Moderate,Millennials
19543,7.1,1.4,6.0,4.9,3.5,3.3,Moderate,Millennials
19544,5.9,2.6,8.6,1.1,6.4,2.86,Low,Millennials
19545,8.7,2.6,6.8,3.2,2.9,2.97,Low,Millennials
19546,5.5,3.4,7.0,1.8,3.6,2.77,Low,Millennials
19547,9.4,1.7,7.4,1.9,3.0,3.1,Moderate,Millennials
19548,5.0,2.3,6.8,0.5,4.3,2.74,Low,Millennials
19549,5.8,2.4,8.1,1.9,4.0,2.48,Low,Millennials
19550,7.2,2.7,7.6,2.8,1.9,2.53,Moderate,Millennials
19551,5.7,1.9,6.5,1.8,6.3,2.75,Moderate,Millennials
19552,6.8,2.5,9.0,1.2,4.2,3.36,High,Millennials
19553,6.2,2.3,8.3,3.2,5.0,2.91,Low,Millennials
19554,6.1,1.2,9.0,2.3,4.5,2.79,Moderate,Millennials
19555,6.0,3.2,8.5,2.1,4.1,2.9,Low,Millennials
19556,5.8,2.0,8.8,1.2,6.4,3.5,Low,Millennials
19557,7.3,2.1,8.2,2.1,0.6,3.4,High,Millennials
19558,6.3,2.9,8.4,1.5,6.3,3.2,Moderate,Millennials
19559,5.9,2.1,7.2,3.5,2.4,3.15,Moderate,Millennials
19560,6.6,2.8,7.1,2.1,3.4,2.5,Moderate,Millennials
19561,5.3,3.2,7.8,2.7,2.6,2.68,Moderate,Millennials
19562,6.7,2.3,8.4,2.5,5.5,2.62,Moderate,Millennials
19563,6.6,1.1,7.4,3.0,3.3,2.61,Moderate,Millennials
19564,5.5,1.8,6.7,0.3,3.4,2.91,Moderate,Millennials
19565,7.8,1.4,6.9,4.0,6.1,3.71,Moderate,Millennials
19566,5.7,4.7,5.9,2.3,6.5,3.24,Moderate,Millennials
19567,6.4,0.6,8.7,1.8,5.8,3.03,Moderate,Millennials
19568,8.4,2.0,10.0,4.0,5.3,2.92,High,Millennials
19569,4.4,1.9,7.8,2.7,3.3,3.78,Low,Millennials
19570,6.6,3.6,7.6,3.5,3.5,3.66,Moderate,Millennials
19571,7.2,1.2,6.6,1.9,4.8,3.59,Low,Millennials
19572,4.9,1.8,8.0,3.7,4.5,3.0,Moderate,Millennials
19573,4.9,0.8,8.5,0.0,3.9,2.82,Low,Millennials
19574,7.2,2.6,9.1,3.9,5.7,3.1,Moderate,Millennials
19575,7.7,3.0,8.9,2.5,3.7,3.01,High,Millennials
19576,6.1,1.5,8.2,3.6,3.5,3.33,Moderate,Millennials
19577,7.3,1.6,8.9,1.7,2.7,2.98,Low,Millennials
19578,6.1,1.8,7.8,1.7,3.2,3.42,Moderate,Millennials
19579,4.9,1.5,8.6,1.5,3.0,3.03,Moderate,Millennials
19580,7.4,1.9,7.8,0.9,4.0,2.44,Moderate,Millennials
19581,7.4,2.1,7.8,1.5,3.4,3.22,High,Millennials
19582,6.7,3.0,8.9,1.3,4.7,2.89,Moderate,Millennials
19583,6.9,1.1,7.7,4.1,4.1,2.99,Moderate,Millennials
19584,3.4,4.3,8.6,2.2,6.4,2.71,High,Millennials
19585,5.6,2.2,6.7,1.2,4.1,2.64,Moderate,Millennials
19586,4.4,2.7,8.0,0.2,4.1,2.58,Low,Millennials
19587,7.5,2.0,8.7,0.0,3.2,2.59,High,Millennials
19588,8.2,2.7,6.9,1.5,6.0,3.67,Low,Millennials
19589,6.3,0.7,7.1,3.6,2.9,3.12,Low,Millennials
19590,6.1,4.3,6.5,0.6,3.3,3.08,Moderate,Millennials
19591,7.1,0.0,6.0,1.5,1.1,2.57,Moderate,Millennials
19592,5.0,2.0,8.9,1.5,2.1,2.99,Moderate,Millennials
19593,6.4,1.7,8.0,3.0,2.6,2.86,Moderate,Millennials
19594,4.3,1.4,6.9,3.0,3.2,3.43,Moderate,Millennials
19595,5.1,3.4,7.1,1.2,6.1,3.33,Moderate,Millennials
19596,6.8,1.4,7.6,1.4,3.4,3.22,Low,Millennials
19597,5.0,1.5,8.2,1.1,0.0,3.17,High,Millennials
19598,7.4,0.6,5.3,2.5,3.4,2.78,Moderate,Millennials
19599,3.6,2.3,8.0,1.8,2.4,3.25,Moderate,Millennials
19600,4.9,0.2,8.0,1.7,1.8,2.77,Low,Millennials
19601,4.5,3.4,8.5,0.9,3.5,3.32,Moderate,Millennials
19602,5.0,1.3,6.6,0.2,3.5,3.05,Moderate,Millennials
19603,7.1,2.8,7.7,2.9,4.6,2.82,Low,Millennials
19604,4.8,0.4,6.0,2.1,5.5,2.99,Moderate,Millennials
19605,2.0,2.4,8.7,3.2,5.6,2.84,High,Millennials
19606,6.1,0.7,8.1,1.6,4.1,2.42,Low,Millennials
19607,4.9,3.0,8.6,2.4,3.3,2.79,Low,Millennials
19608,5.5,2.7,8.8,2.0,5.5,3.1,High,Millennials
19609,5.7,0.6,8.8,3.0,2.3,3.34,Low,Millennials
19610,6.6,2.3,8.5,1.0,3.5,3.07,High,Millennials
19611,6.5,0.7,8.1,1.9,5.7,2.89,Low,Millennials
19612,5.1,2.7,8.3,1.9,3.8,3.0,Moderate,Millennials
19613,6.6,3.0,8.9,0.5,4.4,3.0,Moderate,Millennials
19614,4.6,1.4,7.7,0.6,4.2,3.35,Moderate,Millennials
19615,4.5,2.1,7.4,1.5,5.3,3.19,Low,Millennials
19616,4.3,3.9,7.5,4.0,3.0,3.25,Moderate,Millennials
19617,5.4,3.0,8.1,2.4,6.1,2.63,Moderate,Millennials
19618,7.7,2.3,7.8,2.5,6.0,2.91,Moderate,Millennials
19619,4.9,3.5,6.7,1.4,3.1,2.89,Moderate,Millennials
19620,3.7,1.3,7.6,3.4,5.2,3.13,Moderate,Millennials
19621,5.4,1.6,7.1,2.5,3.7,3.44,Moderate,Millennials
19622,5.7,2.1,8.1,1.8,3.9,3.09,High,Millennials
19623,9.0,1.5,9.4,1.0,4.3,3.16,Moderate,Millennials
19624,5.0,2.7,6.0,1.5,2.2,2.72,Moderate,Millennials
19625,6.4,1.3,7.8,1.6,6.2,3.03,Low,Millennials
19626,5.7,2.7,8.0,2.2,3.2,2.62,Moderate,Millennials
19627,6.6,3.8,7.8,2.6,4.6,3.46,Moderate,Millennials
19628,7.2,2.4,6.6,1.0,4.8,3.22,High,Millennials
19629,7.4,2.3,7.0,2.9,2.3,3.64,Low,Millennials
19630,5.8,2.9,8.6,0.9,3.2,3.36,Moderate,Millennials
19631,2.4,1.6,7.2,3.4,1.5,3.28,Low,Millennials
19632,6.3,2.4,7.3,2.6,5.5,3.69,Moderate,Millennials
19633,4.5,2.8,9.3,1.9,4.8,2.67,Moderate,Millennials
19634,5.4,1.3,6.1,0.9,4.1,2.99,Moderate,Millennials
19635,6.5,1.6,7.6,2.3,5.6,3.3,Low,Millennials
19636,4.2,3.5,7.3,3.3,3.0,2.67,Low,Millennials
19637,6.0,1.7,8.0,3.4,5.6,2.87,Moderate,Millennials
19638,2.7,0.9,7.8,0.8,6.2,3.4,Low,Millennials
19639,6.9,2.7,6.8,4.4,3.0,2.64,Low,Millennials
19640,6.2,2.8,7.4,3.5,4.8,2.69,Moderate,Millennials
19641,5.5,2.4,7.1,3.3,5.2,2.41,Moderate,Millennials
19642,6.5,1.8,7.6,2.9,2.9,2.54,High,Millennials
19643,5.5,3.5,6.5,2.7,3.6,2.69,Low,Millennials
19644,2.9,3.0,6.6,4.0,4.9,3.31,Moderate,Millennials
19645,7.1,1.5,6.0,0.1,7.3,3.31,Low,Millennials
19646,6.2,2.2,7.6,1.9,3.3,2.97,Moderate,Millennials
19647,5.1,3.1,7.3,2.8,4.9,3.14,Low,Millennials
19648,6.7,0.4,7.0,2.7,4.2,3.14,Low,Millennials
19649,5.5,2.3,8.0,0.2,2.7,3.2,Low,Millennials
19650,5.5,2.0,8.1,3.0,3.6,3.25,Moderate,Millennials
19651,6.4,1.0,9.0,1.1,4.3,2.77,Moderate,Millennials
19652,5.7,3.7,7.5,3.9,3.8,2.95,Low,Millennials
19653,7.4,3.7,6.5,3.0,3.6,2.87,High,Millennials
19654,5.2,2.8,8.4,0.9,4.4,3.39,Low,Millennials
19655,6.2,1.2,8.1,3.8,4.8,3.52,Moderate,Millennials
19656,3.5,2.5,7.8,1.7,5.2,2.98,High,Millennials
19657,6.7,2.4,7.2,2.6,3.5,3.12,High,Millennials
19658,7.0,0.8,6.4,1.8,6.9,3.35,Moderate,Millennials
19659,5.7,1.8,5.9,3.0,3.9,2.18,Low,Millennials
19660,8.2,2.7,8.0,1.0,3.4,3.04,Moderate,Millennials
19661,5.4,3.7,7.6,1.2,4.0,2.94,Moderate,Millennials
19662,6.9,1.5,7.9,1.8,4.7,3.23,High,Millennials
19663,5.2,2.4,6.4,0.5,4.5,3.2,Low,Millennials
19664,5.2,3.1,7.4,1.0,5.9,3.19,Low,Millennials
19665,6.0,1.9,6.8,2.6,4.3,3.54,Moderate,Millennials
19666,5.4,5.0,8.7,2.0,4.5,2.8,Moderate,Millennials
19667,8.6,2.2,8.7,1.4,4.5,3.06,Low,Millennials
19668,3.7,2.8,8.9,1.8,4.1,2.86,Moderate,Millennials
19669,7.3,2.0,8.9,1.8,4.2,3.34,Moderate,Millennials
19670,7.7,1.8,9.1,3.2,3.4,2.6,Moderate,Millennials
19671,6.6,2.6,7.5,1.3,4.0,2.55,Moderate,Millennials
19672,5.4,2.3,7.4,4.2,6.2,2.63,Moderate,Millennials
19673,5.8,0.5,8.5,0.0,5.2,2.79,Low,Millennials
19674,4.2,1.9,8.3,0.5,6.0,2.64,High,Millennials
19675,5.6,3.0,7.1,3.5,6.8,3.1,High,Millennials
19676,4.8,1.3,7.9,2.0,2.3,2.87,Low,Millennials
19677,6.4,2.0,8.8,0.9,2.0,3.45,Low,Millennials
19678,3.8,2.9,7.0,1.5,4.8,3.27,Moderate,Millennials
19679,7.2,3.1,8.9,3.8,4.7,2.55,Low,Millennials
19680,6.6,2.4,6.4,0.3,6.7,3.22,Moderate,Millennials
19681,5.9,1.6,8.9,2.7,3.3,3.17,Moderate,Millennials
19682,4.2,4.1,7.8,2.1,4.5,2.64,Moderate,Millennials
19683,6.1,2.6,8.5,0.4,6.2,2.88,Moderate,Millennials
19684,9.7,1.5,7.7,1.6,2.0,2.99,Moderate,Millennials
19685,4.8,2.8,7.5,2.5,5.9,2.87,High,Millennials
19686,6.3,2.5,9.5,2.2,7.3,3.18,Moderate,Millennials
19687,3.5,2.7,7.6,3.8,3.6,3.09,Moderate,Millennials
19688,6.1,0.9,7.8,1.6,3.4,3.69,High,Millennials
19689,5.4,2.1,7.2,2.2,5.4,2.91,Low,Millennials
19690,5.6,2.1,8.8,3.8,2.4,3.12,High,Millennials
19691,5.3,3.1,6.8,3.7,4.4,3.3,Low,Millennials
19692,6.1,1.7,7.6,0.5,5.3,2.99,Low,Millennials
19693,5.7,3.7,7.9,2.9,5.9,2.98,Low,Millennials
19694,3.6,3.2,6.9,1.9,5.5,3.25,Moderate,Millennials
19695,6.3,2.8,6.0,2.5,4.1,3.23,Low,Millennials
19696,5.3,1.8,7.8,2.9,3.6,2.66,High,Millennials
19697,4.3,1.6,9.1,2.5,5.7,3.14,Moderate,Millennials
19698,4.5,4.6,8.8,3.9,6.1,2.65,Moderate,Millennials
19699,4.2,1.2,8.6,1.4,5.0,3.2,High,Millennials
19700,7.7,1.5,7.4,1.7,3.2,3.44,Moderate,Millennials
19701,6.0,2.0,8.9,0.8,4.5,3.07,Low,Millennials
19702,5.7,1.9,8.8,4.2,3.8,3.0,Low,Millennials
19703,8.1,1.9,7.1,3.0,2.6,2.99,Moderate,Millennials
19704,7.7,1.6,7.9,2.9,4.9,2.86,High,Millennials
19705,4.5,4.2,7.3,2.2,5.0,3.23,Low,Millennials
19706,6.2,1.8,7.8,3.1,4.7,3.17,Moderate,Millennials
19707,4.0,2.6,6.4,2.1,4.7,3.01,Moderate,Millennials
19708,5.5,4.4,6.2,2.2,4.0,2.82,Low,Millennials
19709,5.6,1.8,7.4,2.3,5.2,2.73,High,Millennials
19710,4.6,1.5,7.6,0.0,3.9,3.04,Low,Millennials
19711,7.0,1.7,8.6,2.9,3.9,3.29,Moderate,Millennials
19712,5.7,2.0,8.5,3.1,4.3,3.25,Moderate,Millennials
19713,5.5,1.7,8.4,2.3,5.1,3.05,Low,Millennials
19714,5.0,0.8,9.3,0.0,5.2,2.53,Moderate,Millennials
19715,5.2,2.0,7.5,0.9,6.3,3.39,Moderate,Millennials
19716,5.0,3.1,8.0,2.8,3.3,2.63,Moderate,Millennials
19717,8.3,2.9,7.1,3.3,0.7,2.95,Moderate,Millennials
19718,5.9,1.7,5.9,1.6,4.5,3.39,Moderate,Millennials
19719,6.0,0.0,7.8,2.3,3.3,3.36,Moderate,Millennials
19720,7.7,2.7,8.5,0.6,3.8,3.77,Moderate,Millennials
19721,5.4,2.0,6.9,0.0,3.6,2.98,Low,Millennials
19722,7.0,3.3,7.2,3.9,5.6,3.23,Moderate,Millennials
19723,5.3,2.3,7.9,0.6,3.7,2.99,Moderate,Millennials
19724,7.7,4.4,7.9,0.2,3.5,2.71,Low,Millennials
19725,7.5,2.0,8.7,1.0,2.9,3.25,Low,Millennials
19726,5.2,1.9,6.2,0.7,3.2,3.15,Low,Millennials
19727,5.2,0.0,8.8,2.0,5.1,2.68,Moderate,Millennials
19728,7.2,0.4,8.5,4.5,3.4,3.01,High,Millennials
19729,4.2,2.9,8.6,2.5,3.0,3.05,Low,Millennials
19730,4.5,2.6,7.3,1.8,7.3,3.07,Moderate,Millennials
19731,7.6,4.0,7.8,2.1,7.6,2.95,Moderate,Millennials
19732,5.0,2.5,7.4,3.5,3.8,2.79,Low,Millennials
19733,7.9,1.5,7.9,0.0,4.5,2.85,Moderate,Millennials
19734,6.0,2.1,7.5,2.9,5.5,3.36,Moderate,Millennials
19735,4.4,3.3,6.4,2.9,3.8,3.4,Moderate,Millennials
19736,5.9,3.7,8.3,1.1,5.6,2.91,Moderate,Millennials
19737,5.5,1.2,7.8,4.8,6.7,2.97,Low,Millennials
19738,4.4,4.3,7.7,2.9,5.1,3.23,Low,Millennials
19739,5.2,3.3,7.8,1.1,2.3,3.1,Moderate,Millennials
19740,6.5,1.9,6.7,2.1,5.0,3.4,Moderate,Millennials
19741,7.4,2.6,7.2,3.3,3.1,2.6,High,Millennials
19742,5.9,1.3,8.3,2.2,5.1,2.99,Moderate,Millennials
19743,5.3,3.9,8.7,3.0,3.1,2.45,Low,Millennials
19744,4.6,2.9,7.6,1.2,6.3,2.95,High,Millennials
19745,8.0,1.3,9.2,2.7,6.0,3.05,Moderate,Millennials
19746,3.3,1.7,7.7,0.8,5.7,3.12,High,Millennials
19747,7.0,2.0,7.7,0.4,2.9,2.79,High,Millennials
19748,4.9,1.2,8.7,0.0,2.0,3.18,Moderate,Millennials
19749,5.6,2.4,7.6,4.4,5.3,3.33,Low,Millennials
19750,7.3,2.5,7.2,2.6,4.7,2.66,Moderate,Millennials
19751,5.1,3.3,8.4,3.1,3.5,3.03,Moderate,Millennials
19752,7.9,2.2,8.4,2.3,4.0,2.7,Low,Millennials
19753,7.8,3.2,7.0,0.1,4.6,3.01,Low,Millennials
19754,6.6,1.4,7.2,2.4,4.0,2.94,Low,Millennials
19755,3.0,1.8,7.6,2.7,5.1,3.21,High,Millennials
19756,5.0,1.8,7.0,3.5,5.4,2.75,Moderate,Millennials
19757,6.8,4.0,9.1,0.0,2.7,3.02,Moderate,Millennials
19758,4.7,0.0,7.2,1.2,2.7,3.23,Low,Millennials
19759,7.5,0.5,9.5,2.2,4.7,2.74,Moderate,Millennials
19760,4.5,0.1,9.0,2.5,1.8,2.92,Moderate,Millennials
19761,6.0,2.5,7.3,0.9,2.5,3.19,Moderate,Millennials
19762,7.7,2.2,8.7,3.3,4.1,3.24,Moderate,Millennials
19763,4.9,0.9,6.8,2.8,3.5,2.82,Moderate,Millennials
19764,4.2,2.5,7.7,2.1,4.2,2.98,Low,Millennials
19765,5.8,3.8,9.0,0.4,1.6,2.45,Moderate,Millennials
19766,6.5,2.2,8.2,3.7,4.8,3.28,Moderate,Millennials
19767,6.0,3.4,8.1,3.0,5.4,3.01,Low,Millennials
19768,6.3,2.6,7.4,2.3,5.3,2.87,Low,Millennials
19769,7.3,4.3,8.8,2.2,6.1,2.78,Low,Millennials
19770,8.0,1.9,5.8,1.7,2.6,3.21,Low,Millennials
19771,5.8,1.1,8.8,0.5,3.3,2.8,Moderate,Millennials
19772,6.1,1.6,7.8,4.0,2.4,3.05,High,Millennials
19773,6.8,2.5,6.3,2.5,2.7,3.08,Low,Millennials
19774,4.8,4.2,9.6,2.6,5.9,2.96,Moderate,Millennials
19775,5.4,0.2,8.5,2.3,4.8,2.61,High,Millennials
19776,3.9,2.1,9.8,0.5,4.8,2.94,Low,Millennials
19777,5.8,2.6,8.2,1.7,5.1,2.53,Low,Millennials
19778,5.8,3.5,7.2,2.6,5.1,2.92,Low,Millennials
19779,4.8,1.2,8.7,1.5,5.4,2.71,Moderate,Millennials
19780,2.8,4.9,9.4,1.8,4.0,2.81,Moderate,Millennials
19781,2.5,2.2,7.7,4.4,2.7,3.1,Low,Millennials
19782,7.6,0.4,5.9,3.4,3.8,3.15,Low,Millennials
19783,4.4,3.6,7.2,1.8,4.5,2.98,Moderate,Millennials
19784,5.1,2.5,8.0,1.2,3.5,3.52,Moderate,Millennials
19785,2.9,3.3,8.4,3.4,4.7,2.94,Moderate,Millennials
19786,6.3,2.1,7.5,2.5,2.3,3.1,Low,Millennials
19787,6.8,3.2,7.0,4.6,4.3,3.0,High,Millennials
19788,5.8,3.4,7.3,1.4,5.3,2.84,Low,Millennials
19789,6.5,0.5,7.8,1.4,3.1,2.96,High,Millennials
19790,7.8,1.3,7.8,0.8,1.3,3.72,Moderate,Millennials
19791,5.7,4.2,7.3,2.6,4.2,3.1,Moderate,Millennials
19792,4.9,1.6,7.8,3.5,3.3,3.12,Low,Millennials
19793,6.0,0.0,6.3,1.5,4.6,3.21,Moderate,Millennials
19794,8.0,2.2,8.2,4.4,4.8,3.44,Low,Millennials
19795,5.1,2.8,6.4,0.8,2.1,3.38,Low,Millennials
19796,4.6,1.8,6.8,0.0,5.6,2.71,Moderate,Millennials
19797,4.8,3.0,8.7,0.0,3.2,2.54,Moderate,Millennials
19798,6.0,2.2,7.8,2.7,3.8,3.12,Moderate,Millennials
19799,7.7,1.8,7.6,2.9,2.5,3.17,Moderate,Millennials
19800,5.7,2.6,6.8,2.8,4.2,3.33,Moderate,Millennials
19801,6.0,1.0,7.6,1.0,5.0,2.83,High,Millennials
19802,7.5,1.6,7.0,1.4,4.7,3.29,Moderate,Millennials
19803,8.7,3.7,7.2,0.9,3.4,3.75,Low,Millennials
19804,6.8,1.9,7.1,1.7,4.7,2.75,Low,Millennials
19805,8.9,3.4,8.7,1.2,4.6,3.24,High,Millennials
19806,4.7,1.6,9.7,2.8,4.6,2.61,Moderate,Millennials
19807,7.3,0.5,8.1,1.6,5.0,2.75,Moderate,Millennials
19808,2.7,3.3,8.6,1.1,5.7,3.19,Moderate,Millennials
19809,4.3,0.0,9.9,1.9,4.5,2.96,High,Millennials
19810,6.1,1.9,6.7,3.3,3.1,2.68,Low,Millennials
19811,5.9,1.6,7.2,1.1,3.8,2.01,Low,Millennials
19812,5.7,3.1,8.3,2.0,3.1,3.03,Moderate,Millennials
19813,5.4,2.0,7.3,0.5,4.1,3.39,Moderate,Millennials
19814,4.1,1.7,8.2,2.7,4.7,2.74,Low,Millennials
19815,5.1,2.5,7.5,2.4,4.6,2.88,Low,Millennials
19816,6.1,2.0,7.4,2.6,2.3,3.44,Moderate,Millennials
19817,5.6,3.4,7.9,2.0,3.9,2.84,Moderate,Millennials
19818,4.4,0.7,7.4,3.5,6.7,3.44,Moderate,Millennials
19819,7.0,3.3,7.2,1.5,5.1,2.99,Moderate,Millennials
19820,5.8,2.8,6.8,2.6,4.1,2.7,Low,Millennials
19821,6.9,2.3,8.4,2.3,3.2,3.44,Low,Millennials
19822,5.1,1.9,7.8,3.6,2.5,3.49,Moderate,Millennials
19823,4.8,1.3,6.6,3.0,5.1,2.21,Moderate,Millennials
19824,5.1,1.2,6.4,2.7,3.8,2.86,Low,Millennials
19825,6.8,1.7,8.7,1.8,6.3,2.72,Moderate,Millennials
19826,3.8,0.6,8.8,2.9,4.2,2.43,Low,Millennials
19827,4.7,2.7,7.8,2.2,3.2,2.66,Low,Millennials
19828,1.7,0.0,7.4,2.3,6.1,3.69,High,Millennials
19829,5.2,2.7,7.9,0.2,6.1,2.7,Moderate,Millennials
19830,6.0,2.2,7.4,3.1,4.5,3.31,Moderate,Millennials
19831,3.4,2.0,8.2,1.3,2.7,2.98,Moderate,Millennials
19832,3.7,0.3,6.5,0.8,2.1,2.77,Moderate,Millennials
19833,5.4,1.3,7.3,3.0,3.5,2.43,High,Millennials
19834,5.5,0.3,7.1,3.1,2.8,3.24,Moderate,Millennials
19835,4.2,1.2,6.8,1.8,5.0,2.56,Moderate,Millennials
19836,7.6,0.0,6.9,2.6,5.3,3.26,Moderate,Millennials
19837,6.5,2.4,8.7,1.3,3.7,2.97,Moderate,Millennials
19838,3.9,2.3,9.1,2.4,3.8,2.87,Moderate,Millennials
19839,5.0,2.2,9.1,1.9,3.2,2.81,Low,Millennials
19840,6.1,1.7,6.9,1.2,5.3,3.21,High,Millennials
19841,8.3,0.3,5.8,3.2,5.2,2.88,Moderate,Millennials
19842,6.9,4.1,8.3,2.7,3.8,2.88,High,Millennials
19843,6.0,2.3,7.7,0.5,5.3,3.31,Moderate,Millennials
19844,5.4,2.7,6.7,1.6,3.5,2.93,Low,Millennials
19845,4.5,0.0,6.6,1.2,5.5,3.02,Moderate,Millennials
19846,5.4,0.3,9.1,0.1,3.4,2.92,Moderate,Millennials
19847,7.0,2.3,6.8,1.2,2.8,2.82,Moderate,Millennials
19848,5.2,1.8,9.0,3.2,3.4,3.19,Moderate,Millennials
19849,8.4,0.2,7.9,2.8,2.7,2.95,Moderate,Millennials
19850,7.0,0.3,7.2,0.4,4.0,2.83,Moderate,Millennials
19851,6.5,1.2,9.5,0.0,0.3,3.06,Moderate,Millennials
19852,4.3,4.0,7.0,1.7,5.1,3.19,Moderate,Millennials
19853,6.4,1.1,8.9,1.3,5.9,2.72,Low,Millennials
19854,5.8,2.0,8.1,1.3,4.1,2.98,Moderate,Millennials
19855,6.5,0.7,8.4,1.8,5.8,3.27,Moderate,Millennials
19856,5.9,1.4,5.4,1.5,2.2,2.93,Moderate,Millennials
19857,6.4,2.5,10.0,2.8,6.0,2.9,Moderate,Millennials
19858,4.6,2.0,5.7,4.0,4.2,2.85,Moderate,Millennials
19859,7.3,3.3,9.3,1.5,3.0,2.75,Moderate,Millennials
19860,4.6,2.9,7.0,1.7,3.3,3.18,Moderate,Millennials
19861,8.4,0.6,9.1,3.7,6.1,3.13,Low,Millennials
19862,5.3,4.8,6.8,3.0,2.3,2.51,High,Millennials
19863,5.5,2.2,7.7,0.4,3.3,3.0,Moderate,Millennials
19864,3.5,3.0,7.7,3.4,1.7,2.86,High,Millennials
19865,5.6,1.5,7.4,2.7,5.3,3.52,Moderate,Millennials
19866,5.9,2.6,8.7,1.4,4.8,3.39,Low,Millennials
19867,6.9,2.4,7.3,2.1,2.3,3.32,Low,Millennials
19868,6.9,2.5,8.2,1.1,5.3,3.63,Moderate,Millennials
19869,5.3,0.6,6.5,1.3,3.7,2.74,High,Millennials
19870,6.6,1.0,7.3,0.6,8.0,3.14,Low,Millennials
19871,6.9,2.8,7.3,1.8,3.3,3.02,Moderate,Millennials
19872,6.6,2.4,8.8,1.8,4.1,3.28,Moderate,Millennials
19873,7.5,3.4,8.0,1.6,2.7,3.13,Moderate,Millennials
19874,4.8,2.0,6.5,2.0,4.1,3.2,Low,Millennials
19875,5.6,3.2,7.0,3.6,5.2,3.48,Low,Millennials
19876,3.8,1.9,8.5,1.7,4.8,3.18,Moderate,Millennials
19877,6.6,3.6,8.2,3.2,2.3,2.29,Low,Millennials
19878,6.2,1.6,8.9,1.1,5.4,3.14,Moderate,Millennials
19879,8.2,1.6,8.0,1.8,4.0,3.09,Moderate,Millennials
19880,4.0,2.0,6.9,2.5,5.1,2.68,Low,Millennials
19881,8.4,2.4,8.1,0.8,6.9,2.68,High,Millennials
19882,6.6,3.0,6.5,4.2,6.0,3.54,High,Millennials
19883,7.9,3.1,8.5,2.7,0.8,3.37,Moderate,Millennials
19884,7.0,3.3,10.0,1.9,5.1,3.04,Moderate,Millennials
19885,4.5,3.7,6.8,1.1,1.9,3.19,Moderate,Millennials
19886,5.5,1.2,8.3,2.2,2.8,2.6,High,Millennials
19887,5.4,2.6,6.6,2.3,3.5,2.44,Moderate,Millennials
19888,3.2,2.5,7.8,1.0,4.3,3.6,Moderate,Millennials
19889,5.7,2.5,8.0,2.1,2.8,2.99,Moderate,Millennials
19890,4.5,0.4,8.7,2.1,3.7,2.6,Moderate,Millennials
19891,2.9,1.9,6.6,1.3,6.7,3.16,Moderate,Millennials
19892,5.8,2.0,8.7,3.1,2.7,3.15,Moderate,Millennials
19893,6.8,2.8,7.1,2.2,4.8,2.24,Low,Millennials
19894,4.4,1.1,7.8,4.0,5.1,2.49,Moderate,Millennials
19895,5.3,1.2,9.5,1.3,4.4,3.09,Moderate,Millennials
19896,6.9,1.6,7.6,1.0,4.5,3.25,High,Millennials
19897,5.1,2.4,8.8,1.0,5.0,3.47,Moderate,Millennials
19898,6.9,0.5,9.1,1.4,5.2,3.31,Low,Millennials
19899,3.6,0.7,5.9,1.8,4.9,3.35,Low,Millennials
19900,6.5,3.1,7.9,1.8,6.2,3.07,Low,Millennials
19901,4.0,4.1,7.7,3.3,5.9,2.85,Low,Millennials
19902,3.8,2.7,8.5,2.4,2.3,2.33,Low,Millennials
19903,4.5,4.4,7.7,2.7,3.1,3.2,Moderate,Millennials
19904,6.9,4.0,6.9,0.5,1.9,2.37,Moderate,Millennials
19905,8.6,1.9,7.3,2.3,7.0,3.47,Low,Millennials
19906,7.0,1.3,6.6,1.6,5.7,3.07,Moderate,Millennials
19907,7.1,1.8,8.1,1.4,3.3,3.08,Low,Millennials
19908,4.8,1.8,7.9,0.9,5.4,3.47,Moderate,Millennials
19909,6.3,2.7,7.7,2.9,6.5,2.78,Low,Millennials
19910,5.6,3.4,10.0,1.3,3.7,3.5,Moderate,Millennials
19911,3.5,2.4,6.5,1.4,5.5,3.09,Moderate,Millennials
19912,6.0,1.1,8.4,4.2,1.8,2.82,Moderate,Millennials
19913,7.3,1.8,8.1,4.0,4.2,2.69,Moderate,Millennials
19914,6.0,0.7,7.8,3.3,3.9,2.77,Moderate,Millennials
19915,7.8,3.7,9.0,0.9,5.5,2.8,Low,Millennials
19916,4.5,2.2,7.9,3.9,5.7,3.16,Low,Millennials
19917,5.9,0.4,8.7,3.7,4.6,2.81,Moderate,Millennials
19918,7.7,2.3,6.4,3.1,6.1,3.11,Moderate,Millennials
19919,5.9,2.1,6.3,0.0,5.2,3.19,Moderate,Millennials
19920,4.5,1.7,8.2,1.5,4.8,3.06,High,Millennials
19921,7.1,0.5,7.9,2.0,2.0,2.69,Low,Millennials
19922,7.6,0.2,7.7,1.6,3.7,2.61,High,Millennials
19923,5.5,1.9,6.9,1.3,4.8,3.17,Moderate,Millennials
19924,3.5,1.5,9.1,1.4,2.9,3.05,High,Millennials
19925,6.4,3.4,8.8,2.4,3.5,3.14,Moderate,Millennials
19926,7.2,3.6,7.6,2.9,4.5,3.0,Low,Millennials
19927,7.5,1.6,5.0,3.9,4.8,3.36,Moderate,Millennials
19928,5.1,3.2,7.0,1.0,5.1,2.87,Low,Millennials
19929,4.0,0.6,8.1,1.5,6.0,2.74,Moderate,Millennials
19930,5.0,1.6,7.9,0.6,3.7,3.35,Low,Millennials
19931,10.0,1.2,7.8,1.9,2.5,2.68,Low,Millennials
19932,6.1,3.3,8.2,2.0,3.0,2.95,Low,Millennials
19933,7.0,3.5,7.9,0.5,3.9,3.15,Moderate,Millennials
19934,7.1,4.8,9.0,1.0,3.5,3.33,Moderate,Millennials
19935,6.8,2.2,6.6,0.6,7.9,3.12,High,Millennials
19936,5.4,2.2,8.1,1.8,2.1,3.2,Moderate,Millennials
19937,5.1,1.6,7.0,1.5,4.9,3.28,Moderate,Millennials
19938,6.8,2.2,7.3,1.2,3.3,3.35,Low,Millennials
19939,6.6,1.7,8.7,0.6,4.8,2.94,Low,Millennials
19940,7.0,2.5,8.0,1.2,1.5,2.95,High,Millennials
19941,3.9,0.4,7.8,3.0,4.3,2.91,Moderate,Millennials
19942,5.1,2.9,7.3,1.1,1.5,2.57,Low,Millennials
19943,6.4,2.8,8.0,2.6,4.3,2.96,Low,Millennials
19944,5.4,0.2,7.4,2.3,3.0,3.45,Moderate,Millennials
19945,5.4,2.8,8.7,2.0,6.0,3.13,Low,Millennials
19946,7.3,2.7,7.5,0.0,4.8,3.07,Moderate,Millennials
19947,5.8,2.3,8.0,2.3,5.6,2.65,Low,Millennials
19948,7.7,0.5,6.4,2.3,4.3,3.36,High,Millennials
19949,4.1,2.6,8.5,2.4,4.6,3.07,Low,Millennials
19950,9.8,1.9,9.1,2.7,4.8,3.35,High,Millennials
19951,7.6,0.9,8.7,2.6,2.4,2.8,Low,Millennials
19952,6.1,0.1,7.8,2.9,4.0,2.73,Moderate,Millennials
19953,6.1,2.1,8.3,0.0,3.9,3.24,Low,Millennials
19954,3.5,1.7,6.9,2.0,3.9,2.81,Moderate,Millennials
19955,5.8,1.1,8.0,2.2,5.6,2.68,Moderate,Millennials
19956,3.1,1.8,7.8,2.1,1.8,2.79,Moderate,Millennials
19957,5.8,2.3,8.2,3.1,7.4,2.82,High,Millennials
19958,6.6,2.1,8.7,2.8,4.8,3.35,Moderate,Millennials
19959,6.9,2.3,7.6,2.9,4.6,3.22,High,Millennials
19960,6.4,0.0,7.7,1.2,7.1,3.22,Low,Millennials
19961,6.3,2.3,8.1,1.9,5.4,2.74,Moderate,Millennials
19962,6.1,3.5,8.1,1.0,3.4,2.56,High,Millennials
19963,5.3,3.1,5.9,2.1,5.7,2.91,Moderate,Millennials
19964,5.0,2.8,6.0,2.3,4.6,2.6,High,Millennials
19965,5.0,2.3,7.0,2.6,7.4,2.65,Moderate,Millennials
19966,8.4,2.4,7.3,0.9,4.0,3.0,High,Millennials
19967,7.8,3.0,6.7,0.6,2.3,3.03,Low,Millennials
19968,5.4,2.8,7.4,2.2,3.9,2.45,Moderate,Millennials
19969,4.3,2.6,7.3,0.0,4.0,3.15,Moderate,Millennials
19970,7.2,5.0,8.2,0.9,3.1,2.72,Low,Millennials
19971,7.9,1.5,8.6,0.8,5.6,2.9,Low,Millennials
19972,7.7,1.3,7.7,3.8,3.5,2.96,Moderate,Millennials
19973,5.7,1.1,8.3,3.4,5.6,3.38,Moderate,Millennials
19974,6.4,0.0,9.0,2.0,1.1,3.15,Low,Millennials
19975,5.8,3.3,8.2,3.2,4.1,2.32,Low,Millennials
19976,5.6,1.5,7.3,2.4,3.1,2.98,Low,Millennials
19977,7.1,3.6,6.5,1.3,2.3,3.18,Moderate,Millennials
19978,5.5,3.5,6.9,1.6,2.0,3.4,Moderate,Millennials
19979,5.1,3.5,7.6,2.5,2.5,2.87,Moderate,Millennials
19980,7.3,0.0,7.1,0.7,4.3,3.33,Low,Millennials
19981,7.0,2.8,8.5,1.7,1.3,2.8,Moderate,Millennials
19982,7.1,2.1,7.8,2.8,4.3,2.6,Moderate,Millennials
19983,7.4,3.4,8.2,1.4,5.9,3.02,Low,Millennials
19984,3.7,1.5,8.5,2.5,6.4,3.46,Moderate,Millennials
19985,4.6,2.3,8.5,2.3,3.5,3.12,Moderate,Millennials
19986,7.9,2.4,6.5,5.2,6.2,3.03,Low,Millennials
19987,9.4,4.5,6.7,1.0,4.0,3.16,Low,Millennials
19988,3.8,1.1,8.6,0.9,4.7,2.65,Moderate,Millennials
19989,6.8,4.4,6.7,1.1,7.4,2.55,Moderate,Millennials
19990,7.7,1.3,8.8,3.4,4.1,3.21,High,Millennials
19991,6.2,2.2,7.7,2.4,3.9,3.3,High,Millennials
19992,7.0,2.1,7.8,3.0,3.9,3.51,Low,Millennials
19993,4.5,3.9,8.4,2.0,5.6,3.67,Moderate,Millennials
19994,3.9,2.4,8.6,1.6,2.9,3.07,Low,Millennials
19995,8.4,2.3,8.8,2.2,4.0,3.2,Moderate,Millennials
19996,7.1,2.5,7.4,1.5,2.7,2.95,Moderate,Millennials
19997,5.6,2.2,7.2,1.4,2.9,3.39,Moderate,Millennials
19998,6.6,2.1,8.4,0.9,5.5,2.98,Moderate,Millennials
19999,3.6,2.8,7.0,2.5,4.3,2.75,Low,Millennials
20000,4.6,0.0,9.3,2.0,4.3,2.91,Moderate,Millennials
20001,5.4,2.9,8.3,4.2,4.3,2.94,Low,Millennials
20002,8.1,2.0,8.2,2.3,4.0,2.64,Low,Millennials
20003,8.9,0.7,7.3,3.1,5.6,3.07,Moderate,Millennials
20004,3.3,2.8,9.3,2.6,4.3,3.29,Moderate,Millennials
20005,7.4,2.5,8.0,2.6,6.1,2.33,Moderate,Millennials
20006,6.6,4.2,8.2,2.3,3.0,3.43,High,Millennials
20007,6.2,2.3,8.3,2.7,7.5,3.57,Low,Millennials
20008,5.0,2.7,7.9,2.3,3.0,3.16,Moderate,Millennials
20009,6.5,0.2,6.8,3.4,3.0,2.89,Low,Millennials
20010,5.6,2.4,8.0,3.3,3.2,3.1,Moderate,Millennials
20011,5.9,3.3,8.0,2.5,5.9,2.6,Moderate,Millennials
20012,6.4,2.7,8.3,1.3,2.6,3.14,Moderate,Millennials
20013,7.3,3.2,8.8,2.3,2.9,2.73,Low,Millennials
20014,6.5,3.7,6.4,0.3,3.8,3.27,Moderate,Millennials
20015,6.4,0.7,7.5,3.8,2.6,3.22,Moderate,Millennials
20016,5.6,2.9,8.6,1.1,5.8,3.0,Low,Millennials
20017,6.8,3.0,7.3,0.2,4.3,3.29,Low,Millennials
20018,3.6,2.9,7.6,1.8,4.1,3.22,High,Millennials
20019,4.7,2.0,10.0,1.0,4.0,2.51,Low,Millennials
20020,5.3,0.6,9.0,2.5,5.2,2.9,Low,Millennials
20021,7.2,0.8,9.1,2.6,5.1,3.04,Moderate,Millennials
20022,3.5,1.1,6.6,2.8,4.3,3.15,Moderate,Millennials
20023,8.1,1.0,7.8,1.4,4.5,3.59,Moderate,Millennials
20024,5.1,2.7,8.3,1.0,5.7,2.76,High,Millennials
20025,4.2,3.6,8.7,2.7,4.8,2.96,Moderate,Millennials
20026,7.8,2.3,7.8,1.3,5.1,2.69,Moderate,Millennials
20027,5.9,2.0,9.5,3.1,3.4,2.81,High,Millennials
20028,3.6,1.1,8.7,1.5,2.5,3.51,Low,Millennials
20029,5.8,4.1,6.7,1.3,6.6,3.23,Moderate,Millennials
20030,7.0,3.7,7.4,3.4,1.9,3.11,Moderate,Millennials
20031,8.7,2.4,7.4,2.7,6.9,3.23,Low,Millennials
20032,8.6,1.3,6.5,1.8,5.2,3.0,Moderate,Millennials
20033,5.2,1.3,6.9,2.5,4.1,3.2,Moderate,Millennials
20034,7.3,2.1,7.8,3.9,5.4,3.02,High,Millennials
20035,6.9,1.2,7.4,1.4,4.1,3.26,Moderate,Millennials
20036,6.2,2.6,7.0,3.5,4.3,2.76,High,Millennials
20037,7.3,2.4,8.9,1.8,3.7,2.94,Low,Millennials
20038,8.4,2.7,7.7,2.4,5.6,2.98,Low,Millennials
20039,6.3,0.0,7.7,2.5,3.9,3.2,Low,Millennials
20040,5.5,3.2,8.5,3.3,3.8,2.53,Moderate,Millennials
20041,5.5,3.0,8.6,2.0,4.6,3.49,Moderate,Millennials
20042,6.4,2.3,8.1,1.2,3.0,2.72,Moderate,Millennials
20043,4.6,2.6,9.0,1.7,4.0,2.81,Low,Millennials
20044,5.5,4.0,6.7,2.7,5.2,2.61,High,Millennials
20045,5.4,2.3,7.0,1.7,4.2,3.12,Moderate,Millennials
20046,6.2,3.6,7.5,1.1,5.0,2.25,Low,Millennials
20047,6.1,1.2,8.1,1.5,5.5,2.97,Moderate,Millennials
20048,5.7,4.2,6.5,0.7,4.3,3.08,Moderate,Millennials
20049,6.9,1.6,6.3,2.4,3.9,3.49,High,Millennials
20050,5.8,1.7,9.2,1.2,5.1,2.79,Low,Millennials
20051,5.8,2.6,6.3,1.1,3.1,2.77,Low,Millennials
20052,8.5,0.1,7.3,1.1,4.5,2.5,Moderate,Millennials
20053,4.8,1.0,9.4,3.3,4.2,3.34,Low,Millennials
20054,7.0,2.2,8.6,3.4,2.1,3.45,Moderate,Millennials
20055,5.3,0.8,7.6,1.8,1.0,3.27,Moderate,Millennials
20056,5.4,1.1,9.3,2.7,5.2,3.32,Low,Millennials
20057,7.4,1.5,8.3,2.7,7.5,3.79,Moderate,Millennials
20058,5.5,3.2,9.0,2.9,6.1,3.9,High,Millennials
20059,6.1,1.8,8.3,4.5,4.8,2.61,Moderate,Millennials
20060,7.8,3.7,7.9,4.1,4.5,3.36,Moderate,Millennials
20061,7.2,6.0,7.6,1.9,3.3,3.23,High,Millennials
20062,7.4,3.9,6.7,1.7,6.0,3.17,Moderate,Millennials
20063,6.6,3.0,8.4,2.4,3.1,2.72,Low,Millennials
20064,5.0,1.8,7.3,2.1,5.9,2.72,Moderate,Millennials
20065,5.4,0.0,9.0,2.4,5.3,3.17,Moderate,Millennials
20066,6.8,4.1,7.7,1.1,4.8,2.67,Moderate,Millennials
20067,6.3,0.8,7.2,2.9,4.7,3.12,High,Millennials
20068,5.2,3.1,6.6,2.8,5.0,2.8,Low,Millennials
20069,5.0,4.2,8.8,2.0,5.2,3.3,Moderate,Millennials
20070,5.9,1.0,7.8,2.4,0.9,3.02,Low,Millennials
20071,6.6,3.2,8.9,1.9,5.7,2.92,Low,Millennials
20072,3.3,2.6,9.1,1.6,4.9,2.54,Moderate,Millennials
20073,3.9,0.3,8.3,1.4,5.1,2.77,Moderate,Millennials
20074,3.6,1.8,6.9,2.7,3.3,2.74,Moderate,Millennials
20075,7.0,3.2,8.1,2.4,5.9,3.23,High,Millennials
20076,5.8,2.2,8.1,0.4,3.8,2.68,Low,Millennials
20077,7.2,1.4,8.0,0.9,3.1,3.02,Moderate,Millennials
20078,4.3,2.1,7.8,1.2,4.6,3.3,Moderate,Millennials
20079,7.2,1.0,6.6,2.1,5.0,2.71,Low,Millennials
20080,5.3,1.2,9.1,1.3,3.7,3.13,Moderate,Millennials
20081,6.2,2.4,7.8,2.8,3.0,2.7,Moderate,Millennials
20082,8.0,1.0,8.1,3.1,2.8,3.02,Low,Millennials
20083,4.8,2.4,7.6,1.2,4.3,3.19,Low,Millennials
20084,5.7,0.0,8.2,3.1,3.2,3.72,Moderate,Millennials
20085,5.9,1.0,7.4,0.6,6.9,3.12,Moderate,Millennials
20086,6.2,1.2,8.4,2.3,4.9,2.54,Moderate,Millennials
20087,3.9,2.5,8.1,1.9,4.1,3.77,High,Millennials
20088,5.6,2.2,7.9,4.3,7.7,3.1,Moderate,Millennials
20089,5.9,2.5,7.7,2.5,3.5,3.15,Moderate,Millennials
20090,5.9,3.1,8.9,1.9,5.9,3.16,High,Millennials
20091,5.4,0.8,5.1,2.5,1.0,2.65,Low,Millennials
20092,4.1,1.2,9.1,1.9,5.4,3.14,High,Millennials
20093,5.7,2.0,8.2,4.5,6.5,3.06,High,Millennials
20094,5.9,2.0,7.4,4.1,4.4,2.45,Moderate,Millennials
20095,5.7,1.8,8.8,2.8,3.5,3.28,Low,Millennials
20096,7.1,1.4,7.7,0.0,5.6,2.84,Low,Millennials
20097,5.7,1.8,7.7,4.2,5.2,3.24,Low,Millennials
20098,6.9,2.9,7.3,2.3,3.4,3.34,High,Millennials
20099,6.6,2.0,6.6,2.8,5.1,2.7,Moderate,Millennials
20100,4.8,2.4,5.7,1.4,3.8,2.99,Moderate,Millennials
20101,9.4,0.0,8.6,2.7,4.0,2.99,Moderate,Millennials
20102,5.5,0.9,7.9,4.0,3.3,2.82,Low,Millennials
20103,5.5,2.8,6.7,2.2,3.6,2.99,High,Millennials
20104,4.5,0.6,7.8,0.8,4.5,2.79,Moderate,Millennials
20105,4.6,1.7,6.8,2.3,2.0,2.7,Low,Millennials
20106,7.4,2.8,7.2,2.0,2.2,2.57,Low,Millennials
20107,8.3,3.8,8.1,1.6,4.7,3.69,Moderate,Millennials
20108,6.1,2.6,7.5,3.4,3.7,3.25,Low,Millennials
20109,4.6,1.3,7.6,2.6,6.4,2.99,Low,Millennials
20110,5.4,2.7,9.6,3.8,3.1,2.86,Moderate,Millennials
20111,6.9,2.4,7.8,2.9,4.6,2.61,Moderate,Millennials
20112,6.1,1.4,7.3,2.6,1.7,2.71,Low,Millennials
20113,5.5,3.7,6.5,1.3,3.8,2.68,Moderate,Millennials
20114,5.7,3.0,7.4,2.1,4.9,3.34,Low,Millennials
20115,5.6,2.5,8.1,1.8,2.6,2.9,Moderate,Millennials
20116,7.0,4.0,6.1,2.6,6.2,2.74,Moderate,Millennials
20117,2.4,2.8,9.1,3.3,6.8,2.64,High,Millennials
20118,7.1,0.6,6.8,1.1,2.2,3.1,Moderate,Millennials
20119,6.6,1.9,7.3,2.2,2.3,3.19,Moderate,Millennials
20120,4.7,3.5,7.2,3.4,5.0,3.16,High,Millennials
20121,4.5,2.2,6.8,1.4,3.0,3.36,Low,Millennials
20122,5.6,2.9,8.0,1.7,2.1,2.51,Moderate,Millennials
20123,8.2,1.0,7.2,3.6,6.2,3.13,Moderate,Millennials
20124,6.5,1.9,7.9,2.0,2.9,3.1,Moderate,Millennials
20125,4.4,1.1,8.6,1.8,2.9,2.86,High,Millennials
20126,5.0,2.1,7.7,0.0,5.2,3.54,Moderate,Millennials
20127,6.1,1.7,7.1,2.2,6.5,3.44,Low,Millennials
20128,5.5,2.5,8.8,2.6,3.3,2.86,Low,Millennials
20129,3.9,3.1,10.0,1.3,3.7,3.14,Low,Millennials
20130,4.0,2.4,9.1,2.0,4.6,3.4,Moderate,Millennials
20131,5.2,2.4,7.4,1.3,4.3,2.94,Low,Millennials
20132,6.1,0.4,7.6,1.5,4.0,3.26,Moderate,Millennials
20133,7.5,0.7,7.0,2.0,3.0,3.11,Low,Millennials
20134,5.6,2.5,8.5,3.6,4.9,2.45,Moderate,Millennials
20135,8.1,2.7,6.1,2.8,2.8,3.06,Low,Millennials
20136,7.0,0.0,7.4,0.3,3.4,2.87,Moderate,Millennials
20137,9.2,1.3,7.4,0.0,4.4,3.41,High,Millennials
20138,5.8,1.5,6.5,1.7,5.6,3.11,Low,Millennials
20139,5.3,1.7,6.9,1.2,5.1,3.29,Moderate,Millennials
20140,6.6,1.2,6.4,1.5,5.3,2.92,Moderate,Millennials
20141,4.6,2.3,9.5,3.2,6.2,2.88,Moderate,Millennials
20142,5.2,2.5,7.4,1.2,4.9,2.92,Low,Millennials
20143,4.7,1.4,8.1,0.3,4.6,3.19,Moderate,Millennials
20144,6.9,3.6,9.3,2.3,7.5,2.68,Moderate,Millennials
20145,7.1,2.1,7.5,2.3,5.7,2.83,Moderate,Millennials
20146,5.6,3.6,7.2,4.0,4.3,3.51,High,Millennials
20147,9.6,1.8,8.6,3.1,2.4,2.69,Moderate,Millennials
20148,7.4,1.8,7.8,2.9,6.3,3.12,Moderate,Millennials
20149,6.3,3.7,8.3,2.4,2.0,2.39,Moderate,Millennials
20150,5.4,2.9,6.9,1.2,4.8,3.33,Moderate,Millennials
20151,5.6,2.2,6.5,2.3,2.5,2.69,High,Millennials
20152,4.0,1.2,7.9,2.0,2.8,2.71,Moderate,Millennials
20153,5.3,1.1,7.8,1.4,5.7,3.11,Moderate,Millennials
20154,5.4,0.6,8.8,2.1,5.4,3.07,Moderate,Millennials
20155,6.0,1.7,8.4,1.9,0.0,3.24,Moderate,Millennials
20156,6.8,1.2,7.7,3.0,3.6,3.15,Low,Millennials
20157,8.1,1.6,9.8,2.5,3.6,2.8,Moderate,Millennials
20158,7.1,4.7,7.1,0.9,2.0,2.37,High,Millennials
20159,6.1,3.7,8.5,0.7,3.8,2.64,Moderate,Millennials
20160,6.0,2.2,8.0,1.8,4.7,2.97,Moderate,Millennials
20161,7.8,2.2,7.4,2.9,5.7,2.89,Moderate,Millennials
20162,5.0,1.9,9.4,2.5,5.0,2.64,High,Millennials
20163,5.6,2.7,8.6,1.2,7.0,2.93,Moderate,Millennials
20164,8.1,1.8,8.1,2.0,3.2,2.96,Moderate,Millennials
20165,6.6,1.3,10.0,2.3,2.7,3.0,Moderate,Millennials
20166,4.8,2.9,7.3,2.2,4.2,3.16,High,Millennials
20167,6.5,1.8,8.2,3.8,1.0,2.44,Moderate,Millennials
20168,10.0,1.4,8.0,3.3,4.9,2.96,High,Millennials
20169,6.5,4.7,5.9,0.0,2.4,3.07,Moderate,Millennials
20170,7.3,1.0,7.6,2.0,5.7,3.41,Low,Millennials
20171,6.0,2.5,8.7,0.2,6.1,3.29,Moderate,Millennials
20172,5.6,3.6,8.2,1.5,2.7,2.83,Low,Millennials
20173,6.0,2.9,7.7,2.4,2.7,3.53,Moderate,Millennials
20174,5.0,1.9,6.8,2.5,6.4,2.88,Low,Millennials
20175,6.0,1.8,8.0,2.5,4.2,2.74,Moderate,Millennials
20176,4.2,3.0,8.6,2.1,3.4,3.24,Low,Millennials
20177,7.9,2.9,9.2,3.5,4.9,2.68,Moderate,Millennials
20178,5.1,3.2,7.4,2.9,6.2,3.03,Moderate,Millennials
20179,5.1,3.6,8.6,2.4,3.2,3.57,Moderate,Millennials
20180,7.7,2.4,5.7,2.6,6.1,2.95,Low,Millennials
20181,5.3,3.8,8.0,1.6,3.6,2.77,Moderate,Millennials
20182,6.3,1.3,7.9,0.1,5.2,3.62,Moderate,Millennials
20183,4.6,1.2,8.8,2.0,3.3,3.16,Low,Millennials
20184,7.3,2.2,7.6,2.1,3.7,2.87,High,Millennials
20185,5.5,2.3,7.6,2.3,3.5,3.35,Moderate,Millennials
20186,7.1,2.0,7.7,3.0,4.0,2.57,Low,Millennials
20187,4.8,2.9,7.0,5.0,5.9,3.24,Moderate,Millennials
20188,6.3,2.5,8.5,3.2,5.3,2.14,Moderate,Millennials
20189,5.3,1.8,7.0,1.0,4.0,2.82,Low,Millennials
20190,2.8,1.6,8.8,0.9,6.6,3.3,Low,Millennials
20191,4.7,3.5,7.6,3.2,5.2,3.58,Moderate,Millennials
20192,2.6,2.0,7.8,2.6,5.1,3.17,Low,Millennials
20193,7.9,3.2,7.3,1.9,4.6,3.27,Low,Millennials
20194,4.7,2.1,6.0,1.4,5.6,2.79,Low,Millennials
20195,5.4,2.6,6.6,2.9,3.1,3.4,Low,Millennials
20196,5.2,4.1,8.1,3.4,3.2,3.07,Low,Millennials
20197,3.8,2.4,7.0,0.0,5.0,3.08,Moderate,Millennials
20198,4.7,2.1,7.4,2.9,3.5,3.25,High,Millennials
20199,7.5,1.7,9.7,3.1,2.1,3.14,Moderate,Millennials
20200,5.7,2.8,8.7,2.2,5.3,3.05,Moderate,Millennials
20201,5.7,2.6,8.5,4.0,2.1,2.89,High,Millennials
20202,6.5,2.7,6.6,2.1,2.1,3.14,Moderate,Millennials
20203,5.4,1.7,8.2,2.7,2.8,2.83,Moderate,Millennials
20204,4.4,0.0,7.5,0.0,5.0,3.23,Low,Millennials
20205,6.0,1.6,6.5,1.2,4.4,3.08,Low,Millennials
20206,4.4,1.1,7.2,1.1,3.1,3.0,High,Millennials
20207,5.8,2.0,9.3,2.3,4.1,2.9,Low,Millennials
20208,5.0,1.9,8.1,3.4,5.4,3.44,Moderate,Millennials
20209,6.5,1.7,9.0,4.3,4.0,2.83,Moderate,Millennials
20210,6.0,3.7,9.4,2.1,1.2,2.43,High,Millennials
20211,6.1,3.5,8.4,1.2,1.7,3.03,Moderate,Millennials
20212,7.4,3.0,8.9,2.1,2.0,2.75,Moderate,Millennials
20213,5.7,1.9,5.8,3.0,1.7,3.18,High,Millennials
20214,4.5,1.1,7.2,2.9,3.6,3.22,Low,Millennials
20215,4.9,0.9,7.1,3.8,4.0,2.99,Low,Millennials
20216,4.8,0.5,7.7,2.7,2.7,2.65,Low,Millennials
20217,9.3,3.9,7.4,2.8,3.7,3.11,Low,Millennials
20218,6.9,2.8,7.9,1.5,5.2,2.97,Moderate,Millennials
20219,4.9,4.0,6.6,2.5,3.0,3.28,Low,Millennials
20220,7.6,2.9,8.1,0.4,3.2,3.01,Low,Millennials
20221,3.7,1.9,8.1,2.3,4.6,3.19,Moderate,Millennials
20222,7.4,1.5,6.4,3.9,5.1,2.63,Moderate,Millennials
20223,3.2,2.1,8.3,1.2,5.4,3.26,Low,Millennials
20224,4.6,2.2,7.3,2.6,4.2,2.92,Low,Millennials
20225,5.8,3.5,8.4,2.2,4.1,2.96,Moderate,Millennials
20226,4.7,2.6,8.7,1.4,3.1,3.2,Moderate,Millennials
20227,6.7,2.1,8.5,3.6,7.0,2.95,Low,Millennials
20228,5.7,1.7,8.9,1.6,4.2,2.78,Low,Millennials
20229,7.8,2.1,8.2,1.5,2.6,3.09,High,Millennials
20230,6.0,3.0,8.8,1.3,2.3,2.75,Moderate,Millennials
20231,7.1,3.3,6.9,2.3,6.5,2.98,Low,Millennials
20232,5.1,3.7,7.4,1.9,5.7,2.98,Moderate,Millennials
20233,5.2,3.7,7.4,2.0,3.9,2.94,Moderate,Millennials
20234,6.4,2.2,7.3,3.1,1.4,2.62,High,Millennials
20235,5.3,1.7,7.8,4.3,3.1,2.69,Moderate,Millennials
20236,4.6,2.6,6.7,3.4,3.8,2.82,Low,Millennials
20237,4.9,2.6,7.4,1.3,5.4,3.11,Moderate,Millennials
20238,5.7,2.1,8.1,3.7,2.4,2.73,Moderate,Millennials
20239,6.6,1.0,6.8,4.3,4.0,3.23,Moderate,Millennials
20240,5.0,2.7,9.2,2.3,4.6,2.91,Low,Millennials
20241,5.6,0.6,5.9,4.0,5.7,2.9,High,Millennials
20242,7.1,3.1,7.0,1.9,5.3,3.43,High,Millennials
20243,6.2,2.9,5.7,0.0,3.1,3.19,Low,Millennials
20244,5.3,3.4,8.1,2.9,4.1,2.4,Moderate,Millennials
20245,6.0,2.3,7.5,4.1,4.7,2.89,Moderate,Millennials
20246,3.8,0.5,6.9,1.8,6.6,2.48,Low,Millennials
20247,6.1,1.9,6.0,1.1,5.4,3.26,Low,Millennials
20248,5.0,3.0,8.5,3.7,2.8,2.77,Moderate,Millennials
20249,7.1,1.6,8.3,2.6,5.5,2.79,Moderate,Millennials
20250,4.0,3.7,7.2,0.9,2.8,2.3,High,Millennials
20251,5.2,2.7,6.6,4.2,6.0,2.54,Low,Millennials
20252,2.9,1.4,7.3,2.1,6.1,3.2,Moderate,Millennials
20253,7.5,2.6,6.6,3.9,3.0,2.89,Low,Millennials
20254,4.8,1.4,6.8,3.7,2.8,2.9,Low,Millennials
20255,4.9,3.1,7.9,2.7,6.6,2.59,High,Millennials
20256,7.1,1.1,8.3,1.3,4.7,1.96,Moderate,Millennials
20257,5.5,2.5,9.3,0.8,5.6,2.92,Moderate,Millennials
20258,6.7,1.2,8.7,2.9,5.0,2.66,Moderate,Millennials
20259,5.0,4.0,8.0,0.7,6.1,3.38,Low,Millennials
20260,4.9,1.0,8.6,1.1,5.2,3.25,Moderate,Millennials
20261,7.9,2.0,6.1,1.7,3.7,2.91,High,Millennials
20262,5.5,2.8,9.0,1.7,7.4,2.79,Low,Millennials
20263,6.3,1.1,7.8,1.9,7.3,2.76,Low,Millennials
20264,5.2,2.9,7.0,3.6,5.2,3.07,Low,Millennials
20265,1.9,3.8,8.4,3.1,5.4,3.0,Low,Millennials
20266,8.0,2.1,7.6,1.3,5.5,2.94,Low,Millennials
20267,4.4,2.4,8.2,2.0,5.1,2.76,High,Millennials
20268,6.2,1.7,9.8,1.4,4.9,3.06,Low,Millennials
20269,6.1,2.7,6.0,1.8,3.5,2.98,High,Millennials
20270,3.2,0.7,6.9,2.3,4.6,2.8,High,Millennials
20271,6.9,1.3,8.8,0.2,3.4,3.13,High,Millennials
20272,6.9,1.1,7.8,4.0,4.9,3.72,Moderate,Millennials
20273,5.9,4.4,7.0,1.0,4.5,2.65,Low,Millennials
20274,4.6,2.4,8.2,0.3,3.1,2.7,Moderate,Millennials
20275,5.2,3.1,7.7,2.3,5.0,3.1,Low,Millennials
20276,5.6,2.2,7.2,3.9,2.6,2.88,Moderate,Millennials
20277,6.4,1.1,8.7,2.1,4.6,3.37,Moderate,Millennials
20278,6.0,2.4,6.2,1.3,4.5,3.27,Low,Millennials
20279,5.3,3.2,6.8,4.9,6.8,3.0,Moderate,Millennials
20280,4.2,1.5,6.7,1.1,4.3,3.14,Moderate,Millennials
20281,6.9,1.9,8.4,0.0,3.0,3.05,Low,Millennials
20282,5.6,1.5,7.9,0.7,5.0,3.34,Moderate,Millennials
20283,4.8,2.1,7.3,3.2,1.7,3.24,High,Millennials
20284,5.7,1.1,6.7,1.2,4.0,2.84,Moderate,Millennials
20285,7.9,2.0,7.5,4.7,6.3,3.11,High,Millennials
20286,3.6,3.8,6.7,4.4,6.6,2.91,Low,Millennials
20287,6.0,2.6,7.7,2.5,4.2,2.93,Low,Millennials
20288,3.8,2.2,7.6,0.9,3.1,3.53,High,Millennials
20289,4.5,2.3,6.5,2.6,3.2,3.07,Low,Millennials
20290,4.8,1.1,6.3,2.3,3.9,3.54,Moderate,Millennials
20291,3.2,2.7,6.9,3.0,3.2,2.73,Moderate,Millennials
20292,4.6,1.3,6.1,1.4,4.5,3.09,High,Millennials
20293,7.4,1.6,7.5,2.0,5.1,2.85,Moderate,Millennials
20294,4.7,3.5,7.1,1.9,5.1,3.06,Moderate,Millennials
20295,4.0,3.1,8.1,2.9,2.3,3.14,High,Millennials
20296,5.2,1.0,8.3,4.8,5.9,2.63,Moderate,Millennials
20297,6.7,3.5,6.9,2.4,2.7,2.66,Moderate,Millennials
20298,7.9,2.7,6.6,3.5,3.3,2.52,High,Millennials
20299,6.7,2.4,9.4,3.2,4.0,2.83,Moderate,Millennials
20300,5.8,2.8,8.8,2.5,3.7,2.7,High,Millennials
20301,9.2,1.4,7.1,1.2,3.9,2.94,Moderate,Millennials
20302,6.2,1.7,7.1,2.5,4.9,2.95,Moderate,Millennials
20303,5.4,3.0,8.1,2.5,4.2,3.27,Low,Millennials
20304,4.8,1.2,8.7,0.0,0.4,2.8,Low,Millennials
20305,4.2,2.4,7.3,2.5,5.0,2.58,Moderate,Millennials
20306,5.9,3.5,6.5,1.6,4.0,2.68,Moderate,Millennials
20307,8.3,1.9,8.0,1.6,3.3,2.78,Low,Millennials
20308,6.1,2.4,8.1,4.2,6.1,2.61,Low,Millennials
20309,4.8,2.6,6.8,2.6,1.9,2.75,Moderate,Millennials
20310,5.2,2.2,7.3,2.9,3.0,2.67,Moderate,Millennials
20311,5.1,1.9,7.0,2.7,4.2,3.3,Low,Millennials
20312,4.4,3.0,8.4,3.6,4.9,2.69,Moderate,Millennials
20313,6.0,2.2,6.3,0.9,2.2,3.07,High,Millennials
20314,6.9,4.3,6.9,1.9,5.6,3.07,Moderate,Millennials
20315,6.2,0.0,7.4,2.9,6.5,2.94,High,Millennials
20316,6.6,3.6,6.6,2.8,4.1,2.75,Moderate,Millennials
20317,6.5,1.9,8.0,2.6,3.3,3.0,Moderate,Millennials
20318,6.5,4.4,7.6,1.1,4.1,2.75,Low,Millennials
20319,5.8,3.8,7.8,2.4,5.0,3.5,Moderate,Millennials
20320,10.0,2.5,6.7,2.0,3.8,3.17,Low,Millennials
20321,5.4,2.8,7.5,3.7,3.3,3.47,Moderate,Millennials
20322,6.9,3.8,8.6,0.0,3.4,2.91,Moderate,Millennials
20323,6.4,1.3,7.9,0.6,5.1,2.71,Moderate,Millennials
20324,5.1,2.1,7.7,2.7,3.4,2.69,Moderate,Millennials
20325,5.1,0.0,9.0,0.5,4.1,3.08,Moderate,Millennials
20326,4.8,1.8,6.7,1.4,4.3,2.86,Moderate,Millennials
20327,7.3,1.6,8.2,3.4,3.7,3.17,Low,Millennials
20328,6.7,2.7,8.3,1.3,7.6,3.18,Low,Millennials
20329,5.1,1.9,8.4,1.8,2.7,2.21,Low,Millennials
20330,6.4,3.5,8.0,3.1,3.6,2.63,High,Millennials
20331,7.7,1.9,8.4,4.2,2.9,3.07,Moderate,Millennials
20332,5.0,3.7,7.3,3.3,1.9,3.34,Moderate,Millennials
20333,3.5,1.6,8.4,3.3,4.6,3.06,High,Millennials
20334,5.7,1.7,8.9,3.5,4.3,2.91,Moderate,Millennials
20335,3.6,2.0,7.2,2.4,1.7,2.99,Low,Millennials
20336,5.4,1.2,8.2,2.0,3.8,3.01,Moderate,Millennials
20337,5.1,1.4,5.8,3.9,2.6,3.24,Moderate,Millennials
20338,5.6,2.5,8.8,3.7,1.1,3.04,Moderate,Millennials
20339,5.4,2.8,6.9,2.5,3.5,2.7,Low,Millennials
20340,5.5,0.1,9.4,2.6,4.1,3.09,Moderate,Millennials
20341,8.7,0.7,7.4,0.0,3.2,2.99,Low,Millennials
20342,5.6,3.4,7.8,1.6,6.5,3.44,Low,Millennials
20343,4.7,1.6,7.8,1.9,5.2,2.67,High,Millennials
20344,4.8,2.7,8.1,3.1,3.3,3.37,Moderate,Millennials
20345,5.1,3.1,7.8,2.7,3.2,3.12,Low,Millennials
20346,3.2,3.8,6.2,0.7,5.3,2.77,Moderate,Millennials
20347,2.7,1.4,6.3,1.3,3.7,3.68,Low,Millennials
20348,5.2,0.4,8.7,0.7,3.7,3.22,Low,Millennials
20349,6.8,1.1,7.7,2.9,2.4,2.91,Moderate,Millennials
20350,7.3,1.6,7.7,1.6,5.9,3.35,Moderate,Millennials
20351,4.9,2.4,8.6,2.6,4.7,3.32,Low,Millennials
20352,6.1,2.7,7.4,2.2,4.8,3.31,Low,Millennials
20353,6.0,3.3,8.7,1.4,5.1,2.89,High,Millennials
20354,6.0,3.1,9.9,1.9,5.6,2.83,Moderate,Millennials
20355,7.6,2.3,8.2,2.6,7.6,3.19,Moderate,Millennials
20356,3.6,0.2,8.7,1.7,7.3,2.96,Moderate,Millennials
20357,3.9,1.8,7.1,1.9,2.5,3.29,Low,Millennials
20358,9.2,2.1,7.2,2.6,3.8,3.32,Low,Millennials
20359,5.0,2.0,5.7,4.1,4.2,2.93,Moderate,Millennials
20360,5.4,3.1,7.5,3.8,4.7,2.39,Moderate,Millennials
20361,5.9,2.2,7.2,1.1,5.2,2.78,Moderate,Millennials
20362,6.0,1.8,7.0,1.0,7.1,3.25,Moderate,Millennials
20363,4.9,4.0,7.4,1.5,5.7,3.55,Moderate,Millennials
20364,5.0,0.1,8.0,0.5,5.6,3.46,Moderate,Millennials
20365,7.7,3.1,8.7,2.1,4.6,2.8,Moderate,Millennials
20366,4.2,2.2,6.7,3.1,5.3,2.85,Moderate,Millennials
20367,7.2,4.6,8.8,0.7,3.0,2.72,Low,Millennials
20368,6.8,2.7,6.9,4.4,4.0,4.0,Low,Millennials
20369,6.3,1.0,9.9,2.2,5.1,2.51,Moderate,Millennials
20370,4.4,2.9,8.0,2.8,4.1,2.73,Low,Millennials
20371,5.9,3.1,7.5,2.1,3.1,3.18,Low,Millennials
20372,4.3,3.7,5.9,2.0,1.4,2.95,High,Millennials
20373,6.6,1.9,8.5,2.0,3.5,2.75,Moderate,Millennials
20374,4.6,0.2,7.3,2.4,4.4,3.14,Moderate,Millennials
20375,7.0,3.7,6.7,2.0,5.6,3.3,Low,Millennials
20376,7.3,1.4,8.3,3.0,2.6,3.04,High,Millennials
20377,8.1,4.3,6.4,1.9,4.6,2.95,Moderate,Millennials
20378,7.1,3.4,7.4,3.2,3.0,3.46,High,Millennials
20379,5.9,1.6,9.0,2.6,4.2,3.12,Low,Millennials
20380,3.4,0.7,7.5,2.5,4.2,2.63,Moderate,Millennials
20381,4.6,3.3,8.1,2.1,4.6,3.14,Moderate,Millennials
20382,9.1,3.0,8.4,1.0,6.0,3.15,Moderate,Millennials
20383,6.0,2.0,7.6,0.9,5.2,3.24,High,Millennials
20384,7.7,2.9,8.9,1.5,4.9,2.77,High,Millennials
20385,6.5,3.3,8.0,3.2,3.5,3.07,Moderate,Millennials
20386,6.3,1.9,7.0,2.0,4.3,2.92,Moderate,Millennials
20387,6.1,1.8,8.2,1.4,5.7,3.0,Moderate,Millennials
20388,2.2,2.8,6.6,1.2,3.6,2.86,Low,Millennials
20389,5.9,3.0,8.1,2.2,4.3,3.32,Low,Millennials
20390,4.1,1.2,7.4,1.8,3.4,2.86,Low,Millennials
20391,6.7,2.9,9.4,3.7,4.3,2.61,Moderate,Millennials
20392,4.1,5.5,6.5,3.0,2.2,3.04,High,Millennials
20393,4.5,1.4,7.4,1.8,1.7,3.39,Moderate,Millennials
20394,8.1,2.0,7.1,0.0,5.0,2.42,Low,Millennials
20395,2.1,2.9,6.0,1.3,5.2,3.07,Low,Millennials
20396,6.8,2.6,7.3,1.6,7.6,2.94,Low,Millennials
20397,5.4,2.0,7.0,2.7,6.1,3.0,Low,Millennials
20398,4.6,2.0,8.8,2.2,3.5,3.25,High,Millennials
20399,5.2,1.9,7.0,3.5,6.7,3.42,Moderate,Millennials
20400,4.7,1.6,8.0,0.2,6.3,2.96,High,Millennials
20401,6.3,1.9,7.9,2.5,3.5,2.81,Moderate,Millennials
20402,8.5,1.8,7.1,2.2,5.9,3.27,Low,Millennials
20403,6.8,3.7,8.0,3.0,5.7,3.07,High,Millennials
20404,6.0,0.6,7.5,1.8,4.2,2.6,High,Millennials
20405,5.9,1.4,7.1,1.9,5.2,3.16,Moderate,Millennials
20406,4.4,2.0,8.6,2.9,4.6,3.18,Moderate,Millennials
20407,8.0,3.8,9.1,2.7,5.5,3.15,Moderate,Millennials
20408,6.2,1.0,8.2,2.3,3.5,2.7,Low,Millennials
20409,5.5,1.8,8.7,1.6,3.6,3.12,Low,Millennials
20410,6.5,3.1,5.3,2.5,5.8,2.34,Low,Millennials
20411,5.4,2.1,6.9,5.8,3.7,3.1,Low,Millennials
20412,7.9,1.1,7.4,3.2,5.1,3.25,High,Millennials
20413,6.1,2.5,7.8,3.1,4.1,2.85,Moderate,Millennials
20414,7.2,3.8,6.6,2.3,4.8,2.9,Moderate,Millennials
20415,6.4,3.2,7.8,0.0,6.6,2.76,Low,Millennials
20416,5.4,2.3,8.1,3.2,3.9,3.4,Low,Millennials
20417,5.1,1.8,8.8,2.9,6.0,3.26,High,Millennials
20418,2.9,4.2,9.8,0.7,5.9,2.88,High,Millennials
20419,4.6,4.2,7.6,1.4,2.7,2.42,Low,Millennials
20420,7.7,1.9,8.5,2.8,2.6,2.98,Low,Millennials
20421,6.6,0.1,7.5,2.1,4.3,2.5,Low,Millennials
20422,8.1,4.0,9.1,1.5,5.7,3.05,Low,Millennials
20423,3.6,0.0,8.3,1.7,3.4,3.0,Moderate,Millennials
20424,4.6,1.8,6.7,2.3,6.7,3.19,Moderate,Millennials
20425,5.8,1.1,5.9,2.9,3.6,3.49,Moderate,Millennials
20426,6.1,1.7,7.1,1.9,3.3,2.84,Moderate,Millennials
20427,6.2,5.3,8.3,3.2,3.5,3.19,Low,Millennials
20428,7.1,2.1,7.4,0.8,4.5,3.1,Moderate,Millennials
20429,4.9,1.7,7.8,3.2,5.6,3.34,Moderate,Millennials
20430,2.3,1.0,8.0,0.2,4.3,3.17,Moderate,Millennials
20431,6.1,4.0,8.5,1.0,4.8,2.75,Moderate,Millennials
20432,8.4,2.5,8.2,2.5,5.1,3.3,Low,Millennials
20433,6.1,3.0,7.6,3.3,4.8,2.82,High,Millennials
20434,5.5,1.3,8.5,3.0,6.9,2.96,High,Millennials
20435,6.2,1.2,9.9,3.2,3.5,2.94,Moderate,Millennials
20436,4.2,2.8,8.3,3.6,5.8,2.86,Low,Millennials
20437,5.8,2.7,8.8,1.9,5.4,3.71,Low,Millennials
20438,4.3,1.1,8.3,4.1,6.0,3.02,Low,Millennials
20439,6.4,3.8,7.0,2.0,3.8,3.22,Moderate,Millennials
20440,6.3,2.0,10.0,2.3,6.6,3.35,Moderate,Millennials
20441,5.2,2.2,6.3,1.9,5.2,3.55,Low,Millennials
20442,4.4,2.3,7.0,2.9,4.8,2.97,Low,Millennials
20443,4.6,4.2,7.3,2.8,4.1,3.22,Low,Millennials
20444,7.9,0.8,7.7,1.9,4.9,3.16,Moderate,Millennials
20445,7.3,2.0,7.5,0.4,3.4,2.96,Moderate,Millennials
20446,6.9,1.5,8.1,3.1,1.3,3.11,Low,Millennials
20447,5.9,3.0,8.7,2.4,4.7,2.73,Moderate,Millennials
20448,6.4,2.7,8.2,2.4,4.3,3.85,High,Millennials
20449,3.3,1.1,9.1,2.8,5.6,3.09,Low,Millennials
20450,5.2,3.5,7.3,1.4,2.5,2.75,Low,Millennials
20451,4.1,1.0,6.2,2.3,4.0,3.34,Moderate,Millennials
20452,5.5,3.9,9.5,3.5,3.6,2.96,Low,Millennials
20453,6.8,2.3,6.9,2.3,6.6,3.44,Moderate,Millennials
20454,7.4,0.6,7.5,1.9,4.0,2.5,High,Millennials
20455,5.9,3.7,6.7,0.0,4.6,3.06,Low,Millennials
20456,5.7,1.7,6.7,2.0,7.5,2.87,Low,Millennials
20457,6.0,2.7,7.5,2.2,3.5,3.45,Moderate,Millennials
20458,4.9,1.7,8.6,2.3,6.6,2.86,Low,Millennials
20459,5.8,2.5,7.2,1.1,4.4,3.15,Low,Millennials
20460,5.9,0.0,6.6,1.7,5.3,2.62,Moderate,Millennials
20461,5.2,1.3,7.0,3.6,5.0,3.4,Low,Millennials
20462,6.6,2.1,8.7,2.0,3.2,3.4,Moderate,Millennials
20463,6.2,1.3,6.2,1.8,3.3,2.65,Moderate,Millennials
20464,5.9,0.9,8.6,2.2,4.1,3.14,Low,Millennials
20465,6.0,0.3,8.2,3.5,4.8,3.18,Low,Millennials
20466,6.0,3.4,7.2,2.6,4.1,2.73,Moderate,Millennials
20467,7.2,3.2,9.7,1.7,7.3,2.7,Low,Millennials
20468,4.9,4.1,7.4,2.4,3.2,3.34,Moderate,Millennials
20469,3.8,4.0,7.4,3.0,2.3,3.12,Low,Millennials
20470,6.3,3.9,7.9,2.2,1.9,2.95,High,Millennials
20471,5.1,1.2,9.2,1.6,3.7,2.58,High,Millennials
20472,5.9,2.0,6.9,1.8,2.6,2.81,Moderate,Millennials
20473,6.3,2.4,7.6,1.8,6.1,3.23,Moderate,Millennials
20474,5.1,2.5,7.3,2.6,8.0,3.35,High,Millennials
20475,6.3,3.6,7.4,3.9,3.5,3.71,High,Millennials
20476,3.6,1.2,7.7,4.0,4.6,3.49,Low,Millennials
20477,8.8,2.0,7.8,2.5,3.2,2.91,Moderate,Millennials
20478,4.1,3.4,7.6,2.7,3.5,2.84,Low,Millennials
20479,6.6,3.4,7.4,1.7,5.1,2.94,Low,Millennials
20480,6.8,2.1,8.6,1.9,4.1,3.51,Low,Millennials
20481,5.1,3.2,7.7,2.1,5.0,3.23,Moderate,Millennials
20482,5.4,3.7,7.6,1.7,3.7,2.82,Moderate,Millennials
20483,5.9,1.3,7.8,4.1,3.2,3.03,Moderate,Millennials
20484,7.8,1.7,7.1,1.7,4.1,2.91,High,Millennials
20485,7.1,2.4,7.7,3.5,6.9,3.42,Moderate,Millennials
20486,7.1,1.8,7.5,1.4,4.7,3.19,Moderate,Millennials
20487,3.9,4.2,7.4,2.4,3.5,3.33,Moderate,Millennials
20488,4.2,1.8,6.8,1.7,4.6,3.04,Moderate,Millennials
20489,5.8,4.8,6.6,0.9,4.3,3.22,Low,Millennials
20490,7.8,2.0,5.4,3.1,5.3,2.84,Moderate,Millennials
20491,6.1,0.7,6.5,2.5,4.6,2.64,Low,Millennials
20492,5.4,2.6,9.0,2.3,5.3,2.67,Low,Millennials
20493,6.4,0.5,8.3,3.8,0.9,3.01,Low,Millennials
20494,4.5,0.4,6.6,2.5,2.5,3.35,Low,Millennials
20495,1.8,2.9,8.4,1.5,3.9,3.03,Moderate,Millennials
20496,6.0,4.2,6.8,1.8,4.4,2.8,Moderate,Millennials
20497,4.5,3.2,7.3,2.6,3.7,3.03,Moderate,Millennials
20498,4.5,1.2,8.0,2.6,2.0,2.54,Moderate,Millennials
20499,4.6,2.0,8.5,3.9,6.3,2.84,Moderate,Millennials
20500,5.8,2.9,7.9,2.1,5.5,2.68,Low,Millennials
20501,4.5,1.5,7.2,2.2,3.7,3.35,High,Millennials
20502,4.4,3.5,8.2,1.4,4.3,2.36,Moderate,Millennials
20503,4.7,2.1,7.4,4.1,4.4,3.12,Low,Millennials
20504,4.6,2.8,5.8,0.1,5.9,3.0,Low,Millennials
20505,2.6,1.5,6.7,1.8,4.5,2.95,High,Millennials
20506,5.2,1.4,8.1,2.7,6.1,2.68,Moderate,Millennials
20507,4.7,1.8,7.5,3.1,3.9,2.51,Moderate,Millennials
20508,6.7,1.3,7.7,1.5,4.1,2.84,Low,Millennials
20509,4.5,0.6,7.9,2.4,3.5,3.0,Moderate,Millennials
20510,3.0,0.6,7.5,1.6,4.5,3.45,Low,Millennials
20511,4.9,2.6,6.6,2.2,4.9,3.3,Low,Millennials
20512,8.5,0.1,7.1,1.2,3.1,3.29,Moderate,Millennials
20513,3.7,1.6,8.1,2.0,6.1,3.11,Low,Millennials
20514,4.5,2.9,8.6,3.1,3.4,3.35,Low,Millennials
20515,5.7,1.5,8.0,1.9,4.6,2.99,Low,Millennials
20516,7.2,2.2,7.2,2.0,3.2,3.16,Moderate,Millennials
20517,5.7,0.3,7.0,2.1,4.9,2.81,High,Millennials
20518,6.1,1.0,10.0,3.1,5.6,3.22,Low,Millennials
20519,5.7,2.6,7.9,0.8,5.7,3.41,Moderate,Millennials
20520,5.7,4.3,8.1,3.5,2.0,2.92,Moderate,Millennials
20521,5.3,2.2,7.4,1.9,4.1,3.09,Moderate,Millennials
20522,4.2,3.2,8.0,1.3,5.9,2.93,Low,Millennials
20523,4.3,2.1,6.3,2.2,5.2,2.93,Low,Millennials
20524,3.2,2.6,9.2,3.2,6.1,2.98,Moderate,Millennials
20525,3.6,2.6,7.5,3.2,3.8,2.9,Low,Millennials
20526,7.1,3.0,7.3,2.2,4.2,2.75,Low,Millennials
20527,5.8,0.3,7.0,1.8,4.6,3.27,Low,Millennials
20528,5.1,2.2,7.4,2.7,2.5,2.81,High,Millennials
20529,6.2,1.7,7.1,2.2,2.1,3.07,Moderate,Millennials
20530,3.6,1.1,7.7,2.3,6.7,3.17,Low,Millennials
20531,4.9,0.8,9.3,1.3,3.3,3.19,High,Millennials
20532,6.5,2.2,8.7,1.7,6.9,2.72,Moderate,Millennials
20533,7.2,3.2,7.0,1.9,3.1,3.25,Low,Millennials
20534,6.5,2.8,8.1,2.3,5.5,2.63,Low,Millennials
20535,7.3,3.0,7.9,0.6,4.5,2.71,Low,Millennials
20536,5.1,2.7,7.6,4.2,5.1,3.04,Low,Millennials
20537,6.4,2.2,7.2,2.0,5.7,2.71,High,Millennials
20538,6.0,2.2,6.9,1.3,3.9,2.93,Moderate,Millennials
20539,5.7,2.7,7.1,3.0,3.4,3.05,High,Millennials
20540,4.8,0.3,7.0,1.6,5.2,2.86,Moderate,Millennials
20541,6.2,1.4,8.7,1.8,4.6,3.04,Low,Millennials
20542,7.3,0.3,8.9,4.5,3.4,3.3,Low,Millennials
20543,5.1,3.6,9.3,2.4,5.7,3.08,Low,Millennials
20544,4.8,2.6,7.0,2.3,4.7,2.94,Low,Millennials
20545,8.0,3.0,8.6,0.1,5.9,2.87,Low,Millennials
20546,6.1,1.8,8.9,2.7,4.8,2.93,Moderate,Millennials
20547,6.8,0.8,6.7,2.3,2.7,3.22,Low,Millennials
20548,5.2,2.1,7.2,5.0,3.5,2.6,Moderate,Millennials
20549,5.4,2.7,7.4,3.5,2.8,3.42,High,Millennials
20550,5.1,2.8,6.9,2.6,6.3,3.39,Moderate,Millennials
20551,8.0,0.0,7.5,5.4,4.1,3.14,Moderate,Millennials
20552,6.5,3.3,8.2,3.5,4.3,2.9,Low,Millennials
20553,5.5,2.7,9.5,2.7,4.0,2.72,Low,Millennials
20554,7.4,3.0,8.1,1.9,4.2,3.21,Moderate,Millennials
20555,4.8,2.5,6.9,1.7,2.1,3.55,Moderate,Millennials
20556,5.4,0.8,6.9,1.9,4.3,2.56,Low,Millennials
20557,4.7,1.7,8.9,0.0,4.7,3.09,Moderate,Millennials
20558,6.9,0.0,8.9,1.5,3.5,2.67,High,Millennials
20559,6.2,2.3,8.1,3.2,4.1,3.47,Moderate,Millennials
20560,6.5,2.3,7.8,0.0,2.9,3.27,High,Millennials
20561,6.9,1.8,7.7,2.4,1.5,3.3,Low,Millennials
20562,5.5,3.3,6.1,1.8,4.8,3.45,Moderate,Millennials
20563,4.9,0.7,7.0,1.1,4.4,2.69,Low,Millennials
20564,5.3,2.3,6.4,1.6,3.5,3.16,Moderate,Millennials
20565,3.5,2.8,8.0,2.1,4.9,2.98,Moderate,Millennials
20566,6.9,1.2,7.4,1.8,4.6,2.19,High,Millennials
20567,4.9,3.6,8.6,2.0,5.8,3.3,High,Millennials
20568,6.1,1.4,6.9,2.3,4.3,3.04,Low,Millennials
20569,5.1,1.7,6.7,1.5,2.3,3.11,Moderate,Millennials
20570,7.2,2.1,7.0,2.1,5.9,3.03,Moderate,Millennials
20571,8.1,4.9,8.1,2.1,3.0,2.7,Low,Millennials
20572,4.1,2.7,7.3,1.0,5.0,2.73,Moderate,Millennials
20573,5.5,1.2,8.7,1.8,4.6,3.03,High,Millennials
20574,4.6,3.1,6.8,2.5,4.3,2.87,Low,Millennials
20575,5.6,3.1,7.0,2.6,6.8,2.94,Moderate,Millennials
20576,7.5,0.0,8.3,3.2,5.4,2.55,Low,Millennials
20577,5.6,0.5,7.0,1.6,6.2,3.17,Moderate,Millennials
20578,7.6,0.0,6.7,1.0,2.6,2.75,Moderate,Millennials
20579,8.0,1.6,7.8,1.4,3.0,2.91,Low,Millennials
20580,7.1,2.5,8.0,2.2,3.0,3.21,Low,Millennials
20581,5.8,2.2,8.8,0.2,5.0,3.02,Moderate,Millennials
20582,6.7,3.5,6.8,1.7,4.1,2.77,Moderate,Millennials
20583,4.9,2.9,8.3,0.0,2.9,3.63,Low,Millennials
20584,6.2,2.6,8.2,3.5,6.1,2.73,Moderate,Millennials
20585,6.2,4.2,8.0,1.4,6.0,3.33,Moderate,Millennials
20586,5.7,3.1,7.6,2.4,3.4,3.58,Low,Millennials
20587,6.3,1.5,5.7,2.4,1.7,3.03,Moderate,Millennials
20588,3.3,2.4,6.9,0.0,4.0,3.17,Moderate,Millennials
20589,4.5,0.9,7.8,2.7,4.8,2.38,Low,Millennials
20590,5.1,1.1,7.9,1.0,3.7,2.98,High,Millennials
20591,6.1,1.3,7.4,2.8,3.8,3.22,Low,Millennials
20592,5.7,1.9,8.1,2.9,2.5,2.84,Low,Millennials
20593,6.1,4.3,7.1,3.3,1.9,2.99,Low,Millennials
20594,7.6,1.8,8.9,1.6,5.3,3.44,Low,Millennials
20595,4.7,2.7,7.8,3.4,5.7,3.33,Moderate,Millennials
20596,5.6,1.0,9.4,2.6,4.5,3.01,Moderate,Millennials
20597,7.3,3.2,9.7,2.2,4.5,3.36,Moderate,Millennials
20598,6.6,2.3,7.5,2.7,5.4,3.21,Low,Millennials
20599,4.4,1.4,7.3,1.2,5.6,3.14,Low,Millennials
20600,5.6,0.0,7.9,0.3,4.1,2.92,Moderate,Millennials
20601,4.9,1.8,6.9,4.3,4.3,2.8,Moderate,Millennials
20602,5.4,2.7,7.9,1.2,5.2,3.27,Moderate,Millennials
20603,4.9,2.4,8.5,3.3,3.2,3.23,Moderate,Millennials
20604,5.2,1.7,7.1,2.0,5.1,3.39,Low,Millennials
20605,5.0,1.7,7.8,3.3,4.5,2.72,Low,Millennials
20606,7.1,1.8,8.7,2.3,5.0,2.62,Low,Millennials
20607,6.0,1.0,7.5,1.0,0.9,2.55,Low,Millennials
20608,7.3,1.0,6.9,0.6,3.7,2.91,Low,Millennials
20609,5.4,1.9,7.6,2.1,4.0,3.3,Moderate,Millennials
20610,6.0,2.2,8.6,3.4,5.2,3.03,Moderate,Millennials
20611,4.9,3.4,7.3,3.4,6.4,3.3,Moderate,Millennials
20612,5.9,1.2,7.1,1.5,3.0,2.91,Moderate,Millennials
20613,7.4,0.8,7.0,3.6,5.1,2.98,High,Millennials
20614,6.5,5.1,9.7,0.7,2.7,2.85,Moderate,Millennials
20615,7.0,3.1,8.4,0.0,5.1,2.77,Moderate,Millennials
20616,5.9,2.8,7.9,0.8,4.5,3.28,Low,Millennials
20617,4.4,0.6,7.1,1.6,4.8,2.68,Low,Millennials
20618,6.0,1.8,9.3,1.0,3.8,3.34,Moderate,Millennials
20619,6.1,1.5,7.8,2.3,5.9,3.15,Moderate,Millennials
20620,2.9,1.6,8.1,0.7,5.3,2.9,Low,Millennials
20621,6.2,1.2,8.0,2.0,4.2,3.05,Moderate,Millennials
20622,3.9,3.6,7.6,1.4,6.2,3.12,Moderate,Millennials
20623,6.3,0.6,7.0,1.9,4.7,2.81,Low,Millennials
20624,5.3,2.7,6.6,3.6,4.2,3.27,Moderate,Millennials
20625,5.0,1.7,8.1,3.8,2.8,3.02,Moderate,Millennials
20626,5.3,0.5,9.8,1.4,0.9,3.12,Low,Millennials
20627,5.2,1.0,9.1,0.0,5.8,3.4,Moderate,Millennials
20628,3.4,0.0,8.9,2.2,4.7,2.73,Moderate,Millennials
20629,7.7,0.0,7.6,0.6,3.6,2.82,Low,Millennials
20630,6.6,0.7,7.4,1.8,2.3,3.18,Low,Millennials
20631,7.0,2.3,7.4,3.3,2.9,3.3,Moderate,Millennials
20632,6.2,3.5,8.2,1.9,4.9,2.86,Moderate,Millennials
20633,5.7,3.2,8.3,2.2,6.3,2.74,Moderate,Millennials
20634,4.7,3.1,7.6,1.4,5.6,3.25,Low,Millennials
20635,8.0,2.5,9.5,3.3,3.4,2.72,Low,Millennials
20636,6.3,1.1,9.2,0.5,2.6,3.33,Moderate,Millennials
20637,3.8,0.7,7.2,2.2,3.3,3.37,Moderate,Millennials
20638,6.7,1.7,8.0,1.3,4.8,2.94,Moderate,Millennials
20639,6.8,2.3,9.1,0.5,3.0,2.79,Moderate,Millennials
20640,4.5,0.1,6.8,0.6,2.6,2.62,Moderate,Millennials
20641,5.5,4.4,9.0,3.0,4.6,3.46,Moderate,Millennials
20642,6.7,1.5,7.7,3.7,3.9,3.0,Low,Millennials
20643,4.2,2.2,8.1,4.1,4.2,3.05,Low,Millennials
20644,4.5,2.5,7.4,1.8,5.4,2.96,Low,Millennials
20645,6.7,2.8,7.3,2.8,5.5,2.99,Low,Millennials
20646,5.1,2.7,8.5,1.6,3.6,2.61,Low,Millennials
20647,4.9,3.3,7.2,2.1,4.3,3.0,Moderate,Millennials
20648,7.7,3.0,6.7,2.5,6.5,2.38,Moderate,Millennials
20649,5.0,1.3,8.5,1.3,3.5,3.05,High,Millennials
20650,6.7,1.8,7.7,2.0,4.6,3.67,High,Millennials
20651,5.2,1.5,6.5,1.7,2.9,2.77,Moderate,Millennials
20652,7.1,2.5,7.9,2.2,4.5,2.78,Low,Millennials
20653,8.6,3.1,7.0,3.2,3.8,2.93,Moderate,Millennials
20654,7.1,2.0,7.2,0.9,5.5,3.38,Low,Millennials
20655,3.7,4.1,8.3,1.7,3.1,2.83,High,Millennials
20656,6.1,1.6,7.5,2.4,3.9,3.28,Moderate,Millennials
20657,4.5,1.7,7.8,2.2,2.7,3.08,High,Millennials
20658,4.5,3.1,6.5,0.8,5.5,2.72,High,Millennials
20659,7.5,1.6,7.7,4.7,3.5,2.99,Moderate,Millennials
20660,6.7,2.6,8.1,0.0,3.5,3.02,Low,Millennials
20661,6.0,1.2,7.1,2.6,4.0,3.12,Low,Millennials
20662,4.6,1.0,6.7,4.4,3.8,2.89,Moderate,Millennials
20663,4.5,3.4,8.0,0.0,4.3,2.73,Moderate,Millennials
20664,5.3,5.6,7.8,1.0,2.6,3.26,Moderate,Millennials
20665,6.3,3.9,7.1,0.4,4.4,2.81,Low,Millennials
20666,6.0,2.7,7.9,2.6,5.2,2.62,Moderate,Millennials
20667,7.7,3.5,8.3,2.2,6.7,2.65,High,Millennials
20668,5.1,3.1,9.1,2.7,3.1,3.27,Moderate,Millennials
20669,5.6,2.9,8.0,3.3,7.3,3.53,High,Millennials
20670,3.4,0.9,7.7,0.8,3.5,2.77,Moderate,Millennials
20671,6.5,2.6,7.9,4.1,4.6,2.26,Moderate,Millennials
20672,4.7,0.0,8.1,3.1,5.1,2.99,Moderate,Millennials
20673,7.1,3.6,9.1,1.2,2.6,2.61,High,Millennials
20674,5.6,2.3,7.6,0.8,5.1,3.37,Moderate,Millennials
20675,7.2,3.5,8.2,1.9,6.8,2.55,High,Millennials
20676,4.9,1.1,7.3,2.8,6.0,2.9,Moderate,Millennials
20677,8.2,2.7,9.0,1.5,3.2,3.56,Low,Millennials
20678,6.0,3.1,7.7,2.9,3.5,2.44,Low,Millennials
20679,7.3,1.6,7.7,1.8,2.5,3.33,Moderate,Millennials
20680,6.3,2.1,8.5,1.8,5.0,3.26,Low,Millennials
20681,5.9,2.1,9.5,2.4,5.7,3.01,Low,Millennials
20682,7.1,4.0,7.6,1.9,6.0,2.7,Low,Millennials
20683,5.5,2.9,7.8,2.3,2.7,2.92,Moderate,Millennials
20684,4.9,2.1,7.8,1.5,3.7,2.67,Low,Millennials
20685,5.7,1.4,9.2,1.9,5.1,3.32,Moderate,Millennials
20686,4.1,0.0,8.4,2.5,2.9,3.57,Moderate,Millennials
20687,5.9,0.7,6.8,3.4,5.6,2.88,Moderate,Millennials
20688,5.6,2.0,9.2,1.5,1.9,3.05,Moderate,Millennials
20689,4.8,1.6,9.6,1.8,5.7,2.75,Moderate,Millennials
20690,4.8,4.7,6.4,2.0,5.5,3.04,Low,Millennials
20691,3.0,1.7,7.5,2.8,6.2,3.03,High,Millennials
20692,7.4,4.5,6.6,2.0,4.2,2.29,High,Millennials
20693,5.8,3.1,7.4,0.5,3.2,3.37,Moderate,Millennials
20694,5.5,3.2,7.5,3.4,2.8,2.56,Moderate,Millennials
20695,2.8,2.8,7.1,0.5,6.3,3.31,Moderate,Millennials
20696,4.6,1.7,8.1,2.4,3.4,2.95,High,Millennials
20697,6.2,1.8,9.3,2.5,2.5,2.8,Low,Millennials
20698,5.8,2.4,7.8,1.5,3.0,2.87,High,Millennials
20699,4.0,2.1,8.7,1.7,6.1,2.85,High,Millennials
20700,5.6,1.7,7.8,2.5,5.8,2.71,Low,Millennials
20701,4.9,0.2,8.1,2.3,5.7,2.93,High,Millennials
20702,6.0,3.9,9.6,3.1,6.8,3.51,Moderate,Millennials
20703,7.0,0.2,7.7,2.3,7.2,3.29,Moderate,Millennials
20704,6.9,4.4,7.4,3.0,4.3,3.32,Low,Millennials
20705,3.4,1.1,9.1,0.4,5.7,2.8,Low,Millennials
20706,5.9,2.1,8.1,2.8,3.8,3.01,High,Millennials
20707,5.4,3.7,7.2,2.3,3.9,3.26,Moderate,Millennials
20708,6.5,2.0,7.5,2.4,2.9,2.49,Moderate,Millennials
20709,4.4,2.0,7.8,2.6,7.4,3.02,Low,Millennials
20710,5.6,1.9,7.8,2.6,5.6,3.3,Low,Millennials
20711,6.8,4.4,6.9,2.3,2.0,2.94,Moderate,Millennials
20712,4.5,1.0,7.6,1.2,6.3,2.57,Moderate,Millennials
20713,4.9,0.3,6.3,3.0,3.6,3.09,Low,Millennials
20714,5.7,0.6,8.0,2.0,3.8,2.62,Moderate,Millennials
20715,4.5,1.8,7.7,1.7,3.9,3.02,Low,Millennials
20716,4.3,0.0,7.2,2.8,3.2,3.54,Moderate,Millennials
20717,4.3,3.2,8.6,2.8,4.7,3.16,Moderate,Millennials
20718,4.7,3.5,7.5,1.3,4.7,3.17,Moderate,Millennials
20719,6.0,0.9,8.1,2.4,5.2,2.86,Low,Millennials
20720,6.2,0.0,7.7,0.0,3.5,2.96,Low,Millennials
20721,5.4,3.6,6.5,3.0,3.2,2.69,Low,Millennials
20722,7.9,2.3,8.0,1.7,3.0,3.15,Moderate,Millennials
20723,6.0,3.3,8.7,2.9,5.2,3.47,Moderate,Millennials
20724,4.0,1.6,7.2,3.3,5.6,2.97,Moderate,Millennials
20725,6.5,0.0,7.7,0.0,6.2,2.96,Low,Millennials
20726,5.9,1.0,10.0,2.0,3.2,3.16,Moderate,Millennials
20727,8.6,1.2,9.6,1.5,3.1,3.02,High,Millennials
20728,8.6,3.5,8.2,2.1,4.3,2.98,Moderate,Millennials
20729,7.1,2.9,8.2,4.0,5.5,3.36,Moderate,Millennials
20730,3.6,3.5,8.1,1.7,3.7,2.99,Moderate,Millennials
20731,5.0,2.7,7.5,2.2,6.7,2.91,Moderate,Millennials
20732,4.9,1.9,8.5,3.6,5.3,2.96,Moderate,Millennials
20733,4.2,2.6,7.5,3.3,5.3,2.87,Moderate,Millennials
20734,5.8,0.4,5.3,0.0,4.7,2.96,High,Millennials
20735,6.7,1.3,7.9,0.0,5.7,2.95,Moderate,Millennials
20736,7.3,2.8,8.8,2.1,4.9,3.2,Moderate,Millennials
20737,6.6,0.3,6.8,2.3,3.5,2.9,Low,Millennials
20738,5.4,1.4,7.0,2.9,7.1,3.25,Moderate,Millennials
20739,2.0,0.5,8.9,1.9,4.3,2.65,Low,Millennials
20740,8.0,1.0,9.0,0.9,2.7,3.16,High,Millennials
20741,4.6,1.2,6.6,1.0,4.0,2.63,Moderate,Millennials
20742,6.0,1.1,6.4,2.1,4.4,2.9,Low,Millennials
20743,6.3,2.2,8.6,1.6,1.0,3.22,Moderate,Millennials
20744,4.0,2.8,8.3,1.6,4.6,2.79,Low,Millennials
20745,3.2,2.6,7.9,4.0,4.8,3.19,Moderate,Millennials
20746,6.2,2.4,10.0,2.4,2.4,2.94,Moderate,Millennials
20747,6.8,1.7,7.0,1.2,1.6,3.07,Low,Millennials
20748,8.1,2.2,8.1,0.0,2.6,3.03,High,Millennials
20749,6.0,1.7,8.0,0.2,6.4,3.24,Low,Millennials
20750,6.8,5.0,7.6,0.4,4.2,2.92,High,Millennials
20751,6.1,3.3,6.8,3.6,4.5,2.71,High,Millennials
20752,4.1,1.1,8.8,1.4,2.4,2.95,Moderate,Millennials
20753,6.3,2.4,10.0,2.8,3.7,3.51,Moderate,Millennials
20754,7.0,2.2,8.6,2.9,2.6,2.29,High,Millennials
20755,4.9,3.0,7.0,1.1,5.9,3.33,Moderate,Millennials
20756,6.1,3.3,7.4,2.8,1.7,3.36,Moderate,Millennials
20757,6.7,2.2,7.5,0.4,4.3,2.97,High,Millennials
20758,6.3,2.4,7.7,1.0,7.0,2.85,Low,Millennials
20759,5.4,3.1,8.3,1.2,1.2,2.97,Moderate,Millennials
20760,5.8,4.6,6.6,1.0,5.2,3.05,High,Millennials
20761,5.3,2.5,9.2,0.9,4.8,2.76,Low,Millennials
20762,3.1,1.2,8.1,1.4,4.0,2.89,Moderate,Millennials
20763,4.9,1.6,8.5,1.7,3.8,2.99,Low,Millennials
20764,6.8,2.7,7.5,0.0,5.6,3.31,Moderate,Millennials
20765,7.1,2.2,8.0,3.1,5.2,2.9,High,Millennials
20766,4.9,1.3,7.4,3.6,4.2,2.95,Moderate,Millennials
20767,6.1,2.0,6.9,1.6,3.5,3.05,High,Millennials
20768,6.9,1.6,8.6,0.4,3.9,3.14,Moderate,Millennials
20769,5.8,2.2,7.0,3.9,2.4,3.33,Moderate,Millennials
20770,4.9,1.2,7.8,3.8,5.9,3.61,Moderate,Millennials
20771,7.3,3.3,7.0,0.6,4.7,2.82,Moderate,Millennials
20772,5.6,1.5,9.2,1.5,3.9,2.37,High,Millennials
20773,4.6,2.0,7.5,1.5,6.6,2.99,High,Millennials
20774,5.5,1.3,6.8,2.4,5.9,3.12,Moderate,Millennials
20775,5.7,5.6,7.1,2.7,3.7,3.62,Moderate,Millennials
20776,5.3,2.5,8.2,2.7,2.8,3.14,Low,Millennials
20777,6.0,2.7,7.2,1.3,3.2,3.48,Low,Millennials
20778,6.7,0.9,8.3,1.3,6.4,3.07,High,Millennials
20779,6.2,2.4,6.5,2.0,4.5,2.51,Moderate,Millennials
20780,7.8,0.7,7.9,3.3,4.5,3.1,Moderate,Millennials
20781,4.3,3.9,6.5,3.5,5.5,3.26,Low,Millennials
20782,5.0,4.0,8.8,1.3,6.1,3.06,Moderate,Millennials
20783,6.0,4.0,7.8,3.0,3.6,2.74,Low,Millennials
20784,7.9,1.5,8.7,2.0,0.9,3.84,Moderate,Millennials
20785,6.9,1.5,7.6,2.4,2.2,3.19,Moderate,Millennials
20786,5.9,0.6,7.8,3.2,3.5,3.1,Moderate,Millennials
20787,6.7,3.8,8.2,2.0,6.4,2.61,High,Millennials
20788,8.7,2.9,7.8,2.6,4.2,2.8,Moderate,Millennials
20789,4.6,0.4,9.6,1.4,2.6,3.4,Low,Millennials
20790,5.3,1.8,7.4,1.5,3.6,2.99,Low,Millennials
20791,5.1,1.4,7.4,1.6,1.3,3.1,Moderate,Millennials
20792,7.2,2.0,8.5,2.9,3.8,2.78,Moderate,Millennials
20793,7.0,1.1,8.7,3.2,6.1,3.05,Moderate,Millennials
20794,6.9,0.0,8.2,1.8,6.6,3.56,Low,Millennials
20795,8.2,3.8,5.8,3.3,3.4,2.93,Low,Millennials
20796,5.4,1.9,6.2,1.2,7.3,3.18,High,Millennials
20797,5.7,1.6,7.8,3.4,4.9,3.44,Moderate,Millennials
20798,5.2,1.7,8.0,2.8,6.2,3.24,Moderate,Millennials
20799,6.9,1.6,8.3,2.3,3.0,2.88,Low,Millennials
20800,2.9,1.4,8.6,2.9,3.7,2.95,Low,Millennials
20801,6.0,5.9,7.2,1.8,2.7,3.06,Low,Millennials
20802,6.3,2.8,7.6,3.3,3.6,3.0,Moderate,Millennials
20803,7.6,2.3,7.7,1.6,6.3,3.41,Low,Millennials
20804,5.7,0.4,9.5,0.8,6.5,2.9,Moderate,Millennials
20805,5.2,1.9,6.3,2.2,4.8,2.92,High,Millennials
20806,5.5,0.7,8.2,3.3,4.2,3.22,Moderate,Millennials
20807,6.7,3.1,8.6,2.1,1.1,2.58,Moderate,Millennials
20808,6.9,0.4,8.5,2.8,2.7,3.1,Low,Millennials
20809,7.5,1.7,8.5,2.8,3.9,3.11,Moderate,Millennials
20810,5.5,3.6,8.0,2.0,5.1,2.67,Low,Millennials
20811,8.7,1.1,8.5,2.0,4.1,3.15,Moderate,Millennials
20812,7.4,1.7,8.8,2.0,3.3,2.7,Moderate,Millennials
20813,5.2,4.5,7.5,3.2,6.5,3.1,High,Millennials
20814,6.5,1.8,6.9,1.6,3.0,3.1,Moderate,Millennials
20815,6.7,4.4,8.2,0.3,3.4,2.59,Low,Millennials
20816,6.1,0.2,7.5,0.3,4.2,2.67,Low,Millennials
20817,5.4,1.2,6.0,2.4,3.0,3.18,Low,Millennials
20818,4.7,3.9,7.1,2.8,3.9,3.19,High,Millennials
20819,4.5,4.7,6.9,1.8,4.6,3.41,High,Millennials
20820,6.0,2.2,9.9,2.3,4.4,2.58,Low,Millennials
20821,5.8,1.5,6.5,2.2,3.5,2.86,Moderate,Millennials
20822,5.0,3.3,9.5,4.4,6.5,3.05,High,Millennials
20823,6.9,1.0,8.4,3.3,3.6,2.87,Moderate,Millennials
20824,6.1,3.1,6.0,2.4,3.7,3.29,Low,Millennials
20825,7.1,1.8,9.4,0.5,5.5,2.19,Moderate,Millennials
20826,4.1,1.2,6.7,2.3,3.8,2.77,High,Millennials
20827,4.4,3.8,7.2,1.7,6.0,2.76,Low,Millennials
20828,5.6,1.5,6.8,2.2,5.8,2.92,Moderate,Millennials
20829,4.1,0.5,6.9,2.1,6.2,2.63,Moderate,Millennials
20830,3.7,2.0,9.0,4.1,4.9,3.31,Moderate,Millennials
20831,5.5,1.9,7.2,3.5,3.7,3.16,Moderate,Millennials
20832,6.0,4.2,9.1,2.8,3.1,3.24,Moderate,Millennials
20833,6.6,1.0,7.4,1.0,3.0,2.42,Moderate,Millennials
20834,8.4,2.5,8.2,2.6,5.2,3.58,Moderate,Millennials
20835,5.2,1.0,8.2,0.4,4.0,2.96,Moderate,Millennials
20836,3.8,3.9,8.0,0.5,2.9,3.43,Moderate,Millennials
20837,3.3,2.0,7.3,3.2,3.6,2.88,Moderate,Millennials
20838,4.5,1.2,8.6,2.4,6.5,3.54,High,Millennials
20839,4.7,3.0,9.7,3.6,5.5,3.19,High,Millennials
20840,4.2,1.2,8.2,2.1,4.2,2.51,High,Millennials
20841,3.6,2.5,8.3,1.3,5.6,3.08,Moderate,Millennials
20842,4.6,2.1,10.0,2.6,3.2,3.09,Moderate,Millennials
20843,5.1,2.9,6.9,1.7,5.5,3.35,High,Millennials
20844,4.1,1.0,6.9,3.6,3.6,3.04,Low,Millennials
20845,5.7,2.6,6.7,2.1,4.7,3.04,Moderate,Millennials
20846,4.8,2.1,7.9,1.6,5.7,3.01,Low,Millennials
20847,5.1,0.7,8.5,0.0,5.6,3.21,Moderate,Millennials
20848,6.6,4.6,9.0,2.2,2.6,3.5,High,Millennials
20849,7.8,1.4,7.0,2.0,4.7,2.71,Low,Millennials
20850,5.0,3.1,7.1,3.5,3.2,3.02,Moderate,Millennials
20851,5.7,0.8,7.8,1.0,5.3,3.4,Low,Millennials
20852,4.9,2.9,8.5,2.5,2.7,2.97,Moderate,Millennials
20853,2.9,3.1,6.4,1.2,5.4,3.17,Moderate,Millennials
20854,5.4,3.6,6.7,1.1,4.5,2.95,High,Millennials
20855,7.7,1.8,9.1,2.8,3.3,3.57,Moderate,Millennials
20856,5.4,4.7,7.0,0.5,4.4,2.45,High,Millennials
20857,5.8,0.7,8.3,1.1,6.1,3.19,Low,Millennials
20858,3.1,3.8,9.1,4.1,5.0,2.93,Moderate,Millennials
20859,5.7,1.5,9.2,2.7,6.2,3.12,Low,Millennials
20860,7.0,2.9,8.1,1.5,2.1,3.03,Moderate,Millennials
20861,7.5,1.3,5.5,2.8,2.8,3.15,Low,Millennials
20862,5.1,2.3,9.8,1.7,3.5,2.7,Moderate,Millennials
20863,4.4,0.8,6.6,1.4,3.7,3.57,Moderate,Millennials
20864,5.5,2.4,8.1,2.6,2.9,3.59,Moderate,Millennials
20865,5.3,1.9,7.8,1.6,4.4,2.74,Low,Millennials
20866,5.9,2.0,7.9,2.0,3.1,3.14,Moderate,Millennials
20867,6.5,2.6,6.9,1.0,3.8,3.41,Low,Millennials
20868,5.4,0.8,9.0,1.4,7.6,2.78,Moderate,Millennials
20869,4.0,1.8,9.7,3.3,2.5,2.91,Low,Millennials
20870,6.1,2.4,8.2,1.9,6.0,2.6,Moderate,Millennials
20871,4.9,3.0,6.8,3.3,5.7,3.05,Moderate,Millennials
20872,3.8,1.5,7.7,1.2,4.7,2.92,Moderate,Millennials
20873,5.0,3.7,7.4,0.2,7.1,3.05,Moderate,Millennials
20874,6.5,0.1,9.4,1.2,4.4,2.48,Low,Millennials
20875,7.6,1.3,8.7,2.8,2.6,3.5,Moderate,Millennials
20876,5.3,3.1,8.4,1.6,3.0,2.76,Moderate,Millennials
20877,6.5,1.4,8.7,3.0,3.9,3.34,Low,Millennials
20878,6.7,1.6,8.3,1.8,3.8,2.41,Moderate,Millennials
20879,5.4,3.8,7.1,1.7,3.6,3.15,High,Millennials
20880,5.2,1.7,8.0,2.0,5.6,3.14,Moderate,Millennials
20881,6.1,2.9,8.2,1.8,3.6,3.16,Moderate,Millennials
20882,6.0,0.9,8.4,1.8,4.6,3.66,Low,Millennials
20883,4.8,0.2,10.0,1.9,5.7,3.14,Low,Millennials
20884,7.0,2.5,8.0,2.0,2.1,3.05,Low,Millennials
20885,8.4,1.8,8.6,2.9,6.7,3.07,Low,Millennials
20886,5.8,1.4,9.4,2.5,1.3,2.95,Moderate,Millennials
20887,4.0,0.6,6.9,1.7,6.8,2.28,Low,Millennials
20888,4.3,2.7,8.8,0.8,6.2,3.16,Low,Millennials
20889,6.0,3.0,7.2,3.7,2.1,2.79,Low,Millennials
20890,4.8,0.5,6.8,2.6,1.6,3.45,High,Millennials
20891,5.4,4.4,8.7,2.0,4.6,3.47,Low,Millennials
20892,5.8,1.1,7.9,2.3,3.4,2.76,High,Millennials
20893,7.0,0.6,8.3,3.0,6.0,3.5,High,Millennials
20894,4.0,2.7,8.4,1.5,4.6,2.92,Moderate,Millennials
20895,5.6,1.5,6.8,2.3,3.7,2.57,High,Millennials
20896,5.2,2.0,6.8,1.4,4.3,3.45,Low,Millennials
20897,4.4,3.0,6.4,2.2,4.3,3.66,Moderate,Millennials
20898,4.3,2.7,7.5,1.8,5.3,3.06,Low,Millennials
20899,4.5,0.6,8.2,2.0,4.9,3.19,High,Millennials
20900,6.1,1.5,7.8,1.2,5.9,2.8,Moderate,Millennials
20901,5.2,2.6,7.5,1.9,3.2,3.1,Moderate,Millennials
20902,3.8,3.9,7.0,0.6,4.2,2.58,Low,Millennials
20903,5.0,2.9,7.7,3.3,2.2,3.17,Moderate,Millennials
20904,7.0,1.5,7.0,0.9,2.3,3.11,Moderate,Millennials
20905,7.9,0.7,8.3,1.2,8.0,3.25,Low,Millennials
20906,6.6,1.4,9.4,1.5,4.0,3.05,Low,Millennials
20907,3.8,4.4,7.7,2.4,4.7,2.2,Low,Millennials
20908,3.9,1.6,6.8,3.1,5.6,2.92,Low,Millennials
20909,3.9,0.3,7.4,2.4,4.4,3.03,Low,Millennials
20910,4.9,1.8,8.1,2.5,5.1,2.54,High,Millennials
20911,7.0,1.3,7.2,3.1,3.2,2.77,Low,Millennials
20912,6.0,2.6,9.1,0.6,4.2,3.34,Moderate,Millennials
20913,5.6,2.1,8.4,1.0,6.3,2.51,Moderate,Millennials
20914,3.3,3.2,8.2,0.0,3.4,3.18,Low,Millennials
20915,3.9,4.3,8.6,0.1,4.7,2.72,Low,Millennials
20916,3.4,1.7,8.6,0.6,5.9,3.15,Moderate,Millennials
20917,6.0,0.7,8.0,1.6,5.7,3.23,Moderate,Millennials
20918,7.0,1.3,8.0,1.3,4.8,2.85,Low,Millennials
20919,3.6,2.5,8.7,3.9,5.4,2.93,Moderate,Millennials
20920,6.9,3.3,7.8,3.4,5.6,3.01,Moderate,Millennials
20921,5.9,1.2,7.5,2.4,5.1,3.44,Moderate,Millennials
20922,6.5,2.6,7.8,2.5,3.9,2.78,Moderate,Millennials
20923,6.1,1.1,7.8,1.9,2.8,3.61,Low,Millennials
20924,6.4,1.3,7.3,1.8,4.9,2.52,Moderate,Millennials
20925,6.3,2.4,9.1,0.6,7.6,3.0,Moderate,Millennials
20926,5.7,3.4,6.2,2.4,4.4,3.09,Low,Millennials
20927,5.3,0.7,7.2,2.3,2.5,2.72,Moderate,Millennials
20928,4.7,3.0,7.7,3.4,4.2,2.9,High,Millennials
20929,5.9,2.9,9.1,0.0,1.4,2.56,Low,Millennials
20930,4.5,2.0,7.2,0.8,3.5,2.49,High,Millennials
20931,4.6,2.6,6.3,2.9,5.1,3.02,Moderate,Millennials
20932,5.0,1.6,9.2,1.2,7.0,2.91,Low,Millennials
20933,4.0,0.9,9.1,1.0,3.6,2.84,High,Millennials
20934,8.7,2.0,9.1,4.0,3.8,3.49,Low,Millennials
20935,8.3,2.9,8.5,0.9,4.5,2.91,High,Millennials
20936,7.4,2.2,9.0,2.7,6.4,2.42,Moderate,Millennials
20937,7.5,1.1,8.0,1.9,5.8,2.79,Moderate,Millennials
20938,4.0,1.8,8.6,1.3,2.8,3.22,Moderate,Millennials
20939,4.3,2.4,10.0,1.8,3.5,3.1,Low,Millennials
20940,7.0,3.1,8.1,2.2,3.7,2.52,Low,Millennials
20941,3.1,3.8,8.2,1.3,3.9,3.16,High,Millennials
20942,1.6,0.9,8.5,0.7,2.7,2.75,Moderate,Millennials
20943,7.4,4.0,7.2,1.3,3.8,2.82,Moderate,Millennials
20944,5.6,3.2,8.0,3.9,4.2,3.03,Moderate,Millennials
20945,5.3,5.0,6.0,2.1,5.5,3.28,Low,Millennials
20946,5.3,2.0,6.5,3.7,1.9,3.15,Moderate,Millennials
20947,3.6,0.2,6.4,3.3,6.5,3.28,Low,Millennials
20948,4.5,3.3,8.7,2.3,3.7,3.3,Moderate,Millennials
20949,6.3,1.5,7.8,1.4,7.0,3.43,Moderate,Millennials
20950,8.2,3.8,6.9,3.7,1.7,2.79,Moderate,Millennials
20951,6.4,1.9,7.7,2.8,5.3,3.01,High,Millennials
20952,3.4,1.9,7.3,1.6,4.3,3.48,Moderate,Millennials
20953,5.5,2.2,8.9,0.9,5.5,3.05,Low,Millennials
20954,5.2,0.5,8.5,3.5,5.6,2.94,High,Millennials
20955,5.6,3.3,8.0,2.8,4.2,2.89,Low,Millennials
20956,4.5,3.5,8.0,0.9,3.2,3.09,Low,Millennials
20957,4.2,1.3,8.4,0.4,4.0,3.11,Low,Millennials
20958,4.5,3.5,7.7,3.7,3.2,3.21,Low,Millennials
20959,3.8,3.1,8.5,2.1,2.6,2.54,Moderate,Millennials
20960,4.8,0.8,8.2,0.1,5.3,3.1,Moderate,Millennials
20961,5.8,1.1,7.9,3.9,4.6,2.83,Low,Millennials
20962,7.9,2.6,7.5,4.1,4.0,2.99,Low,Millennials
20963,6.5,2.4,7.1,0.1,3.3,3.18,Low,Millennials
20964,6.6,2.0,9.1,2.7,3.0,2.71,Low,Millennials
20965,8.5,2.1,8.5,2.5,4.5,2.49,Moderate,Millennials
20966,4.5,3.4,8.5,2.6,6.4,3.04,Low,Millennials
20967,5.0,0.9,9.6,3.9,6.0,3.11,Moderate,Millennials
20968,5.0,1.3,8.2,3.4,2.0,3.05,Low,Millennials
20969,5.5,3.7,7.7,2.2,2.9,3.56,Low,Millennials
20970,6.4,1.8,7.8,1.3,4.3,3.06,High,Millennials
20971,4.1,1.9,7.6,3.3,2.3,3.74,Low,Millennials
20972,6.4,1.7,8.1,1.8,3.6,2.98,Moderate,Millennials
20973,6.5,3.2,9.2,2.1,7.3,3.07,High,Millennials
20974,7.2,2.2,8.0,1.1,3.1,2.73,Moderate,Millennials
20975,6.1,1.5,7.9,4.3,4.9,2.82,Low,Millennials
20976,5.9,3.2,8.3,2.4,5.2,2.58,High,Millennials
20977,6.1,1.5,8.4,2.9,4.5,2.97,Moderate,Millennials
20978,6.7,0.9,7.1,2.2,2.2,2.97,High,Millennials
20979,8.5,0.6,7.7,3.4,1.7,3.11,Moderate,Millennials
20980,5.3,0.5,7.3,2.0,5.9,3.35,Low,Millennials
20981,5.9,1.1,7.1,0.9,4.8,2.54,Moderate,Millennials
20982,5.5,2.7,9.1,2.5,5.8,3.61,Low,Millennials
20983,5.6,2.9,6.8,2.9,4.2,2.75,Moderate,Millennials
20984,3.4,2.6,8.3,2.8,6.0,3.08,Moderate,Millennials
20985,7.6,1.7,9.2,1.8,4.8,3.04,Low,Millennials
20986,6.9,1.4,7.0,5.4,6.7,3.14,Moderate,Millennials
20987,6.0,2.5,8.3,1.7,4.8,2.62,Moderate,Millennials
20988,6.2,2.8,9.5,3.8,3.0,3.02,High,Millennials
20989,5.6,4.7,7.3,3.0,5.3,2.69,High,Millennials
20990,5.1,2.7,8.7,3.5,4.0,3.79,Moderate,Millennials
20991,6.5,2.4,5.8,2.2,4.8,2.98,Low,Millennials
20992,5.7,3.2,7.0,5.2,4.5,2.96,Low,Millennials
20993,5.1,1.7,7.0,0.3,5.1,2.86,Low,Millennials
20994,8.1,3.1,7.8,4.6,3.7,3.28,Moderate,Millennials
20995,3.7,2.2,8.1,1.5,1.9,3.36,Moderate,Millennials
20996,3.6,1.5,8.1,2.1,6.4,3.34,Moderate,Millennials
20997,4.8,3.2,8.0,1.3,5.2,2.99,Moderate,Millennials
20998,6.0,2.3,8.4,0.4,2.9,2.94,Moderate,Millennials
20999,3.9,3.3,6.0,2.8,4.0,2.78,Low,Millennials
21000,7.6,3.6,7.5,2.3,4.2,2.98,Low,Millennials
21001,4.9,1.3,7.8,3.2,4.7,2.7,Moderate,Millennials
21002,3.6,3.0,7.9,2.2,5.3,2.9,Moderate,Millennials
21003,4.7,2.1,8.6,3.0,7.4,2.65,Moderate,Millennials
21004,3.2,3.6,7.8,1.3,3.4,3.01,High,Millennials
21005,7.3,2.4,9.9,4.1,4.4,3.25,Moderate,Millennials
21006,7.4,1.8,8.2,2.7,4.3,2.89,Moderate,Millennials
21007,5.9,1.7,7.1,0.8,4.7,2.41,Moderate,Millennials
21008,5.3,1.9,6.6,2.6,3.8,3.49,Low,Millennials
21009,6.3,1.9,7.8,1.2,2.9,3.18,Low,Millennials
21010,7.1,2.5,6.3,2.2,4.7,2.81,Low,Millennials
21011,5.9,2.8,7.4,2.6,4.3,3.06,Low,Millennials
21012,5.0,1.4,6.8,0.5,4.2,2.94,Moderate,Millennials
21013,8.8,2.3,7.4,1.6,1.7,2.52,Moderate,Millennials
21014,6.2,2.6,8.5,1.8,6.9,3.07,Moderate,Millennials
21015,4.6,2.5,7.7,1.9,4.2,2.78,Moderate,Millennials
21016,2.4,2.0,7.3,1.4,4.3,2.57,Moderate,Millennials
21017,6.1,2.3,7.8,1.5,2.1,2.59,Moderate,Millennials
21018,4.6,2.0,8.3,0.5,5.2,2.98,High,Millennials
21019,8.8,2.6,9.0,0.8,4.3,3.1,Moderate,Millennials
21020,6.4,2.8,9.9,2.5,5.1,2.63,Moderate,Millennials
21021,4.6,1.7,8.1,1.6,0.0,3.0,Moderate,Millennials
21022,5.8,2.4,9.1,2.8,6.3,3.32,High,Millennials
21023,5.6,3.7,9.1,3.6,5.0,2.47,Moderate,Millennials
21024,5.5,1.4,7.5,0.4,3.1,2.71,Low,Millennials
21025,5.6,2.4,8.1,1.4,2.8,2.84,Low,Millennials
21026,8.0,1.9,6.8,1.8,4.7,3.29,High,Millennials
21027,5.0,1.8,8.2,2.0,4.3,2.74,Low,Millennials
21028,5.2,4.2,9.4,1.6,4.1,3.67,Moderate,Millennials
21029,6.6,2.0,7.9,0.6,3.8,3.11,High,Millennials
21030,6.1,1.6,8.2,1.5,5.3,2.85,Moderate,Millennials
21031,6.8,2.5,8.8,2.3,4.0,3.27,High,Millennials
21032,5.7,0.9,7.6,1.8,2.8,3.16,Low,Millennials
21033,7.3,2.1,8.2,2.8,4.1,3.44,Moderate,Millennials
21034,5.2,3.6,6.8,2.0,5.4,3.59,Moderate,Millennials
21035,5.4,2.2,7.8,3.0,5.1,2.96,Low,Millennials
21036,5.7,1.7,6.9,3.5,5.4,2.8,Low,Millennials
21037,4.8,2.2,8.5,2.6,4.6,3.26,Moderate,Millennials
21038,6.3,1.2,6.8,1.9,3.5,3.12,Moderate,Millennials
21039,5.6,3.1,7.3,2.8,3.5,2.78,Moderate,Millennials
21040,6.9,3.1,7.4,4.1,3.9,2.91,Moderate,Millennials
21041,6.2,2.0,6.4,3.1,3.2,2.97,High,Millennials
21042,5.3,1.7,9.9,2.1,2.9,3.15,Moderate,Millennials
21043,4.7,1.9,7.3,1.7,6.1,2.88,Low,Millennials
21044,8.7,3.3,6.5,1.0,2.9,2.73,Low,Millennials
21045,5.6,0.1,7.4,2.6,3.5,3.0,Low,Millennials
21046,4.9,2.0,8.4,1.5,7.5,3.26,Moderate,Millennials
21047,6.3,3.6,8.7,1.8,3.4,3.12,Moderate,Millennials
21048,3.7,1.3,6.9,4.0,6.5,2.94,Low,Millennials
21049,5.6,3.4,8.4,3.0,7.2,2.56,Moderate,Millennials
21050,6.3,0.4,8.2,0.5,5.0,3.16,Moderate,Millennials
21051,5.9,2.3,7.1,2.8,3.8,3.25,Low,Millennials
21052,6.0,1.8,9.7,1.4,4.5,3.2,Moderate,Millennials
21053,5.0,1.4,7.4,1.5,4.5,3.22,Moderate,Millennials
21054,3.5,3.3,9.1,1.5,5.3,3.03,Low,Millennials
21055,3.0,3.1,7.9,1.5,3.3,3.69,Moderate,Millennials
21056,5.1,3.2,8.8,3.1,4.3,2.58,Moderate,Millennials
21057,6.4,2.5,5.7,1.6,4.7,2.98,Moderate,Millennials
21058,6.5,0.0,8.4,2.0,4.3,3.32,Low,Millennials
21059,5.1,4.6,7.3,3.1,2.1,3.3,Low,Millennials
21060,4.2,3.2,8.8,1.3,4.3,2.71,Low,Millennials
21061,6.9,2.8,6.7,1.5,8.0,3.28,Moderate,Millennials
21062,5.5,2.4,7.4,0.6,2.4,3.01,Low,Millennials
21063,7.3,0.2,8.1,2.4,3.0,3.78,Moderate,Millennials
21064,3.7,3.3,7.3,0.0,3.3,3.0,Moderate,Millennials
21065,5.0,3.7,8.5,0.3,5.1,3.27,Moderate,Millennials
21066,5.0,2.6,8.6,4.5,5.3,2.73,Low,Millennials
21067,5.1,3.0,8.0,1.8,1.5,2.96,Low,Millennials
21068,7.0,2.6,7.6,1.8,1.8,2.44,Moderate,Millennials
21069,6.2,1.9,7.7,3.5,3.0,3.43,Moderate,Millennials
21070,6.6,2.7,8.7,1.5,3.5,3.57,Moderate,Millennials
21071,6.2,1.9,8.1,4.3,3.5,2.96,Low,Millennials
21072,6.0,3.4,7.2,2.7,5.4,3.42,Moderate,Millennials
21073,5.7,1.8,6.4,3.5,5.6,3.49,Moderate,Millennials
21074,6.7,2.5,7.1,3.0,4.7,3.3,Moderate,Millennials
21075,4.2,2.8,6.9,0.5,4.6,3.2,Moderate,Millennials
21076,3.6,0.3,6.6,0.6,3.4,3.55,Moderate,Millennials
21077,4.9,1.2,6.1,2.2,4.7,2.88,Moderate,Millennials
21078,4.5,2.7,8.9,3.8,5.8,2.92,Moderate,Millennials
21079,6.1,3.3,7.5,2.7,3.5,3.13,Moderate,Millennials
21080,4.5,2.5,7.5,1.9,4.5,3.04,High,Millennials
21081,6.6,2.1,8.4,1.3,3.2,2.42,Low,Millennials
21082,5.7,1.6,6.9,3.8,4.1,2.64,Low,Millennials
21083,4.6,0.0,8.3,3.9,5.2,3.16,Moderate,Millennials
21084,6.1,2.1,8.4,0.2,3.2,3.45,Low,Millennials
21085,5.7,1.9,8.5,1.3,5.0,3.14,Low,Millennials
21086,5.7,3.3,7.2,2.3,3.9,3.27,Moderate,Millennials
21087,3.0,1.8,7.2,3.4,3.2,3.84,Moderate,Millennials
21088,7.5,1.0,7.6,1.4,3.7,2.73,Low,Millennials
21089,6.5,2.1,7.8,1.0,3.9,2.7,High,Millennials
21090,7.8,2.3,8.1,0.0,6.0,3.44,Low,Millennials
21091,5.8,3.1,7.4,2.3,2.5,3.3,Moderate,Millennials
21092,6.9,1.5,7.5,2.1,4.1,2.67,High,Millennials
21093,5.2,1.6,5.9,4.4,4.7,3.1,Low,Millennials
21094,7.5,2.7,6.8,2.6,6.1,2.34,Moderate,Millennials
21095,5.2,3.4,8.5,2.6,4.2,3.21,Moderate,Millennials
21096,4.4,1.6,8.5,1.9,2.4,2.75,Low,Millennials
21097,3.6,1.5,8.9,1.0,2.2,3.21,Low,Millennials
21098,4.4,2.6,10.0,1.7,4.7,2.89,Moderate,Millennials
21099,5.0,0.2,7.1,1.0,4.5,2.94,Low,Millennials
21100,6.8,4.0,8.8,3.1,3.1,3.21,Low,Millennials
21101,10.0,2.4,7.9,3.1,3.0,2.65,Moderate,Millennials
21102,5.6,2.1,7.8,1.2,4.8,3.31,Moderate,Millennials
21103,6.4,3.1,6.4,1.4,5.3,3.37,Moderate,Millennials
21104,5.9,2.7,8.9,3.7,4.6,2.59,Moderate,Millennials
21105,6.7,2.9,8.1,2.2,5.9,2.54,Low,Millennials
21106,3.8,1.8,8.9,2.7,6.9,3.26,Moderate,Millennials
21107,5.6,2.9,8.4,1.8,6.2,3.0,Low,Millennials
21108,6.9,2.8,8.5,3.3,4.9,2.97,Low,Millennials
21109,5.5,2.7,6.5,3.5,4.9,3.13,Moderate,Millennials
21110,5.7,3.0,7.8,2.4,3.6,3.31,High,Millennials
21111,6.2,2.2,8.4,1.6,3.9,2.95,Moderate,Millennials
21112,7.6,4.0,9.5,0.6,3.6,3.17,Low,Millennials
21113,6.8,1.7,7.6,2.0,4.1,2.74,Moderate,Millennials
21114,4.7,0.8,7.5,2.6,5.1,2.63,Moderate,Millennials
21115,7.2,1.3,7.3,3.0,6.0,3.15,Low,Millennials
21116,4.2,0.9,9.6,2.1,4.7,3.09,Moderate,Millennials
21117,8.3,2.8,6.3,0.8,3.2,2.86,Moderate,Millennials
21118,8.2,3.1,8.2,3.8,3.1,3.37,High,Millennials
21119,7.0,0.3,7.4,3.8,5.3,3.39,Moderate,Millennials
21120,4.4,1.0,8.1,3.6,3.0,2.97,Low,Millennials
21121,5.3,1.4,9.2,2.4,2.6,2.88,Moderate,Millennials
21122,7.7,2.8,8.0,1.6,2.4,2.98,Low,Millennials
21123,7.4,2.5,8.6,2.1,2.9,2.94,Moderate,Millennials
21124,5.4,3.5,9.0,1.0,5.5,2.93,Moderate,Millennials
21125,4.0,3.2,8.3,2.8,3.6,2.86,High,Millennials
21126,7.1,2.6,9.0,1.9,3.1,2.88,High,Millennials
21127,5.6,3.3,6.5,2.5,3.8,3.23,Moderate,Millennials
21128,7.0,1.1,7.9,1.8,5.0,2.57,Low,Millennials
21129,4.9,2.5,6.9,2.1,4.5,3.26,Moderate,Millennials
21130,2.7,1.7,7.5,1.3,2.8,2.58,Low,Millennials
21131,5.7,2.0,6.9,0.5,4.9,3.09,High,Millennials
21132,6.0,0.4,8.3,2.9,4.9,2.87,Moderate,Millennials
21133,3.0,2.5,7.9,1.1,5.5,2.43,Moderate,Millennials
21134,6.5,3.1,7.4,1.2,3.9,3.15,Low,Millennials
21135,6.7,2.0,8.9,3.3,3.7,3.11,High,Millennials
21136,4.9,1.5,10.0,2.7,3.3,3.01,Moderate,Millennials
21137,7.8,1.4,6.8,2.5,5.2,2.66,Moderate,Millennials
21138,6.2,2.1,6.8,2.7,5.6,3.23,Moderate,Millennials
21139,5.2,1.6,7.1,0.8,7.9,3.16,Moderate,Millennials
21140,7.0,0.5,7.1,3.2,6.0,2.49,High,Millennials
21141,3.8,3.5,8.9,1.4,4.5,3.13,Moderate,Millennials
21142,6.4,1.3,8.3,3.5,3.8,2.74,Low,Millennials
21143,5.2,1.6,9.0,2.4,2.3,3.32,High,Millennials
21144,5.9,1.2,7.2,1.1,3.6,3.22,Moderate,Millennials
21145,3.9,0.0,7.4,0.6,7.2,2.8,Low,Millennials
21146,4.6,2.0,6.8,2.4,1.6,2.93,Moderate,Millennials
21147,4.6,1.7,8.9,2.8,4.4,2.91,Moderate,Millennials
21148,5.9,1.1,6.3,3.2,5.4,3.18,Moderate,Millennials
21149,5.6,1.8,8.2,1.0,4.5,2.63,High,Millennials
21150,6.9,1.8,6.9,3.4,3.8,2.33,Moderate,Millennials
21151,7.2,3.1,8.3,3.1,5.3,3.22,Low,Millennials
21152,4.5,1.8,6.9,1.7,2.8,3.3,Low,Millennials
21153,6.6,1.4,6.6,2.8,4.0,3.0,Moderate,Millennials
21154,6.9,5.2,7.6,1.7,6.3,2.88,High,Millennials
21155,6.6,1.6,7.4,2.0,5.0,3.16,High,Millennials
21156,5.0,3.3,7.1,1.5,6.1,3.05,Low,Millennials
21157,7.0,3.7,7.3,0.0,6.4,2.82,Low,Millennials
21158,4.9,1.5,6.7,1.1,5.2,3.09,High,Millennials
21159,5.6,2.3,7.2,2.0,1.8,2.28,Moderate,Millennials
21160,5.5,2.0,7.6,4.2,5.5,3.37,Low,Millennials
21161,4.6,1.0,9.2,2.6,5.6,2.19,Moderate,Millennials
21162,4.4,2.0,8.7,5.1,4.1,2.2,Low,Millennials
21163,6.5,3.8,7.1,3.3,5.3,2.5,Moderate,Millennials
21164,7.0,3.1,8.0,0.3,5.7,2.55,Moderate,Millennials
21165,8.0,1.1,8.8,0.8,4.0,3.43,Low,Millennials
21166,5.2,3.6,7.4,3.8,5.2,3.11,Moderate,Millennials
21167,7.7,3.9,8.0,2.9,6.3,3.06,Moderate,Millennials
21168,8.4,1.9,8.0,2.3,3.4,2.95,Low,Millennials
21169,5.4,2.7,7.2,2.3,3.1,3.24,Moderate,Millennials
21170,6.2,1.8,7.6,2.0,4.3,3.13,Low,Millennials
21171,4.0,0.4,8.5,2.5,5.8,2.96,Moderate,Millennials
21172,6.2,0.9,8.5,1.5,5.0,2.77,Moderate,Millennials
21173,5.9,3.4,7.0,1.1,3.7,2.76,High,Millennials
21174,6.3,2.6,7.3,1.5,4.8,3.01,Moderate,Millennials
21175,6.2,1.3,8.9,1.3,2.7,3.09,Low,Millennials
21176,7.0,1.5,7.3,1.7,6.1,2.64,Low,Millennials
21177,6.2,1.8,6.8,0.3,4.6,3.53,High,Millennials
21178,6.5,1.3,7.3,2.2,6.1,3.45,Moderate,Millennials
21179,5.8,0.9,8.3,1.7,3.5,3.37,High,Millennials
21180,5.5,3.1,7.7,2.1,4.2,3.1,Low,Millennials
21181,5.1,1.3,7.2,2.2,4.9,2.45,High,Millennials
21182,4.2,2.9,9.0,2.6,5.7,2.83,High,Millennials
21183,8.0,1.3,7.3,2.1,7.8,3.14,Moderate,Millennials
21184,6.5,3.2,9.0,1.4,2.8,2.81,Low,Millennials
21185,8.2,2.3,7.4,2.0,4.8,2.78,Moderate,Millennials
21186,5.2,2.3,8.4,0.9,6.2,3.19,High,Millennials
21187,6.6,2.9,9.0,2.6,2.6,3.16,Low,Millennials
21188,4.0,3.4,6.6,0.5,3.8,3.27,Low,Millennials
21189,7.2,3.4,8.1,1.9,4.0,2.82,Moderate,Millennials
21190,7.0,0.0,8.5,2.0,6.8,2.71,Moderate,Millennials
21191,6.5,2.1,8.2,1.8,6.6,3.32,Moderate,Millennials
21192,6.8,2.9,8.7,0.9,4.2,3.11,High,Millennials
21193,4.6,2.9,6.6,3.4,5.5,2.37,Moderate,Millennials
21194,5.6,1.0,6.4,3.3,5.3,2.28,Moderate,Millennials
21195,7.2,2.3,5.6,2.2,0.6,3.35,Low,Millennials
21196,6.7,1.8,8.5,2.7,5.7,3.41,Moderate,Millennials
21197,5.5,2.7,7.0,0.8,3.9,2.82,Moderate,Millennials
21198,7.1,1.5,8.8,2.5,1.6,2.79,Low,Millennials
21199,5.6,3.3,7.5,2.0,3.4,3.08,Low,Millennials
21200,5.3,2.5,8.6,3.9,4.8,3.08,Low,Millennials
21201,7.9,0.7,7.7,1.9,4.0,3.16,Moderate,Millennials
21202,7.8,3.5,6.1,0.3,4.0,2.14,Low,Millennials
21203,7.4,2.7,7.2,1.7,5.7,2.98,Moderate,Millennials
21204,6.6,2.0,8.0,1.1,5.4,2.8,Moderate,Millennials
21205,5.9,2.0,10.0,2.7,5.1,3.37,Low,Millennials
21206,6.6,1.1,7.5,1.9,5.0,3.26,Moderate,Millennials
21207,6.7,1.6,7.8,1.3,5.7,3.04,Moderate,Millennials
21208,5.7,2.8,7.6,1.0,4.4,2.92,High,Millennials
21209,5.5,2.9,8.3,2.8,6.3,2.52,High,Millennials
21210,5.5,2.7,8.7,1.6,5.3,2.75,Low,Millennials
21211,5.2,1.0,9.0,0.8,4.0,2.97,Moderate,Millennials
21212,7.8,1.2,8.2,0.4,4.8,3.2,Moderate,Millennials
21213,6.0,3.2,8.8,1.4,5.5,2.88,Moderate,Millennials
21214,4.9,2.3,8.2,2.3,4.5,3.48,High,Millennials
21215,3.0,2.4,7.8,2.0,4.2,2.98,Moderate,Millennials
21216,4.9,3.0,8.7,0.2,4.2,3.21,Moderate,Millennials
21217,4.6,4.0,7.9,1.3,4.7,2.73,High,Millennials
21218,5.7,2.7,7.7,3.0,3.4,3.53,Moderate,Millennials
21219,5.2,1.7,7.6,0.0,6.2,2.9,Moderate,Millennials
21220,7.0,4.8,8.6,4.4,3.8,3.35,Low,Millennials
21221,4.9,3.9,7.0,3.3,4.4,3.24,Low,Millennials
21222,7.5,2.7,7.3,4.2,4.3,3.3,Moderate,Millennials
21223,4.9,1.8,8.4,1.9,3.4,2.79,Moderate,Millennials
21224,6.2,1.8,9.3,3.2,3.6,3.1,Low,Millennials
21225,5.7,2.7,8.4,0.7,1.3,2.18,Moderate,Millennials
21226,6.1,3.5,7.4,0.2,5.6,2.85,High,Millennials
21227,6.3,2.8,6.9,1.8,3.0,2.99,Moderate,Millennials
21228,7.0,2.7,9.9,4.2,3.7,2.65,High,Millennials
21229,2.9,1.7,5.8,1.7,5.4,2.65,Moderate,Millennials
21230,5.2,5.0,8.2,3.1,3.6,2.67,High,Millennials
21231,4.9,4.2,8.5,4.0,4.5,2.71,Low,Millennials
21232,7.2,1.8,7.1,2.4,5.6,3.43,Moderate,Millennials
21233,6.3,0.0,7.5,3.7,4.0,2.66,Moderate,Millennials
21234,6.1,2.6,8.0,2.6,4.0,2.71,Low,Millennials
21235,6.9,2.4,6.9,1.3,3.9,2.68,Moderate,Millennials
21236,7.5,1.0,8.7,1.9,3.0,3.29,Low,Millennials
21237,5.6,1.5,9.1,4.1,2.3,3.47,Moderate,Millennials
21238,3.1,3.0,7.7,2.9,5.2,2.51,Moderate,Millennials
21239,5.2,2.6,8.1,2.2,4.1,2.9,High,Millennials
21240,5.2,0.4,8.7,0.6,2.7,2.39,Moderate,Millennials
21241,6.3,3.3,6.7,3.0,3.7,3.45,Moderate,Millennials
21242,5.1,2.9,8.9,2.2,4.9,3.13,Moderate,Millennials
21243,6.9,2.7,6.9,0.7,2.5,2.99,Moderate,Millennials
21244,5.6,1.9,8.5,4.3,6.1,2.58,Low,Millennials
21245,6.7,0.7,8.6,1.9,3.9,2.8,High,Millennials
21246,4.6,3.3,7.3,5.0,3.0,2.8,Low,Millennials
21247,4.7,1.4,7.4,2.3,4.4,3.12,Moderate,Millennials
21248,6.6,1.2,7.3,2.7,5.5,2.98,Moderate,Millennials
21249,4.4,3.8,7.3,0.9,5.3,3.25,High,Millennials
21250,7.3,2.1,7.9,1.7,6.1,2.63,Moderate,Millennials
21251,7.6,1.4,7.2,2.2,6.7,2.22,Moderate,Millennials
21252,8.1,2.8,7.3,1.4,4.1,3.3,Moderate,Millennials
21253,6.7,1.7,7.3,2.5,4.1,2.98,Low,Millennials
21254,5.8,1.5,7.9,3.8,6.3,2.75,Moderate,Millennials
21255,6.4,3.4,7.1,3.5,3.0,3.51,Low,Millennials
21256,5.9,2.7,7.6,3.3,4.3,2.74,High,Millennials
21257,5.4,2.1,7.8,3.3,4.5,3.22,Moderate,Millennials
21258,4.7,3.0,6.7,2.4,4.2,3.07,High,Millennials
21259,6.7,3.3,6.3,4.3,5.1,3.31,Moderate,Millennials
21260,5.4,3.6,5.9,0.5,4.9,3.3,Low,Millennials
21261,4.8,3.0,6.1,2.9,5.1,2.89,Low,Millennials
21262,4.9,3.0,7.3,2.4,4.9,3.45,Low,Millennials
21263,4.7,1.6,8.3,0.3,5.8,3.2,Low,Millennials
21264,6.7,3.1,6.8,3.5,6.5,3.08,Moderate,Millennials
21265,5.8,2.6,6.9,2.3,6.2,3.32,Moderate,Millennials
21266,6.6,2.1,6.9,1.4,3.0,2.84,Moderate,Millennials
21267,5.0,1.7,6.8,0.8,2.7,3.94,Low,Millennials
21268,4.8,1.5,7.4,0.6,5.7,2.56,Moderate,Millennials
21269,5.8,0.9,7.9,0.1,4.6,3.0,Moderate,Millennials
21270,3.7,1.3,7.5,3.9,2.7,2.66,Moderate,Millennials
21271,3.4,1.6,7.6,0.8,4.7,3.22,Low,Millennials
21272,6.2,1.0,7.9,2.9,4.4,3.2,Moderate,Millennials
21273,6.5,1.4,6.5,2.1,3.8,2.84,High,Millennials
21274,3.6,2.9,8.7,3.0,3.7,3.18,High,Millennials
21275,3.8,2.9,9.3,1.6,4.8,3.09,Low,Millennials
21276,5.0,1.7,7.9,1.3,5.6,2.97,High,Millennials
21277,5.2,1.8,7.8,0.7,3.3,3.03,Low,Millennials
21278,5.3,1.6,8.9,1.6,4.0,3.07,Low,Millennials
21279,5.8,2.1,8.0,2.1,4.2,2.92,Low,Millennials
21280,4.2,2.1,6.8,0.7,7.4,3.4,High,Millennials
21281,6.5,1.5,9.1,1.3,3.0,2.81,Low,Millennials
21282,5.3,2.3,8.6,1.8,4.3,3.24,Moderate,Millennials
21283,5.2,1.3,8.3,3.7,5.3,3.13,Low,Millennials
21284,4.4,1.8,7.0,0.0,3.1,3.15,Moderate,Millennials
21285,6.5,0.7,8.2,1.2,3.1,3.34,High,Millennials
21286,5.8,2.4,8.3,2.6,2.1,3.06,Moderate,Millennials
21287,4.7,0.1,7.7,1.4,2.3,3.1,Moderate,Millennials
21288,5.8,2.6,8.7,1.7,3.6,3.35,Moderate,Millennials
21289,6.2,4.2,7.0,0.4,4.6,3.25,Moderate,Millennials
21290,4.0,2.9,6.4,1.0,4.7,2.9,Moderate,Millennials
21291,3.6,2.7,8.1,1.4,5.1,3.41,Moderate,Millennials
21292,6.5,1.8,8.9,0.0,4.7,2.78,Moderate,Millennials
21293,5.5,3.8,6.7,2.5,0.7,2.65,Low,Millennials
21294,7.1,1.4,6.4,1.6,3.7,2.9,Moderate,Millennials
21295,4.0,3.1,9.0,0.1,3.7,3.03,Moderate,Millennials
21296,4.8,0.4,7.5,2.2,3.1,2.98,Moderate,Millennials
21297,8.1,4.5,8.0,0.0,6.2,2.96,Moderate,Millennials
21298,7.0,1.9,7.3,2.0,3.4,3.0,High,Millennials
21299,6.5,3.5,8.6,3.0,4.4,2.57,High,Millennials
21300,6.1,1.5,8.3,3.7,4.2,2.99,High,Millennials
21301,5.0,2.0,9.2,1.2,6.5,2.65,High,Millennials
21302,6.3,1.3,7.7,1.2,2.4,3.3,Low,Millennials
21303,6.8,0.0,9.7,1.1,4.2,3.41,Moderate,Millennials
21304,5.3,3.7,7.8,2.9,4.0,3.29,High,Millennials
21305,5.9,3.8,7.4,1.8,2.8,3.07,Moderate,Millennials
21306,8.2,3.3,6.5,1.6,3.6,3.15,Low,Millennials
21307,5.1,4.0,8.0,0.0,3.5,3.22,Moderate,Millennials
21308,4.3,3.2,7.4,1.6,4.7,2.95,Moderate,Millennials
21309,7.6,1.4,7.3,3.1,5.1,3.1,Moderate,Millennials
21310,5.6,1.3,9.0,3.6,3.5,3.19,High,Millennials
21311,4.5,0.8,6.9,3.0,5.7,3.29,Moderate,Millennials
21312,6.7,2.5,7.7,2.1,4.5,3.29,Moderate,Millennials
21313,6.6,1.4,6.2,3.0,5.3,3.46,High,Millennials
21314,5.3,1.7,7.5,2.2,4.3,3.03,Moderate,Millennials
21315,4.7,2.8,8.3,2.9,5.2,2.49,Low,Millennials
21316,6.6,0.8,9.6,3.4,5.2,3.09,Moderate,Millennials
21317,5.5,2.1,8.4,2.6,3.4,2.94,Moderate,Millennials
21318,5.7,2.5,8.3,2.1,4.8,3.12,Moderate,Millennials
21319,5.3,1.1,7.8,3.1,2.9,2.8,Moderate,Millennials
21320,5.6,3.5,7.4,1.0,3.2,2.74,Low,Millennials
21321,5.4,0.6,6.0,3.3,3.5,2.55,Low,Millennials
21322,6.4,3.7,8.5,1.1,4.4,2.98,Moderate,Millennials
21323,7.4,2.1,8.3,1.9,4.0,3.39,Low,Millennials
21324,5.9,1.6,6.3,1.5,4.9,3.14,Moderate,Millennials
21325,6.3,3.1,6.1,2.2,3.8,3.59,Moderate,Millennials
21326,4.9,1.7,8.6,1.9,2.6,2.49,High,Millennials
21327,5.9,2.4,7.2,0.7,4.3,2.49,Low,Millennials
21328,2.0,2.8,7.0,1.8,5.4,3.26,Low,Millennials
21329,6.8,1.4,7.4,2.1,3.9,3.01,Moderate,Millennials
21330,5.5,2.3,8.4,2.8,4.7,3.23,Low,Millennials
21331,5.7,2.5,7.6,0.6,4.6,3.2,Low,Millennials
21332,3.5,1.5,7.0,2.6,5.9,2.87,Moderate,Millennials
21333,5.9,1.1,7.0,2.7,2.4,3.2,High,Millennials
21334,6.0,2.2,7.8,1.1,3.4,3.45,Moderate,Millennials
21335,6.2,0.5,6.8,2.3,3.1,2.95,Moderate,Millennials
21336,4.8,2.3,7.3,0.8,3.8,3.05,Low,Millennials
21337,3.5,1.5,8.9,3.5,4.6,2.82,Low,Millennials
21338,7.3,4.8,7.1,1.9,3.8,3.46,Moderate,Millennials
21339,5.9,4.2,8.2,1.5,6.2,3.03,Moderate,Millennials
21340,7.0,2.0,6.9,0.3,4.1,3.06,Moderate,Millennials
21341,3.9,1.0,8.8,1.7,6.5,2.97,Moderate,Millennials
21342,6.9,3.3,7.4,0.6,3.6,3.1,Moderate,Millennials
21343,5.0,4.3,8.1,1.8,4.3,3.31,High,Millennials
21344,5.3,2.6,9.4,1.8,5.1,3.69,Low,Millennials
21345,7.0,3.7,9.2,1.4,6.4,2.9,Low,Millennials
21346,4.9,0.9,7.6,2.0,3.5,3.29,Low,Millennials
21347,5.2,4.1,7.3,3.5,2.5,2.66,Moderate,Millennials
21348,4.6,0.8,7.9,3.4,4.2,2.65,Moderate,Millennials
21349,6.7,2.1,7.1,0.0,4.9,2.92,Low,Millennials
21350,4.7,1.7,7.5,0.9,5.4,3.2,Moderate,Millennials
21351,6.6,2.6,8.2,2.2,1.1,3.38,Moderate,Millennials
21352,7.4,3.2,7.7,1.8,3.9,2.85,Low,Millennials
21353,7.6,1.5,8.0,2.8,4.3,3.38,Moderate,Millennials
21354,7.4,3.7,7.4,4.3,2.1,2.92,Moderate,Millennials
21355,6.2,2.2,7.7,2.5,1.6,2.9,Moderate,Millennials
21356,4.4,4.3,8.6,2.3,3.2,3.17,Low,Millennials
21357,5.6,0.5,8.3,2.0,5.9,2.85,High,Millennials
21358,6.2,2.4,7.0,2.5,3.6,2.86,High,Millennials
21359,5.0,3.3,7.5,2.2,5.9,3.32,High,Millennials
21360,7.8,3.5,8.3,1.8,4.7,2.84,Moderate,Millennials
21361,6.4,3.9,7.5,0.4,5.5,2.88,Moderate,Millennials
21362,4.7,3.2,7.5,3.8,4.7,3.43,Moderate,Millennials
21363,5.1,1.4,6.4,2.0,4.9,3.17,Moderate,Millennials
21364,7.6,1.5,7.3,2.2,6.6,3.34,Low,Millennials
21365,5.6,2.8,8.2,1.8,4.4,2.58,Moderate,Millennials
21366,7.2,1.6,7.4,1.3,6.6,3.21,Low,Millennials
21367,4.0,2.2,7.8,2.2,4.0,2.57,High,Millennials
21368,5.4,2.1,6.0,1.9,3.2,2.69,Low,Millennials
21369,5.4,3.2,8.4,0.2,3.3,3.08,Moderate,Millennials
21370,2.7,1.2,6.5,1.8,4.1,3.08,High,Millennials
21371,7.0,1.6,7.4,2.8,4.9,2.89,Moderate,Millennials
21372,5.2,1.4,9.2,4.0,3.4,2.73,Moderate,Millennials
21373,6.2,2.8,8.6,4.0,4.1,2.92,Low,Millennials
21374,6.9,2.4,6.9,1.6,2.7,2.98,Moderate,Millennials
21375,5.6,3.3,9.1,3.9,4.5,3.59,Moderate,Millennials
21376,4.8,1.6,6.7,0.8,6.1,3.07,High,Millennials
21377,7.2,0.9,7.0,2.0,4.9,2.87,Moderate,Millennials
21378,6.5,1.9,8.0,0.5,5.1,3.22,Moderate,Millennials
21379,6.3,1.2,7.7,0.5,5.8,2.21,Moderate,Millennials
21380,4.8,1.7,9.2,2.8,2.8,3.05,High,Millennials
21381,3.9,1.7,7.7,2.9,5.5,2.87,Moderate,Millennials
21382,9.2,2.0,8.3,1.3,2.8,3.03,Moderate,Millennials
21383,7.6,3.1,7.4,1.9,2.9,2.72,High,Millennials
21384,5.7,1.7,10.0,1.5,5.3,3.06,Moderate,Millennials
21385,5.0,2.9,9.4,2.1,4.2,3.05,Low,Millennials
21386,3.4,2.7,6.7,2.9,4.0,2.97,Low,Millennials
21387,7.5,0.3,8.2,0.8,3.5,3.19,Moderate,Millennials
21388,5.3,2.3,7.1,0.8,3.7,3.26,Moderate,Millennials
21389,5.6,2.7,5.4,2.7,5.4,3.49,Moderate,Millennials
21390,6.8,2.8,7.4,1.2,5.4,3.07,Moderate,Millennials
21391,5.0,3.9,6.0,2.2,3.6,2.58,High,Millennials
21392,5.2,1.4,8.4,0.9,4.0,3.05,Moderate,Millennials
21393,6.4,3.9,9.2,3.2,5.0,3.07,Moderate,Millennials
21394,5.9,2.5,7.0,2.1,3.9,2.86,Moderate,Millennials
21395,4.1,1.2,8.1,2.3,5.1,2.97,Low,Millennials
21396,7.1,0.1,8.2,0.2,1.3,3.34,Moderate,Millennials
21397,4.4,0.0,7.3,2.8,4.6,2.85,High,Millennials
21398,6.5,3.1,8.6,2.5,5.0,3.0,Moderate,Millennials
21399,5.5,1.6,7.8,2.4,3.5,3.36,Low,Millennials
21400,2.5,1.1,8.0,1.9,2.8,3.29,High,Millennials
21401,6.3,3.4,7.7,2.7,4.4,3.3,Moderate,Millennials
21402,6.1,0.1,6.6,2.4,2.7,3.04,Low,Millennials
21403,6.8,3.2,8.8,1.9,5.0,3.38,Low,Millennials
21404,6.8,1.5,7.0,1.3,6.5,2.19,Moderate,Millennials
21405,5.5,3.2,7.9,1.3,5.6,3.06,Low,Millennials
21406,4.7,1.4,8.0,2.5,4.3,2.79,Low,Millennials
21407,3.0,1.8,8.7,2.9,4.4,3.52,Moderate,Millennials
21408,5.9,0.5,7.1,2.4,4.3,3.18,High,Millennials
21409,6.0,1.4,7.7,2.4,2.1,2.79,Moderate,Millennials
21410,6.4,1.9,9.5,1.0,5.2,3.15,Low,Millennials
21411,6.0,0.9,8.1,2.3,5.4,3.09,Moderate,Millennials
21412,6.7,1.6,6.4,3.2,2.5,3.15,Moderate,Millennials
21413,5.2,2.7,6.7,3.4,2.8,3.01,Low,Millennials
21414,5.6,1.5,9.1,0.0,2.8,2.84,Low,Millennials
21415,4.6,1.0,7.9,3.6,4.2,2.7,Low,Millennials
21416,7.6,0.6,6.4,0.6,4.7,2.67,Moderate,Millennials
21417,7.5,1.6,6.6,2.6,5.1,3.19,Low,Millennials
21418,4.0,1.9,7.3,3.1,3.8,2.56,Moderate,Millennials
21419,6.8,0.1,9.0,1.5,4.5,2.82,Moderate,Millennials
21420,4.1,3.0,7.4,2.0,4.6,2.77,Low,Millennials
21421,7.2,3.1,8.3,2.1,4.5,2.5,Low,Millennials
21422,5.4,2.4,7.8,3.2,5.2,3.15,Low,Millennials
21423,6.1,2.1,7.0,4.0,3.7,2.85,High,Millennials
21424,6.4,3.2,7.6,1.7,5.1,3.97,Moderate,Millennials
21425,2.7,1.4,7.0,2.2,5.3,3.39,Moderate,Millennials
21426,6.6,2.4,7.2,1.8,5.5,2.45,Moderate,Millennials
21427,7.6,2.2,6.6,1.2,4.1,2.99,Low,Millennials
21428,5.9,3.7,7.8,0.3,2.9,3.1,Moderate,Millennials
21429,5.9,2.5,6.8,1.3,4.1,2.62,Low,Millennials
21430,5.1,3.6,8.8,4.2,4.7,2.95,Moderate,Millennials
21431,5.1,4.2,7.6,2.6,4.2,2.72,Moderate,Millennials
21432,7.3,1.0,9.5,2.4,7.0,2.41,Moderate,Millennials
21433,7.1,3.0,8.4,2.1,4.1,2.89,Moderate,Millennials
21434,5.4,1.9,7.9,3.3,6.8,2.78,Moderate,Millennials
21435,6.4,3.1,8.8,1.3,0.3,2.92,Low,Millennials
21436,7.6,2.7,9.3,1.3,4.5,3.11,Moderate,Millennials
21437,6.7,2.1,7.3,2.6,2.7,3.51,Moderate,Millennials
21438,5.3,1.0,8.7,0.9,4.8,3.39,Moderate,Millennials
21439,6.2,3.3,6.8,1.4,5.8,3.15,Moderate,Millennials
21440,5.1,2.6,10.0,1.1,5.6,2.97,Low,Millennials
21441,3.5,2.1,7.9,2.7,4.3,2.87,Moderate,Millennials
21442,6.5,2.4,6.6,2.1,4.8,2.7,High,Millennials
21443,4.7,3.4,8.1,2.5,2.5,3.21,Low,Millennials
21444,5.7,2.7,7.3,3.8,3.9,2.82,Moderate,Millennials
21445,7.3,0.3,7.9,2.3,4.3,2.94,Moderate,Millennials
21446,6.2,0.6,9.3,2.8,3.9,3.25,Moderate,Millennials
21447,6.5,0.9,7.6,1.5,4.1,3.01,Moderate,Millennials
21448,5.8,2.2,8.3,1.6,1.8,3.38,Moderate,Millennials
21449,5.1,3.5,7.4,3.4,5.2,3.75,Moderate,Millennials
21450,5.9,1.0,8.0,0.0,5.1,3.04,Moderate,Millennials
21451,6.2,1.8,7.1,2.5,4.1,2.41,Moderate,Millennials
21452,7.1,2.2,6.9,3.2,5.7,3.26,Moderate,Millennials
21453,4.9,4.5,6.8,2.1,4.7,3.13,Moderate,Millennials
21454,5.1,1.7,8.4,3.5,5.8,3.0,Moderate,Millennials
21455,5.5,2.2,8.1,2.1,7.0,3.29,Moderate,Millennials
21456,6.4,2.0,8.1,0.4,4.6,3.01,Moderate,Millennials
21457,5.9,1.5,7.4,1.7,6.4,3.03,Low,Millennials
21458,7.6,1.3,7.8,4.1,2.8,3.29,Moderate,Millennials
21459,6.9,2.0,7.5,1.7,4.4,3.47,Moderate,Millennials
21460,8.8,4.6,8.2,1.7,3.9,2.74,Moderate,Millennials
21461,4.6,1.7,8.5,1.4,3.9,2.85,Low,Millennials
21462,6.1,2.1,8.1,1.3,5.3,2.85,High,Millennials
21463,6.6,4.0,7.9,0.3,5.2,3.24,Moderate,Millennials
21464,6.6,3.4,7.9,3.3,2.3,3.1,Moderate,Millennials
21465,5.4,2.1,8.6,0.2,6.4,3.04,High,Millennials
21466,5.0,1.9,8.6,3.2,5.9,2.87,Moderate,Millennials
21467,5.3,1.6,7.4,1.3,3.7,3.13,Moderate,Millennials
21468,4.7,1.6,7.9,1.0,4.2,3.46,Moderate,Millennials
21469,7.8,3.0,8.6,4.3,3.5,3.25,Low,Millennials
21470,4.8,0.9,7.5,3.1,0.7,2.66,Low,Millennials
21471,5.8,2.4,8.6,0.9,5.0,2.71,Low,Millennials
21472,5.9,0.0,9.4,1.1,6.1,3.16,Moderate,Millennials
21473,6.5,0.8,6.9,0.9,3.5,2.52,Low,Millennials
21474,3.8,2.8,7.9,0.0,4.6,3.31,Moderate,Millennials
21475,4.8,2.6,9.7,2.9,5.2,2.76,High,Millennials
21476,5.2,1.6,9.0,1.0,5.2,2.94,Moderate,Millennials
21477,4.0,2.2,10.0,2.9,5.3,3.15,Low,Millennials
21478,4.2,3.5,5.8,2.4,5.6,2.66,Moderate,Millennials
21479,4.1,2.0,6.5,1.6,5.9,2.78,Moderate,Millennials
21480,7.1,1.4,8.7,2.6,6.3,3.29,Moderate,Millennials
21481,4.8,1.6,9.2,3.4,4.8,2.32,High,Millennials
21482,6.7,2.4,7.8,0.1,3.0,3.14,Moderate,Millennials
21483,6.4,2.1,7.7,2.7,6.4,3.11,Low,Millennials
21484,6.9,1.8,7.9,1.7,3.7,2.42,High,Millennials
21485,6.3,3.7,6.3,2.3,7.0,2.84,Low,Millennials
21486,5.6,2.6,6.6,1.5,4.7,3.28,Low,Millennials
21487,4.2,3.1,7.9,1.1,3.7,2.8,Low,Millennials
21488,5.6,3.2,7.1,2.3,3.5,3.07,Moderate,Millennials
21489,4.8,0.7,8.0,0.0,4.9,2.82,High,Millennials
21490,2.3,2.3,9.1,4.0,6.2,2.71,Low,Millennials
21491,7.7,4.1,7.7,2.4,7.1,3.02,Low,Millennials
21492,7.1,3.2,7.5,0.4,3.1,2.87,Moderate,Millennials
21493,8.8,4.6,8.5,3.2,5.2,3.43,Moderate,Millennials
21494,6.6,2.9,8.0,2.6,2.3,2.83,High,Millennials
21495,8.4,1.5,7.6,1.9,5.4,2.99,Moderate,Millennials
21496,6.2,0.7,9.0,2.5,5.7,2.79,Moderate,Millennials
21497,7.2,0.5,6.9,3.7,1.8,2.97,Moderate,Millennials
21498,4.3,2.1,8.6,3.5,4.0,2.49,Moderate,Millennials
21499,3.7,3.5,8.2,2.7,4.0,3.49,Moderate,Millennials
21500,6.8,0.7,7.5,0.9,4.5,3.03,Moderate,Millennials
21501,5.9,3.4,8.9,0.4,4.8,2.83,Low,Millennials
21502,6.7,0.4,8.8,2.7,3.1,3.08,Moderate,Millennials
21503,4.7,2.0,7.4,2.9,5.3,3.16,Moderate,Millennials
21504,4.9,3.0,7.7,1.3,4.7,2.69,Moderate,Millennials
21505,6.6,2.3,6.0,2.2,5.5,2.78,Moderate,Millennials
21506,9.0,1.5,6.8,2.9,3.8,3.38,Low,Millennials
21507,5.3,2.1,7.6,2.0,1.9,2.76,Moderate,Millennials
21508,5.0,3.3,9.0,0.7,7.0,2.74,High,Millennials
21509,6.2,1.0,8.2,1.3,5.7,2.87,Low,Millennials
21510,6.2,1.9,6.6,2.1,6.4,2.9,Moderate,Millennials
21511,7.5,3.0,7.8,0.9,5.4,2.44,Low,Millennials
21512,4.6,0.8,6.8,1.2,3.4,3.11,High,Millennials
21513,7.1,0.0,7.9,2.1,4.1,3.37,Moderate,Millennials
21514,7.3,0.9,7.2,2.8,1.6,2.9,Low,Millennials
21515,5.3,0.4,7.8,2.7,3.8,3.11,Moderate,Millennials
21516,4.8,1.2,7.8,3.6,4.8,3.19,Moderate,Millennials
21517,4.6,3.7,6.9,1.3,7.0,3.62,Moderate,Millennials
21518,4.9,2.5,8.9,0.0,2.6,2.84,Moderate,Millennials
21519,7.6,0.0,6.0,0.0,3.3,3.11,Low,Millennials
21520,5.6,1.9,8.3,2.4,8.0,3.2,Low,Millennials
21521,4.6,0.3,7.9,2.9,5.0,2.7,High,Millennials
21522,7.4,0.0,7.0,1.2,4.1,2.87,High,Millennials
21523,6.4,1.3,7.3,0.9,4.0,2.86,Moderate,Millennials
21524,5.7,1.6,6.8,2.3,4.1,3.34,Moderate,Millennials
21525,4.0,1.9,9.1,1.3,1.9,3.48,Low,Millennials
21526,4.7,1.7,7.8,1.0,2.9,3.62,Moderate,Millennials
21527,7.6,1.0,7.9,2.5,3.5,3.07,Moderate,Millennials
21528,6.8,2.3,7.9,1.9,5.9,2.43,High,Millennials
21529,5.3,2.8,8.6,0.1,3.6,3.36,High,Millennials
21530,4.9,3.6,7.2,2.6,5.8,2.65,High,Millennials
21531,5.8,3.1,8.3,1.0,5.1,3.0,Moderate,Millennials
21532,6.4,3.3,7.3,3.2,0.6,2.9,Low,Millennials
21533,5.8,4.2,9.0,2.0,3.5,2.8,Moderate,Millennials
21534,6.3,1.5,7.4,2.0,7.9,2.6,Low,Millennials
21535,5.5,2.7,7.6,2.0,4.5,3.23,Moderate,Millennials
21536,3.5,2.4,8.6,2.5,3.9,3.11,Moderate,Millennials
21537,5.6,1.0,5.3,1.2,1.6,2.98,Low,Millennials
21538,3.8,0.9,7.7,1.5,5.1,3.25,Low,Millennials
21539,6.8,2.0,7.6,2.3,2.9,2.88,Moderate,Millennials
21540,3.9,2.1,7.3,3.1,4.3,2.88,High,Millennials
21541,5.1,1.5,5.8,3.0,3.9,2.28,Moderate,Millennials
21542,6.7,1.5,8.3,3.0,4.4,2.94,Low,Millennials
21543,5.1,1.0,7.8,0.7,4.5,2.81,Low,Millennials
21544,6.8,2.2,8.8,1.4,3.8,3.04,Moderate,Millennials
21545,5.6,3.0,7.5,0.5,5.6,2.94,Low,Millennials
21546,7.6,3.5,6.7,2.1,4.1,2.53,Moderate,Millennials
21547,6.3,1.4,6.8,0.9,1.9,3.15,High,Millennials
21548,3.7,3.3,7.6,0.8,5.5,3.05,Low,Millennials
21549,2.9,2.9,7.8,1.2,2.8,3.54,Low,Millennials
21550,6.1,2.4,7.1,1.4,2.8,2.94,Moderate,Millennials
21551,5.1,2.5,5.6,5.6,4.1,2.92,Low,Millennials
21552,7.4,1.6,8.7,2.2,5.8,3.19,Low,Millennials
21553,4.0,1.8,8.5,0.0,4.9,3.33,Moderate,Millennials
21554,4.1,0.9,5.9,3.2,2.0,3.36,High,Millennials
21555,7.3,3.0,8.8,1.7,3.8,3.36,Low,Millennials
21556,5.8,2.3,8.5,1.7,4.6,3.17,Low,Millennials
21557,4.3,1.4,8.5,0.9,4.7,3.39,High,Millennials
21558,4.0,3.8,7.0,1.3,5.4,3.05,Moderate,Millennials
21559,7.9,1.7,7.6,4.9,4.2,3.24,Low,Millennials
21560,6.7,0.6,9.1,0.0,2.9,3.06,Moderate,Millennials
21561,4.5,2.6,7.3,1.9,3.3,2.91,High,Millennials
21562,6.4,2.8,8.8,1.6,3.6,3.31,Moderate,Millennials
21563,6.0,0.0,5.4,4.1,3.2,2.97,Moderate,Millennials
21564,5.4,2.9,8.2,3.3,4.7,3.0,Moderate,Millennials
21565,6.9,1.4,9.2,2.4,5.7,3.05,Moderate,Millennials
21566,8.6,1.9,9.4,3.8,3.7,3.35,Moderate,Millennials
21567,4.3,1.9,6.9,0.9,4.5,2.92,Moderate,Millennials
21568,4.0,0.1,7.7,0.0,4.9,3.05,Moderate,Millennials
21569,4.9,1.9,10.0,2.5,4.1,2.58,Low,Millennials
21570,5.1,2.3,9.5,2.8,4.6,2.74,Moderate,Millennials
21571,6.7,2.7,7.0,3.4,3.3,2.88,Low,Millennials
21572,5.5,1.2,6.9,2.8,5.1,3.0,Moderate,Millennials
21573,7.2,3.6,6.6,3.3,7.2,2.82,Low,Millennials
21574,2.9,2.2,6.6,2.2,3.3,3.31,Low,Millennials
21575,3.6,1.1,7.6,1.8,3.2,3.19,Moderate,Millennials
21576,3.3,2.3,8.3,1.7,5.5,3.29,Low,Millennials
21577,6.7,2.3,6.6,3.2,3.4,3.38,High,Millennials
21578,6.9,0.7,7.2,3.0,7.0,2.41,Moderate,Millennials
21579,6.1,2.2,9.5,1.7,3.8,2.76,Moderate,Millennials
21580,7.2,2.4,8.6,2.1,4.0,2.95,Moderate,Millennials
21581,5.5,1.7,8.9,1.5,3.1,2.99,Moderate,Millennials
21582,4.9,0.0,7.3,1.0,3.8,3.17,Low,Millennials
21583,7.1,1.6,9.4,2.9,3.6,3.06,Low,Millennials
21584,5.3,0.0,8.0,1.3,5.9,3.46,Moderate,Millennials
21585,6.5,1.9,6.9,0.2,5.3,3.47,Moderate,Millennials
21586,2.4,1.3,8.0,2.7,3.0,2.98,Moderate,Millennials
21587,7.9,2.9,9.1,3.1,3.9,3.03,Low,Millennials
21588,3.7,1.2,6.4,3.9,2.6,2.8,High,Millennials
21589,6.7,3.2,7.0,2.4,6.9,3.24,Low,Millennials
21590,6.5,0.9,8.6,1.0,2.5,3.13,Moderate,Millennials
21591,3.9,3.7,9.5,3.1,3.1,2.88,Moderate,Millennials
21592,8.3,2.9,8.9,1.5,6.4,3.25,Moderate,Millennials
21593,3.1,1.7,6.8,1.9,5.4,3.0,Low,Millennials
21594,6.7,2.8,7.4,0.9,4.9,2.96,High,Millennials
21595,5.9,2.9,6.8,3.1,2.7,3.55,Low,Millennials
21596,8.1,0.5,6.4,1.9,4.0,3.37,Moderate,Millennials
21597,7.0,4.3,7.0,3.3,2.7,2.58,Low,Millennials
21598,5.0,3.5,7.5,2.7,3.8,3.36,Moderate,Millennials
21599,6.1,3.5,8.0,1.8,3.5,2.64,Moderate,Millennials
21600,6.2,1.7,7.1,1.5,1.6,2.8,Low,Millennials
21601,6.3,3.8,8.7,3.2,7.1,2.74,Low,Millennials
21602,3.8,2.6,7.3,1.0,5.2,3.21,Moderate,Millennials
21603,5.7,0.0,9.7,2.6,2.5,2.97,Low,Millennials
21604,5.0,1.7,6.9,1.5,2.5,2.85,Moderate,Millennials
21605,4.6,1.8,8.5,3.6,4.9,3.17,Low,Millennials
21606,6.3,1.8,8.2,2.2,4.3,2.92,Moderate,Millennials
21607,4.9,3.6,9.1,2.3,3.3,2.76,Low,Millennials
21608,4.7,2.8,9.0,1.7,4.6,2.67,Moderate,Millennials
21609,6.0,1.2,8.3,2.9,4.7,3.26,High,Millennials
21610,7.9,0.0,8.2,2.2,6.3,3.16,Moderate,Millennials
21611,5.0,2.1,5.8,1.9,5.0,2.86,Moderate,Millennials
21612,5.5,1.7,9.0,1.7,5.1,3.13,High,Millennials
21613,6.5,3.5,7.2,1.0,4.3,3.16,Moderate,Millennials
21614,7.2,2.0,8.3,1.5,4.8,3.19,Low,Millennials
21615,3.9,3.2,9.2,2.0,2.3,2.56,Moderate,Millennials
21616,4.4,1.8,7.7,1.0,4.0,2.99,Low,Millennials
21617,6.8,3.7,8.8,1.6,2.1,2.78,Moderate,Millennials
21618,5.7,2.6,8.2,3.9,2.3,3.24,Moderate,Millennials
21619,4.6,2.1,7.1,3.5,5.0,2.85,High,Millennials
21620,4.3,4.8,8.4,1.0,5.8,3.12,Moderate,Millennials
21621,5.4,2.6,6.7,0.0,7.0,3.09,Moderate,Millennials
21622,3.8,2.7,6.2,2.7,3.2,3.15,Low,Millennials
21623,6.7,1.1,7.3,1.2,4.6,2.47,Moderate,Millennials
21624,4.9,1.7,8.4,3.1,5.3,2.78,Moderate,Millennials
21625,7.0,2.0,8.0,3.3,5.8,2.84,Moderate,Millennials
21626,3.3,1.7,6.7,2.0,3.2,3.44,Low,Millennials
21627,7.1,1.6,8.7,0.9,4.1,2.97,Moderate,Millennials
21628,6.6,4.4,9.3,2.5,4.8,3.33,High,Millennials
21629,6.0,4.4,7.9,2.6,8.0,2.39,Moderate,Millennials
21630,5.4,1.3,7.6,1.8,4.1,3.37,Moderate,Millennials
21631,5.4,2.6,6.9,0.6,3.9,2.53,Low,Millennials
21632,6.2,1.0,8.2,1.9,6.6,3.12,Moderate,Millennials
21633,5.9,1.5,6.4,3.1,4.4,2.97,High,Millennials
21634,6.5,2.7,8.5,3.3,6.7,3.33,High,Millennials
21635,6.8,2.0,8.2,3.6,4.3,2.64,Low,Millennials
21636,2.9,1.1,7.8,0.6,4.3,3.13,Moderate,Millennials
21637,4.4,2.1,8.0,4.7,4.6,2.97,Moderate,Millennials
21638,6.2,2.4,8.5,1.9,6.2,2.9,Moderate,Millennials
21639,6.0,1.6,9.3,2.7,4.9,3.02,Moderate,Millennials
21640,6.2,2.5,5.9,1.7,5.5,2.91,High,Millennials
21641,6.2,3.0,8.0,2.2,4.9,3.23,Low,Millennials
21642,5.1,2.4,7.5,2.6,4.2,2.8,Moderate,Millennials
21643,4.2,3.7,8.2,1.7,3.9,3.3,Low,Millennials
21644,4.1,2.3,7.3,2.0,6.3,3.07,Moderate,Millennials
21645,7.7,1.4,6.6,1.2,2.5,2.97,Low,Millennials
21646,6.8,1.9,7.0,1.5,2.1,2.88,Moderate,Millennials
21647,5.3,2.9,8.0,1.9,2.7,3.24,Moderate,Millennials
21648,5.9,0.3,6.7,1.0,5.0,2.52,Low,Millennials
21649,4.6,1.8,7.1,0.7,4.7,3.31,Low,Millennials
21650,6.7,1.3,7.1,2.9,1.9,3.52,Moderate,Millennials
21651,4.2,1.6,8.2,1.8,4.2,2.94,Low,Millennials
21652,7.0,4.1,8.8,0.9,5.0,3.31,Moderate,Millennials
21653,5.2,3.6,7.7,4.2,5.2,3.15,High,Millennials
21654,6.2,1.6,7.3,2.3,4.9,3.52,Low,Millennials
21655,5.1,0.8,7.6,2.1,5.0,2.63,Moderate,Millennials
21656,6.8,2.7,8.3,2.3,4.0,3.51,Low,Millennials
21657,4.5,2.1,6.4,1.7,5.9,2.97,Low,Millennials
21658,4.6,2.5,7.8,2.6,2.8,2.77,Moderate,Millennials
21659,8.3,1.3,7.3,3.1,4.8,2.71,Moderate,Millennials
21660,5.4,0.1,7.9,1.6,5.1,3.13,Moderate,Millennials
21661,4.3,0.2,7.7,2.4,5.0,2.85,Low,Millennials
21662,5.9,3.8,7.7,1.7,3.4,3.05,Moderate,Millennials
21663,7.3,2.5,8.3,2.8,4.8,2.87,Low,Millennials
21664,6.4,2.6,7.8,1.1,2.7,2.95,Moderate,Millennials
21665,5.4,2.9,9.1,2.5,4.9,2.88,Low,Millennials
21666,3.8,1.5,6.9,1.8,3.7,2.07,Moderate,Millennials
21667,5.7,1.5,8.0,2.2,6.6,3.24,Moderate,Millennials
21668,3.0,0.9,8.2,1.3,5.3,2.94,Moderate,Millennials
21669,5.9,1.1,8.8,1.0,6.5,3.07,Low,Millennials
21670,8.0,1.8,9.2,2.5,5.3,2.93,Low,Millennials
21671,8.7,3.4,7.8,4.3,3.0,2.53,Moderate,Millennials
21672,5.0,1.5,7.0,0.6,5.9,2.79,Low,Millennials
21673,6.1,2.4,8.1,2.1,3.7,2.82,High,Millennials
21674,5.6,2.6,8.2,3.0,2.1,2.92,Low,Millennials
21675,7.9,2.0,8.5,2.0,5.2,2.71,Moderate,Millennials
21676,5.1,1.1,7.4,1.1,4.6,3.26,Low,Millennials
21677,3.7,2.1,7.8,2.0,5.7,3.65,Low,Millennials
21678,7.9,3.8,8.4,2.3,5.8,2.99,Low,Millennials
21679,6.7,2.1,7.8,2.2,3.5,2.26,Moderate,Millennials
21680,4.1,2.3,7.6,0.6,3.4,2.84,High,Millennials
21681,7.4,3.2,8.7,0.4,2.5,3.26,Moderate,Millennials
21682,6.8,2.2,8.6,2.4,1.7,2.41,Moderate,Millennials
21683,5.6,2.9,7.8,1.3,4.0,2.4,Moderate,Millennials
21684,5.9,1.4,8.8,2.8,3.2,2.66,Moderate,Millennials
21685,6.5,1.5,7.6,3.6,3.2,3.29,Low,Millennials
21686,7.3,2.2,7.9,0.8,3.3,3.99,Moderate,Millennials
21687,5.9,2.4,6.2,1.1,1.8,3.17,Moderate,Millennials
21688,5.9,2.8,8.6,1.8,5.5,3.21,Moderate,Millennials
21689,8.1,3.0,7.0,1.4,7.8,2.75,Moderate,Millennials
21690,6.8,2.1,6.2,2.9,6.0,2.95,Moderate,Millennials
21691,5.9,3.8,9.0,0.3,4.8,3.27,High,Millennials
21692,6.0,0.9,8.7,1.3,2.4,3.14,Low,Millennials
21693,7.1,3.2,7.8,2.5,2.4,3.18,High,Millennials
21694,7.3,1.8,6.8,4.0,3.9,3.16,Low,Millennials
21695,3.8,3.3,7.3,2.2,3.2,3.16,Low,Millennials
21696,6.3,0.7,7.8,2.9,3.0,2.88,Moderate,Millennials
21697,7.0,2.7,8.6,0.0,7.8,2.84,Low,Millennials
21698,3.2,1.7,7.4,1.5,4.2,2.93,Moderate,Millennials
21699,6.5,2.4,7.9,0.1,2.4,3.24,High,Millennials
21700,6.8,1.0,7.0,2.1,1.7,3.0,Low,Millennials
21701,5.2,2.3,9.0,3.7,2.3,2.83,Low,Millennials
21702,6.4,0.5,9.4,1.4,6.6,3.72,Moderate,Millennials
21703,6.5,5.1,9.5,2.5,3.2,2.95,Low,Millennials
21704,5.1,1.3,7.4,3.9,5.3,2.74,Moderate,Millennials
21705,3.9,4.4,8.9,2.9,0.9,2.84,High,Millennials
21706,5.3,1.5,7.7,1.5,6.6,3.32,Moderate,Millennials
21707,6.0,2.3,7.1,2.1,6.7,3.01,High,Millennials
21708,4.6,2.6,7.9,2.0,6.2,3.44,High,Millennials
21709,7.5,0.0,6.9,2.3,2.4,2.97,Moderate,Millennials
21710,5.5,1.3,8.8,1.6,4.8,2.58,High,Millennials
21711,7.5,2.5,9.8,0.0,4.4,2.8,Low,Millennials
21712,4.7,0.5,7.6,2.2,3.3,2.75,Low,Millennials
21713,6.9,0.7,7.3,2.6,5.3,3.1,Moderate,Millennials
21714,4.4,2.1,7.8,1.1,2.7,3.07,Moderate,Millennials
21715,7.8,0.7,8.5,3.0,2.5,3.0,Moderate,Millennials
21716,6.7,1.5,8.6,2.7,5.2,3.31,Low,Millennials
21717,5.5,0.5,8.1,0.2,7.2,3.21,High,Millennials
21718,5.5,2.7,7.7,1.7,6.0,3.26,Low,Millennials
21719,6.8,1.4,7.2,5.3,3.2,3.1,Moderate,Millennials
21720,5.9,1.6,7.3,1.5,4.1,3.03,Moderate,Millennials
21721,2.1,1.9,7.8,2.6,4.4,2.69,Low,Millennials
21722,5.4,1.3,6.8,2.5,1.7,3.04,Moderate,Millennials
21723,6.4,2.9,8.0,1.0,3.6,3.59,Low,Millennials
21724,6.6,4.4,7.0,1.5,4.2,2.92,Moderate,Millennials
21725,6.0,4.3,8.2,1.8,7.0,2.61,Low,Millennials
21726,5.6,2.4,7.0,1.5,5.3,2.79,Low,Millennials
21727,5.0,0.9,7.5,1.9,4.4,3.53,Moderate,Millennials
21728,4.7,3.3,8.0,2.9,4.1,2.29,High,Millennials
21729,4.8,2.7,7.6,2.3,6.5,2.39,Low,Millennials
21730,6.1,2.9,7.6,1.5,4.3,2.53,Low,Millennials
21731,4.5,1.0,8.2,2.4,3.6,2.78,Moderate,Millennials
21732,9.8,1.7,7.6,1.8,3.3,2.98,Moderate,Millennials
21733,5.4,2.8,6.3,3.0,4.2,2.76,Low,Millennials
21734,4.6,0.7,9.1,3.4,1.3,3.01,Moderate,Millennials
21735,7.1,3.4,6.1,2.8,4.0,2.98,Low,Millennials
21736,3.3,1.2,7.9,2.6,1.8,2.39,Moderate,Millennials
21737,7.4,1.5,6.4,0.5,4.2,2.96,Moderate,Millennials
21738,6.4,1.2,7.2,2.8,3.6,2.82,Moderate,Millennials
21739,5.0,0.9,7.4,0.5,2.2,2.83,Low,Millennials
21740,4.8,2.4,7.9,1.2,3.5,2.96,High,Millennials
21741,6.7,3.5,8.4,2.1,5.8,3.26,Moderate,Millennials
21742,5.4,2.9,6.7,2.3,2.6,3.35,Moderate,Millennials
21743,7.2,2.8,9.1,2.3,1.2,2.63,Low,Millennials
21744,5.4,3.1,7.8,1.9,3.6,2.83,Moderate,Millennials
21745,7.7,2.9,8.7,2.7,1.8,2.87,Moderate,Millennials
21746,4.8,1.3,7.2,2.0,3.6,2.92,High,Millennials
21747,5.3,1.6,6.0,1.6,3.9,3.23,Moderate,Millennials
21748,7.6,1.4,6.8,2.5,3.1,3.04,Low,Millennials
21749,5.3,1.9,5.5,2.7,5.9,3.41,Moderate,Millennials
21750,6.6,1.3,6.7,0.0,2.7,2.76,Moderate,Millennials
21751,7.8,0.9,7.0,1.1,5.7,2.46,Moderate,Millennials
21752,5.9,0.1,8.1,2.3,4.7,3.17,Moderate,Millennials
21753,5.2,2.1,8.5,3.5,4.5,3.55,High,Millennials
21754,5.3,1.1,7.1,2.5,4.3,2.9,Low,Millennials
21755,5.4,0.8,7.8,2.8,6.7,3.33,Low,Millennials
21756,4.9,1.7,8.4,2.4,4.5,3.57,Moderate,Millennials
21757,5.8,1.4,8.1,1.4,4.3,3.2,Low,Millennials
21758,5.2,4.1,7.6,3.7,5.6,3.51,Low,Millennials
21759,5.9,0.0,8.0,4.0,6.0,2.84,Low,Millennials
21760,3.6,2.3,9.0,1.3,5.7,3.09,Moderate,Millennials
21761,4.0,2.0,8.2,1.8,3.1,3.04,Low,Millennials
21762,4.9,0.1,8.0,4.1,4.6,3.04,Low,Millennials
21763,7.5,0.6,6.6,3.4,3.9,2.85,Moderate,Millennials
21764,4.6,3.1,7.6,3.3,4.3,2.98,Moderate,Millennials
21765,5.0,3.6,7.2,2.0,4.7,2.8,Moderate,Millennials
21766,5.4,2.6,8.4,0.8,4.0,2.91,Moderate,Millennials
21767,8.1,1.5,8.9,1.8,2.3,2.87,Moderate,Millennials
21768,5.2,3.6,7.8,0.0,3.2,3.49,Moderate,Millennials
21769,5.9,1.6,8.0,2.6,6.6,2.68,Low,Millennials
21770,5.1,2.9,7.3,3.2,4.2,2.97,Moderate,Millennials
21771,4.3,2.3,8.1,2.8,8.0,3.4,Moderate,Millennials
21772,2.6,2.4,8.6,1.5,4.6,3.02,Moderate,Millennials
21773,4.3,2.7,9.9,0.5,3.8,3.01,Low,Millennials
21774,6.9,2.0,9.3,3.2,3.5,3.17,Moderate,Millennials
21775,5.0,3.4,7.4,1.5,3.6,3.09,Moderate,Millennials
21776,4.7,2.3,7.3,2.0,3.8,3.31,Moderate,Millennials
21777,1.9,3.0,8.9,3.6,2.5,2.74,Low,Millennials
21778,6.7,1.7,8.5,4.2,4.6,3.2,Moderate,Millennials
21779,7.4,2.8,8.1,2.9,6.3,2.26,High,Millennials
21780,6.7,3.4,10.0,1.3,2.6,2.96,High,Millennials
21781,5.2,3.3,8.2,2.3,4.3,2.43,Low,Millennials
21782,4.5,2.2,8.2,0.4,4.5,3.03,Low,Millennials
21783,4.7,1.8,6.4,0.3,4.3,2.96,Low,Millennials
21784,3.2,3.2,8.3,2.4,4.7,2.87,Moderate,Millennials
21785,6.3,2.0,7.1,2.4,3.8,2.33,Moderate,Millennials
21786,5.7,3.5,7.4,1.5,5.0,2.95,High,Millennials
21787,7.8,3.7,8.0,3.4,3.4,3.23,Low,Millennials
21788,5.1,3.5,9.0,2.4,3.1,3.61,Moderate,Millennials
21789,6.1,2.8,7.0,0.5,3.8,2.85,Moderate,Millennials
21790,6.2,2.6,6.2,1.9,4.8,2.9,High,Millennials
21791,5.4,4.4,8.0,2.5,3.6,2.99,Low,Millennials
21792,5.1,1.2,7.7,1.8,3.7,2.81,High,Millennials
21793,5.5,2.6,5.7,3.6,2.0,3.07,Moderate,Millennials
21794,5.4,3.5,6.0,2.5,6.2,2.72,Low,Millennials
21795,1.4,0.7,7.6,1.2,4.9,2.84,Low,Millennials
21796,6.4,1.9,8.4,1.9,3.3,2.95,Moderate,Millennials
21797,5.2,0.0,7.8,2.8,3.2,3.07,Low,Millennials
21798,6.1,1.6,7.9,2.3,3.7,3.22,Low,Millennials
21799,6.0,2.1,6.4,2.8,4.1,2.6,Moderate,Millennials
21800,4.8,2.1,8.0,1.6,5.3,2.93,Moderate,Millennials
21801,5.9,2.1,6.6,2.1,4.9,3.1,Moderate,Millennials
21802,6.2,1.9,7.7,0.6,3.6,3.03,Moderate,Millennials
21803,5.5,1.7,7.8,1.0,5.2,3.02,Moderate,Millennials
21804,4.2,1.9,6.5,2.0,4.4,3.51,Low,Millennials
21805,7.4,1.4,7.4,2.5,4.3,3.03,Low,Millennials
21806,5.5,1.7,8.1,1.8,3.7,2.66,Moderate,Millennials
21807,5.1,2.2,9.6,0.7,7.4,2.7,High,Millennials
21808,7.6,3.0,9.8,2.7,4.7,2.86,Low,Millennials
21809,6.6,1.1,8.2,3.1,4.9,3.72,Moderate,Millennials
21810,3.8,2.9,6.9,1.9,3.6,3.36,Moderate,Millennials
21811,4.4,1.1,8.1,3.4,2.4,2.79,Low,Millennials
21812,5.7,2.3,8.1,1.5,4.2,2.48,Moderate,Millennials
21813,3.7,2.4,8.3,2.7,4.7,2.83,Moderate,Millennials
21814,6.6,5.1,6.5,1.4,3.0,3.06,Moderate,Millennials
21815,5.3,1.1,7.1,1.5,3.2,3.02,Moderate,Millennials
21816,6.4,0.6,6.7,3.1,3.1,2.8,Moderate,Millennials
21817,7.9,3.6,7.5,2.8,4.1,2.73,Moderate,Millennials
21818,5.1,2.4,8.1,2.3,3.0,3.13,Low,Millennials
21819,5.1,2.5,8.3,2.0,6.1,2.89,Low,Millennials
21820,5.1,1.1,6.9,3.8,5.6,3.19,Moderate,Millennials
21821,5.6,2.4,8.8,2.9,4.9,2.6,Moderate,Millennials
21822,4.7,3.4,7.3,1.4,1.0,2.74,Moderate,Millennials
21823,5.1,1.5,7.1,1.4,7.9,2.71,Low,Millennials
21824,5.6,3.8,7.4,0.9,1.9,2.34,Low,Millennials
21825,7.3,2.5,7.9,1.0,5.7,2.9,Moderate,Millennials
21826,6.3,2.2,6.5,4.2,2.1,2.98,Moderate,Millennials
21827,5.8,3.3,7.6,3.2,2.7,2.83,Low,Millennials
21828,5.7,1.2,7.3,0.0,5.9,2.91,Moderate,Millennials
21829,5.7,2.9,7.3,2.6,5.5,2.72,High,Millennials
21830,3.5,1.6,8.9,2.1,4.3,3.37,High,Millennials
21831,5.9,2.9,6.9,1.5,3.6,3.32,Low,Millennials
21832,5.6,1.6,5.4,4.8,4.9,3.22,Moderate,Millennials
21833,4.9,1.9,6.4,0.9,3.1,2.81,Low,Millennials
21834,6.0,4.4,7.9,2.7,4.2,2.69,Moderate,Millennials
21835,8.3,2.0,7.2,2.6,5.9,3.05,Low,Millennials
21836,7.2,1.6,10.0,1.3,5.4,3.23,Moderate,Millennials
21837,3.6,3.0,7.9,2.0,6.6,2.9,Moderate,Millennials
21838,4.3,1.9,8.6,1.2,2.1,2.96,Low,Millennials
21839,5.0,1.2,6.7,1.2,4.2,2.32,Moderate,Millennials
21840,5.9,3.8,7.9,2.2,1.3,2.99,Moderate,Millennials
21841,4.8,1.6,8.3,0.7,1.8,2.98,Low,Millennials
21842,5.0,1.1,8.1,4.0,5.4,2.37,Moderate,Millennials
21843,5.1,1.5,9.6,2.8,5.0,2.8,Low,Millennials
21844,4.3,1.1,7.6,4.3,1.8,3.13,Low,Millennials
21845,6.1,2.7,7.7,2.9,4.5,3.16,Moderate,Millennials
21846,5.0,4.0,7.3,4.5,1.7,3.26,Moderate,Millennials
21847,8.7,1.9,8.3,0.5,5.4,2.53,Moderate,Millennials
21848,6.3,2.0,7.7,2.2,1.0,2.48,Moderate,Millennials
21849,5.7,0.0,7.0,1.0,5.0,2.9,Moderate,Millennials
21850,7.0,1.4,6.2,3.6,5.2,2.93,Moderate,Millennials
21851,5.9,1.6,8.6,1.5,4.4,2.68,High,Millennials
21852,8.3,1.0,7.3,1.6,5.2,3.04,Low,Millennials
21853,5.1,2.7,8.2,3.5,2.7,2.68,Low,Millennials
21854,6.4,2.8,8.4,0.7,2.2,3.12,Moderate,Millennials
21855,5.9,3.1,7.0,3.2,1.8,3.18,Moderate,Millennials
21856,4.7,1.1,7.1,0.6,3.6,2.74,Moderate,Millennials
21857,6.4,0.0,8.3,4.0,3.2,3.2,Moderate,Millennials
21858,3.4,2.8,6.0,3.5,4.3,3.15,Low,Millennials
21859,5.8,1.5,7.7,1.6,1.1,3.03,Low,Millennials
21860,8.5,2.9,8.0,0.0,3.9,3.51,High,Millennials
21861,1.0,1.1,6.8,1.7,3.5,3.01,Moderate,Millennials
21862,4.1,2.1,8.5,1.5,5.2,3.1,Low,Millennials
21863,6.2,2.1,7.6,3.9,6.3,3.18,High,Millennials
21864,7.6,3.9,8.4,1.9,5.0,3.11,Low,Millennials
21865,6.0,2.4,8.1,3.3,3.0,2.41,Moderate,Millennials
21866,7.0,1.7,10.0,2.4,5.3,3.19,Moderate,Millennials
21867,6.3,4.0,7.6,3.5,5.1,3.34,Moderate,Millennials
21868,5.1,1.3,8.4,2.0,4.0,3.59,Moderate,Millennials
21869,6.7,2.3,7.5,2.2,6.2,2.68,Moderate,Millennials
21870,6.7,1.0,6.3,0.7,3.9,2.92,High,Millennials
21871,6.1,3.4,8.4,1.1,2.3,3.09,High,Millennials
21872,3.9,1.4,8.1,2.8,4.0,2.87,Moderate,Millennials
21873,5.5,3.4,8.8,2.7,4.4,3.09,Moderate,Millennials
21874,5.2,4.2,7.5,2.8,3.8,2.71,Moderate,Millennials
21875,7.5,2.7,8.2,2.9,2.8,2.45,Moderate,Millennials
21876,5.3,4.0,7.5,3.0,5.1,3.34,Low,Millennials
21877,6.5,2.4,8.0,2.7,4.2,2.85,Moderate,Millennials
21878,4.7,1.9,9.5,1.4,3.8,3.01,Low,Millennials
21879,6.7,1.5,8.3,0.3,4.7,2.69,Low,Millennials
21880,6.9,1.6,7.8,1.6,6.7,2.98,Moderate,Millennials
21881,3.5,2.2,6.7,3.4,5.3,2.57,Moderate,Millennials
21882,5.0,2.4,7.3,1.2,6.3,3.15,Low,Millennials
21883,7.0,0.0,7.1,2.6,4.2,2.92,Moderate,Millennials
21884,5.0,3.4,8.4,3.3,5.2,2.62,Low,Millennials
21885,6.8,0.9,6.7,1.2,4.1,3.19,Moderate,Millennials
21886,5.0,2.3,7.1,0.8,5.1,3.04,Moderate,Millennials
21887,4.9,2.6,6.7,1.9,4.6,3.01,Low,Millennials
21888,5.9,1.3,9.0,1.5,4.9,3.05,Moderate,Millennials
21889,4.8,1.6,7.7,2.3,1.6,2.3,Moderate,Millennials
21890,5.7,1.3,8.8,0.9,2.0,3.31,High,Millennials
21891,5.0,1.4,6.7,2.9,6.5,3.38,High,Millennials
21892,4.6,2.5,8.6,3.7,5.5,2.77,Moderate,Millennials
21893,5.4,1.2,10.0,1.7,1.7,2.91,Low,Millennials
21894,6.8,2.0,7.3,2.2,4.1,2.42,Moderate,Millennials
21895,7.8,2.8,6.7,3.4,4.2,3.06,Low,Millennials
21896,4.8,1.3,7.9,1.6,5.3,3.16,Moderate,Millennials
21897,6.5,1.9,6.8,2.9,3.0,3.25,Low,Millennials
21898,4.6,2.1,7.4,1.7,2.7,2.5,Low,Millennials
21899,5.2,2.3,6.8,2.7,3.4,3.21,High,Millennials
21900,4.8,2.1,7.1,1.6,5.9,2.26,Moderate,Millennials
21901,5.0,2.5,9.1,1.8,4.3,2.91,High,Millennials
21902,6.7,2.8,7.4,2.2,4.8,2.81,Moderate,Millennials
21903,5.2,1.6,7.7,2.4,5.0,2.67,Moderate,Millennials
21904,6.7,1.9,6.6,2.4,6.0,3.28,Low,Millennials
21905,5.0,2.9,7.8,3.2,4.6,3.42,Moderate,Millennials
21906,6.1,3.7,8.3,2.4,3.0,3.0,Low,Millennials
21907,4.8,2.9,7.6,1.9,3.7,3.17,Moderate,Millennials
21908,6.4,3.0,8.2,2.1,5.5,2.6,Moderate,Millennials
21909,7.8,2.8,8.2,1.3,4.3,3.26,Moderate,Millennials
21910,7.8,3.9,8.4,1.5,3.1,2.7,Low,Millennials
21911,6.4,0.7,7.8,1.3,3.9,3.03,Moderate,Millennials
21912,6.6,3.4,8.0,4.8,6.1,3.23,Moderate,Millennials
21913,5.6,2.2,7.9,3.7,6.5,2.79,Low,Millennials
21914,9.9,2.2,7.6,2.7,5.9,3.06,Moderate,Millennials
21915,5.2,1.6,9.0,2.4,3.9,2.86,High,Millennials
21916,6.6,1.5,7.8,0.3,3.4,2.96,Low,Millennials
21917,4.8,3.1,8.6,2.5,3.2,3.06,Low,Millennials
21918,5.1,3.1,9.0,1.3,3.9,3.3,Low,Millennials
21919,5.4,2.1,8.0,1.6,3.9,2.99,Low,Millennials
21920,6.9,2.3,10.0,3.3,4.2,2.83,Low,Millennials
21921,8.6,2.5,6.1,1.8,7.0,2.99,Moderate,Millennials
21922,6.8,3.4,6.7,1.3,5.9,3.22,Moderate,Millennials
21923,8.0,2.6,8.4,1.7,4.6,3.09,Low,Millennials
21924,6.9,0.0,8.2,1.7,4.7,2.79,Moderate,Millennials
21925,5.6,4.2,7.8,1.1,5.8,3.77,Moderate,Millennials
21926,5.5,3.5,7.2,3.5,4.3,2.97,Moderate,Millennials
21927,7.3,2.7,8.0,3.1,3.0,2.69,Low,Millennials
21928,7.4,2.1,8.5,0.7,5.8,2.81,High,Millennials
21929,2.2,1.9,7.7,2.1,2.9,2.71,Moderate,Millennials
21930,5.6,2.6,6.8,1.9,4.9,3.06,Low,Millennials
21931,5.4,1.6,7.8,1.7,4.2,2.83,Moderate,Millennials
21932,6.0,5.1,9.5,3.1,3.1,2.83,Low,Millennials
21933,6.2,0.5,7.6,2.9,3.5,2.71,Low,Millennials
21934,4.2,1.9,7.1,1.4,4.6,2.97,Low,Millennials
21935,7.8,2.0,8.3,0.9,3.4,3.24,Moderate,Millennials
21936,3.9,1.1,6.8,2.8,5.5,3.05,Moderate,Millennials
21937,4.6,3.4,8.2,3.1,3.3,2.98,Moderate,Millennials
21938,5.3,2.5,10.0,2.8,4.1,2.74,Moderate,Millennials
21939,5.0,1.8,8.8,1.2,6.1,3.29,Moderate,Millennials
21940,8.0,2.6,8.0,2.1,6.2,3.24,Low,Millennials
21941,4.9,3.6,7.7,4.0,5.2,2.57,Moderate,Millennials
21942,6.0,2.3,8.2,0.8,4.0,2.83,Low,Millennials
21943,6.7,1.9,9.8,2.8,4.3,3.19,Moderate,Millennials
21944,6.0,2.1,7.9,1.3,5.6,2.79,Low,Millennials
21945,3.7,0.8,6.4,1.6,4.2,3.54,Low,Millennials
21946,6.2,1.4,9.5,1.3,2.9,3.0,High,Millennials
21947,6.0,1.2,6.6,0.0,2.2,2.93,Moderate,Millennials
21948,6.4,2.3,7.4,1.0,3.1,3.2,Moderate,Millennials
21949,6.1,2.5,7.1,1.8,4.6,2.96,High,Millennials
21950,5.1,1.7,7.1,1.7,4.1,2.61,Moderate,Millennials
21951,7.3,2.4,7.3,1.4,5.4,2.89,Moderate,Millennials
21952,6.4,0.7,8.1,2.3,6.4,3.34,Low,Millennials
21953,6.7,2.4,8.7,1.5,5.1,2.75,Low,Millennials
21954,6.1,3.2,8.6,2.6,7.1,2.4,Low,Millennials
21955,8.1,3.8,7.6,3.9,4.0,2.85,Moderate,Millennials
21956,4.2,0.3,6.9,5.0,4.4,2.47,Low,Millennials
21957,6.2,1.9,9.3,2.4,3.6,2.93,Moderate,Millennials
21958,4.6,1.9,6.8,1.3,3.9,3.22,High,Millennials
21959,5.5,3.7,6.4,0.5,6.3,3.09,Moderate,Millennials
21960,7.2,4.2,7.4,1.5,5.1,2.96,High,Millennials
21961,8.6,2.9,7.0,3.2,4.2,3.18,Low,Millennials
21962,6.3,2.5,7.5,3.2,5.6,2.9,Moderate,Millennials
21963,7.5,2.0,7.9,1.8,5.9,3.07,Moderate,Millennials
21964,4.2,0.8,5.9,2.1,2.9,2.8,Moderate,Millennials
21965,6.1,2.4,7.2,3.5,6.4,2.69,Low,Millennials
21966,6.7,0.0,8.9,3.1,1.2,3.24,Moderate,Millennials
21967,4.4,1.6,7.7,1.0,4.1,3.08,Moderate,Millennials
21968,5.4,1.4,8.6,0.4,7.7,2.72,Moderate,Millennials
21969,6.7,2.3,8.8,2.3,3.9,3.11,High,Millennials
21970,7.6,2.5,9.4,2.1,5.4,2.93,Moderate,Millennials
21971,7.2,0.6,8.4,2.7,8.0,3.1,High,Millennials
21972,6.4,3.9,8.5,2.0,5.9,3.05,Moderate,Millennials
21973,5.0,2.7,6.8,2.6,4.9,3.1,Moderate,Millennials
21974,5.4,0.0,6.4,2.7,4.2,3.04,Moderate,Millennials
21975,5.7,0.3,7.8,2.1,4.6,2.87,Low,Millennials
21976,5.8,4.0,6.9,2.1,4.1,2.76,Moderate,Millennials
21977,6.2,2.6,7.1,2.8,3.6,2.67,Low,Millennials
21978,5.0,0.8,7.6,2.0,6.2,3.16,High,Millennials
21979,7.3,2.4,8.7,0.0,3.8,3.45,Moderate,Millennials
21980,8.0,1.2,8.6,5.0,4.0,2.73,Moderate,Millennials
21981,5.7,3.5,7.5,1.3,3.9,3.55,Low,Millennials
21982,5.8,2.5,6.2,1.1,1.7,3.12,Moderate,Millennials
21983,6.6,3.4,8.3,4.0,2.5,2.97,Moderate,Millennials
21984,3.2,1.3,9.0,2.8,5.3,2.9,High,Millennials
21985,6.5,4.6,6.9,3.5,7.6,2.38,Moderate,Millennials
21986,6.2,5.8,8.1,2.3,1.7,2.47,Low,Millennials
21987,2.4,1.4,8.2,2.7,5.2,2.97,Moderate,Millennials
21988,6.5,2.5,7.3,3.9,6.1,2.92,High,Millennials
21989,6.0,3.3,6.5,0.5,1.8,3.44,Moderate,Millennials
21990,6.9,2.5,7.6,2.6,4.7,3.16,Moderate,Millennials
21991,5.8,1.8,8.1,2.2,2.9,2.45,Moderate,Millennials
21992,5.7,0.0,9.0,2.4,2.9,2.6,High,Millennials
21993,4.9,3.6,7.8,3.8,5.6,3.41,Low,Millennials
21994,4.5,3.0,6.6,0.1,5.1,3.53,High,Millennials
21995,6.3,1.1,7.7,1.9,4.9,3.14,Moderate,Millennials
21996,5.3,3.8,8.2,2.2,3.7,2.83,Moderate,Millennials
21997,5.0,3.3,7.6,1.9,5.8,2.86,Low,Millennials
21998,5.6,2.2,9.5,2.6,4.2,2.93,Moderate,Millennials
21999,5.6,0.8,8.2,4.0,4.7,3.18,Moderate,Millennials
22000,6.6,0.5,6.0,3.2,5.4,3.15,High,Millennials
22001,5.7,2.8,8.0,0.3,5.5,2.49,Low,Millennials
22002,5.8,2.8,9.2,2.4,3.3,3.16,Low,Millennials
22003,4.7,2.5,7.8,3.7,2.4,2.75,Moderate,Millennials
22004,3.5,0.8,10.0,3.6,2.2,2.76,Moderate,Millennials
22005,5.1,2.9,8.1,2.9,4.4,2.68,Moderate,Millennials
22006,6.3,1.5,6.8,0.3,5.5,2.65,Low,Millennials
22007,8.3,0.7,7.7,1.1,1.5,3.1,Moderate,Millennials
22008,5.4,2.5,9.0,1.7,4.0,2.98,Low,Millennials
22009,6.2,1.4,8.6,1.3,4.0,3.15,Low,Millennials
22010,6.2,4.2,8.2,2.6,0.7,2.82,Low,Millennials
22011,6.3,2.5,7.5,1.7,7.0,3.01,Low,Millennials
22012,6.4,2.5,7.9,1.3,4.8,2.68,Low,Millennials
22013,6.6,3.0,7.4,1.9,6.4,2.75,Low,Millennials
22014,4.0,0.8,6.1,4.0,3.7,2.89,Low,Millennials
22015,5.9,2.2,9.0,1.2,4.6,2.67,Low,Millennials
22016,3.7,3.1,6.3,0.6,6.5,2.89,Low,Millennials
22017,6.2,3.0,7.9,1.8,5.1,3.11,Low,Millennials
22018,4.5,3.0,7.3,1.1,3.5,2.78,Low,Millennials
22019,5.3,3.2,7.9,1.8,5.8,3.02,Low,Millennials
22020,5.9,0.9,8.6,5.0,3.0,3.21,Moderate,Millennials
22021,5.8,2.0,7.0,1.7,3.6,2.86,Low,Millennials
22022,6.4,2.6,6.8,3.0,2.5,3.07,Low,Millennials
22023,6.1,3.8,7.7,0.5,3.7,3.29,Moderate,Millennials
22024,7.3,2.2,7.8,2.3,5.5,3.35,Low,Millennials
22025,4.0,2.6,8.4,2.2,4.1,2.84,Moderate,Millennials
22026,4.1,2.5,7.8,3.0,3.5,2.74,Moderate,Millennials
22027,5.8,0.6,7.2,2.2,4.4,2.9,Moderate,Millennials
22028,3.3,0.4,8.4,0.8,2.9,2.96,High,Millennials
22029,2.8,2.3,7.1,2.7,4.9,3.14,Moderate,Millennials
22030,6.2,1.0,8.3,3.1,5.4,3.04,Moderate,Millennials
22031,6.9,3.2,8.1,2.1,4.5,3.73,High,Millennials
22032,7.6,3.8,7.9,2.8,4.6,3.25,Low,Millennials
22033,4.3,2.7,7.9,2.3,5.1,2.71,Moderate,Millennials
22034,2.1,2.8,7.9,2.4,4.2,2.95,Moderate,Millennials
22035,7.5,3.9,7.9,4.2,4.5,3.0,Low,Millennials
22036,7.1,1.5,6.7,0.2,2.4,3.23,Moderate,Millennials
22037,6.3,1.4,8.7,2.5,5.5,2.72,Moderate,Millennials
22038,4.5,2.9,7.9,2.0,1.3,3.12,Low,Millennials
22039,6.0,1.5,7.4,1.8,7.9,3.09,Moderate,Millennials
22040,3.6,1.4,7.0,2.0,3.7,2.67,Low,Millennials
22041,7.8,1.7,7.7,2.4,4.0,3.21,Low,Millennials
22042,7.0,3.6,9.2,2.9,5.5,2.61,High,Millennials
22043,5.3,2.6,6.2,4.5,5.0,2.99,Moderate,Millennials
22044,4.4,2.8,7.6,0.2,3.3,3.01,Moderate,Millennials
22045,5.0,2.1,8.2,3.0,2.2,3.18,Moderate,Millennials
22046,7.6,2.2,9.0,0.6,6.2,3.36,Moderate,Millennials
22047,7.2,2.7,8.6,2.7,1.9,2.99,Low,Millennials
22048,7.6,2.2,8.6,2.3,4.6,3.09,Moderate,Millennials
22049,5.8,0.0,6.9,2.7,5.1,2.97,Moderate,Millennials
22050,5.6,0.9,8.4,4.0,6.1,2.96,Low,Millennials
22051,5.3,1.6,7.6,3.0,4.5,2.87,Moderate,Millennials
22052,6.0,3.2,6.3,0.7,3.5,2.94,Moderate,Millennials
22053,4.9,0.3,8.1,3.4,6.3,2.97,High,Millennials
22054,6.0,2.9,9.5,0.5,3.7,3.24,Moderate,Millennials
22055,7.5,2.1,8.8,0.2,5.0,2.76,Moderate,Millennials
22056,6.2,2.2,9.9,2.7,4.9,3.16,Moderate,Millennials
22057,5.5,2.2,7.9,2.3,4.2,3.33,Low,Millennials
22058,6.3,1.5,8.4,1.3,3.9,3.06,Low,Millennials
22059,8.5,2.1,9.3,2.3,5.3,3.0,High,Millennials
22060,5.7,2.9,8.9,2.0,1.9,2.69,Moderate,Millennials
22061,5.0,0.2,6.8,1.6,4.5,2.86,Low,Millennials
22062,5.7,2.3,9.1,1.2,3.8,3.35,Low,Millennials
22063,8.1,0.0,7.8,2.1,2.4,3.01,Moderate,Millennials
22064,8.0,2.4,7.2,1.4,4.2,3.51,Moderate,Millennials
22065,5.0,2.3,7.6,3.5,4.9,3.29,Moderate,Millennials
22066,7.4,3.3,8.9,3.6,5.1,2.49,Moderate,Millennials
22067,4.8,2.9,6.7,4.9,4.0,3.03,Moderate,Millennials
22068,6.9,2.3,7.8,4.1,2.8,3.53,Moderate,Millennials
22069,8.1,2.5,7.6,2.1,4.8,3.47,Low,Millennials
22070,6.1,1.9,6.8,2.7,3.7,2.66,Low,Millennials
22071,4.6,4.9,8.6,0.7,6.2,3.22,High,Millennials
22072,8.0,2.1,9.5,1.7,4.1,3.01,Low,Millennials
22073,4.9,1.0,7.6,3.1,3.9,3.28,Moderate,Millennials
22074,5.8,3.7,7.6,2.7,3.8,2.99,Moderate,Millennials
22075,7.6,1.5,8.3,2.0,2.6,3.54,Moderate,Millennials
22076,6.2,3.9,7.9,1.7,4.6,2.75,Moderate,Millennials
22077,6.7,2.2,8.4,1.4,4.3,3.36,Moderate,Millennials
22078,3.5,1.7,8.5,2.2,3.8,2.98,Low,Millennials
22079,5.5,2.2,7.9,0.6,2.5,2.97,Moderate,Millennials
22080,5.5,2.7,8.0,3.9,4.4,2.77,Moderate,Millennials
22081,5.3,2.6,8.5,2.7,5.1,3.29,Low,Millennials
22082,5.5,2.8,6.4,1.7,7.4,3.63,Low,Millennials
22083,5.5,2.5,7.2,2.7,4.0,2.86,Moderate,Millennials
22084,7.6,1.5,8.1,2.2,2.9,2.7,Moderate,Millennials
22085,5.0,0.0,8.7,3.5,6.9,2.61,High,Millennials
22086,5.4,0.6,8.6,2.9,5.4,2.49,High,Millennials
22087,3.7,3.5,7.9,1.9,5.2,3.06,Moderate,Millennials
22088,7.1,2.3,7.4,0.0,4.6,2.52,High,Millennials
22089,6.4,3.1,7.8,2.6,4.3,3.17,Moderate,Millennials
22090,6.3,1.6,6.3,3.9,3.4,3.11,Low,Millennials
22091,5.6,1.3,7.3,2.3,6.3,3.54,Low,Millennials
22092,5.2,2.0,8.2,2.9,2.2,3.66,Low,Millennials
22093,5.7,3.7,8.3,1.0,6.0,3.44,Moderate,Millennials
22094,6.0,2.6,7.0,3.9,5.3,3.24,Moderate,Millennials
22095,5.4,3.2,8.8,4.9,4.9,3.57,Low,Millennials
22096,6.7,0.1,6.6,2.1,3.4,2.85,Moderate,Millennials
22097,4.2,2.1,7.4,3.8,5.6,2.95,Low,Millennials
22098,6.0,2.3,6.8,1.6,2.5,2.71,High,Millennials
22099,5.3,1.8,7.2,3.3,3.9,3.19,Low,Millennials
22100,4.1,3.6,8.1,1.2,4.4,2.6,High,Millennials
22101,7.6,1.3,6.9,3.9,4.3,2.37,Low,Millennials
22102,4.3,1.2,8.2,2.9,4.2,2.7,Low,Millennials
22103,6.0,1.8,6.9,1.6,5.5,2.52,Moderate,Millennials
22104,7.1,2.6,8.6,1.3,5.3,3.26,Moderate,Millennials
22105,3.6,3.1,8.4,2.0,2.6,3.06,Moderate,Millennials
22106,6.9,0.5,8.2,2.5,2.3,3.21,Moderate,Millennials
22107,5.4,1.7,8.7,3.3,3.4,2.84,High,Millennials
22108,5.4,3.7,7.3,2.8,3.8,3.4,High,Millennials
22109,3.7,1.3,6.9,1.7,3.4,2.85,Moderate,Millennials
22110,7.3,3.3,7.7,2.5,2.9,2.75,Low,Millennials
22111,5.4,2.8,8.2,0.9,2.3,2.73,Low,Millennials
22112,4.5,5.1,8.8,3.8,4.2,2.86,Low,Millennials
22113,4.9,2.1,8.7,0.9,4.1,2.99,Moderate,Millennials
22114,4.5,2.9,7.1,0.4,4.6,3.57,Moderate,Millennials
22115,6.8,2.8,8.9,0.1,3.3,3.45,Moderate,Millennials
22116,5.3,3.3,7.6,0.7,3.1,3.19,High,Millennials
22117,5.1,1.4,7.4,1.7,3.4,2.68,Low,Millennials
22118,5.5,2.9,7.7,2.8,1.5,3.25,Low,Millennials
22119,3.1,2.7,8.8,3.4,5.3,3.46,Low,Millennials
22120,5.1,4.0,6.7,3.1,5.8,2.96,High,Millennials
22121,6.2,1.5,8.1,2.5,5.5,3.41,High,Millennials
22122,6.9,4.1,7.0,0.3,1.9,2.74,Low,Millennials
22123,5.4,5.1,7.5,1.4,3.7,2.74,Moderate,Millennials
22124,6.4,0.5,8.6,2.5,3.5,2.78,Low,Millennials
22125,6.8,1.3,8.1,1.5,7.7,3.3,Moderate,Millennials
22126,6.1,2.1,8.0,2.4,4.8,2.65,Moderate,Millennials
22127,6.2,4.2,8.7,1.1,5.6,3.46,Low,Millennials
22128,3.2,1.2,7.4,1.0,4.1,2.87,High,Millennials
22129,4.0,3.1,8.8,2.5,6.7,3.01,Low,Millennials
22130,7.2,2.7,8.8,2.2,3.4,2.78,Moderate,Millennials
22131,5.5,1.5,8.4,3.2,6.1,2.57,Moderate,Millennials
22132,6.6,2.0,8.6,0.8,3.6,2.66,High,Millennials
22133,6.7,2.2,7.6,1.7,6.6,3.17,Low,Millennials
22134,7.3,2.6,6.8,1.1,4.7,3.13,Moderate,Millennials
22135,3.5,1.8,8.1,2.2,3.1,2.91,Low,Millennials
22136,8.1,2.3,6.9,2.6,1.8,2.88,Moderate,Millennials
22137,6.5,1.7,8.4,2.2,5.2,3.02,Low,Millennials
22138,6.7,3.6,9.0,2.5,3.1,2.15,Low,Millennials
22139,5.0,2.1,7.2,2.4,6.1,3.04,Low,Millennials
22140,5.1,3.2,7.6,3.1,6.5,3.26,Moderate,Millennials
22141,4.7,2.7,8.4,3.6,4.5,3.31,Low,Millennials
22142,5.1,3.1,8.2,2.8,4.6,3.16,Low,Millennials
22143,6.6,2.1,8.6,2.4,3.1,2.85,Moderate,Millennials
22144,5.6,2.5,6.6,2.2,3.8,2.78,Moderate,Millennials
22145,6.9,2.7,8.9,1.7,3.4,3.06,Low,Millennials
22146,6.5,3.5,8.3,1.6,5.7,2.61,Moderate,Millennials
22147,4.8,2.7,7.6,3.4,4.2,2.7,Low,Millennials
22148,3.7,3.0,7.9,0.4,6.5,2.52,Moderate,Millennials
22149,7.5,2.3,6.9,3.3,4.9,2.88,Moderate,Millennials
22150,5.7,4.4,6.9,2.2,4.5,3.0,Moderate,Millennials
22151,6.4,0.0,6.3,1.1,4.5,3.19,Moderate,Millennials
22152,6.7,3.5,8.1,1.7,2.7,3.22,Low,Millennials
22153,5.0,1.7,7.4,0.8,4.0,3.16,Low,Millennials
22154,5.6,2.9,7.9,1.9,2.6,2.56,High,Millennials
22155,6.3,2.8,7.2,2.3,3.4,3.23,Moderate,Millennials
22156,5.1,3.3,8.4,3.2,5.7,2.99,Moderate,Millennials
22157,6.6,1.3,7.4,3.2,4.9,2.82,Moderate,Millennials
22158,5.4,0.7,8.5,1.1,1.6,2.82,Moderate,Millennials
22159,6.5,2.8,6.1,2.3,4.1,3.45,Moderate,Millennials
22160,6.9,0.7,8.4,1.4,4.5,2.88,Low,Millennials
22161,6.4,3.3,7.6,2.0,1.9,2.94,Moderate,Millennials
22162,5.9,3.7,8.0,3.7,2.7,2.67,Moderate,Millennials
22163,6.4,1.6,8.5,1.0,2.2,2.64,Moderate,Millennials
22164,6.0,1.4,8.7,2.2,5.2,2.98,Low,Millennials
22165,6.8,4.8,8.8,1.2,4.8,2.98,Moderate,Millennials
22166,6.7,2.9,7.7,1.4,3.9,2.65,Moderate,Millennials
22167,3.7,0.9,7.0,2.3,4.3,2.8,Low,Millennials
22168,6.3,2.7,8.2,1.3,4.0,3.03,Low,Millennials
22169,7.9,2.7,7.3,3.3,5.6,3.48,Low,Millennials
22170,4.4,0.7,9.2,2.1,4.8,2.88,Low,Millennials
22171,2.8,3.0,7.5,0.8,3.8,2.93,Moderate,Millennials
22172,5.0,2.2,7.2,2.2,1.1,2.51,Moderate,Millennials
22173,4.2,2.7,6.5,2.8,2.5,2.97,Moderate,Millennials
22174,7.9,0.5,9.6,0.0,3.9,2.84,Low,Millennials
22175,7.1,2.3,8.5,2.5,6.2,2.92,Low,Millennials
22176,5.5,2.7,8.0,2.3,3.1,2.74,High,Millennials
22177,3.1,0.7,6.0,1.2,5.1,2.78,Moderate,Millennials
22178,4.9,1.7,7.7,0.0,4.3,2.87,Low,Millennials
22179,7.8,4.1,7.3,1.9,2.3,3.04,High,Millennials
22180,7.8,2.5,8.4,3.2,5.5,3.05,Low,Millennials
22181,4.1,4.5,7.3,1.6,3.3,3.24,High,Millennials
22182,5.2,0.0,6.9,1.0,5.8,2.74,Moderate,Millennials
22183,5.3,2.2,8.1,4.1,5.2,2.72,Moderate,Millennials
22184,5.0,3.1,9.5,2.4,2.4,3.06,Moderate,Millennials
22185,7.2,4.1,7.2,3.1,3.4,2.77,High,Millennials
22186,3.1,4.0,8.3,0.8,3.3,2.66,High,Millennials
22187,5.7,2.5,8.0,3.4,6.7,3.34,Moderate,Millennials
22188,5.6,2.8,7.1,1.4,2.2,3.7,Low,Millennials
22189,6.7,1.7,7.5,2.1,3.1,3.17,Moderate,Millennials
22190,6.9,1.3,7.1,2.5,3.5,2.56,High,Millennials
22191,8.5,2.7,5.8,3.2,5.2,2.92,Moderate,Millennials
22192,5.6,2.5,8.1,1.0,2.8,3.11,Moderate,Millennials
22193,5.5,2.4,7.9,1.0,4.0,2.96,Moderate,Millennials
22194,6.5,1.4,7.5,0.6,6.5,2.83,Moderate,Millennials
22195,7.0,2.0,8.1,1.6,5.0,2.85,Low,Millennials
22196,5.1,4.8,7.5,2.8,3.9,3.25,Low,Millennials
22197,5.7,2.2,7.4,0.0,3.3,3.61,Low,Millennials
22198,5.2,2.7,8.9,1.7,4.6,2.66,High,Millennials
22199,4.1,3.5,7.3,1.5,5.6,3.39,Low,Millennials
22200,4.7,2.1,8.7,2.6,5.0,2.8,Moderate,Millennials
22201,5.1,0.6,9.3,1.9,5.4,3.49,Low,Millennials
22202,5.2,1.4,7.8,3.2,5.7,2.59,Moderate,Millennials
22203,5.5,1.6,6.6,0.4,6.7,2.89,Low,Millennials
22204,5.8,3.1,6.7,2.7,4.1,2.58,Moderate,Millennials
22205,6.2,3.1,8.0,1.4,4.8,3.15,Moderate,Millennials
22206,4.2,2.6,8.1,1.7,2.0,2.81,High,Millennials
22207,7.8,1.3,8.6,2.6,4.7,3.85,Moderate,Millennials
22208,6.3,3.3,7.3,0.2,3.7,2.96,Moderate,Millennials
22209,5.8,1.5,8.6,3.2,2.6,2.69,High,Millennials
22210,6.6,2.4,7.0,1.5,4.9,2.92,Moderate,Millennials
22211,4.2,1.8,8.5,2.0,4.2,3.6,Low,Millennials
22212,8.9,3.6,7.1,2.2,4.4,3.4,Moderate,Millennials
22213,5.9,3.1,8.7,1.5,3.0,3.06,Low,Millennials
22214,6.7,1.0,8.3,3.3,3.1,3.18,Low,Millennials
22215,4.8,2.5,7.3,2.4,3.1,2.45,Low,Millennials
22216,4.5,2.7,7.7,0.7,5.4,2.9,Moderate,Millennials
22217,6.1,4.4,8.7,1.6,4.2,3.09,Moderate,Millennials
22218,3.7,1.3,8.9,2.0,5.3,2.97,Low,Millennials
22219,5.8,0.7,6.5,2.5,3.4,3.37,Moderate,Millennials
22220,5.4,2.2,8.9,2.7,4.7,3.43,Moderate,Millennials
22221,7.1,2.3,8.1,3.0,4.3,2.77,Low,Millennials
22222,5.8,2.8,5.9,1.0,4.7,2.69,Moderate,Millennials
22223,6.4,3.1,7.0,1.3,2.0,2.89,Moderate,Millennials
22224,6.9,3.3,6.5,1.5,3.3,2.9,High,Millennials
22225,3.4,3.6,8.6,3.8,3.8,3.36,Moderate,Millennials
22226,10.0,1.9,7.5,2.4,4.9,2.47,Moderate,Millennials
22227,4.7,3.5,8.2,3.0,1.8,3.19,Moderate,Millennials
22228,5.9,0.4,5.8,4.0,4.0,2.71,Moderate,Millennials
22229,3.9,2.1,9.2,2.0,7.0,3.02,Moderate,Millennials
22230,4.8,2.1,8.3,0.7,6.4,2.39,Moderate,Millennials
22231,5.1,2.3,9.9,2.4,4.4,3.42,Low,Millennials
22232,6.2,3.4,8.3,3.0,7.2,2.98,Low,Millennials
22233,4.1,2.7,7.2,1.8,6.9,3.21,Moderate,Millennials
22234,5.6,0.8,7.1,0.9,7.1,3.2,Moderate,Millennials
22235,7.0,2.3,6.2,0.8,3.3,3.24,Moderate,Millennials
22236,5.4,2.1,6.9,0.8,5.0,3.14,Low,Millennials
22237,7.3,1.1,8.9,1.3,4.0,3.25,Moderate,Millennials
22238,7.5,3.1,7.9,2.1,4.7,2.91,Moderate,Millennials
22239,4.9,1.4,9.3,1.0,5.2,2.82,Low,Millennials
22240,4.0,1.0,6.3,2.4,5.0,3.6,Moderate,Millennials
22241,5.3,1.0,8.4,1.6,4.3,3.94,Moderate,Millennials
22242,6.7,2.7,7.0,0.4,3.3,3.18,Moderate,Millennials
22243,4.5,0.4,9.9,0.0,4.0,2.6,Moderate,Millennials
22244,6.0,1.2,9.0,1.3,7.6,3.28,Low,Millennials
22245,7.4,3.4,8.9,3.2,6.2,2.84,Moderate,Millennials
22246,7.0,2.9,7.6,1.6,5.5,3.47,Low,Millennials
22247,4.2,2.2,7.7,1.8,4.1,2.99,Low,Millennials
22248,7.3,3.2,7.6,4.0,3.0,3.03,High,Millennials
22249,5.2,2.8,7.0,4.5,3.7,2.93,Moderate,Millennials
22250,5.4,2.4,7.3,1.7,4.2,2.81,Moderate,Millennials
22251,6.2,1.4,7.4,3.8,4.5,3.11,Low,Millennials
22252,4.6,4.7,6.9,0.5,2.4,2.68,Moderate,Millennials
22253,6.1,2.5,7.6,3.4,3.1,2.85,Moderate,Millennials
22254,5.3,5.0,9.6,1.2,2.8,2.94,High,Millennials
22255,6.6,2.1,7.4,2.0,4.5,3.23,Moderate,Millennials
22256,7.2,3.0,8.0,1.0,4.0,3.19,High,Millennials
22257,8.4,2.8,7.7,2.5,5.4,2.17,Low,Millennials
22258,5.8,2.2,9.9,2.6,4.1,3.06,Low,Millennials
22259,5.4,3.2,6.2,1.3,5.1,3.27,Moderate,Millennials
22260,5.8,3.6,7.9,1.7,4.8,3.29,Moderate,Millennials
22261,5.3,4.2,8.7,0.6,3.9,2.98,Low,Millennials
22262,4.0,1.0,8.9,1.6,5.6,3.03,Moderate,Millennials
22263,5.0,2.1,8.2,1.4,5.1,2.92,Moderate,Millennials
22264,4.6,4.3,9.0,3.7,6.3,3.1,Low,Millennials
22265,5.2,1.5,7.3,2.7,4.1,2.8,Moderate,Millennials
22266,5.3,2.0,6.0,2.2,5.5,2.6,Moderate,Millennials
22267,7.4,2.2,8.2,2.9,6.6,3.12,Low,Millennials
22268,4.7,2.5,7.6,3.6,3.4,2.99,High,Millennials
22269,6.1,2.8,7.7,1.7,4.1,2.63,Moderate,Millennials
22270,5.8,2.7,8.5,2.2,4.5,3.03,Moderate,Millennials
22271,5.5,2.9,6.7,2.7,4.9,3.14,Moderate,Millennials
22272,7.5,2.6,7.8,2.4,3.8,2.8,High,Millennials
22273,7.5,1.9,6.3,0.7,3.6,3.61,Low,Millennials
22274,7.2,1.3,7.0,2.2,5.1,3.37,Low,Millennials
22275,6.0,2.2,7.3,1.6,3.5,3.49,Moderate,Millennials
22276,6.5,4.4,7.4,2.9,4.5,3.2,Low,Millennials
22277,7.9,4.0,9.6,1.6,5.4,3.17,Low,Millennials
22278,8.8,4.2,6.5,1.6,4.4,2.92,Low,Millennials
22279,5.5,4.6,5.0,4.0,2.8,2.53,Moderate,Millennials
22280,5.9,3.0,7.8,0.4,5.0,3.06,Moderate,Millennials
22281,4.0,2.4,7.9,3.4,3.4,2.55,Low,Millennials
22282,6.3,3.0,8.4,3.3,1.7,3.23,Moderate,Millennials
22283,7.8,2.9,7.7,2.7,2.9,3.29,Moderate,Millennials
22284,7.7,3.5,9.0,1.3,3.5,3.01,Low,Millennials
22285,6.6,2.0,7.2,1.9,2.7,2.88,Moderate,Millennials
22286,7.0,3.1,7.6,2.7,4.4,3.33,Moderate,Millennials
22287,4.2,2.5,7.3,3.1,3.5,3.14,Low,Millennials
22288,8.2,3.5,8.1,3.5,3.1,2.96,Moderate,Millennials
22289,4.0,2.6,9.0,0.0,5.8,2.79,Low,Millennials
22290,4.5,3.0,8.4,1.9,2.4,2.86,Moderate,Millennials
22291,6.6,2.0,8.3,1.2,4.4,3.02,Moderate,Millennials
22292,5.2,1.7,7.1,3.0,6.3,3.13,Moderate,Millennials
22293,9.2,3.8,8.3,3.0,4.3,3.09,Moderate,Millennials
22294,5.7,2.5,8.9,3.3,4.3,2.48,Moderate,Millennials
22295,7.2,2.7,8.1,1.5,5.6,2.81,Low,Millennials
22296,5.2,1.5,7.8,2.8,4.4,3.27,Moderate,Millennials
22297,5.8,3.9,6.6,2.4,4.0,2.92,High,Millennials
22298,6.6,3.3,6.8,3.9,4.3,2.78,High,Millennials
22299,6.6,3.1,7.6,3.6,7.0,2.88,High,Millennials
22300,6.6,1.7,8.1,1.8,5.1,2.86,High,Millennials
22301,7.0,1.1,7.3,0.4,4.2,3.11,Low,Millennials
22302,4.5,1.5,7.8,3.1,5.8,2.92,Low,Millennials
22303,6.3,1.5,6.5,1.3,2.3,3.34,Moderate,Millennials
22304,5.1,3.7,6.5,1.4,4.6,3.08,Low,Millennials
22305,4.5,2.8,7.8,1.9,3.1,2.98,Moderate,Millennials
22306,6.7,1.8,8.5,1.9,7.7,2.78,Moderate,Millennials
22307,5.3,1.5,7.0,3.7,3.1,2.58,Moderate,Millennials
22308,5.5,3.4,8.3,1.9,4.0,2.87,Moderate,Millennials
22309,4.6,2.5,8.1,2.5,3.5,3.07,Moderate,Millennials
22310,6.0,1.7,7.4,1.4,2.2,3.12,Moderate,Millennials
22311,5.3,3.1,6.5,1.5,4.4,2.82,High,Millennials
22312,6.4,1.3,8.2,1.2,4.9,2.43,Moderate,Millennials
22313,6.1,1.1,9.3,1.8,5.2,2.57,Moderate,Millennials
22314,5.8,1.4,9.0,1.8,4.4,2.63,Moderate,Millennials
22315,4.8,1.1,7.6,3.9,4.8,3.08,Low,Millennials
22316,7.3,3.3,7.3,1.9,6.3,3.51,Low,Millennials
22317,5.0,3.9,7.3,1.0,6.0,3.19,Low,Millennials
22318,6.9,2.5,8.9,1.3,6.0,3.3,Moderate,Millennials
22319,4.6,0.6,8.9,0.9,5.8,3.43,Moderate,Millennials
22320,5.8,2.3,8.5,2.0,1.3,3.19,Low,Millennials
22321,4.5,1.4,6.1,3.2,4.4,2.97,High,Millennials
22322,7.8,2.8,6.3,2.9,5.3,2.87,Low,Millennials
22323,5.2,0.9,7.0,4.8,3.3,3.0,Low,Millennials
22324,4.4,1.7,7.5,0.0,3.9,3.05,Low,Millennials
22325,5.5,3.2,6.0,1.2,4.6,3.02,Low,Millennials
22326,7.0,2.8,6.8,3.3,3.0,3.28,Low,Millennials
22327,5.7,1.0,8.7,4.0,3.7,3.15,Low,Millennials
22328,6.0,4.2,6.0,1.2,3.4,2.63,Moderate,Millennials
22329,5.7,2.7,8.0,2.0,4.6,3.25,Low,Millennials
22330,6.0,0.0,9.0,2.4,6.1,2.73,Low,Millennials
22331,5.8,1.6,9.5,0.9,2.7,3.45,Low,Millennials
22332,4.7,2.0,7.8,1.4,6.0,3.34,Low,Millennials
22333,7.8,1.1,6.5,0.5,4.8,2.78,High,Millennials
22334,4.8,0.3,7.4,4.5,5.9,2.3,Low,Millennials
22335,5.5,1.6,7.0,3.0,4.1,2.54,Low,Millennials
22336,7.3,4.7,8.9,1.2,1.3,3.16,Moderate,Millennials
22337,6.8,2.0,8.0,2.0,3.6,2.71,Low,Millennials
22338,3.1,3.9,7.6,3.2,5.4,3.52,High,Millennials
22339,6.6,0.9,10.0,2.4,5.8,3.64,Moderate,Millennials
22340,6.0,3.1,7.8,0.2,5.1,2.61,Moderate,Millennials
22341,6.3,1.4,8.7,2.7,4.9,3.35,Moderate,Millennials
22342,4.7,0.7,7.0,0.8,4.1,3.12,Moderate,Millennials
22343,6.4,1.9,7.9,3.1,1.7,3.05,Low,Millennials
22344,4.1,4.2,7.3,2.0,3.3,2.44,Low,Millennials
22345,4.8,2.4,7.0,0.1,3.7,3.19,Low,Millennials
22346,5.6,2.7,6.4,1.4,7.0,3.39,Low,Millennials
22347,5.4,2.5,7.5,3.2,4.4,2.93,Low,Millennials
22348,5.2,0.2,6.8,2.4,2.7,2.76,Moderate,Millennials
22349,6.1,2.6,9.7,1.6,4.9,3.46,Moderate,Millennials
22350,6.6,1.6,8.0,2.2,5.7,2.93,Low,Millennials
22351,7.2,3.0,7.4,1.1,5.5,2.96,Moderate,Millennials
22352,6.3,2.9,6.9,0.5,2.0,3.01,Moderate,Millennials
22353,5.0,2.9,9.4,1.8,5.1,3.47,Low,Millennials
22354,8.0,3.4,8.2,2.5,2.5,2.9,Moderate,Millennials
22355,6.2,3.3,8.8,0.3,4.2,2.55,Moderate,Millennials
22356,7.4,0.0,8.7,3.8,5.6,2.55,Moderate,Millennials
22357,7.0,2.4,7.5,1.2,7.3,3.09,Moderate,Millennials
22358,5.9,3.4,8.2,3.9,4.1,3.35,High,Millennials
22359,6.6,2.1,9.0,1.4,3.4,2.7,Moderate,Millennials
22360,5.9,1.2,8.9,1.2,4.5,3.12,Low,Millennials
22361,6.2,0.5,7.9,0.5,5.5,2.84,Moderate,Millennials
22362,5.4,3.2,7.8,2.5,4.8,2.38,Moderate,Millennials
22363,6.2,3.6,5.2,3.0,5.4,2.81,Moderate,Millennials
22364,5.1,3.1,7.5,0.0,5.6,2.77,Moderate,Millennials
22365,6.5,4.7,7.4,1.1,2.2,2.97,Moderate,Millennials
22366,6.1,0.5,7.9,3.0,5.4,2.52,High,Millennials
22367,8.7,3.3,8.0,3.7,2.4,2.64,Low,Millennials
22368,5.6,1.9,8.8,0.0,5.4,2.5,Low,Millennials
22369,5.8,1.5,7.6,0.0,7.9,2.75,Moderate,Millennials
22370,3.2,0.0,8.5,3.0,5.2,3.2,Moderate,Millennials
22371,6.9,3.3,6.7,1.4,4.8,3.32,Moderate,Millennials
22372,4.8,1.1,7.3,0.0,2.5,2.71,Moderate,Millennials
22373,6.5,1.0,7.7,0.9,3.3,2.86,Moderate,Millennials
22374,3.9,1.4,6.4,3.6,4.6,3.24,Low,Millennials
22375,6.0,0.0,7.4,1.7,4.2,2.91,Moderate,Millennials
22376,4.5,3.3,6.4,0.0,3.4,3.27,Low,Millennials
22377,7.8,2.4,8.4,4.2,4.6,2.75,High,Millennials
22378,4.0,1.4,7.8,3.2,6.1,2.81,Moderate,Millennials
22379,6.8,1.4,9.2,1.9,4.4,3.23,Moderate,Millennials
22380,6.1,2.7,7.8,1.3,1.6,3.17,Moderate,Millennials
22381,6.9,2.8,6.9,2.9,3.0,3.24,Low,Millennials
22382,5.0,4.9,8.6,2.8,3.1,2.57,Low,Millennials
22383,5.7,1.8,7.6,2.5,2.2,3.43,Moderate,Millennials
22384,6.7,0.1,6.7,3.0,3.6,3.28,Moderate,Millennials
22385,5.3,4.9,8.0,2.9,4.2,3.23,Low,Millennials
22386,7.8,4.4,7.8,2.8,5.8,2.91,Low,Millennials
22387,5.9,1.8,8.1,2.6,3.8,2.97,Moderate,Millennials
22388,6.4,2.4,6.3,1.2,4.7,2.66,Low,Millennials
22389,8.3,3.6,8.0,0.9,4.5,2.7,Moderate,Millennials
22390,5.6,4.8,7.3,2.6,1.4,3.63,Low,Millennials
22391,5.1,3.2,7.9,2.2,4.4,2.85,Low,Millennials
22392,5.7,3.3,7.5,2.3,5.0,3.17,Moderate,Millennials
22393,6.2,3.0,8.7,0.9,3.5,2.91,Low,Millennials
22394,5.8,0.1,7.7,2.6,4.7,2.77,Moderate,Millennials
22395,6.0,1.9,7.2,3.0,4.3,3.32,Moderate,Millennials
22396,6.3,1.6,7.5,0.0,3.6,3.29,Low,Millennials
22397,4.7,1.5,6.7,1.6,0.2,2.38,Moderate,Millennials
22398,7.5,2.5,6.9,0.0,4.7,2.86,Moderate,Millennials
22399,6.4,0.2,8.5,3.7,6.5,2.71,Moderate,Millennials
22400,6.5,2.3,7.1,4.0,2.9,2.96,Low,Millennials
22401,5.9,1.6,7.6,3.1,4.1,3.45,Low,Millennials
22402,3.8,2.1,6.8,2.5,4.6,2.93,High,Millennials
22403,6.7,3.4,7.1,3.1,2.9,2.89,Moderate,Millennials
22404,7.6,2.0,8.0,3.1,7.2,2.96,Moderate,Millennials
22405,4.7,1.6,6.4,0.8,4.4,2.43,Moderate,Millennials
22406,3.1,2.5,6.6,3.0,6.1,3.31,Moderate,Millennials
22407,2.8,3.5,9.3,2.6,2.6,2.83,Low,Millennials
22408,5.9,0.0,6.7,1.6,3.8,3.05,Moderate,Millennials
22409,6.8,1.9,7.4,1.8,4.2,2.88,Moderate,Millennials
22410,4.1,0.5,7.6,1.0,5.1,3.43,Moderate,Millennials
22411,5.5,2.4,6.8,3.0,4.5,3.22,Low,Millennials
22412,7.0,1.5,8.6,2.1,4.2,2.56,Low,Millennials
22413,5.1,2.3,7.9,0.8,4.4,3.47,Moderate,Millennials
22414,7.2,1.4,7.9,1.6,4.4,2.76,Low,Millennials
22415,4.3,3.2,5.6,0.3,3.6,2.95,Moderate,Millennials
22416,6.1,2.9,7.4,3.7,2.8,3.2,Low,Millennials
22417,9.0,0.7,7.3,0.9,3.8,3.23,Low,Millennials
22418,5.1,3.1,8.2,0.6,6.0,3.34,Moderate,Millennials
22419,6.0,1.7,7.6,2.2,4.9,3.34,Low,Millennials
22420,4.1,1.9,8.0,1.6,1.8,2.88,Moderate,Millennials
22421,7.3,2.8,8.0,0.7,2.7,2.35,Moderate,Millennials
22422,6.7,1.7,7.1,0.0,4.3,2.99,High,Millennials
22423,7.7,2.0,8.7,2.5,5.3,3.02,Low,Millennials
22424,5.5,2.7,8.1,0.7,5.9,3.69,Low,Millennials
22425,5.6,1.8,6.7,2.4,3.7,3.29,Moderate,Millennials
22426,4.8,3.0,6.3,3.5,2.4,3.5,High,Millennials
22427,6.5,2.0,8.8,3.5,3.8,3.12,Low,Millennials
22428,5.7,3.7,8.1,0.6,3.4,3.01,Moderate,Millennials
22429,7.0,0.8,6.7,3.7,1.9,2.99,Moderate,Millennials
22430,6.2,3.0,8.9,2.9,4.3,2.84,High,Millennials
22431,6.6,2.2,8.1,2.9,2.0,2.87,Low,Millennials
22432,5.5,4.9,7.9,0.9,2.4,3.02,High,Millennials
22433,6.8,2.9,8.0,0.3,5.6,3.1,High,Millennials
22434,6.8,2.3,10.0,2.7,4.6,2.72,Moderate,Millennials
22435,7.5,3.4,8.5,1.1,3.9,3.37,High,Millennials
22436,5.4,1.9,10.0,0.3,3.7,3.02,Low,Millennials
22437,4.0,0.9,9.2,2.1,4.1,3.09,Moderate,Millennials
22438,3.0,3.1,8.8,2.9,2.8,2.43,Moderate,Millennials
22439,7.2,1.0,8.2,1.0,6.4,3.25,High,Millennials
22440,5.9,2.8,7.1,1.3,2.6,3.08,Moderate,Millennials
22441,5.3,1.6,5.4,2.7,4.6,2.78,Low,Millennials
22442,7.6,3.6,7.3,1.4,7.8,2.9,Low,Millennials
22443,7.3,1.2,8.5,2.3,4.9,2.78,Low,Millennials
22444,5.6,3.7,7.1,1.9,2.6,2.92,Low,Millennials
22445,7.8,4.1,6.9,1.0,2.1,2.63,Low,Millennials
22446,5.7,0.7,7.0,0.8,1.8,2.99,Moderate,Millennials
22447,7.3,3.5,8.8,1.6,4.5,3.68,High,Millennials
22448,5.8,3.4,8.8,2.0,3.4,2.76,Moderate,Millennials
22449,3.4,2.1,7.4,1.9,4.2,3.31,Moderate,Millennials
22450,7.8,1.3,7.7,1.8,0.5,3.09,Moderate,Millennials
22451,4.0,0.0,8.1,2.8,4.2,3.02,Moderate,Millennials
22452,5.6,4.7,7.5,2.0,4.7,2.97,Moderate,Millennials
22453,7.2,0.5,5.9,0.4,6.4,3.25,Moderate,Millennials
22454,5.1,2.9,8.7,1.9,1.9,3.26,High,Millennials
22455,4.1,1.8,7.9,1.7,2.9,2.96,High,Millennials
22456,7.5,3.0,6.2,2.3,3.9,3.04,Moderate,Millennials
22457,5.0,2.0,5.6,2.4,4.5,3.13,Moderate,Millennials
22458,7.8,3.9,6.6,4.9,3.9,3.4,Moderate,Millennials
22459,6.3,3.2,8.7,0.0,1.6,2.92,Moderate,Millennials
22460,7.4,2.8,8.4,1.7,7.5,2.9,Moderate,Millennials
22461,6.2,2.8,7.3,0.7,4.6,2.6,Low,Millennials
22462,5.6,1.4,7.7,0.9,4.1,2.71,Moderate,Millennials
22463,2.5,4.1,8.0,3.5,4.1,3.11,Moderate,Millennials
22464,4.7,2.2,8.2,2.9,5.7,2.85,Moderate,Millennials
22465,6.9,0.2,6.3,2.0,4.6,2.84,Moderate,Millennials
22466,5.7,1.3,8.4,1.8,2.8,2.94,Low,Millennials
22467,3.9,2.7,7.7,1.0,4.9,3.12,High,Millennials
22468,5.9,2.4,8.5,3.3,4.0,2.94,Moderate,Millennials
22469,3.9,2.5,7.2,1.7,5.7,2.8,Moderate,Millennials
22470,7.3,3.4,7.2,1.8,6.4,2.84,Moderate,Millennials
22471,4.6,3.1,8.7,2.7,2.9,2.96,Moderate,Millennials
22472,4.3,3.5,8.3,1.6,4.9,3.0,High,Millennials
22473,2.4,2.5,6.9,2.8,5.4,2.89,Low,Millennials
22474,4.9,3.5,7.4,0.8,5.8,2.49,Moderate,Millennials
22475,6.5,2.2,9.4,4.1,4.9,2.97,Moderate,Millennials
22476,6.7,2.8,7.9,3.6,3.0,2.85,Moderate,Millennials
22477,5.3,3.8,8.2,2.9,2.3,2.86,Moderate,Millennials
22478,4.8,2.3,7.1,2.5,5.5,3.12,Low,Millennials
22479,6.3,2.5,7.1,3.0,4.1,3.77,Low,Millennials
22480,5.0,2.8,8.1,0.5,3.8,3.09,Moderate,Millennials
22481,6.7,2.5,7.1,3.3,6.6,2.46,Moderate,Millennials
22482,6.6,3.2,7.4,3.4,6.7,2.89,Low,Millennials
22483,5.1,1.2,8.0,3.1,3.5,2.64,High,Millennials
22484,4.4,4.2,7.5,2.1,3.8,3.0,Low,Millennials
22485,5.2,4.7,8.2,2.3,4.3,3.08,High,Millennials
22486,5.2,1.4,8.5,2.5,6.1,2.44,Moderate,Millennials
22487,6.3,4.7,5.6,2.1,5.4,2.91,Moderate,Millennials
22488,6.7,3.6,6.6,2.1,4.5,3.22,Low,Millennials
22489,5.6,3.4,7.2,3.8,3.7,2.79,Low,Millennials
22490,5.0,0.8,7.4,0.5,2.5,3.34,Moderate,Millennials
22491,6.1,2.4,8.0,2.8,1.8,3.13,Low,Millennials
22492,5.6,1.3,8.4,1.7,3.2,3.93,Moderate,Millennials
22493,5.1,3.7,7.0,1.1,3.9,2.94,Low,Millennials
22494,6.7,1.3,8.4,3.1,2.3,3.06,Low,Millennials
22495,4.4,0.0,8.8,2.3,5.1,2.99,Moderate,Millennials
22496,5.9,0.0,9.1,0.0,5.1,2.65,High,Millennials
22497,7.3,2.3,7.6,3.5,5.6,2.84,High,Millennials
22498,5.3,2.3,8.6,1.2,1.8,3.47,Moderate,Millennials
22499,7.4,2.9,8.3,0.7,3.9,2.59,High,Millennials
22500,7.2,2.4,9.1,2.8,4.5,3.2,Low,Millennials
22501,5.9,2.0,7.5,3.0,4.0,3.14,Moderate,Millennials
22502,5.5,2.8,9.1,1.7,4.2,2.46,Low,Millennials
22503,4.1,3.5,9.8,2.2,5.8,3.02,Low,Millennials
22504,8.3,3.0,6.8,0.0,4.1,2.99,Moderate,Millennials
22505,5.2,3.4,6.7,3.1,2.6,2.98,Moderate,Millennials
22506,4.6,1.7,7.1,1.5,5.5,2.6,Moderate,Millennials
22507,7.3,1.6,7.8,3.4,2.2,3.26,Moderate,Millennials
22508,6.2,2.5,7.8,2.8,6.1,2.55,High,Millennials
22509,6.2,3.6,8.6,3.2,3.8,3.26,Low,Millennials
22510,5.6,2.7,8.0,2.8,5.2,3.27,Moderate,Millennials
22511,6.6,1.8,7.5,2.9,6.0,3.13,Moderate,Millennials
22512,5.5,3.4,8.0,1.8,4.0,3.1,Moderate,Millennials
22513,7.8,1.5,10.0,2.3,2.7,2.76,High,Millennials
22514,7.8,3.0,8.6,1.9,6.4,2.85,Low,Millennials
22515,4.6,2.5,7.9,1.5,3.7,3.35,Moderate,Millennials
22516,6.1,3.0,5.0,2.0,4.8,2.53,Low,Millennials
22517,7.2,2.7,8.4,3.0,2.6,2.64,Low,Millennials
22518,6.1,1.1,7.4,2.4,3.8,2.41,High,Millennials
22519,5.7,1.4,8.7,2.5,5.4,2.67,Low,Millennials
22520,4.3,1.6,10.0,2.4,2.7,2.94,Low,Millennials
22521,6.1,2.2,7.8,2.7,3.1,3.31,Moderate,Millennials
22522,5.6,3.5,7.6,3.1,4.1,2.69,Moderate,Millennials
22523,5.2,2.0,6.4,2.7,4.2,3.18,Low,Millennials
22524,6.0,2.6,8.0,3.3,3.9,3.12,Low,Millennials
22525,7.2,2.5,7.9,2.7,5.1,2.52,Moderate,Millennials
22526,5.5,2.2,8.9,2.5,3.7,3.12,Low,Millennials
22527,3.7,2.2,7.8,2.0,3.6,2.88,Low,Millennials
22528,4.3,2.7,7.9,2.1,5.4,3.28,Low,Millennials
22529,2.6,1.7,6.9,4.0,5.5,2.77,Low,Millennials
22530,2.9,1.2,7.7,2.1,4.5,2.81,Moderate,Millennials
22531,4.3,4.2,7.5,2.6,4.5,2.88,Low,Millennials
22532,5.6,2.1,8.0,2.8,2.8,3.05,Moderate,Millennials
22533,4.7,2.9,6.9,1.6,4.7,3.18,Moderate,Millennials
22534,5.0,1.6,7.9,2.4,3.3,2.93,Moderate,Millennials
22535,3.7,1.9,6.6,3.6,5.3,2.87,Moderate,Millennials
22536,5.4,1.5,8.0,3.0,4.4,2.59,High,Millennials
22537,8.9,4.4,7.2,2.4,4.4,2.97,Moderate,Millennials
22538,5.8,3.5,8.2,0.6,1.7,3.26,Moderate,Millennials
22539,5.6,0.5,6.5,1.9,4.6,2.94,Moderate,Millennials
22540,5.8,2.9,7.7,1.2,2.6,2.89,Low,Millennials
22541,6.7,1.1,7.6,3.3,5.5,3.59,Moderate,Millennials
22542,5.0,2.9,9.6,2.4,3.4,3.02,Low,Millennials
22543,5.2,1.3,7.4,1.1,3.4,3.29,Low,Millennials
22544,6.7,1.0,9.3,0.1,4.5,3.03,Moderate,Millennials
22545,5.8,1.7,8.7,0.1,5.7,3.54,Moderate,Millennials
22546,6.2,1.6,8.3,2.8,5.6,2.75,Low,Millennials
22547,5.7,2.7,7.0,2.2,3.6,3.23,Moderate,Millennials
22548,6.7,3.4,9.0,0.1,4.1,3.4,Low,Millennials
22549,6.0,0.6,7.5,2.2,4.5,2.96,Low,Millennials
22550,4.9,3.0,9.0,2.0,3.9,2.94,Low,Millennials
22551,4.9,1.6,8.7,2.6,4.7,3.1,Low,Millennials
22552,7.8,2.5,7.3,2.2,2.7,3.23,Low,Millennials
22553,5.7,3.2,8.5,1.6,2.6,3.29,Moderate,Millennials
22554,4.0,0.9,8.0,1.6,3.6,2.93,Moderate,Millennials
22555,5.8,2.5,8.5,3.2,4.3,3.27,Low,Millennials
22556,5.1,1.6,6.9,1.8,5.6,3.24,Moderate,Millennials
22557,4.2,2.5,8.2,3.1,5.4,3.08,Moderate,Millennials
22558,5.5,1.5,8.3,3.4,2.5,2.92,Low,Millennials
22559,5.9,1.3,7.4,2.0,7.5,3.42,Moderate,Millennials
22560,4.6,2.2,8.4,0.7,4.3,3.26,Low,Millennials
22561,6.3,4.2,7.2,3.4,6.2,3.14,High,Millennials
22562,6.6,3.3,7.5,0.8,3.6,3.05,Low,Millennials
22563,6.9,0.5,7.9,2.0,5.5,3.07,Moderate,Millennials
22564,5.4,0.6,8.6,1.9,3.5,3.36,High,Millennials
22565,5.7,1.9,9.3,0.0,5.2,3.04,Moderate,Millennials
22566,8.2,0.0,8.6,3.3,5.0,3.32,Low,Millennials
22567,6.4,1.9,8.3,2.7,2.2,3.52,Low,Millennials
22568,4.5,3.6,7.6,0.0,3.6,3.4,Moderate,Millennials
22569,5.1,2.0,8.2,2.5,2.4,3.22,High,Millennials
22570,4.8,2.5,8.1,1.1,8.0,3.3,Moderate,Millennials
22571,4.5,2.4,7.2,3.4,6.9,2.45,Moderate,Millennials
22572,5.3,3.0,9.8,4.0,6.6,2.7,Moderate,Millennials
22573,6.5,1.2,8.3,1.6,3.7,3.05,Moderate,Millennials
22574,5.7,1.7,7.6,2.7,3.3,3.35,Moderate,Millennials
22575,5.9,1.9,6.5,2.6,4.2,3.01,Moderate,Millennials
22576,7.4,3.3,8.0,1.6,6.2,3.13,Low,Millennials
22577,5.1,2.2,8.2,2.7,5.7,3.1,Low,Millennials
22578,3.4,4.2,7.5,1.2,3.9,2.94,Low,Millennials
22579,5.8,2.3,8.5,1.4,3.7,2.29,High,Millennials
22580,4.1,2.9,8.3,0.1,4.9,2.97,Moderate,Millennials
22581,5.6,2.8,7.0,1.2,2.9,2.64,Moderate,Millennials
22582,3.1,2.7,8.5,0.9,4.1,2.96,Moderate,Millennials
22583,5.8,2.0,9.9,3.6,5.2,3.02,High,Millennials
22584,6.0,2.0,7.1,5.8,5.0,2.85,Moderate,Millennials
22585,7.1,2.1,6.7,2.6,3.9,3.38,Low,Millennials
22586,4.9,3.7,8.1,1.0,3.3,3.58,Low,Millennials
22587,4.4,3.4,6.9,3.0,2.2,3.39,Moderate,Millennials
22588,5.4,2.6,7.2,3.0,2.5,3.48,Moderate,Millennials
22589,7.2,3.0,7.3,1.6,2.5,3.24,Moderate,Millennials
22590,7.1,2.2,7.7,3.7,5.4,3.07,Low,Millennials
22591,4.4,1.3,7.6,2.4,2.6,3.5,Moderate,Millennials
22592,8.1,3.0,8.0,2.0,2.0,2.95,Moderate,Millennials
22593,6.0,2.8,9.5,1.5,1.9,2.97,Moderate,Millennials
22594,5.0,2.1,6.6,5.1,2.5,3.15,Low,Millennials
22595,4.0,2.1,8.9,2.0,3.1,3.44,High,Millennials
22596,4.4,1.9,7.4,3.1,5.0,2.81,Moderate,Millennials
22597,6.4,1.3,8.7,1.5,5.8,3.15,Moderate,Millennials
22598,4.8,3.0,7.8,1.2,6.5,3.08,Low,Millennials
22599,6.2,2.0,7.3,1.4,0.6,2.81,Low,Millennials
22600,5.6,2.1,8.4,2.3,3.3,3.06,Moderate,Millennials
22601,5.1,3.4,6.7,3.4,2.1,2.93,Low,Millennials
22602,5.1,3.4,7.1,1.5,6.2,3.44,Moderate,Millennials
22603,8.9,1.9,7.1,3.6,3.9,2.73,Moderate,Millennials
22604,4.8,1.0,9.1,3.0,5.3,3.03,Moderate,Millennials
22605,6.0,2.6,8.6,2.5,3.5,3.03,Moderate,Millennials
22606,6.2,4.0,7.7,1.0,4.4,2.77,High,Millennials
22607,8.4,1.0,8.7,0.7,3.5,3.18,Moderate,Millennials
22608,9.5,2.6,7.3,2.2,3.3,3.15,Low,Millennials
22609,8.6,1.7,8.6,3.2,0.8,3.37,Low,Millennials
22610,5.6,4.0,8.5,2.5,2.9,2.65,Low,Millennials
22611,6.7,0.7,7.6,4.0,4.8,2.75,Moderate,Millennials
22612,6.3,0.9,7.1,2.3,4.3,3.16,Low,Millennials
22613,6.3,2.8,7.5,2.3,6.2,2.9,Moderate,Millennials
22614,7.5,1.6,7.8,2.6,2.1,3.36,Low,Millennials
22615,5.5,3.6,8.2,3.2,4.7,3.04,Moderate,Millennials
22616,5.7,0.8,6.3,3.5,4.9,3.25,High,Millennials
22617,4.5,1.5,9.1,3.0,6.0,3.01,Moderate,Millennials
22618,5.9,1.5,7.4,2.0,6.9,3.3,Moderate,Millennials
22619,4.9,3.5,9.3,4.1,6.4,2.9,Moderate,Millennials
22620,5.0,3.3,7.7,2.3,2.0,2.52,Moderate,Millennials
22621,6.0,3.1,6.5,1.9,4.8,3.05,Low,Millennials
22622,6.0,5.3,8.3,2.6,2.7,3.08,Low,Millennials
22623,7.3,1.4,7.7,2.1,2.5,3.32,Low,Millennials
22624,3.3,3.4,8.0,2.6,3.2,3.45,Moderate,Millennials
22625,6.6,3.8,5.6,3.1,4.9,3.4,High,Millennials
22626,5.6,1.3,8.4,0.7,6.8,3.36,High,Millennials
22627,4.4,1.4,8.0,3.5,5.0,2.99,High,Millennials
22628,3.3,1.7,7.8,1.7,2.5,2.69,Low,Millennials
22629,6.9,4.3,7.6,3.2,4.3,2.9,Moderate,Millennials
22630,6.1,1.3,7.7,0.9,6.1,2.96,High,Millennials
22631,8.1,0.5,7.7,0.0,3.2,2.66,Low,Millennials
22632,8.2,2.7,7.7,2.0,2.3,2.91,Moderate,Millennials
22633,5.4,1.8,7.7,3.4,2.9,2.89,Moderate,Millennials
22634,7.3,0.2,10.0,0.0,3.0,2.54,High,Millennials
22635,4.8,2.1,9.2,2.4,5.2,2.97,High,Millennials
22636,4.9,2.2,7.2,1.4,4.7,3.24,Low,Millennials
22637,3.3,1.2,7.8,0.0,5.8,3.35,Moderate,Millennials
22638,7.6,2.6,7.4,2.1,4.1,3.3,Low,Millennials
22639,4.9,2.1,6.5,4.2,3.7,3.26,Low,Millennials
22640,6.5,0.6,8.2,1.2,4.8,3.22,Moderate,Millennials
22641,5.0,1.8,8.4,2.6,6.8,3.1,Low,Millennials
22642,6.8,3.7,7.7,2.0,7.8,3.5,Moderate,Millennials
22643,5.4,0.4,9.1,2.5,5.5,3.1,Moderate,Millennials
22644,7.0,2.1,8.9,2.3,3.2,3.11,Moderate,Millennials
22645,4.7,0.0,8.5,2.3,4.7,2.69,Low,Millennials
22646,5.3,2.2,8.1,3.2,4.5,2.88,Moderate,Millennials
22647,7.1,3.8,7.1,1.8,3.8,2.53,Moderate,Millennials
22648,6.2,1.0,7.5,1.1,6.4,3.18,Moderate,Millennials
22649,6.2,2.7,7.3,1.6,6.2,3.0,Moderate,Millennials
22650,6.0,2.1,7.3,1.9,3.6,3.34,Low,Millennials
22651,6.0,2.5,7.3,0.8,3.3,3.75,Low,Millennials
22652,5.5,3.5,8.5,1.5,5.3,3.42,Moderate,Millennials
22653,2.1,3.4,9.2,2.3,5.0,2.85,Moderate,Millennials
22654,6.6,4.1,8.9,1.2,5.0,3.63,High,Millennials
22655,8.3,2.0,6.9,1.5,2.4,3.33,Low,Millennials
22656,5.6,1.0,6.9,1.3,6.4,3.22,Low,Millennials
22657,7.7,1.5,6.8,2.9,5.2,2.96,Moderate,Millennials
22658,7.4,0.6,6.0,0.8,2.7,3.1,Moderate,Millennials
22659,6.3,3.4,8.8,1.4,3.5,2.73,Moderate,Millennials
22660,8.6,3.1,7.7,2.4,5.2,3.13,Moderate,Millennials
22661,6.1,0.7,7.4,2.1,5.9,3.37,Low,Millennials
22662,5.1,2.3,7.3,2.6,4.4,2.56,High,Millennials
22663,5.1,2.6,9.3,1.6,4.2,2.99,Moderate,Millennials
22664,6.3,2.5,9.0,2.8,5.8,3.07,Moderate,Millennials
22665,4.6,2.8,8.5,2.9,4.2,3.01,Low,Millennials
22666,3.6,2.7,8.1,1.3,3.4,2.43,Moderate,Millennials
22667,7.2,3.7,8.4,2.3,3.6,2.81,Low,Millennials
22668,5.3,2.4,6.8,4.0,7.0,2.87,High,Millennials
22669,5.2,1.4,7.8,1.6,5.8,3.02,Low,Millennials
22670,4.5,2.5,7.1,1.8,5.9,2.96,High,Millennials
22671,6.1,1.7,8.3,1.9,4.7,2.93,Moderate,Millennials
22672,3.5,0.7,6.4,2.1,4.4,2.8,Moderate,Millennials
22673,6.7,2.4,6.8,2.4,6.4,3.07,Moderate,Millennials
22674,7.0,1.5,7.7,4.9,6.5,3.44,High,Millennials
22675,6.0,3.0,7.7,0.5,5.3,3.06,Low,Millennials
22676,5.1,1.4,10.0,1.3,3.0,3.02,Moderate,Millennials
22677,6.8,3.1,9.3,2.4,6.2,3.04,Low,Millennials
22678,5.4,3.5,7.9,2.0,3.6,3.55,Moderate,Millennials
22679,6.0,2.9,5.8,1.8,4.9,3.24,Moderate,Millennials
22680,7.6,2.3,7.0,2.4,3.9,2.69,Low,Millennials
22681,5.6,0.4,8.9,1.8,2.3,2.21,Low,Millennials
22682,5.9,2.4,7.8,1.2,3.3,3.31,Low,Millennials
22683,3.2,2.3,7.3,1.8,4.9,2.55,Moderate,Millennials
22684,6.4,1.7,7.2,2.8,5.5,3.37,Moderate,Millennials
22685,3.8,3.1,6.9,4.1,5.7,2.81,Low,Millennials
22686,4.3,2.1,7.3,1.4,7.2,2.53,Moderate,Millennials
22687,7.4,1.3,6.5,2.3,6.3,3.24,Moderate,Millennials
22688,4.8,1.4,8.2,3.1,5.3,3.33,Moderate,Millennials
22689,5.5,2.3,8.9,0.2,4.7,2.93,Low,Millennials
22690,4.7,3.5,8.8,4.6,5.0,2.32,Moderate,Millennials
22691,5.4,0.6,7.5,1.6,6.1,3.16,Low,Millennials
22692,6.9,0.0,7.4,0.5,3.2,3.58,Moderate,Millennials
22693,5.9,2.3,7.8,3.8,3.1,3.14,Moderate,Millennials
22694,5.2,1.0,6.8,3.6,4.6,2.61,Low,Millennials
22695,4.4,2.7,8.5,3.8,5.9,3.16,High,Millennials
22696,9.2,3.1,7.6,2.9,3.2,2.85,Moderate,Millennials
22697,5.1,3.3,7.9,2.3,4.5,3.15,Moderate,Millennials
22698,5.7,0.5,7.8,1.8,3.6,3.43,High,Millennials
22699,4.8,1.2,7.0,3.2,4.7,3.15,High,Millennials
22700,7.8,1.0,7.5,3.1,6.1,3.06,Moderate,Millennials
22701,7.5,1.7,6.5,0.9,3.9,3.02,High,Millennials
22702,6.8,1.9,7.2,2.2,0.1,2.79,Low,Millennials
22703,6.3,3.4,9.2,2.2,3.9,2.58,Low,Millennials
22704,5.7,2.0,8.9,2.0,5.1,2.49,Moderate,Millennials
22705,5.5,2.7,6.6,3.4,4.4,3.5,Moderate,Millennials
22706,4.0,2.4,9.0,0.6,4.4,2.97,High,Millennials
22707,6.1,3.2,7.8,2.5,3.4,2.89,Low,Millennials
22708,4.5,1.4,7.3,2.6,3.0,3.15,High,Millennials
22709,5.6,1.2,7.6,0.0,2.6,2.9,Moderate,Millennials
22710,5.4,1.5,9.8,3.1,4.8,2.57,Moderate,Millennials
22711,7.2,3.1,8.0,2.4,5.9,2.68,High,Millennials
22712,5.0,3.2,8.0,1.0,3.5,2.59,Moderate,Millennials
22713,7.6,1.5,7.8,1.8,5.1,2.57,Moderate,Millennials
22714,5.6,1.4,8.2,1.6,4.7,2.78,High,Millennials
22715,3.9,1.4,8.0,1.3,2.5,3.16,Low,Millennials
22716,3.9,2.9,8.1,2.0,3.9,2.95,Low,Millennials
22717,5.3,2.4,6.5,0.4,5.1,2.55,Moderate,Millennials
22718,6.2,1.0,7.7,3.1,4.6,3.38,Low,Millennials
22719,6.7,0.0,8.0,1.0,1.3,2.5,Moderate,Millennials
22720,7.6,4.4,6.9,4.1,4.6,2.25,Moderate,Millennials
22721,5.6,2.3,7.9,1.4,4.6,3.12,Moderate,Millennials
22722,7.9,4.0,7.4,2.4,2.8,3.01,High,Millennials
22723,7.8,2.7,6.5,4.2,1.6,3.6,Low,Millennials
22724,6.3,2.2,7.6,1.1,7.1,2.73,Low,Millennials
22725,5.9,3.5,7.7,3.2,4.0,3.11,Moderate,Millennials
22726,5.5,2.4,8.1,0.0,5.3,3.43,Moderate,Millennials
22727,7.4,2.7,9.0,1.2,3.7,3.05,Low,Millennials
22728,3.8,1.1,7.6,2.2,6.1,3.24,Moderate,Millennials
22729,6.7,1.8,8.6,2.5,3.6,3.62,Moderate,Millennials
22730,5.6,2.7,7.7,0.2,5.0,2.71,Low,Millennials
22731,5.6,0.1,7.8,2.2,5.2,3.02,Moderate,Millennials
22732,7.1,0.9,6.9,1.3,4.9,2.45,High,Millennials
22733,6.4,4.0,6.6,1.0,5.6,3.18,Low,Millennials
22734,4.6,2.2,8.2,2.0,4.7,3.11,Moderate,Millennials
22735,4.3,1.7,9.1,2.7,5.8,2.99,Low,Millennials
22736,5.6,1.1,7.5,0.7,3.9,2.83,Moderate,Millennials
22737,4.3,1.2,7.7,2.7,3.9,2.97,High,Millennials
22738,4.0,2.6,7.6,0.9,5.6,2.9,Moderate,Millennials
22739,4.6,1.9,7.7,3.0,3.3,3.22,Low,Millennials
22740,5.7,3.4,7.0,1.0,3.8,2.91,Low,Millennials
22741,6.4,2.6,9.0,0.0,4.4,3.05,Low,Millennials
22742,6.0,2.7,7.8,1.3,7.4,2.97,High,Millennials
22743,5.5,0.5,7.6,2.3,5.4,3.2,High,Millennials
22744,4.2,0.0,8.7,1.4,3.2,3.27,Moderate,Millennials
22745,4.4,3.0,9.4,0.4,4.9,3.35,Moderate,Millennials
22746,7.2,4.6,9.1,1.6,3.1,3.07,Moderate,Millennials
22747,4.2,0.6,7.8,3.2,2.1,3.29,Moderate,Millennials
22748,7.1,0.7,9.0,1.6,6.7,2.98,Moderate,Millennials
22749,4.6,2.9,7.7,2.5,4.3,2.74,Low,Millennials
22750,5.5,1.5,7.6,1.3,2.8,3.37,Low,Millennials
22751,3.8,3.5,8.0,2.5,4.3,2.52,High,Millennials
22752,7.2,0.6,7.1,1.6,3.7,3.51,High,Millennials
22753,7.6,0.6,7.3,3.6,4.2,2.37,Low,Millennials
22754,7.1,3.0,8.0,2.0,6.0,2.9,High,Millennials
22755,6.8,1.7,7.8,1.5,4.2,2.88,Moderate,Millennials
22756,6.1,2.9,7.6,1.5,5.9,3.1,High,Millennials
22757,4.3,2.5,6.4,1.9,4.2,3.2,Moderate,Millennials
22758,5.8,0.0,7.4,4.0,6.7,3.3,Moderate,Millennials
22759,4.8,2.5,6.8,1.4,1.9,3.64,Low,Millennials
22760,4.8,0.9,8.9,3.3,6.2,3.23,Moderate,Millennials
22761,6.8,3.9,7.7,1.7,3.8,3.15,Moderate,Millennials
22762,6.4,3.7,6.6,2.8,6.2,3.01,High,Millennials
22763,5.2,1.2,8.7,1.1,3.5,3.11,Low,Millennials
22764,5.8,1.7,7.3,0.7,5.2,3.19,High,Millennials
22765,3.3,2.2,7.5,0.1,2.5,2.59,Low,Millennials
22766,5.8,5.4,6.0,0.3,4.9,2.92,Low,Millennials
22767,7.2,4.4,8.5,3.0,7.3,3.26,High,Millennials
22768,6.3,2.5,7.6,1.9,5.1,2.75,Moderate,Millennials
22769,5.7,1.8,6.6,3.3,5.2,3.18,High,Millennials
22770,4.5,2.1,7.7,1.4,2.9,3.09,Moderate,Millennials
22771,8.2,4.5,7.9,1.4,6.7,2.83,Moderate,Millennials
22772,3.7,3.4,7.8,1.0,3.2,2.77,Moderate,Millennials
22773,5.5,1.9,8.0,0.6,4.4,2.85,High,Millennials
22774,4.6,1.8,7.6,2.4,2.9,3.02,Low,Millennials
22775,7.5,1.5,7.4,0.9,6.1,2.61,Low,Millennials
22776,6.0,0.8,6.6,2.2,3.7,2.88,Moderate,Millennials
22777,6.0,1.8,6.4,2.7,5.4,2.45,Low,Millennials
22778,8.1,2.3,7.5,2.3,3.4,2.92,Moderate,Millennials
22779,3.9,1.2,6.3,2.7,5.7,2.97,Moderate,Millennials
22780,6.7,0.7,8.8,0.5,4.5,3.44,Low,Millennials
22781,6.1,1.2,9.1,0.1,3.9,3.28,High,Millennials
22782,6.6,1.4,9.1,1.4,2.1,3.04,Moderate,Millennials
22783,2.6,0.3,9.1,2.7,6.4,2.68,Moderate,Millennials
22784,5.3,1.5,8.6,2.3,6.3,3.08,Low,Millennials
22785,5.4,2.2,8.9,1.3,4.7,2.86,Moderate,Millennials
22786,6.9,4.7,9.4,2.8,4.9,3.41,Moderate,Millennials
22787,5.3,2.0,7.7,1.3,5.5,2.83,Moderate,Millennials
22788,5.3,1.3,9.3,0.0,2.3,3.03,Moderate,Millennials
22789,2.7,0.0,8.7,2.4,5.1,3.04,Moderate,Millennials
22790,6.5,1.7,8.2,1.6,4.2,2.44,Moderate,Millennials
22791,6.1,3.4,8.2,3.2,6.1,3.15,Low,Millennials
22792,4.0,3.0,7.8,2.6,3.8,2.89,Low,Millennials
22793,8.6,1.5,7.5,1.4,5.9,3.24,Moderate,Millennials
22794,7.7,3.2,7.1,0.0,4.2,2.78,Low,Millennials
22795,6.6,2.7,8.0,1.4,5.9,3.5,Moderate,Millennials
22796,7.0,1.6,8.9,2.8,5.2,2.84,Moderate,Millennials
22797,6.0,1.9,9.5,1.6,5.8,2.92,Low,Millennials
22798,6.7,3.0,7.7,2.4,2.9,3.0,Low,Millennials
22799,5.9,1.0,8.3,2.6,4.5,2.85,Moderate,Millennials
22800,3.4,3.8,7.1,1.0,6.7,3.18,Moderate,Millennials
22801,5.1,4.1,7.2,2.6,7.0,2.98,High,Millennials
22802,5.7,4.1,7.5,0.3,4.5,3.57,Moderate,Millennials
22803,6.6,3.7,7.8,4.3,2.7,3.44,Low,Millennials
22804,6.3,2.0,9.0,3.4,4.1,2.68,Moderate,Millennials
22805,4.9,1.8,9.2,2.1,2.9,2.78,Moderate,Millennials
22806,6.3,0.1,7.9,2.4,6.3,2.59,High,Millennials
22807,5.2,3.6,8.8,1.9,3.9,3.2,Moderate,Millennials
22808,3.9,3.4,7.8,1.5,1.4,2.92,Moderate,Millennials
22809,6.1,1.8,7.8,1.1,4.3,3.23,Moderate,Millennials
22810,7.9,3.0,8.1,3.2,4.4,3.11,High,Millennials
22811,7.7,1.1,8.6,1.0,2.8,2.79,Moderate,Millennials
22812,4.9,3.0,8.3,2.0,2.6,3.5,Moderate,Millennials
22813,6.7,2.4,10.0,0.9,2.2,2.92,High,Millennials
22814,6.0,1.4,8.5,1.9,5.7,2.83,Low,Millennials
22815,4.3,2.7,8.2,0.5,4.2,3.31,Moderate,Millennials
22816,4.8,2.1,7.7,1.7,3.1,2.9,Moderate,Millennials
22817,5.7,3.5,8.2,2.1,2.9,2.96,Low,Millennials
22818,5.9,0.7,7.3,2.3,5.9,3.27,High,Millennials
22819,4.8,1.2,7.0,0.7,5.4,3.75,Low,Millennials
22820,6.5,1.6,8.7,3.5,4.8,3.55,Moderate,Millennials
22821,7.4,1.1,8.5,2.2,4.8,2.45,Low,Millennials
22822,5.8,1.6,7.8,1.6,2.5,2.61,Low,Millennials
22823,7.1,0.0,7.0,2.0,3.6,2.73,Moderate,Millennials
22824,5.8,6.0,7.6,2.2,5.1,3.01,High,Millennials
22825,4.9,0.9,7.3,1.8,3.1,3.53,Moderate,Millennials
22826,5.0,2.4,6.0,1.7,4.4,3.46,Moderate,Millennials
22827,7.3,3.2,9.0,2.9,4.2,2.97,Moderate,Millennials
22828,6.8,1.4,8.6,1.8,6.5,2.81,High,Millennials
22829,8.1,2.0,7.0,0.6,6.0,3.12,Moderate,Millennials
22830,2.8,3.2,8.8,2.4,3.6,2.76,Moderate,Millennials
22831,3.0,3.3,9.3,3.0,3.2,3.08,Low,Millennials
22832,5.2,0.9,6.6,2.2,6.6,3.17,High,Millennials
22833,6.0,0.6,6.5,3.3,4.9,2.78,Low,Millennials
22834,6.5,3.2,7.5,2.7,3.6,3.05,Moderate,Millennials
22835,5.1,2.2,7.0,1.2,4.7,3.08,Moderate,Millennials
22836,5.7,2.8,9.1,4.3,8.0,2.79,Low,Millennials
22837,5.5,2.2,8.5,2.4,4.3,2.89,High,Millennials
22838,3.5,1.0,7.2,0.6,3.0,3.12,Moderate,Millennials
22839,7.9,1.9,7.9,1.0,4.4,3.11,Moderate,Millennials
22840,7.4,3.6,8.7,2.5,1.6,3.63,Low,Millennials
22841,6.7,1.7,6.2,0.5,2.4,2.68,Moderate,Millennials
22842,4.2,2.1,8.7,3.0,2.4,3.56,Moderate,Millennials
22843,3.1,2.1,8.3,4.7,4.2,2.76,Moderate,Millennials
22844,5.6,1.8,6.3,1.8,4.4,3.29,Moderate,Millennials
22845,5.8,2.2,8.3,3.3,5.3,3.15,Low,Millennials
22846,6.0,0.8,6.6,2.1,3.6,3.0,Moderate,Millennials
22847,6.8,2.7,9.4,1.0,6.1,2.93,Moderate,Millennials
22848,6.2,4.1,8.2,1.9,4.5,2.41,Low,Millennials
22849,5.6,1.5,6.8,1.0,5.5,2.77,High,Millennials
22850,4.9,3.0,7.1,4.2,6.5,2.8,Moderate,Millennials
22851,8.1,1.5,9.2,4.0,5.8,3.27,Low,Millennials
22852,6.3,1.2,9.7,2.1,3.2,2.5,Moderate,Millennials
22853,7.1,1.9,7.0,3.1,3.2,3.16,Moderate,Millennials
22854,6.6,2.2,8.6,1.8,4.1,2.39,Low,Millennials
22855,4.3,2.0,9.1,2.3,6.4,3.08,High,Millennials
22856,6.7,2.3,8.5,1.1,6.5,2.89,Moderate,Millennials
22857,5.0,2.2,8.9,1.0,3.4,3.21,Moderate,Millennials
22858,4.7,1.6,6.7,2.2,5.8,3.34,Moderate,Millennials
22859,6.0,1.0,7.9,2.5,3.9,2.47,High,Millennials
22860,6.9,2.7,7.3,3.6,5.5,3.0,Moderate,Millennials
22861,6.5,2.5,6.9,1.6,2.1,3.28,Low,Millennials
22862,6.1,2.4,7.6,4.1,3.0,3.06,Moderate,Millennials
22863,7.1,2.6,7.0,2.8,2.1,3.59,High,Millennials
22864,9.1,1.6,8.0,1.9,5.3,2.81,Moderate,Millennials
22865,5.3,1.8,7.7,3.0,3.2,3.03,Moderate,Millennials
22866,8.3,4.9,7.4,3.1,3.4,2.76,Low,Millennials
22867,5.7,1.0,7.9,1.8,3.3,3.4,Low,Millennials
22868,5.8,0.0,8.7,0.0,4.0,3.08,Low,Millennials
22869,5.1,3.4,7.0,2.8,5.8,3.1,Low,Millennials
22870,4.1,2.6,8.2,3.2,2.5,2.9,High,Millennials
22871,6.5,2.1,8.8,1.3,1.9,2.59,Moderate,Millennials
22872,4.5,2.0,7.4,1.9,3.4,2.25,Low,Millennials
22873,5.9,2.4,7.2,1.2,4.6,3.25,Moderate,Millennials
22874,7.1,3.4,7.1,2.0,4.1,3.02,Low,Millennials
22875,5.3,3.7,8.5,2.7,3.8,2.61,Moderate,Millennials
22876,6.8,2.7,7.5,0.1,1.5,2.75,Low,Millennials
22877,5.9,1.8,9.3,0.0,5.0,2.86,High,Millennials
22878,3.7,2.4,7.7,1.6,2.5,3.09,High,Millennials
22879,6.2,4.9,7.6,4.6,5.5,2.93,Moderate,Millennials
22880,6.1,2.2,7.4,2.4,2.3,3.27,High,Millennials
22881,5.4,2.3,7.6,2.8,3.4,2.64,Moderate,Millennials
22882,4.4,3.8,7.3,0.9,4.9,2.47,Moderate,Millennials
22883,4.2,1.5,6.9,2.7,5.6,2.91,High,Millennials
22884,7.0,2.9,7.9,1.2,4.5,3.05,Low,Millennials
22885,8.0,1.9,7.0,1.0,4.1,2.83,Moderate,Millennials
22886,5.3,0.4,8.9,1.2,3.8,3.03,Moderate,Millennials
22887,6.0,3.9,8.3,2.1,3.4,2.77,Moderate,Millennials
22888,5.5,0.0,8.3,2.0,3.9,3.36,Low,Millennials
22889,5.3,2.4,8.4,2.2,3.6,2.99,Moderate,Millennials
22890,5.0,3.8,7.2,2.0,5.3,3.38,High,Millennials
22891,5.0,2.3,9.6,1.8,5.6,2.75,Moderate,Millennials
22892,8.6,3.0,8.5,4.7,5.7,2.86,Low,Millennials
22893,6.2,2.5,7.4,3.5,3.8,2.96,Low,Millennials
22894,7.1,3.0,7.8,2.9,5.7,3.3,Low,Millennials
22895,5.7,3.4,8.3,2.7,3.1,2.77,Moderate,Millennials
22896,4.4,4.0,8.1,1.5,3.6,3.12,Moderate,Millennials
22897,5.4,1.9,7.7,3.3,4.0,2.81,Low,Millennials
22898,5.5,1.5,8.7,1.5,5.3,3.1,High,Millennials
22899,5.1,3.4,7.4,4.3,6.0,3.15,Moderate,Millennials
22900,6.3,1.3,8.2,1.5,1.0,3.36,High,Millennials
22901,5.7,1.1,8.8,2.8,3.7,2.98,Moderate,Millennials
22902,6.1,3.2,8.5,1.0,3.1,3.27,Moderate,Millennials
22903,6.8,1.8,8.7,0.6,5.1,3.11,Moderate,Millennials
22904,7.2,1.1,7.5,1.7,5.2,2.97,Low,Millennials
22905,4.4,3.9,5.8,2.5,2.9,3.19,Low,Millennials
22906,5.9,1.0,8.7,0.9,3.8,3.1,Moderate,Millennials
22907,6.2,0.8,7.1,2.2,6.9,3.06,Moderate,Millennials
22908,5.6,1.0,8.0,1.6,4.7,3.16,Moderate,Millennials
22909,5.4,1.2,7.6,2.0,5.7,2.64,Moderate,Millennials
22910,5.2,1.1,8.0,1.6,3.5,3.12,Moderate,Millennials
22911,7.5,1.9,7.7,2.4,3.2,2.69,Moderate,Millennials
22912,6.8,2.9,7.8,2.8,4.8,2.51,Low,Millennials
22913,6.6,0.4,10.0,2.4,2.8,3.3,Moderate,Millennials
22914,9.6,2.3,6.9,3.3,6.8,2.75,High,Millennials
22915,6.6,3.8,8.6,2.0,4.7,2.93,Moderate,Millennials
22916,5.0,1.9,8.6,3.4,4.7,2.61,Low,Millennials
22917,5.1,0.6,6.8,3.1,0.5,3.09,High,Millennials
22918,5.2,1.3,8.4,2.1,5.4,2.6,Low,Millennials
22919,6.6,2.9,7.4,2.1,5.7,3.22,Moderate,Millennials
22920,5.5,2.3,8.0,0.4,5.4,3.32,Moderate,Millennials
22921,5.9,1.8,7.0,3.1,4.5,3.21,High,Millennials
22922,2.5,1.6,8.3,1.9,7.1,3.03,Moderate,Millennials
22923,4.5,2.3,8.7,0.4,3.6,2.63,Moderate,Millennials
22924,3.8,3.7,8.4,1.6,2.8,2.75,Moderate,Millennials
22925,4.6,2.9,5.6,0.3,4.2,3.01,Low,Millennials
22926,5.5,3.3,8.8,2.7,4.7,2.92,Low,Millennials
22927,5.8,1.0,6.6,2.2,5.1,3.27,High,Millennials
22928,8.4,0.0,8.2,3.5,4.4,2.93,Moderate,Millennials
22929,4.6,2.0,8.1,1.6,2.2,3.11,Low,Millennials
22930,5.8,1.9,8.0,1.0,5.7,2.75,Low,Millennials
22931,5.2,2.4,8.6,2.4,3.7,2.87,High,Millennials
22932,5.7,3.6,6.6,2.8,1.8,2.79,Moderate,Millennials
22933,4.5,2.5,5.9,2.1,3.4,2.69,Low,Millennials
22934,3.9,2.2,8.0,2.3,6.6,3.08,Low,Millennials
22935,5.0,3.2,8.7,1.6,3.0,2.44,Moderate,Millennials
22936,5.8,3.1,7.0,1.2,4.0,2.86,Moderate,Millennials
22937,5.5,0.8,6.1,3.7,3.9,3.02,Low,Millennials
22938,7.9,1.0,6.3,3.2,5.2,2.86,Moderate,Millennials
22939,4.7,1.8,7.2,2.4,3.1,2.97,Low,Millennials
22940,6.8,3.5,8.1,3.7,7.0,2.68,Moderate,Millennials
22941,6.6,1.2,8.5,0.9,3.9,2.97,Low,Millennials
22942,4.9,1.2,8.4,0.2,4.8,3.16,Moderate,Millennials
22943,6.6,1.9,9.1,2.6,5.1,2.65,Moderate,Millennials
22944,8.4,2.8,7.3,3.1,2.7,3.06,Moderate,Millennials
22945,6.1,3.1,7.9,3.1,4.7,2.91,Moderate,Millennials
22946,5.2,2.0,7.7,3.4,3.8,3.23,High,Millennials
22947,3.7,2.5,8.3,1.9,6.4,2.95,Moderate,Millennials
22948,6.6,3.0,7.1,2.6,3.6,3.0,Moderate,Millennials
22949,8.7,1.2,8.3,0.2,3.2,2.89,Moderate,Millennials
22950,7.0,2.8,7.1,3.9,6.5,2.86,Moderate,Millennials
22951,6.3,2.3,7.0,0.1,5.1,3.45,Moderate,Millennials
22952,6.8,2.6,6.1,2.4,3.9,3.28,Moderate,Millennials
22953,5.2,1.0,9.3,0.0,3.2,3.14,Low,Millennials
22954,5.6,3.2,6.9,2.0,3.2,2.69,Moderate,Millennials
22955,5.8,1.1,7.8,0.6,3.2,3.57,Moderate,Millennials
22956,6.3,1.9,8.4,4.1,4.4,2.93,Moderate,Millennials
22957,3.9,0.9,6.9,3.3,4.4,3.6,Moderate,Millennials
22958,6.1,0.0,6.9,0.5,4.6,3.74,Moderate,Millennials
22959,7.2,2.1,8.3,2.3,4.6,3.24,Moderate,Millennials
22960,7.0,1.3,6.9,2.6,4.8,3.39,Moderate,Millennials
22961,5.9,0.1,9.0,1.5,4.3,3.31,Moderate,Millennials
22962,6.6,3.2,6.8,1.9,4.9,3.14,Low,Millennials
22963,6.2,3.9,8.4,3.2,3.6,3.28,Low,Millennials
22964,6.5,1.2,8.6,1.7,2.0,2.75,Moderate,Millennials
22965,5.8,0.1,7.8,0.9,4.2,2.82,Moderate,Millennials
22966,7.3,1.4,8.7,2.2,3.3,2.97,Low,Millennials
22967,4.0,2.2,8.1,1.5,3.4,2.97,Moderate,Millennials
22968,6.4,2.9,6.5,3.6,5.5,2.63,Low,Millennials
22969,6.6,1.5,8.4,3.7,2.7,3.05,High,Millennials
22970,3.9,1.9,7.2,1.7,5.8,3.16,Moderate,Millennials
22971,6.9,4.0,8.9,1.8,5.5,2.72,High,Millennials
22972,6.7,4.6,7.7,3.7,3.0,2.9,Moderate,Millennials
22973,8.0,1.6,7.7,1.7,4.0,2.9,Moderate,Millennials
22974,4.8,2.1,7.1,3.2,3.7,2.99,High,Millennials
22975,6.4,1.0,8.0,1.7,3.3,2.83,Low,Millennials
22976,3.0,1.7,7.9,3.2,5.0,3.4,Moderate,Millennials
22977,6.4,0.5,7.3,0.0,3.1,3.38,Moderate,Millennials
22978,6.9,1.7,7.2,3.0,2.9,3.34,Moderate,Millennials
22979,4.9,1.9,9.3,2.5,4.0,3.11,Low,Millennials
22980,5.9,3.9,7.3,0.0,6.7,3.23,Low,Millennials
22981,6.1,1.7,8.7,0.5,3.8,2.66,Moderate,Millennials
22982,7.5,2.6,7.2,3.1,6.2,2.96,Low,Millennials
22983,6.4,0.7,10.0,2.7,2.5,3.17,High,Millennials
22984,6.0,1.5,8.3,2.6,3.3,3.17,Moderate,Millennials
22985,5.5,3.3,9.6,3.3,4.7,3.19,Low,Millennials
22986,5.2,0.8,7.6,3.0,2.5,2.71,High,Millennials
22987,5.2,3.9,7.0,0.6,4.1,2.65,High,Millennials
22988,7.8,2.9,6.2,1.8,3.3,2.69,Moderate,Millennials
22989,5.8,1.7,7.8,1.9,4.2,3.08,Low,Millennials
22990,4.8,3.0,7.7,2.8,0.3,3.27,Moderate,Millennials
22991,5.0,2.7,8.4,2.8,6.3,3.27,Moderate,Millennials
22992,7.5,3.1,8.4,3.1,4.4,3.0,High,Millennials
22993,4.5,2.9,9.2,0.9,4.6,2.78,Low,Millennials
22994,6.4,2.0,7.6,0.0,3.4,3.03,High,Millennials
22995,4.7,2.8,7.2,0.6,3.1,2.92,Low,Millennials
22996,6.0,4.2,7.4,2.4,4.3,2.78,Low,Millennials
22997,6.2,3.0,6.5,1.9,3.2,2.9,Moderate,Millennials
22998,7.1,3.0,6.7,4.0,6.5,3.56,Moderate,Millennials
22999,6.0,2.2,6.7,0.0,1.4,2.6,Moderate,Millennials
23000,7.8,2.1,6.3,1.0,5.3,2.79,Low,Millennials
23001,5.8,2.0,7.4,1.4,3.4,2.72,Low,Millennials
23002,5.1,2.7,7.8,1.1,2.1,2.69,Low,Millennials
23003,6.5,2.7,7.6,1.8,1.8,3.33,Low,Millennials
23004,4.1,1.8,7.4,3.0,5.8,3.21,Low,Millennials
23005,5.5,3.4,7.4,1.1,2.9,3.32,Moderate,Millennials
23006,6.8,0.7,7.8,2.7,4.5,3.12,Moderate,Millennials
23007,4.3,1.5,8.3,0.7,6.6,3.55,Moderate,Millennials
23008,3.5,0.4,8.5,2.0,3.1,3.31,High,Millennials
23009,5.4,2.7,7.0,1.6,4.1,3.19,Moderate,Millennials
23010,5.7,2.6,7.5,3.3,5.1,2.84,Low,Millennials
23011,5.6,1.9,8.7,1.4,3.2,2.9,High,Millennials
23012,5.0,1.1,6.2,1.2,3.4,2.71,Low,Millennials
23013,6.2,3.7,8.2,1.6,5.4,2.75,Low,Millennials
23014,6.0,1.2,9.3,1.6,4.2,2.82,High,Millennials
23015,6.3,2.8,7.5,3.3,5.4,3.34,Moderate,Millennials
23016,7.1,2.2,7.2,1.7,3.8,2.98,Moderate,Millennials
23017,4.8,3.3,7.8,1.6,5.9,3.01,Moderate,Millennials
23018,5.3,4.1,7.6,1.6,4.6,3.62,Moderate,Millennials
23019,6.6,1.4,6.5,0.0,3.1,3.05,Moderate,Millennials
23020,5.9,3.1,8.1,1.8,6.9,3.37,High,Millennials
23021,5.1,3.5,7.8,3.2,1.8,3.16,Moderate,Millennials
23022,6.5,3.3,6.6,1.0,5.7,2.3,Low,Millennials
23023,7.3,4.2,8.0,3.1,6.3,2.93,Low,Millennials
23024,4.8,1.1,7.7,0.8,5.4,3.07,Moderate,Millennials
23025,7.4,2.6,7.3,3.0,3.4,2.74,Low,Millennials
23026,4.1,3.0,9.2,0.6,4.6,2.79,Moderate,Millennials
23027,6.6,3.4,5.8,3.4,4.4,3.01,Moderate,Millennials
23028,6.6,2.3,8.1,0.9,5.3,3.6,Moderate,Millennials
23029,4.1,4.3,7.6,4.1,4.1,2.98,High,Millennials
23030,9.8,3.7,9.2,1.1,4.1,2.78,Moderate,Millennials
23031,4.9,3.3,5.8,3.2,5.8,2.48,Moderate,Millennials
23032,1.0,1.7,7.3,1.5,2.9,2.83,Moderate,Millennials
23033,7.5,2.1,6.6,2.5,3.6,3.37,Moderate,Millennials
23034,4.5,3.6,8.9,1.9,4.5,2.76,High,Millennials
23035,8.8,0.4,8.8,1.2,3.1,3.09,Low,Millennials
23036,3.4,3.1,7.5,2.6,3.5,2.82,Moderate,Millennials
23037,4.4,0.3,7.0,1.7,4.3,2.68,Low,Millennials
23038,5.9,2.6,7.9,2.5,1.8,2.93,Low,Millennials
23039,4.6,3.4,6.9,1.2,3.7,3.13,Low,Millennials
23040,5.8,2.7,9.6,1.7,3.0,3.01,High,Millennials
23041,3.7,1.8,8.1,1.8,5.4,2.86,Moderate,Millennials
23042,5.0,2.7,5.9,2.8,4.5,2.87,Low,Millennials
23043,6.4,1.5,8.0,0.7,5.3,3.03,Low,Millennials
23044,4.9,1.4,8.1,1.5,5.2,3.15,Moderate,Millennials
23045,5.3,4.6,7.4,3.8,4.7,3.45,Moderate,Millennials
23046,4.8,1.1,6.9,0.3,4.4,3.65,Moderate,Millennials
23047,6.4,4.1,6.8,2.2,2.9,2.93,Moderate,Millennials
23048,5.1,3.4,6.5,3.3,3.5,3.21,Low,Millennials
23049,5.9,0.8,7.9,2.3,4.4,2.27,Moderate,Millennials
23050,6.8,3.4,8.5,1.1,4.4,3.04,Moderate,Millennials
23051,5.6,0.3,6.4,0.0,6.0,3.25,High,Millennials
23052,7.2,3.0,7.8,0.7,4.6,3.49,Low,Millennials
23053,3.6,1.2,7.0,0.6,2.8,2.94,Moderate,Millennials
23054,5.4,1.4,8.4,0.2,5.1,2.6,Moderate,Millennials
23055,3.6,2.2,6.8,2.1,5.6,2.71,Moderate,Millennials
23056,7.4,2.2,5.4,2.7,3.8,3.17,Moderate,Millennials
23057,6.2,2.4,8.2,2.1,4.2,3.23,Moderate,Millennials
23058,4.3,1.4,7.4,0.7,4.4,3.1,Low,Millennials
23059,2.6,4.5,9.7,2.9,3.6,3.41,High,Millennials
23060,5.9,2.1,9.4,1.9,3.8,2.92,Moderate,Millennials
23061,4.3,1.3,8.1,1.5,5.2,2.85,High,Millennials
23062,4.2,2.9,7.6,2.1,2.1,2.45,High,Millennials
23063,6.3,4.7,7.7,0.5,3.9,2.92,Moderate,Millennials
23064,5.1,1.3,7.1,1.4,4.0,3.33,Low,Millennials
23065,6.4,2.3,8.8,2.7,3.2,3.41,High,Millennials
23066,6.2,1.8,9.9,1.2,4.0,3.2,High,Millennials
23067,4.2,1.2,6.7,1.0,5.2,3.0,Moderate,Millennials
23068,7.2,3.2,6.5,1.2,3.8,2.74,Low,Millennials
23069,6.9,2.7,7.8,1.0,4.0,3.48,Moderate,Millennials
23070,3.5,2.6,7.5,1.5,3.7,3.02,Low,Millennials
23071,4.4,3.1,7.3,2.9,5.3,2.93,Moderate,Millennials
23072,5.8,2.1,7.4,2.6,3.7,2.69,Moderate,Millennials
23073,4.4,0.4,7.1,1.4,5.3,2.93,Moderate,Millennials
23074,7.3,4.2,8.9,1.7,5.3,2.86,Moderate,Millennials
23075,7.0,0.5,7.8,2.8,3.4,2.43,Moderate,Millennials
23076,7.2,3.3,7.5,2.4,6.1,3.26,Moderate,Millennials
23077,7.0,0.0,6.5,2.8,4.3,2.33,Moderate,Millennials
23078,4.8,1.0,8.7,2.1,2.5,2.98,Moderate,Millennials
23079,7.6,3.6,6.9,2.0,5.1,2.67,Low,Millennials
23080,4.0,3.8,7.9,4.1,5.6,3.34,Low,Millennials
23081,4.8,3.5,8.4,2.2,1.8,3.34,High,Millennials
23082,5.6,3.1,7.5,1.1,4.6,3.33,Moderate,Millennials
23083,3.9,3.6,6.6,2.5,3.6,3.23,Moderate,Millennials
23084,4.2,2.8,8.4,1.4,5.1,2.53,Moderate,Millennials
23085,6.2,2.2,6.4,0.8,1.9,2.83,Low,Millennials
23086,6.1,2.6,9.5,3.5,2.9,2.77,Low,Millennials
23087,6.2,0.1,8.2,1.8,2.0,2.56,High,Millennials
23088,6.7,1.8,8.7,2.9,4.0,2.97,Low,Millennials
23089,7.6,2.0,6.9,2.7,5.2,2.86,Low,Millennials
23090,6.5,3.3,8.4,1.7,3.5,2.9,Moderate,Millennials
23091,4.9,1.5,8.5,0.4,4.5,2.93,Low,Millennials
23092,6.8,1.9,8.5,2.0,4.0,3.04,Low,Millennials
23093,5.8,3.2,6.5,1.3,3.5,2.89,Moderate,Millennials
23094,5.6,3.1,9.3,3.7,8.0,2.85,Low,Millennials
23095,7.5,0.0,7.4,0.0,5.1,3.28,Moderate,Millennials
23096,6.2,2.9,7.3,1.4,4.0,2.87,Moderate,Millennials
23097,3.8,1.9,7.5,3.2,7.7,2.85,Moderate,Millennials
23098,6.0,1.4,6.3,2.4,4.1,2.84,Low,Millennials
23099,7.8,2.5,7.0,2.0,4.4,3.12,Low,Millennials
23100,4.2,1.8,7.3,1.7,5.0,2.57,Moderate,Millennials
23101,7.7,3.0,7.4,2.3,6.1,3.4,Moderate,Millennials
23102,5.2,2.9,8.4,1.6,3.7,3.06,Moderate,Millennials
23103,6.2,1.3,7.8,3.2,4.0,3.25,Low,Millennials
23104,8.3,2.4,7.3,1.0,4.2,2.74,Low,Millennials
23105,5.7,0.2,7.1,0.4,4.3,2.87,Moderate,Millennials
23106,6.8,2.1,7.1,1.3,4.5,3.33,Moderate,Millennials
23107,6.6,2.3,8.0,3.8,4.6,3.56,Low,Millennials
23108,7.1,1.5,7.6,0.1,5.7,2.83,Moderate,Millennials
23109,7.6,2.1,6.8,0.0,4.6,2.74,Low,Millennials
23110,5.5,2.5,8.1,2.4,4.7,3.46,Moderate,Millennials
23111,5.1,3.2,6.4,2.1,1.9,3.13,Moderate,Millennials
23112,7.5,1.0,9.8,2.3,4.7,3.25,Low,Millennials
23113,6.4,2.8,7.2,1.8,5.3,3.3,Low,Millennials
23114,6.5,0.5,8.4,2.8,4.2,3.13,Moderate,Millennials
23115,5.7,2.5,8.0,3.2,3.8,2.86,Low,Millennials
23116,6.1,1.4,8.0,2.5,4.4,2.77,Low,Millennials
23117,7.6,0.8,8.5,3.9,5.5,3.11,Low,Millennials
23118,7.8,0.2,8.9,2.4,4.1,2.71,Moderate,Millennials
23119,6.0,4.5,9.6,2.4,5.2,2.72,Low,Millennials
23120,7.1,3.5,7.9,2.5,3.7,3.16,Moderate,Millennials
23121,4.5,2.8,7.4,0.8,5.6,2.64,Moderate,Millennials
23122,7.0,3.0,8.1,2.3,2.6,3.23,Moderate,Millennials
23123,5.8,2.1,7.2,0.0,1.9,2.73,Moderate,Millennials
23124,6.3,3.4,9.3,2.2,5.0,2.82,Low,Millennials
23125,5.8,2.7,9.4,1.3,4.5,3.01,Moderate,Millennials
23126,7.3,4.3,6.6,4.5,4.5,2.33,Moderate,Millennials
23127,5.5,2.8,7.8,2.0,2.8,2.8,High,Millennials
23128,4.4,0.0,6.7,1.7,3.0,2.95,Low,Millennials
23129,3.9,2.2,6.4,2.4,6.6,3.52,High,Millennials
23130,6.5,0.3,7.9,4.4,3.0,2.95,Low,Millennials
23131,3.1,1.9,8.5,0.8,3.2,2.99,Moderate,Millennials
23132,5.3,3.2,8.5,0.0,3.5,2.99,Moderate,Millennials
23133,5.5,2.8,8.3,3.4,3.4,3.43,High,Millennials
23134,4.9,2.0,5.6,1.8,3.7,3.2,Moderate,Millennials
23135,6.7,1.9,8.0,2.4,3.1,3.65,Low,Millennials
23136,5.6,0.6,8.9,1.5,5.4,3.24,Low,Millennials
23137,5.9,2.7,7.2,2.3,4.2,3.51,Low,Millennials
23138,5.7,2.1,6.9,2.0,3.2,3.02,Moderate,Millennials
23139,4.6,0.9,7.1,3.2,3.6,3.0,Moderate,Millennials
23140,5.4,1.8,7.8,1.5,3.0,3.12,Moderate,Millennials
23141,7.6,3.5,7.0,1.7,4.1,3.46,Low,Millennials
23142,5.8,1.4,6.7,1.8,6.4,3.35,Low,Millennials
23143,6.6,2.8,9.7,1.7,3.9,2.84,Moderate,Millennials
23144,6.3,2.5,6.9,2.1,2.6,3.14,Low,Millennials
23145,6.9,2.2,6.3,2.0,5.4,2.8,Moderate,Millennials
23146,8.5,2.6,7.6,2.0,4.7,3.47,Moderate,Millennials
23147,5.7,0.0,8.5,0.5,3.9,3.49,Moderate,Millennials
23148,5.5,2.8,6.7,0.0,5.7,2.89,Moderate,Millennials
23149,4.6,1.4,8.4,2.0,4.3,3.14,Moderate,Millennials
23150,5.1,2.4,9.1,2.6,3.5,3.56,Moderate,Millennials
23151,5.2,2.2,7.9,3.0,4.9,2.9,Low,Millennials
23152,6.7,1.6,7.8,1.7,2.5,3.27,High,Millennials
23153,4.2,3.1,8.7,2.2,3.9,2.84,Low,Millennials
23154,4.7,1.7,7.0,0.9,5.2,2.84,Moderate,Millennials
23155,5.5,1.4,9.7,2.3,1.5,3.07,Moderate,Millennials
23156,4.2,4.1,6.9,1.3,6.3,2.85,Moderate,Millennials
23157,6.5,2.0,7.1,2.1,5.9,3.3,Moderate,Millennials
23158,5.7,4.0,7.8,4.2,5.0,2.17,Moderate,Millennials
23159,4.4,3.2,7.5,1.6,4.3,2.81,Moderate,Millennials
23160,5.8,3.9,7.6,3.2,4.5,3.5,Low,Millennials
23161,4.0,2.9,7.7,1.5,3.9,2.95,Moderate,Millennials
23162,5.2,2.5,6.7,3.0,6.7,2.35,Low,Millennials
23163,7.1,1.4,7.6,1.1,3.3,2.5,Low,Millennials
23164,5.9,4.7,8.4,2.8,4.9,2.79,Low,Millennials
23165,5.1,3.2,8.3,4.5,6.1,2.55,Low,Millennials
23166,5.7,1.7,7.2,1.3,5.3,3.35,Low,Millennials
23167,5.6,1.7,7.3,2.4,2.1,2.42,Moderate,Millennials
23168,7.2,1.9,8.9,2.8,4.4,2.97,Low,Millennials
23169,5.9,3.7,8.5,2.6,5.5,2.84,High,Millennials
23170,6.9,0.4,7.9,1.5,6.6,3.22,Moderate,Millennials
23171,6.5,2.6,7.5,1.3,3.0,2.66,Low,Millennials
23172,4.2,4.8,6.7,2.7,2.9,3.26,Moderate,Millennials
23173,6.9,1.7,7.1,4.0,6.0,2.88,Low,Millennials
23174,5.6,2.8,8.8,2.4,5.1,3.04,Low,Millennials
23175,6.7,4.1,8.5,2.1,3.5,3.24,Low,Millennials
23176,7.2,2.0,7.9,2.2,6.0,3.25,Low,Millennials
23177,3.8,0.6,8.9,3.5,5.4,3.1,High,Millennials
23178,6.6,2.9,8.0,1.6,5.5,2.81,Low,Millennials
23179,8.9,2.1,8.5,3.8,3.6,3.37,High,Millennials
23180,3.8,1.7,8.3,1.2,4.6,3.02,Moderate,Millennials
23181,7.3,1.5,8.9,1.3,6.8,2.9,Moderate,Millennials
23182,4.5,0.0,8.4,2.6,4.1,3.6,Moderate,Millennials
23183,5.1,1.1,7.7,2.8,5.7,2.43,Moderate,Millennials
23184,6.5,2.6,8.1,0.5,2.1,2.53,Low,Millennials
23185,4.5,2.8,8.5,2.6,6.2,3.03,Moderate,Millennials
23186,6.3,2.9,7.2,0.9,4.8,3.16,Moderate,Millennials
23187,7.9,3.9,8.5,0.0,3.7,3.0,High,Millennials
23188,5.4,2.9,7.3,3.9,3.6,2.3,Moderate,Millennials
23189,6.3,2.0,7.1,2.9,6.5,3.09,Moderate,Millennials
23190,7.7,3.4,7.2,3.2,4.0,2.9,Moderate,Millennials
23191,7.8,3.2,7.9,0.0,4.2,3.14,High,Millennials
23192,7.8,1.2,6.6,2.6,2.5,3.27,Moderate,Millennials
23193,9.5,0.7,7.3,3.3,4.7,2.98,Low,Millennials
23194,5.6,4.5,6.2,0.8,5.1,3.23,Low,Millennials
23195,4.7,2.3,8.6,2.7,4.3,3.44,Low,Millennials
23196,7.9,1.1,9.5,1.5,4.1,3.0,High,Millennials
23197,6.1,2.6,7.1,2.6,2.3,3.1,Moderate,Millennials
23198,6.6,1.1,8.1,2.6,6.2,2.5,High,Millennials
23199,5.3,1.4,5.9,2.8,6.2,3.65,Moderate,Millennials
23200,5.1,1.8,7.5,1.9,7.0,3.24,Low,Millennials
23201,7.0,2.1,8.4,2.5,6.8,2.8,Low,Millennials
23202,6.0,0.0,8.5,2.9,5.4,3.11,Low,Millennials
23203,6.6,1.8,6.1,3.1,4.2,2.98,Low,Millennials
23204,4.5,3.7,7.3,3.1,3.4,3.67,Moderate,Millennials
23205,4.6,2.2,8.0,2.2,2.6,2.28,Moderate,Millennials
23206,5.4,3.2,9.9,1.2,4.6,3.09,Low,Millennials
23207,4.0,5.5,7.7,1.9,4.0,3.4,Moderate,Millennials
23208,5.8,2.0,9.3,1.7,1.6,3.2,Low,Millennials
23209,6.7,2.1,8.0,2.8,5.6,2.59,Moderate,Millennials
23210,7.1,4.1,7.2,2.8,2.9,3.42,Low,Millennials
23211,5.4,1.3,8.3,2.6,3.9,2.79,High,Millennials
23212,8.1,1.7,7.1,2.2,2.5,3.22,Low,Millennials
23213,6.2,1.1,8.7,1.0,4.5,2.62,Moderate,Millennials
23214,6.3,2.5,6.6,2.8,3.6,3.33,Moderate,Millennials
23215,6.1,2.4,5.7,2.4,4.6,2.97,Moderate,Millennials
23216,7.8,2.7,7.9,1.6,1.0,3.13,Moderate,Millennials
23217,8.3,3.7,7.3,0.9,4.9,2.8,Moderate,Millennials
23218,4.3,2.2,8.3,2.0,1.2,3.07,Moderate,Millennials
23219,5.0,4.2,8.8,2.6,3.5,2.76,Low,Millennials
23220,5.8,2.7,7.6,3.1,3.9,3.47,Moderate,Millennials
23221,4.9,5.3,7.9,4.0,5.3,3.34,Low,Millennials
23222,5.5,2.5,7.8,1.1,6.7,2.59,Moderate,Millennials
23223,7.3,2.5,8.2,2.1,5.3,3.07,Moderate,Millennials
23224,5.6,3.2,9.3,1.9,5.8,2.48,Low,Millennials
23225,3.5,3.5,8.9,3.9,3.3,3.19,Moderate,Millennials
23226,5.6,2.7,8.3,3.9,3.4,2.87,Low,Millennials
23227,5.0,1.1,6.8,2.0,5.7,2.99,Moderate,Millennials
23228,5.1,1.6,6.4,4.1,5.2,2.89,High,Millennials
23229,7.8,1.9,8.2,4.0,3.7,3.56,High,Millennials
23230,5.3,1.1,7.1,2.6,4.8,3.28,Moderate,Millennials
23231,5.6,2.2,7.5,3.5,2.0,3.34,Low,Millennials
23232,6.5,1.3,9.0,2.8,2.2,2.62,Moderate,Millennials
23233,5.8,2.9,7.9,1.9,5.9,3.01,High,Millennials
23234,7.8,0.9,8.6,1.3,4.9,3.07,Low,Millennials
23235,4.2,2.9,8.1,0.9,2.9,2.44,Moderate,Millennials
23236,6.3,2.3,10.0,2.4,3.8,3.06,Moderate,Millennials
23237,4.4,1.3,8.1,0.4,6.0,2.86,Low,Millennials
23238,6.0,4.1,8.0,1.7,2.6,2.93,Moderate,Millennials
23239,4.8,1.9,7.7,3.4,3.8,2.81,Moderate,Millennials
23240,7.8,1.8,7.1,3.1,4.0,2.86,Low,Millennials
23241,4.0,3.0,9.7,3.9,5.2,2.88,Moderate,Millennials
23242,7.0,1.8,8.6,4.0,5.4,3.22,Moderate,Millennials
23243,5.2,0.6,8.3,0.3,3.0,3.15,Low,Millennials
23244,6.4,1.3,8.2,0.7,4.3,2.57,Moderate,Millennials
23245,5.2,2.7,6.5,1.7,4.6,3.33,Moderate,Millennials
23246,5.9,2.0,7.9,2.1,3.9,2.71,Low,Millennials
23247,4.3,1.7,7.5,0.4,4.5,2.54,Moderate,Millennials
23248,4.9,2.7,7.2,1.5,4.6,2.95,Moderate,Millennials
23249,7.5,3.8,8.0,3.4,4.2,3.16,Low,Millennials
23250,5.7,2.3,8.3,2.0,3.8,3.55,Moderate,Millennials
23251,3.8,4.1,8.2,1.4,2.2,3.37,Low,Millennials
23252,4.5,3.5,7.6,3.1,5.9,3.02,Low,Millennials
23253,6.8,1.6,8.3,2.5,8.0,2.98,Moderate,Millennials
23254,7.6,3.6,5.3,1.4,6.7,2.78,Moderate,Millennials
23255,2.7,4.1,8.9,3.1,4.2,3.31,Low,Millennials
23256,4.4,0.8,8.5,0.0,1.2,3.3,Low,Millennials
23257,5.9,4.3,8.1,2.5,5.9,3.25,Moderate,Millennials
23258,5.6,0.7,7.4,1.7,5.2,2.54,Low,Millennials
23259,8.3,1.9,8.4,3.9,2.6,3.0,Moderate,Millennials
23260,5.8,2.6,7.6,2.3,4.5,2.99,Moderate,Millennials
23261,4.9,1.9,7.8,3.3,4.0,3.16,Moderate,Millennials
23262,4.7,2.2,6.3,2.8,5.4,2.58,Low,Millennials
23263,7.0,3.3,6.6,2.3,3.8,3.58,Low,Millennials
23264,6.1,1.6,8.1,2.6,3.5,3.1,Moderate,Millennials
23265,6.4,1.2,7.2,2.1,6.1,2.58,Low,Millennials
23266,5.1,3.0,8.7,0.1,6.4,2.88,Low,Millennials
23267,5.3,2.5,8.8,1.5,4.6,2.8,Moderate,Millennials
23268,3.9,3.4,7.0,2.1,3.4,2.89,Moderate,Millennials
23269,6.5,1.4,7.8,3.1,1.8,2.81,Low,Millennials
23270,5.3,1.2,8.0,1.5,1.7,3.67,Moderate,Millennials
23271,5.7,1.2,8.7,3.0,5.1,2.86,Moderate,Millennials
23272,4.4,3.0,7.3,3.3,4.2,2.8,Moderate,Millennials
23273,5.8,1.5,6.7,2.4,7.5,3.19,Low,Millennials
23274,4.8,2.8,8.5,2.1,4.9,2.64,High,Millennials
23275,6.3,0.0,9.0,2.2,2.4,3.04,High,Millennials
23276,7.6,2.1,8.4,2.7,2.4,3.04,Moderate,Millennials
23277,5.7,1.7,8.5,2.2,4.5,2.73,Low,Millennials
23278,6.1,4.6,6.9,1.5,4.5,2.94,Low,Millennials
23279,5.8,2.2,7.2,1.6,5.1,2.59,Low,Millennials
23280,8.0,3.1,7.1,3.8,4.3,2.75,Moderate,Millennials
23281,5.3,2.5,9.3,2.8,3.3,2.64,Moderate,Millennials
23282,5.7,1.0,7.4,1.1,5.2,2.68,Low,Millennials
23283,6.0,0.7,5.9,2.9,2.7,3.07,Low,Millennials
23284,7.3,0.0,8.0,2.9,5.4,3.23,Moderate,Millennials
23285,6.7,2.2,8.4,2.9,6.2,2.8,Moderate,Millennials
23286,6.1,1.3,6.3,2.0,3.9,3.13,High,Millennials
23287,6.5,0.8,8.7,1.0,5.1,3.0,High,Millennials
23288,7.1,1.0,6.2,0.8,3.5,2.99,Low,Millennials
23289,5.9,1.6,5.9,2.2,7.9,3.26,Low,Millennials
23290,7.5,0.9,6.7,1.9,3.7,3.28,Moderate,Millennials
23291,7.6,0.9,9.2,0.3,5.1,2.44,Low,Millennials
23292,3.7,2.4,6.2,0.7,7.3,3.36,Moderate,Millennials
23293,6.9,2.1,8.6,1.4,2.0,3.01,Low,Millennials
23294,4.9,0.6,6.9,0.4,6.2,3.35,Moderate,Millennials
23295,4.9,3.3,8.6,1.3,2.6,3.4,Low,Millennials
23296,6.0,2.4,8.9,2.4,4.4,2.19,Moderate,Millennials
23297,5.3,6.0,8.3,2.0,4.4,2.86,High,Millennials
23298,4.3,1.4,7.8,3.7,7.9,3.21,Low,Millennials
23299,3.3,0.5,8.5,2.0,4.5,2.76,High,Millennials
23300,7.3,2.1,8.6,2.8,5.8,3.34,High,Millennials
23301,6.5,2.3,7.4,2.6,4.2,2.4,High,Millennials
23302,5.8,1.8,7.9,3.0,2.8,3.09,Moderate,Millennials
23303,5.0,2.6,6.7,2.5,2.7,3.09,Low,Millennials
23304,4.1,2.6,7.4,3.7,4.1,2.7,Low,Millennials
23305,4.1,1.5,6.2,0.9,3.1,3.11,Moderate,Millennials
23306,5.9,1.9,7.7,3.0,4.5,3.0,Moderate,Millennials
23307,6.1,2.0,9.2,2.3,3.4,2.73,Low,Millennials
23308,4.4,2.3,6.9,2.1,6.5,3.06,Moderate,Millennials
23309,5.4,1.0,8.1,3.7,4.0,3.63,Moderate,Millennials
23310,5.6,1.6,7.4,2.7,2.9,2.54,Low,Millennials
23311,2.4,2.7,5.9,0.0,4.5,2.63,High,Millennials
23312,3.6,1.1,7.8,3.3,4.0,2.67,High,Millennials
23313,5.7,1.5,7.6,4.0,6.3,2.67,Low,Millennials
23314,5.1,4.6,8.3,0.8,2.4,2.79,Low,Millennials
23315,5.5,2.1,8.9,5.2,3.7,2.8,Low,Millennials
23316,5.2,0.0,7.4,2.2,4.2,3.25,Moderate,Millennials
23317,5.7,2.4,7.3,1.9,4.4,2.7,Moderate,Millennials
23318,7.2,2.9,7.1,2.9,3.6,2.96,Moderate,Millennials
23319,4.8,2.7,6.1,1.6,3.7,3.76,Low,Millennials
23320,7.1,3.5,8.6,2.0,7.0,3.15,Low,Millennials
23321,6.8,2.9,7.4,2.2,4.4,2.88,High,Millennials
23322,3.3,1.9,9.5,3.8,6.0,3.65,Moderate,Millennials
23323,7.5,3.4,7.7,1.8,5.2,3.26,Moderate,Millennials
23324,6.5,2.2,10.0,0.0,4.9,2.53,Low,Millennials
23325,4.6,2.4,7.2,2.5,2.8,2.92,High,Millennials
23326,7.5,2.9,7.3,2.2,2.9,2.98,Moderate,Millennials
23327,4.9,1.9,7.8,1.1,5.1,3.17,Moderate,Millennials
23328,6.2,3.8,8.5,4.5,4.3,3.21,Moderate,Millennials
23329,6.0,3.0,8.8,2.3,6.6,3.49,Low,Millennials
23330,5.3,3.1,7.3,3.3,4.7,3.22,Moderate,Millennials
23331,4.1,2.2,8.1,2.3,5.2,3.39,Moderate,Millennials
23332,7.7,3.5,8.1,2.2,5.5,3.14,Moderate,Millennials
23333,5.5,0.7,8.6,2.4,1.7,2.96,Low,Millennials
23334,4.8,2.2,7.7,2.6,4.5,3.25,Moderate,Millennials
23335,5.5,0.1,6.4,2.5,3.1,2.61,Moderate,Millennials
23336,5.4,1.8,9.7,2.5,4.4,2.95,Moderate,Millennials
23337,6.5,4.7,7.2,2.1,4.5,3.16,Moderate,Millennials
23338,6.1,3.6,8.1,2.5,4.1,3.29,Low,Millennials
23339,3.6,3.0,7.3,0.1,4.8,3.28,High,Millennials
23340,3.7,3.5,6.4,2.0,3.1,3.08,Moderate,Millennials
23341,6.9,3.0,7.0,1.4,5.2,2.8,Low,Millennials
23342,5.6,1.9,8.6,3.3,4.6,3.2,Moderate,Millennials
23343,4.9,2.7,7.5,4.1,5.0,2.8,Low,Millennials
23344,6.4,2.5,8.5,1.5,3.5,3.31,Moderate,Millennials
23345,5.5,2.7,8.7,3.3,4.5,2.4,Moderate,Millennials
23346,3.6,4.4,7.1,3.1,3.8,3.0,Moderate,Millennials
23347,6.3,1.9,9.0,2.2,3.3,2.84,High,Millennials
23348,6.4,2.9,7.2,2.5,4.0,3.38,Low,Millennials
23349,4.8,1.6,8.5,2.3,3.7,3.16,Moderate,Millennials
23350,6.6,2.8,7.8,1.0,5.5,2.86,Low,Millennials
23351,5.9,1.9,7.5,2.4,6.6,3.18,Moderate,Millennials
23352,6.3,1.5,8.5,2.6,4.4,3.02,Moderate,Millennials
23353,7.1,1.5,8.2,1.6,4.0,3.0,Moderate,Millennials
23354,6.2,3.2,9.7,2.3,4.0,3.35,Moderate,Millennials
23355,6.5,0.0,7.0,2.3,5.8,2.8,Moderate,Millennials
23356,8.2,0.0,7.6,1.1,4.8,3.48,Low,Millennials
23357,4.7,0.0,6.7,1.1,2.5,3.27,High,Millennials
23358,8.1,3.6,7.9,3.5,3.4,2.88,Moderate,Millennials
23359,5.9,0.0,5.8,0.6,3.4,3.03,Low,Millennials
23360,8.4,1.8,7.7,4.3,3.6,2.8,Low,Millennials
23361,3.5,1.5,7.7,1.9,6.3,3.0,Low,Millennials
23362,5.9,1.3,8.1,2.3,3.6,3.21,Low,Millennials
23363,6.5,2.6,6.6,2.6,3.0,2.99,Low,Millennials
23364,4.9,1.2,8.4,0.8,4.6,3.03,Moderate,Millennials
23365,5.7,0.0,5.4,0.9,4.5,3.05,Low,Millennials
23366,6.7,4.0,8.0,4.3,4.9,3.29,Low,Millennials
23367,6.3,3.2,8.1,1.3,4.9,2.96,Moderate,Millennials
23368,5.2,2.0,8.5,1.4,5.5,3.07,Moderate,Millennials
23369,3.9,3.7,7.9,3.2,3.0,3.06,Moderate,Millennials
23370,6.9,1.1,7.2,0.3,1.4,2.25,Low,Millennials
23371,6.4,1.9,7.2,0.0,5.6,2.91,High,Millennials
23372,4.9,1.2,5.9,1.1,6.3,3.13,Moderate,Millennials
23373,5.2,2.6,8.4,1.0,5.0,2.69,Moderate,Millennials
23374,6.5,2.2,8.9,1.3,4.4,3.21,Moderate,Millennials
23375,4.6,1.2,7.4,1.3,2.9,2.74,Moderate,Millennials
23376,5.3,4.0,7.9,2.8,5.0,3.14,Moderate,Millennials
23377,6.4,1.5,6.3,1.1,3.6,2.74,Moderate,Millennials
23378,5.9,3.6,6.4,1.7,5.0,3.23,Moderate,Millennials
23379,3.9,1.8,7.6,1.9,6.3,3.06,Low,Millennials
23380,7.4,2.8,6.5,1.6,4.8,3.0,Moderate,Millennials
23381,5.4,2.6,7.2,1.5,1.9,2.71,Moderate,Millennials
23382,5.0,2.2,7.6,1.2,5.3,2.73,High,Millennials
23383,4.7,2.3,6.8,0.9,3.0,3.25,Moderate,Millennials
23384,6.4,2.4,7.8,3.4,4.2,3.09,Moderate,Millennials
23385,6.4,1.2,7.0,3.5,4.5,2.76,High,Millennials
23386,6.4,1.2,7.8,4.9,7.7,2.51,Moderate,Millennials
23387,6.4,1.9,7.7,2.9,3.9,2.93,Moderate,Millennials
23388,5.6,3.0,9.2,3.0,3.8,2.97,Low,Millennials
23389,6.0,0.9,9.0,2.5,4.4,3.14,Moderate,Millennials
23390,4.6,3.0,8.4,0.7,4.5,2.97,Low,Millennials
23391,6.5,1.0,7.7,2.8,7.3,3.28,Moderate,Millennials
23392,5.9,1.8,7.5,2.9,5.0,3.77,Low,Millennials
23393,3.6,3.8,8.0,2.5,4.7,2.5,Moderate,Millennials
23394,7.0,2.0,8.7,1.6,5.5,3.14,Low,Millennials
23395,6.0,2.4,6.9,2.4,3.2,2.67,High,Millennials
23396,6.8,3.3,8.3,1.6,4.1,3.32,Moderate,Millennials
23397,6.4,2.3,8.0,2.3,4.5,2.93,Moderate,Millennials
23398,6.3,5.4,7.4,1.9,3.5,3.75,Moderate,Millennials
23399,6.1,2.6,10.0,4.0,3.9,2.71,Low,Millennials
23400,7.0,1.2,7.6,3.2,5.6,3.19,Moderate,Millennials
23401,5.9,1.8,8.7,1.2,3.6,2.97,High,Millennials
23402,7.5,0.9,8.7,1.2,2.0,3.31,High,Millennials
23403,6.7,3.3,8.2,1.4,4.8,3.2,Low,Millennials
23404,4.6,3.1,8.1,3.3,3.6,2.99,High,Millennials
23405,7.3,3.8,8.3,0.0,3.3,3.19,High,Millennials
23406,6.6,1.7,6.7,0.6,5.5,3.53,Moderate,Millennials
23407,5.8,3.1,7.5,1.9,2.6,3.92,Low,Millennials
23408,6.3,0.7,8.3,1.0,5.3,2.81,Low,Millennials
23409,4.7,2.5,7.4,2.5,4.9,2.62,Moderate,Millennials
23410,4.5,1.6,6.8,2.6,8.0,3.4,Moderate,Millennials
23411,5.5,3.1,7.5,0.0,5.6,2.93,Moderate,Millennials
23412,6.4,1.9,7.8,1.7,2.6,3.1,Low,Millennials
23413,6.4,3.4,8.6,2.5,4.6,2.95,High,Millennials
23414,6.2,0.6,7.0,2.0,5.5,3.23,Moderate,Millennials
23415,6.2,3.8,8.8,3.0,7.8,2.65,Moderate,Millennials
23416,5.4,3.7,7.6,3.3,3.0,2.72,Low,Millennials
23417,8.8,3.7,8.1,1.6,3.3,2.75,Low,Millennials
23418,4.4,1.8,8.8,1.9,4.5,3.31,Moderate,Millennials
23419,5.8,3.0,7.7,2.1,4.5,3.03,Moderate,Millennials
23420,4.6,2.7,8.7,1.9,5.3,2.64,Moderate,Millennials
23421,7.8,1.6,7.7,2.2,3.2,2.52,Moderate,Millennials
23422,6.4,2.0,6.0,2.4,3.0,3.11,Low,Millennials
23423,5.9,3.4,8.0,1.9,6.3,3.13,Low,Millennials
23424,8.2,1.4,8.5,3.1,4.4,2.93,Low,Millennials
23425,5.8,0.9,7.3,1.4,4.3,2.92,High,Millennials
23426,4.4,1.2,8.6,0.7,4.7,3.15,Moderate,Millennials
23427,5.2,2.0,8.4,2.0,5.7,3.05,High,Millennials
23428,6.2,1.2,8.4,2.7,4.7,2.88,Low,Millennials
23429,5.2,1.3,6.3,2.9,4.3,3.29,Moderate,Millennials
23430,6.2,1.7,9.0,0.0,4.2,3.27,Moderate,Millennials
23431,7.5,0.9,8.0,1.5,1.5,2.5,Low,Millennials
23432,6.1,2.3,7.8,2.6,2.2,2.98,Low,Millennials
23433,6.8,1.4,8.6,1.5,5.3,3.0,Moderate,Millennials
23434,5.3,2.5,8.0,2.1,3.0,3.2,Low,Millennials
23435,6.1,2.4,7.2,1.9,3.9,3.12,High,Millennials
23436,4.9,1.7,9.3,1.2,3.5,2.51,Moderate,Millennials
23437,3.4,1.6,7.0,1.1,3.3,3.08,Moderate,Millennials
23438,4.7,1.0,8.6,2.5,5.0,3.33,Moderate,Millennials
23439,4.6,1.6,6.1,3.0,3.6,3.08,Moderate,Millennials
23440,7.0,4.0,8.7,3.6,3.6,3.04,Moderate,Millennials
23441,4.1,2.3,6.9,1.6,3.8,3.09,Moderate,Millennials
23442,6.0,2.6,8.8,3.1,4.8,3.47,Moderate,Millennials
23443,4.4,0.9,9.1,1.0,4.5,3.03,High,Millennials
23444,5.8,3.6,6.5,2.9,2.7,3.48,Moderate,Millennials
23445,5.5,1.7,8.8,1.7,3.7,3.56,Moderate,Millennials
23446,7.4,3.7,8.8,1.5,2.3,3.17,High,Millennials
23447,4.6,0.4,7.8,3.9,5.2,2.99,Moderate,Millennials
23448,7.2,0.9,6.3,4.2,2.8,3.41,Low,Millennials
23449,7.1,3.5,8.3,1.7,4.1,3.14,Moderate,Millennials
23450,4.9,1.3,7.8,2.6,2.8,2.57,Low,Millennials
23451,6.3,1.0,5.9,2.5,5.6,2.83,Moderate,Millennials
23452,5.6,1.5,9.0,3.3,2.1,2.87,Low,Millennials
23453,5.8,1.2,7.8,2.5,4.3,2.89,Low,Millennials
23454,6.6,1.1,8.2,1.8,4.0,2.92,Low,Millennials
23455,3.7,3.7,7.5,0.0,3.9,2.99,High,Millennials
23456,7.7,1.5,7.9,3.4,4.1,2.46,Low,Millennials
23457,6.4,0.4,8.2,1.4,1.6,3.08,High,Millennials
23458,6.1,2.6,8.2,2.5,3.8,2.55,Low,Millennials
23459,8.4,1.9,6.8,2.0,4.7,2.81,Moderate,Millennials
23460,6.9,2.6,8.0,2.2,5.1,2.73,Moderate,Millennials
23461,3.8,1.3,5.8,2.0,5.8,2.61,Low,Millennials
23462,4.3,2.5,8.0,2.4,3.7,2.56,Moderate,Millennials
23463,7.4,1.9,6.7,2.8,4.2,3.18,Low,Millennials
23464,6.9,1.9,6.2,0.0,4.9,3.45,Low,Millennials
23465,5.3,1.6,6.4,1.0,5.1,3.35,High,Millennials
23466,4.4,1.5,7.9,0.9,3.6,3.49,High,Millennials
23467,5.3,2.1,7.5,1.0,5.8,3.0,Moderate,Millennials
23468,7.9,2.3,9.3,0.6,3.9,3.62,Moderate,Millennials
23469,5.0,3.5,7.7,1.1,3.9,2.98,Moderate,Millennials
23470,5.0,3.6,8.6,3.9,4.5,3.29,High,Millennials
23471,5.9,2.6,7.9,1.2,4.4,2.81,Low,Millennials
23472,6.0,3.1,7.0,3.6,5.3,3.12,Low,Millennials
23473,5.7,2.0,7.9,2.5,2.7,2.98,Moderate,Millennials
23474,3.5,1.1,6.2,0.2,4.5,3.44,High,Millennials
23475,5.9,1.9,7.9,1.6,3.6,2.74,High,Millennials
23476,5.0,2.4,7.4,2.0,3.0,3.19,Moderate,Millennials
23477,4.6,0.4,6.7,2.2,6.1,3.21,Moderate,Millennials
23478,5.7,2.7,8.1,2.3,4.9,3.39,Moderate,Millennials
23479,7.7,2.9,8.2,2.7,5.3,3.45,Moderate,Millennials
23480,2.2,3.9,7.7,1.0,4.9,3.29,Moderate,Millennials
23481,3.3,0.3,7.0,1.4,2.8,2.99,Low,Millennials
23482,7.8,0.0,7.8,1.6,2.5,2.84,Low,Millennials
23483,5.4,0.8,8.5,2.7,2.1,3.13,High,Millennials
23484,4.9,1.4,8.6,3.2,7.1,3.28,Moderate,Millennials
23485,7.9,4.1,7.5,1.4,5.8,2.85,Moderate,Millennials
23486,7.2,3.2,7.6,4.3,2.4,2.59,Moderate,Millennials
23487,3.7,3.0,8.6,2.4,3.6,2.84,High,Millennials
23488,4.2,1.6,7.3,1.7,5.2,3.18,Low,Millennials
23489,4.6,1.6,7.6,1.6,5.7,3.13,Low,Millennials
23490,6.0,3.8,7.3,0.5,5.5,3.18,High,Millennials
23491,5.4,3.8,9.6,4.8,4.3,2.96,Low,Millennials
23492,6.3,2.2,8.3,1.6,5.0,2.85,Moderate,Millennials
23493,6.2,2.8,7.4,3.2,4.8,2.61,High,Millennials
23494,3.8,2.1,8.0,1.5,2.6,2.9,Moderate,Millennials
23495,5.3,2.4,6.8,0.0,4.1,3.28,High,Millennials
23496,6.5,2.2,8.3,2.9,3.5,2.94,Moderate,Millennials
23497,4.7,1.3,8.0,1.3,3.6,3.05,Low,Millennials
23498,7.0,1.3,7.7,0.4,7.1,3.05,High,Millennials
23499,4.3,0.6,6.8,2.3,2.9,3.13,Low,Millennials
23500,5.4,2.9,7.4,1.4,2.3,2.78,High,Millennials
23501,5.1,0.4,9.5,3.4,4.3,2.67,Moderate,Millennials
23502,4.1,2.6,8.6,4.5,4.7,2.88,Low,Millennials
23503,5.2,4.0,8.4,2.2,1.5,3.03,Moderate,Millennials
23504,4.5,2.1,9.1,1.0,8.0,3.37,Moderate,Millennials
23505,5.8,2.4,8.6,2.6,4.2,3.07,Moderate,Millennials
23506,6.0,2.5,9.3,3.4,4.2,3.37,Moderate,Millennials
23507,4.6,0.3,8.1,1.9,4.5,2.91,Moderate,Millennials
23508,5.7,2.5,8.2,1.0,5.0,2.52,Moderate,Millennials
23509,6.9,3.6,7.0,2.8,4.7,3.4,Moderate,Millennials
23510,3.4,1.4,8.4,1.4,7.5,3.14,Moderate,Millennials
23511,5.1,2.5,9.3,1.1,3.9,3.44,Low,Millennials
23512,2.4,4.7,8.1,1.7,5.9,3.38,High,Millennials
23513,5.0,2.0,7.7,3.7,5.0,3.45,Moderate,Millennials
23514,5.8,4.3,8.0,1.9,6.1,3.18,High,Millennials
23515,4.4,0.0,8.4,0.9,2.0,2.63,High,Millennials
23516,2.9,3.0,7.2,1.0,3.6,3.34,Low,Millennials
23517,7.3,3.1,7.2,1.9,3.2,2.78,Moderate,Millennials
23518,4.8,1.0,6.4,0.0,5.0,3.15,Moderate,Millennials
23519,7.6,1.8,7.2,1.5,3.8,2.93,Moderate,Millennials
23520,8.4,1.3,7.8,3.0,2.7,2.67,Low,Millennials
23521,4.5,3.7,7.0,1.3,3.8,2.75,Moderate,Millennials
23522,6.1,2.7,8.5,0.4,4.2,2.78,Moderate,Millennials
23523,4.2,1.3,7.3,3.7,6.1,2.63,Moderate,Millennials
23524,5.3,2.7,7.1,1.7,4.6,3.16,Low,Millennials
23525,2.3,5.0,8.2,2.9,3.8,3.48,High,Millennials
23526,6.8,2.5,6.6,1.0,2.8,2.51,Moderate,Millennials
23527,4.4,2.7,7.9,0.9,7.3,2.91,Moderate,Millennials
23528,6.0,2.4,8.2,0.8,6.5,2.77,High,Millennials
23529,6.7,1.8,7.3,2.4,4.7,2.99,Moderate,Millennials
23530,4.9,3.8,7.7,2.2,2.3,2.68,Moderate,Millennials
23531,5.9,2.0,7.2,1.3,4.7,2.97,Moderate,Millennials
23532,7.5,4.2,8.0,1.5,5.6,3.15,Low,Millennials
23533,6.5,3.8,7.3,1.2,7.6,3.07,Moderate,Millennials
23534,7.7,2.4,8.7,1.5,7.6,2.87,Moderate,Millennials
23535,8.1,4.9,8.4,0.8,5.1,3.37,Moderate,Millennials
23536,5.7,2.1,7.7,1.0,4.9,3.18,Moderate,Millennials
23537,7.3,3.6,8.8,0.8,4.7,2.89,Moderate,Millennials
23538,6.0,3.3,7.6,3.1,4.9,2.34,Moderate,Millennials
23539,5.7,3.5,7.5,2.9,2.6,2.71,High,Millennials
23540,5.1,3.0,6.9,1.7,3.4,3.06,Moderate,Millennials
23541,6.9,2.3,7.5,2.4,5.6,2.96,Moderate,Millennials
23542,5.2,4.6,8.1,1.9,2.8,2.71,Low,Millennials
23543,5.1,2.6,7.0,1.3,3.5,3.33,Low,Millennials
23544,5.3,1.3,9.2,0.4,3.7,2.94,Low,Millennials
23545,7.3,1.3,6.7,3.3,7.7,3.11,Moderate,Millennials
23546,4.4,2.1,8.7,0.3,4.5,3.45,Low,Millennials
23547,7.2,2.8,8.0,2.8,4.1,3.35,Moderate,Millennials
23548,5.2,4.1,8.9,1.1,4.2,3.37,Low,Millennials
23549,5.1,3.0,7.7,2.5,5.4,2.75,Moderate,Millennials
23550,5.6,0.5,6.4,3.0,5.8,2.85,Low,Millennials
23551,5.9,3.4,8.3,1.6,6.1,3.05,Moderate,Millennials
23552,5.8,3.0,7.2,1.3,5.7,2.9,High,Millennials
23553,5.7,1.2,7.0,4.3,2.8,2.86,Moderate,Millennials
23554,4.5,1.8,7.3,3.3,3.0,3.3,Low,Millennials
23555,7.3,2.2,9.1,0.9,0.0,3.43,Low,Millennials
23556,7.2,0.9,8.0,2.6,3.8,3.23,Moderate,Millennials
23557,6.4,2.2,8.0,2.5,6.5,3.03,Moderate,Millennials
23558,8.0,2.9,8.4,2.4,3.6,2.59,Low,Millennials
23559,5.8,2.3,8.4,1.8,4.2,2.27,Low,Millennials
23560,4.3,3.4,8.3,2.7,2.3,3.5,Moderate,Millennials
23561,5.8,3.1,8.3,1.7,2.4,2.94,High,Millennials
23562,3.4,1.7,8.4,3.4,4.8,3.14,High,Millennials
23563,7.3,1.7,7.7,1.0,4.3,2.74,Moderate,Millennials
23564,7.3,0.8,8.6,0.6,3.8,2.85,High,Millennials
23565,4.1,2.4,9.3,1.8,3.2,2.57,Moderate,Millennials
23566,4.5,1.4,7.7,3.6,4.6,2.84,Low,Millennials
23567,6.7,4.4,6.8,2.2,5.6,2.97,Moderate,Millennials
23568,6.6,3.7,9.0,1.1,2.1,3.03,High,Millennials
23569,3.2,2.8,6.5,0.0,2.5,2.91,Low,Millennials
23570,8.8,4.8,8.6,2.1,5.9,2.9,High,Millennials
23571,6.3,2.6,6.7,2.2,3.1,3.08,Low,Millennials
23572,5.7,0.6,9.4,1.0,4.4,3.29,Low,Millennials
23573,6.2,0.8,9.4,1.5,2.9,2.86,Low,Millennials
23574,7.1,0.8,6.9,2.3,6.7,3.06,Moderate,Millennials
23575,4.7,0.3,7.1,0.6,5.1,3.09,Moderate,Millennials
23576,6.8,0.8,5.5,3.1,1.9,2.85,Moderate,Millennials
23577,6.0,2.9,8.0,3.6,5.9,3.2,Moderate,Millennials
23578,4.9,1.8,8.0,2.8,3.8,3.1,Low,Millennials
23579,6.2,1.6,9.0,1.6,5.6,3.13,Moderate,Millennials
23580,4.4,2.3,7.3,2.4,4.0,2.78,Low,Millennials
23581,4.2,0.7,9.2,1.6,3.4,2.78,High,Millennials
23582,5.4,2.2,9.0,1.2,5.5,3.86,Moderate,Millennials
23583,7.5,0.0,9.4,2.8,5.0,3.45,Moderate,Millennials
23584,4.2,3.5,6.8,2.3,4.6,3.38,High,Millennials
23585,5.6,1.3,8.2,0.5,5.1,3.38,High,Millennials
23586,7.2,1.9,7.6,2.5,4.2,3.46,Moderate,Millennials
23587,7.5,0.5,8.5,0.0,6.2,3.53,Low,Millennials
23588,5.4,4.2,7.1,2.7,3.3,3.51,Moderate,Millennials
23589,6.7,2.3,6.2,3.3,6.1,3.17,Low,Millennials
23590,6.2,1.9,7.2,2.8,5.4,2.81,Moderate,Millennials
23591,6.1,1.2,9.6,3.3,5.6,2.88,High,Millennials
23592,6.2,4.4,8.9,0.5,4.3,3.15,Low,Millennials
23593,6.9,2.1,9.3,3.4,5.0,2.51,High,Millennials
23594,10.0,2.1,6.7,0.1,6.2,2.56,Moderate,Millennials
23595,6.2,3.5,7.6,2.5,4.0,2.76,Low,Millennials
23596,5.1,1.2,7.5,3.4,3.4,2.59,Low,Millennials
23597,5.9,1.1,8.5,1.8,3.7,2.65,Low,Millennials
23598,1.6,3.2,7.1,0.9,3.8,2.99,Low,Millennials
23599,7.6,1.9,7.5,2.4,5.5,2.68,High,Millennials
23600,5.5,2.0,6.6,3.5,5.7,2.87,High,Millennials
23601,6.3,1.9,6.5,1.1,2.5,3.3,Low,Millennials
23602,6.7,2.5,7.7,2.5,5.8,2.55,High,Millennials
23603,3.9,3.2,6.9,0.4,4.4,3.06,Moderate,Millennials
23604,6.2,2.1,8.7,2.2,5.6,2.83,Moderate,Millennials
23605,5.1,3.2,7.1,1.9,5.9,3.31,Moderate,Millennials
23606,5.4,3.7,6.4,3.7,4.4,3.64,Moderate,Millennials
23607,3.9,1.2,5.9,3.5,5.0,2.8,Moderate,Millennials
23608,5.7,2.5,9.9,3.8,4.7,3.14,Moderate,Millennials
23609,4.9,3.9,8.2,0.8,3.7,3.4,Moderate,Millennials
23610,6.2,2.2,7.4,2.4,3.7,2.94,Moderate,Millennials
23611,4.9,2.6,9.0,1.6,2.5,3.05,Moderate,Millennials
23612,6.0,3.8,8.4,1.6,5.1,3.39,Moderate,Millennials
23613,4.4,4.0,8.7,3.3,4.1,2.92,Moderate,Millennials
23614,6.1,2.8,7.8,2.4,4.3,2.81,Moderate,Millennials
23615,6.6,0.5,8.0,1.8,3.7,3.2,High,Millennials
23616,6.0,1.3,8.3,4.0,4.7,3.15,High,Millennials
23617,9.3,2.6,8.1,3.1,5.1,3.0,Moderate,Millennials
23618,5.1,3.0,6.9,2.8,2.1,3.08,Low,Millennials
23619,6.5,1.4,7.8,2.3,4.4,3.28,Moderate,Millennials
23620,4.6,1.9,7.3,1.7,6.7,2.7,Low,Millennials
23621,4.9,2.7,8.7,1.6,3.7,2.98,High,Millennials
23622,4.2,1.7,6.9,1.1,3.5,2.92,Low,Millennials
23623,5.7,1.5,5.5,1.8,3.4,2.67,Moderate,Millennials
23624,5.6,2.9,7.7,3.0,3.1,3.57,Low,Millennials
23625,5.1,1.6,7.2,2.1,4.6,2.61,High,Millennials
23626,4.7,1.6,6.6,3.0,2.1,2.4,Moderate,Millennials
23627,2.9,4.0,7.0,2.1,3.5,2.81,Moderate,Millennials
23628,7.1,4.8,8.2,1.4,5.0,2.81,Low,Millennials
23629,3.7,1.5,7.7,0.0,2.8,3.13,Low,Millennials
23630,5.7,1.9,8.5,0.8,6.8,2.71,Low,Millennials
23631,7.9,2.6,7.5,3.1,2.7,3.47,Moderate,Millennials
23632,5.1,0.0,8.4,2.8,5.5,2.8,Low,Millennials
23633,2.8,2.5,7.4,2.5,4.6,2.89,High,Millennials
23634,7.0,4.6,8.3,0.8,3.2,2.82,Low,Millennials
23635,7.2,0.9,7.7,2.0,5.3,3.09,Low,Millennials
23636,3.7,2.9,8.7,4.0,5.3,3.5,Low,Millennials
23637,5.6,2.8,6.4,3.4,4.4,2.7,Moderate,Millennials
23638,6.5,1.3,8.0,1.8,4.5,3.18,Low,Millennials
23639,7.2,1.2,7.2,4.0,5.4,3.14,High,Millennials
23640,8.7,2.3,5.8,1.4,3.6,3.12,Moderate,Millennials
23641,5.9,1.7,8.2,1.7,6.3,2.82,Moderate,Millennials
23642,6.4,3.9,7.1,1.2,6.2,2.62,High,Millennials
23643,5.3,2.3,6.7,2.7,3.5,3.67,Moderate,Millennials
23644,5.9,3.0,6.1,1.3,6.1,3.04,Low,Millennials
23645,5.3,2.6,7.7,4.2,4.1,3.34,Moderate,Millennials
23646,5.5,0.4,7.1,0.2,3.8,3.16,Low,Millennials
23647,5.4,2.0,8.1,2.9,0.9,2.83,Low,Millennials
23648,6.6,2.0,8.8,3.4,3.9,2.72,Moderate,Millennials
23649,5.8,2.7,7.4,0.0,2.7,3.7,Low,Millennials
23650,7.7,0.4,7.3,4.4,6.0,3.21,Low,Millennials
23651,8.0,1.7,7.0,0.0,2.4,3.01,Moderate,Millennials
23652,4.5,3.1,7.3,1.7,5.8,3.06,Low,Millennials
23653,6.6,1.8,7.6,1.1,1.6,2.76,Moderate,Millennials
23654,6.4,1.8,7.8,2.7,7.3,3.64,Moderate,Millennials
23655,6.0,2.7,8.6,2.3,5.2,2.81,Moderate,Millennials
23656,7.3,0.0,8.4,2.0,8.0,2.85,Low,Millennials
23657,4.8,2.1,9.2,0.0,3.7,3.41,Moderate,Millennials
23658,5.3,1.5,8.8,2.1,6.9,3.77,Low,Millennials
23659,6.4,2.6,8.0,3.1,6.3,3.0,Low,Millennials
23660,7.3,1.2,8.4,1.2,4.0,2.87,Low,Millennials
23661,7.1,1.0,7.9,3.2,4.5,2.98,Moderate,Millennials
23662,5.2,2.9,8.2,3.2,6.9,1.89,Moderate,Millennials
23663,5.9,3.7,7.3,2.1,4.1,2.94,Moderate,Millennials
23664,7.3,0.8,8.2,5.3,3.6,2.65,Moderate,Millennials
23665,7.0,2.7,7.2,2.6,0.3,2.71,Moderate,Millennials
23666,6.5,2.9,6.9,2.8,5.5,2.88,Moderate,Millennials
23667,8.6,2.2,8.4,2.7,4.1,3.6,Moderate,Millennials
23668,4.7,4.2,6.8,0.5,4.3,2.72,Moderate,Millennials
23669,4.0,2.1,7.8,0.1,3.3,3.25,Low,Millennials
23670,6.4,0.0,6.9,2.9,3.9,2.75,Low,Millennials
23671,8.1,2.2,7.8,3.5,3.7,3.11,Low,Millennials
23672,5.3,1.8,8.1,1.7,5.2,2.74,Moderate,Millennials
23673,4.9,2.3,8.6,1.5,1.2,2.89,Low,Millennials
23674,6.7,0.0,7.0,2.8,3.8,2.81,Low,Millennials
23675,6.6,1.0,7.9,1.1,4.8,3.0,High,Millennials
23676,5.8,2.6,7.9,1.2,3.5,3.15,Low,Millennials
23677,6.0,2.5,7.3,1.0,4.5,3.04,Moderate,Millennials
23678,4.3,2.3,8.2,1.7,5.4,2.95,Moderate,Millennials
23679,6.6,2.3,8.0,1.2,4.5,3.23,Moderate,Millennials
23680,3.4,3.5,7.1,2.2,3.6,3.19,Low,Millennials
23681,5.8,4.5,7.9,3.0,6.8,2.75,Low,Millennials
23682,3.7,4.3,8.4,1.7,2.1,3.17,Low,Millennials
23683,3.5,1.8,9.0,1.2,4.2,3.1,Low,Millennials
23684,7.3,0.6,8.2,2.6,5.4,3.17,Moderate,Millennials
23685,5.7,0.7,9.5,2.9,3.3,3.81,Moderate,Millennials
23686,6.3,2.6,7.3,1.0,2.5,3.21,Moderate,Millennials
23687,5.3,0.0,6.2,1.4,5.2,3.26,Low,Millennials
23688,7.0,1.6,8.0,2.6,6.9,2.65,Moderate,Millennials
23689,4.3,2.0,9.5,2.4,4.7,2.79,Moderate,Millennials
23690,7.5,3.1,7.1,2.1,3.6,3.17,Moderate,Millennials
23691,5.4,0.9,6.6,0.0,6.9,3.62,Moderate,Millennials
23692,7.8,2.0,8.5,1.9,6.7,2.67,High,Millennials
23693,8.3,1.7,7.0,5.1,3.1,3.44,Low,Millennials
23694,4.0,1.5,7.1,2.3,4.0,3.68,Moderate,Millennials
23695,5.6,1.2,9.7,1.5,4.7,2.93,Low,Millennials
23696,6.6,1.1,7.0,4.0,3.5,3.44,Moderate,Millennials
23697,7.8,1.7,6.3,2.6,2.1,3.18,High,Millennials
23698,4.2,1.3,8.5,1.2,4.9,3.62,Low,Millennials
23699,5.2,2.3,6.8,0.6,5.4,2.96,Low,Millennials
23700,6.6,3.3,6.7,0.8,4.0,2.81,Low,Millennials
23701,8.2,0.0,6.6,2.4,2.8,3.07,High,Millennials
23702,6.1,2.3,8.8,3.9,4.3,3.14,Low,Millennials
23703,9.1,2.7,7.3,2.2,3.5,2.95,Moderate,Millennials
23704,5.1,2.2,8.8,3.7,4.1,3.57,Moderate,Millennials
23705,6.8,0.4,7.3,2.2,2.4,2.64,High,Millennials
23706,6.0,2.3,6.8,2.3,4.3,2.72,Moderate,Millennials
23707,6.6,1.4,6.2,1.6,3.7,3.17,Moderate,Millennials
23708,4.5,2.9,8.8,1.7,7.2,2.78,Moderate,Millennials
23709,4.4,3.1,8.1,2.5,3.3,3.11,High,Millennials
23710,4.9,2.2,8.2,2.3,4.5,2.94,Low,Millennials
23711,7.7,0.6,7.7,3.4,1.8,2.54,High,Millennials
23712,3.4,1.5,8.0,0.9,6.0,2.64,Moderate,Millennials
23713,8.0,2.6,6.7,0.6,5.4,3.26,Low,Millennials
23714,5.2,1.7,6.8,3.1,6.0,3.22,High,Millennials
23715,4.6,2.6,8.9,4.4,4.4,2.48,Moderate,Millennials
23716,5.0,2.3,7.7,1.8,5.2,3.28,Moderate,Millennials
23717,6.4,1.5,8.2,2.3,3.3,3.24,Moderate,Millennials
23718,6.3,3.0,6.9,2.4,4.4,3.16,Low,Millennials
23719,6.3,2.9,8.6,0.9,3.0,3.09,Moderate,Millennials
23720,5.3,2.9,9.1,1.9,4.4,3.26,Moderate,Millennials
23721,7.5,3.3,7.6,2.5,5.2,3.1,Low,Millennials
23722,6.6,2.0,9.2,1.1,3.2,3.05,High,Millennials
23723,3.7,0.0,8.8,1.4,4.7,3.04,Moderate,Millennials
23724,6.8,0.2,6.8,4.2,4.1,2.86,Low,Millennials
23725,5.4,2.9,6.4,2.1,6.4,2.59,Moderate,Millennials
23726,6.3,2.0,7.5,0.0,5.4,2.93,Low,Millennials
23727,5.5,1.1,7.1,1.1,4.9,3.13,Moderate,Millennials
23728,6.8,3.1,6.9,3.4,5.1,3.1,Low,Millennials
23729,4.7,2.5,8.3,2.5,4.0,2.82,Low,Millennials
23730,5.1,2.1,8.1,1.9,8.0,3.21,Low,Millennials
23731,6.4,4.2,8.7,2.0,4.3,2.7,Moderate,Millennials
23732,3.7,2.3,6.2,1.3,6.2,3.26,Low,Millennials
23733,6.6,4.0,7.4,3.1,3.9,3.46,Low,Millennials
23734,5.1,2.4,6.7,1.4,7.1,2.97,Moderate,Millennials
23735,3.9,2.0,8.2,1.7,2.2,3.11,High,Millennials
23736,5.6,1.1,7.8,3.9,5.8,3.01,Low,Millennials
23737,4.6,2.5,6.4,2.8,4.2,3.4,Moderate,Millennials
23738,6.6,0.7,9.0,2.5,3.7,2.83,High,Millennials
23739,3.8,2.5,7.4,2.7,5.3,3.44,Moderate,Millennials
23740,5.5,2.7,9.7,0.8,3.4,2.84,Moderate,Millennials
23741,5.7,3.2,7.7,2.1,4.1,2.98,Moderate,Millennials
23742,6.7,2.7,9.1,0.6,5.4,3.0,Low,Millennials
23743,6.6,0.9,6.7,2.1,4.0,2.73,Moderate,Millennials
23744,6.0,0.1,8.2,3.4,4.0,3.2,Moderate,Millennials
23745,4.7,3.0,6.4,1.8,2.4,3.3,High,Millennials
23746,5.9,2.7,8.4,2.7,3.3,2.55,High,Millennials
23747,4.9,1.4,8.1,0.7,4.0,2.87,Moderate,Millennials
23748,8.1,1.3,8.1,2.5,4.1,2.54,Low,Millennials
23749,6.0,2.7,8.0,1.5,3.7,3.63,Low,Millennials
23750,7.3,2.8,7.6,4.5,4.6,2.55,High,Millennials
23751,6.7,3.5,8.6,3.5,5.3,3.09,Moderate,Millennials
23752,4.8,2.8,7.9,2.5,5.8,2.46,Low,Millennials
23753,10.0,2.3,8.0,2.7,5.6,3.16,High,Millennials
23754,6.3,0.9,8.3,2.2,4.4,2.96,High,Millennials
23755,6.1,1.3,9.5,0.9,2.4,2.91,Low,Millennials
23756,3.9,0.5,9.0,0.6,4.4,2.86,Low,Millennials
23757,8.1,0.0,7.9,2.9,3.0,2.82,Low,Millennials
23758,6.4,0.6,8.4,3.3,4.9,2.41,Low,Millennials
23759,5.6,0.4,8.2,3.6,8.0,3.17,Moderate,Millennials
23760,6.5,1.7,7.6,3.0,3.6,3.51,Moderate,Millennials
23761,7.1,3.2,5.7,2.3,2.2,3.19,Moderate,Millennials
23762,5.9,1.7,7.7,1.1,5.0,3.23,High,Millennials
23763,4.7,0.4,9.7,2.2,5.0,3.26,Low,Millennials
23764,6.1,2.6,6.2,1.1,4.0,2.71,Moderate,Millennials
23765,6.6,0.5,7.5,1.5,4.6,2.63,High,Millennials
23766,4.2,1.7,6.9,2.2,7.5,3.23,Moderate,Millennials
23767,7.7,1.9,8.4,1.2,6.0,2.74,Moderate,Millennials
23768,8.2,2.4,8.5,2.4,5.5,2.81,Low,Millennials
23769,5.6,1.8,8.4,1.8,2.9,2.92,Moderate,Millennials
23770,5.6,3.0,7.6,0.7,4.9,3.38,High,Millennials
23771,3.2,2.2,6.6,3.3,6.8,2.99,Moderate,Millennials
23772,5.2,0.6,9.1,2.6,5.0,3.23,Moderate,Millennials
23773,6.0,1.3,8.9,1.4,2.9,3.25,Moderate,Millennials
23774,6.5,1.0,6.9,2.6,2.6,3.05,Low,Millennials
23775,5.2,1.8,7.6,2.7,5.8,2.8,Moderate,Millennials
23776,6.6,3.9,7.7,2.4,2.8,3.24,Moderate,Millennials
23777,4.4,3.1,8.3,2.7,4.1,3.15,Low,Millennials
23778,5.8,2.3,6.6,3.1,4.2,3.68,Low,Millennials
23779,6.2,2.1,8.9,1.4,5.1,2.81,High,Millennials
23780,5.6,2.6,7.9,2.7,1.5,3.15,Low,Millennials
23781,4.8,2.3,6.9,2.0,2.1,3.28,Low,Millennials
23782,5.6,1.6,7.0,2.8,2.5,2.36,Moderate,Millennials
23783,4.2,4.3,8.7,1.8,1.6,3.12,Moderate,Millennials
23784,5.4,1.7,8.3,2.6,3.7,3.28,Low,Millennials
23785,4.8,1.7,7.7,1.6,3.8,2.84,Moderate,Millennials
23786,6.2,2.4,7.5,0.0,3.7,3.41,Moderate,Millennials
23787,4.7,0.7,7.8,2.0,4.9,3.17,Moderate,Millennials
23788,4.2,1.2,8.7,1.7,4.7,2.77,Moderate,Millennials
23789,4.0,1.2,7.5,3.9,3.0,2.85,Low,Millennials
23790,4.4,2.5,6.5,3.4,4.3,2.99,High,Millennials
23791,6.5,1.1,6.8,2.7,4.7,3.64,High,Millennials
23792,4.6,1.2,7.8,2.6,2.4,3.12,Moderate,Millennials
23793,4.7,1.5,8.4,3.2,5.1,3.33,High,Millennials
23794,5.9,3.1,9.3,2.7,6.5,3.26,Low,Millennials
23795,3.9,2.7,6.9,0.1,5.8,2.67,Moderate,Millennials
23796,6.4,3.6,9.7,3.5,4.0,3.12,Moderate,Millennials
23797,6.3,1.6,7.8,1.5,0.8,2.84,Low,Millennials
23798,7.3,2.5,7.3,0.6,3.2,2.83,Moderate,Millennials
23799,5.5,1.6,9.0,3.5,4.8,3.31,Low,Millennials
23800,5.9,2.7,7.6,0.3,4.1,2.87,Low,Millennials
23801,5.8,1.5,7.9,0.2,6.6,2.76,Low,Millennials
23802,5.5,2.7,5.8,1.9,5.0,2.92,Moderate,Millennials
23803,7.6,2.8,7.7,3.2,1.9,2.89,Moderate,Millennials
23804,5.7,2.2,8.3,1.1,5.7,3.15,Moderate,Millennials
23805,9.0,3.4,6.9,3.3,3.8,2.81,Moderate,Millennials
23806,3.5,2.0,8.8,1.9,8.0,2.84,Moderate,Millennials
23807,7.3,3.2,8.6,4.2,5.6,2.67,Low,Millennials
23808,7.6,2.0,8.3,1.2,4.9,2.63,Low,Millennials
23809,6.7,2.2,8.5,1.7,3.0,3.31,Moderate,Millennials
23810,7.6,2.8,7.1,3.0,1.9,2.94,Moderate,Millennials
23811,6.2,0.0,6.6,2.0,5.1,2.81,Moderate,Millennials
23812,7.0,2.0,8.4,1.5,3.8,2.89,Moderate,Millennials
23813,4.7,0.8,8.0,1.2,7.0,2.7,High,Millennials
23814,7.2,1.9,7.5,2.4,5.0,3.11,Low,Millennials
23815,5.5,2.2,7.9,2.6,5.0,2.97,Low,Millennials
23816,8.2,3.6,7.3,1.2,1.2,2.99,Low,Millennials
23817,6.3,0.2,7.8,1.8,2.7,3.07,Low,Millennials
23818,5.0,2.3,7.7,1.0,5.6,3.29,Moderate,Millennials
23819,4.9,3.8,9.9,1.4,2.9,2.6,Low,Millennials
23820,5.6,3.4,7.4,1.5,2.5,3.05,Low,Millennials
23821,7.5,3.1,7.1,1.9,3.1,2.92,Moderate,Millennials
23822,4.8,1.4,7.5,2.6,4.7,2.8,Moderate,Millennials
23823,5.1,1.6,8.0,2.4,5.1,2.78,Low,Millennials
23824,6.2,1.7,5.6,1.0,4.8,3.01,Low,Millennials
23825,5.5,2.6,7.6,0.7,1.7,3.02,Low,Millennials
23826,8.5,2.4,7.8,1.5,4.6,2.71,Moderate,Millennials
23827,6.5,1.1,7.5,4.4,2.5,2.83,Moderate,Millennials
23828,6.7,2.0,5.8,0.7,5.8,3.45,Low,Millennials
23829,5.3,2.1,8.6,1.8,4.0,3.07,Moderate,Millennials
23830,5.9,2.0,7.2,2.1,3.6,2.74,Moderate,Millennials
23831,5.9,0.2,6.9,3.1,3.3,3.13,Low,Millennials
23832,4.8,1.3,8.1,2.7,3.0,3.25,Moderate,Millennials
23833,5.5,2.8,8.6,2.8,6.0,3.09,Moderate,Millennials
23834,9.0,0.7,8.3,2.8,3.5,3.1,Low,Millennials
23835,6.4,0.0,8.1,2.2,3.4,3.29,Moderate,Millennials
23836,3.0,0.1,9.0,1.7,3.7,3.15,Low,Millennials
23837,7.1,3.2,8.1,1.5,6.2,2.91,Moderate,Millennials
23838,5.0,1.6,7.2,2.9,4.6,3.17,Moderate,Millennials
23839,6.3,1.4,7.8,3.9,1.3,3.14,Moderate,Millennials
23840,4.5,3.5,6.8,0.6,6.3,3.22,Low,Millennials
23841,5.9,1.2,7.8,1.6,3.3,3.15,Moderate,Millennials
23842,7.0,3.1,6.2,1.4,1.8,3.18,Low,Millennials
23843,7.0,1.8,7.1,0.3,3.3,2.57,Low,Millennials
23844,5.7,2.1,9.3,0.0,3.3,2.86,Low,Millennials
23845,7.4,1.3,8.0,3.5,5.4,2.93,Low,Millennials
23846,7.3,3.7,8.9,1.3,6.6,3.25,Moderate,Millennials
23847,7.6,3.4,8.1,1.1,2.2,3.29,Low,Millennials
23848,6.2,1.6,8.2,1.5,1.2,2.96,Moderate,Millennials
23849,4.1,3.0,9.4,2.7,3.0,3.31,Moderate,Millennials
23850,6.1,1.4,7.1,3.7,2.4,3.07,Moderate,Millennials
23851,4.7,1.2,7.7,0.7,5.0,3.2,Low,Millennials
23852,5.7,1.7,8.5,2.2,5.0,3.21,Moderate,Millennials
23853,8.8,2.6,7.6,2.6,5.5,2.54,Moderate,Millennials
23854,5.8,0.6,7.9,1.0,3.8,3.07,Moderate,Millennials
23855,6.3,1.8,5.8,4.9,4.1,2.63,Low,Millennials
23856,5.5,2.3,7.8,3.5,4.6,3.1,Moderate,Millennials
23857,6.4,2.8,7.2,2.3,3.9,3.04,High,Millennials
23858,5.8,3.0,9.5,2.9,4.5,2.97,Low,Millennials
23859,6.3,2.2,7.9,1.7,4.7,2.97,High,Millennials
23860,2.6,4.1,8.6,3.1,3.7,3.17,Moderate,Millennials
23861,6.5,3.1,8.4,1.7,5.5,3.24,Moderate,Millennials
23862,4.4,1.5,7.9,1.7,2.1,2.57,Low,Millennials
23863,6.5,0.0,7.3,0.2,3.9,3.05,High,Millennials
23864,8.1,4.1,8.0,1.6,1.7,2.56,High,Millennials
23865,4.0,4.2,7.9,0.4,3.8,3.09,High,Millennials
23866,5.3,0.6,7.6,2.4,2.8,2.61,Low,Millennials
23867,5.4,2.4,9.2,2.4,4.3,2.76,Low,Millennials
23868,9.0,1.8,7.1,1.6,5.7,2.92,Moderate,Millennials
23869,6.2,3.4,9.1,1.2,5.6,2.89,Moderate,Millennials
23870,5.2,2.5,9.8,3.6,5.2,2.83,High,Millennials
23871,8.9,1.1,7.8,3.2,5.3,3.07,Moderate,Millennials
23872,5.9,2.9,8.8,3.9,3.3,2.86,Moderate,Millennials
23873,5.8,4.0,7.1,2.8,3.1,3.07,Low,Millennials
23874,4.8,1.4,6.9,2.2,6.9,3.47,Moderate,Millennials
23875,7.0,2.4,6.8,0.8,3.5,3.07,Low,Millennials
23876,4.7,3.7,8.3,3.1,4.9,3.09,Moderate,Millennials
23877,7.2,1.3,8.9,2.5,0.8,2.55,Moderate,Millennials
23878,5.9,0.0,6.0,1.1,3.7,2.82,Moderate,Millennials
23879,5.7,1.1,8.6,3.4,3.0,2.79,High,Millennials
23880,5.5,3.3,6.7,2.7,3.5,2.87,Moderate,Millennials
23881,7.7,2.9,7.8,2.8,4.6,2.71,Moderate,Millennials
23882,4.8,2.3,7.2,2.1,4.7,3.44,High,Millennials
23883,4.5,3.3,8.3,1.5,5.4,2.95,Moderate,Millennials
23884,7.3,1.2,7.6,1.1,3.7,3.33,Low,Millennials
23885,5.4,2.1,9.0,2.2,5.4,2.91,Low,Millennials
23886,5.1,3.2,7.9,1.3,1.8,2.88,Moderate,Millennials
23887,4.5,1.7,8.1,2.2,1.8,3.11,Moderate,Millennials
23888,4.1,0.0,8.9,1.7,3.8,2.84,Low,Millennials
23889,4.9,3.3,6.8,1.7,5.5,3.44,Low,Millennials
23890,5.6,1.8,7.1,2.0,3.0,2.45,Moderate,Millennials
23891,3.9,2.1,8.6,2.1,5.3,2.93,Moderate,Millennials
23892,6.5,1.7,10.0,1.7,4.8,3.03,Low,Millennials
23893,7.4,2.0,7.0,4.6,5.1,3.13,Low,Millennials
23894,6.6,4.4,8.4,2.6,2.2,3.23,Moderate,Millennials
23895,7.2,0.0,8.6,3.1,7.0,2.8,High,Millennials
23896,6.2,1.6,6.6,2.2,3.1,2.88,Moderate,Millennials
23897,6.6,3.7,5.5,2.7,6.5,3.32,Low,Millennials
23898,3.4,3.5,7.6,3.8,3.6,2.96,Low,Millennials
23899,6.9,2.0,8.6,2.9,4.1,3.39,Moderate,Millennials
23900,5.5,1.8,9.4,1.7,1.6,2.31,Low,Millennials
23901,6.5,1.3,7.3,1.5,3.3,3.07,Low,Millennials
23902,5.7,2.5,7.2,3.5,3.8,2.75,High,Millennials
23903,4.4,0.0,8.6,1.8,1.9,3.19,High,Millennials
23904,5.9,1.1,8.4,2.3,3.5,2.31,Low,Millennials
23905,5.9,2.5,5.8,3.6,3.0,2.68,Low,Millennials
23906,5.5,2.5,7.0,3.3,4.9,2.81,Low,Millennials
23907,6.6,1.1,6.8,0.1,3.4,2.96,Moderate,Millennials
23908,7.2,0.1,7.6,0.0,4.1,3.27,Moderate,Millennials
23909,5.8,4.4,7.9,2.9,3.7,3.39,Low,Millennials
23910,6.1,3.2,7.7,2.1,8.0,3.53,Low,Millennials
23911,4.1,0.0,6.5,2.3,4.5,3.34,Low,Millennials
23912,5.7,1.4,8.6,4.1,3.3,3.03,Moderate,Millennials
23913,5.0,1.4,8.2,0.5,3.6,2.64,Low,Millennials
23914,5.7,0.9,8.4,2.3,5.0,3.09,High,Millennials
23915,6.0,2.8,8.3,0.4,6.6,2.5,Low,Millennials
23916,6.9,1.8,8.6,1.1,2.0,3.1,Low,Millennials
23917,5.6,2.2,8.3,1.1,4.0,2.91,Moderate,Millennials
23918,3.6,2.3,8.0,3.8,5.9,3.1,Moderate,Millennials
23919,6.3,1.4,8.0,0.0,6.2,3.23,High,Millennials
23920,4.3,3.0,8.1,0.9,4.3,3.09,Moderate,Millennials
23921,4.9,1.5,8.6,1.5,3.2,2.59,Low,Millennials
23922,6.0,1.3,7.0,0.7,4.2,2.66,Moderate,Millennials
23923,6.7,0.1,8.1,1.9,1.7,3.11,Moderate,Millennials
23924,4.2,3.1,8.6,2.5,4.0,2.97,Moderate,Millennials
23925,6.5,3.6,8.7,1.7,3.7,2.53,High,Millennials
23926,5.2,0.4,7.6,2.0,5.6,2.95,Low,Millennials
23927,5.7,4.9,9.9,2.1,4.7,3.01,Moderate,Millennials
23928,6.5,3.5,7.0,3.4,4.2,3.15,High,Millennials
23929,5.3,1.4,8.3,3.1,3.4,3.31,Moderate,Millennials
23930,7.7,0.0,5.4,2.5,4.1,2.89,High,Millennials
23931,5.1,1.6,8.0,1.3,5.2,2.8,Moderate,Millennials
23932,7.4,4.1,7.0,3.1,4.3,3.68,Moderate,Millennials
23933,6.2,1.9,8.2,1.9,4.4,2.77,Moderate,Millennials
23934,5.1,2.9,9.2,3.0,5.9,2.74,Low,Millennials
23935,5.4,0.0,6.6,0.5,4.0,3.14,Low,Millennials
23936,5.5,2.0,6.6,2.2,4.0,2.93,Moderate,Millennials
23937,6.2,1.2,8.2,2.3,3.1,3.1,Moderate,Millennials
23938,5.3,2.3,7.8,3.0,3.5,2.93,Moderate,Millennials
23939,4.8,2.8,7.8,3.4,5.8,3.09,Low,Millennials
23940,6.6,1.8,7.8,1.9,3.8,3.25,Moderate,Millennials
23941,7.2,0.7,8.6,0.0,1.2,2.52,Moderate,Millennials
23942,7.3,2.9,7.7,2.0,4.0,3.11,Moderate,Millennials
23943,6.4,2.7,7.9,3.3,5.4,2.91,Moderate,Millennials
23944,2.0,0.0,8.8,1.2,4.6,2.64,Low,Millennials
23945,6.4,1.4,7.3,2.5,3.5,2.37,Low,Millennials
23946,6.8,1.1,7.6,2.0,2.7,3.0,Moderate,Millennials
23947,7.1,2.7,7.1,0.2,3.7,2.97,Low,Millennials
23948,6.6,2.0,8.1,3.2,3.8,3.09,Moderate,Millennials
23949,6.6,1.6,7.5,0.5,7.2,2.71,Moderate,Millennials
23950,4.7,2.8,7.9,2.2,3.8,2.85,Moderate,Millennials
23951,6.4,1.7,8.5,0.2,3.3,2.94,Moderate,Millennials
23952,7.1,0.8,7.0,2.2,3.7,2.94,Low,Millennials
23953,6.7,1.3,7.0,2.4,2.9,2.82,High,Millennials
23954,3.8,0.4,7.4,0.4,5.5,2.71,Moderate,Millennials
23955,7.0,1.8,7.9,1.8,3.5,3.39,Low,Millennials
23956,6.8,3.0,7.1,1.4,4.8,3.71,Moderate,Millennials
23957,7.1,2.4,7.3,3.7,4.6,2.73,Moderate,Millennials
23958,4.3,1.6,8.0,2.1,2.6,2.76,Moderate,Millennials
23959,3.9,2.2,7.8,3.0,6.3,3.13,Moderate,Millennials
23960,7.3,1.5,8.3,3.3,6.9,3.37,Moderate,Millennials
23961,7.6,3.0,6.4,1.6,5.5,3.03,Moderate,Millennials
23962,4.5,2.3,7.0,0.5,2.3,3.23,Low,Millennials
23963,6.2,0.0,8.9,1.0,4.4,3.15,Low,Millennials
23964,5.9,2.9,6.8,1.4,6.3,2.45,Low,Millennials
23965,6.1,2.9,7.7,2.7,5.8,3.14,Low,Millennials
23966,5.6,4.4,7.7,2.4,3.7,3.22,Low,Millennials
23967,6.1,1.2,8.2,2.0,5.1,3.11,Moderate,Millennials
23968,3.9,2.8,8.9,1.8,5.5,3.25,Low,Millennials
23969,5.8,2.6,7.5,2.5,5.4,2.75,Low,Millennials
23970,4.3,2.5,5.2,3.0,4.5,3.05,Low,Millennials
23971,4.9,1.7,7.4,2.9,1.8,3.18,Moderate,Millennials
23972,7.3,2.1,7.9,2.9,6.0,3.02,Low,Millennials
23973,4.7,2.3,8.2,2.2,5.8,2.63,Moderate,Millennials
23974,6.8,0.7,8.6,2.8,4.5,2.31,Moderate,Millennials
23975,7.8,4.6,7.0,2.0,3.1,3.0,Low,Millennials
23976,5.9,1.2,7.1,0.4,2.9,3.06,Low,Millennials
23977,4.4,1.6,6.2,2.2,5.8,2.82,Moderate,Millennials
23978,6.9,2.9,10.0,2.1,3.6,3.49,Low,Millennials
23979,9.3,3.9,7.6,0.6,3.1,2.97,Moderate,Millennials
23980,5.6,1.6,9.9,4.4,3.2,3.0,Low,Millennials
23981,6.3,1.6,7.9,3.3,3.9,3.19,Low,Millennials
23982,3.3,1.1,6.0,1.8,4.3,2.8,Moderate,Millennials
23983,5.8,1.6,7.8,2.3,4.3,3.1,High,Millennials
23984,5.8,3.0,6.9,1.9,4.8,3.33,Low,Millennials
23985,5.6,0.6,5.9,2.1,5.2,2.88,Low,Millennials
23986,4.5,1.8,6.6,1.7,6.0,2.75,High,Millennials
23987,7.5,2.2,6.6,2.3,5.2,3.09,Low,Millennials
23988,3.5,0.7,7.3,0.2,6.1,3.07,Moderate,Millennials
23989,5.1,3.3,9.3,2.1,2.7,2.92,Moderate,Millennials
23990,4.6,2.9,7.6,1.9,2.8,2.8,Low,Millennials
23991,5.4,1.2,7.4,3.8,3.4,2.67,Low,Millennials
23992,8.9,0.7,8.1,0.4,5.4,3.17,Low,Millennials
23993,10.0,2.8,9.0,2.9,6.2,3.6,Moderate,Millennials
23994,5.7,2.2,9.4,1.1,6.0,2.58,Moderate,Millennials
23995,6.0,2.0,6.1,4.2,3.2,2.61,Low,Millennials
23996,8.8,4.9,7.1,0.8,2.6,2.58,Moderate,Millennials
23997,5.9,3.3,7.3,1.5,6.0,3.24,Low,Millennials
23998,5.2,1.8,8.7,1.1,5.9,3.4,Moderate,Millennials
23999,7.3,0.7,9.3,2.1,6.2,3.01,Moderate,Millennials
24000,5.5,2.5,6.9,1.9,5.5,2.55,Low,Millennials
24001,5.9,1.8,7.7,1.7,4.8,3.38,High,Millennials
24002,6.8,4.2,8.4,5.2,3.6,2.65,Moderate,Millennials
24003,5.9,0.6,8.4,0.1,6.1,2.99,Moderate,Millennials
24004,6.1,2.2,7.7,0.2,2.6,3.53,Moderate,Millennials
24005,3.7,1.9,7.3,2.5,3.1,2.87,Low,Millennials
24006,5.2,0.9,8.7,0.7,4.1,2.74,Moderate,Millennials
24007,7.6,2.5,7.8,3.7,4.5,3.21,Low,Millennials
24008,4.9,0.9,8.9,2.8,1.7,3.43,Low,Millennials
24009,5.8,3.0,9.2,1.7,5.5,3.35,Moderate,Millennials
24010,5.3,1.5,7.3,1.9,3.9,3.18,Low,Millennials
24011,6.1,1.5,6.3,2.6,3.9,3.43,Low,Millennials
24012,5.4,0.8,9.3,2.7,5.1,3.25,Low,Millennials
24013,5.4,1.6,7.4,2.9,4.1,3.0,Moderate,Millennials
24014,4.0,1.4,7.4,0.8,4.4,2.53,Moderate,Millennials
24015,7.0,3.6,7.8,2.4,5.4,3.23,Moderate,Millennials
24016,6.0,3.1,7.2,3.3,4.3,3.22,Low,Millennials
24017,8.3,3.4,7.4,1.5,5.5,3.31,Low,Millennials
24018,1.1,1.4,8.2,2.2,4.2,3.53,Moderate,Millennials
24019,5.0,0.7,6.8,0.1,3.8,2.76,Low,Millennials
24020,6.4,2.5,7.5,3.1,2.6,3.17,Low,Millennials
24021,5.6,4.8,8.2,2.5,6.8,2.74,Moderate,Millennials
24022,6.5,0.3,9.1,0.2,4.3,2.95,Moderate,Millennials
24023,8.0,1.0,7.0,1.5,2.4,3.22,High,Millennials
24024,4.5,3.3,8.7,0.9,5.0,3.17,Moderate,Millennials
24025,5.0,3.0,7.9,3.6,5.2,2.82,Moderate,Millennials
24026,4.6,1.8,7.5,1.4,6.0,2.85,Moderate,Millennials
24027,8.1,2.6,8.0,2.4,4.2,2.61,High,Millennials
24028,7.2,1.3,9.2,2.1,4.5,2.83,High,Millennials
24029,3.2,2.6,9.0,1.6,5.9,2.92,Moderate,Millennials
24030,3.7,0.4,7.2,0.0,3.3,2.82,Low,Millennials
24031,5.5,0.7,7.7,1.5,5.4,2.92,Moderate,Millennials
24032,6.7,0.1,8.2,3.2,4.9,2.44,Moderate,Millennials
24033,3.9,3.3,8.1,1.6,6.4,3.46,Low,Millennials
24034,8.2,3.4,9.2,3.4,2.2,2.94,Low,Millennials
24035,7.4,2.9,7.3,4.1,3.8,2.93,Moderate,Millennials
24036,5.1,3.8,8.7,4.3,6.3,3.08,Moderate,Millennials
24037,4.9,0.6,7.6,2.1,4.3,2.82,Low,Millennials
24038,4.8,2.0,6.7,2.7,4.5,2.56,High,Millennials
24039,5.3,2.9,7.5,2.6,5.8,3.23,Moderate,Millennials
24040,5.9,4.9,9.0,0.0,2.1,2.63,Low,Millennials
24041,6.1,1.3,7.6,2.4,5.7,2.84,Moderate,Millennials
24042,3.4,2.3,8.2,3.4,4.1,2.79,Low,Millennials
24043,5.6,1.3,9.2,2.5,6.2,2.77,Moderate,Millennials
24044,6.7,3.0,7.6,3.5,3.4,2.87,Low,Millennials
24045,3.9,1.8,7.3,1.2,5.4,2.76,Moderate,Millennials
24046,5.4,3.8,7.9,2.7,5.4,3.12,Moderate,Millennials
24047,8.7,1.4,7.2,1.8,3.0,3.33,High,Millennials
24048,6.5,0.9,8.5,0.8,5.2,3.3,Moderate,Millennials
24049,5.1,2.9,6.6,3.1,3.7,2.69,Moderate,Millennials
24050,5.0,2.2,7.3,2.3,3.7,2.54,Moderate,Millennials
24051,1.9,4.0,8.2,3.4,1.5,3.38,High,Millennials
24052,5.2,3.0,8.0,2.7,2.4,2.83,Moderate,Millennials
24053,7.0,1.5,7.7,1.2,3.5,2.37,Moderate,Millennials
24054,5.9,1.6,10.0,0.0,2.8,2.76,Moderate,Millennials
24055,4.9,1.6,6.3,2.8,5.8,2.6,Moderate,Millennials
24056,4.4,2.5,8.2,1.8,2.7,2.76,Low,Millennials
24057,6.6,1.4,8.4,3.4,4.6,2.73,Low,Millennials
24058,6.5,0.8,8.5,1.0,1.7,3.17,Low,Millennials
24059,6.6,2.6,8.4,2.4,4.6,2.53,Moderate,Millennials
24060,5.1,2.9,7.5,3.8,5.0,3.14,Low,Millennials
24061,8.8,2.6,7.0,3.0,5.1,2.93,Low,Millennials
24062,4.9,1.4,7.6,2.8,5.4,3.13,Low,Millennials
24063,5.5,2.2,8.6,1.0,5.0,3.08,Low,Millennials
24064,5.8,2.5,7.5,2.2,6.3,2.73,Moderate,Millennials
24065,7.1,1.5,7.9,0.1,5.9,3.32,Low,Millennials
24066,4.7,2.4,9.4,2.2,3.7,2.95,Moderate,Millennials
24067,4.0,2.3,9.2,2.3,6.0,2.72,Moderate,Millennials
24068,4.9,2.3,8.9,2.8,4.9,3.35,High,Millennials
24069,5.1,2.9,7.2,3.6,3.5,2.9,Moderate,Millennials
24070,5.3,3.5,7.1,2.8,5.1,2.66,Moderate,Millennials
24071,6.7,1.9,8.0,1.3,5.6,2.81,High,Millennials
24072,7.0,1.4,7.7,2.5,3.5,3.27,Low,Millennials
24073,4.5,1.3,6.9,3.0,3.0,2.82,Moderate,Millennials
24074,5.8,1.7,7.7,2.6,4.2,2.93,High,Millennials
24075,4.6,4.7,6.0,4.1,4.3,2.49,Moderate,Millennials
24076,5.1,2.1,9.6,2.2,4.7,3.06,Moderate,Millennials
24077,7.0,2.7,7.9,2.3,3.8,3.21,Low,Millennials
24078,5.1,2.4,7.5,1.9,5.0,3.14,Low,Millennials
24079,8.3,2.4,8.2,4.1,2.9,3.07,Low,Millennials
24080,3.1,2.5,7.9,1.8,3.1,3.31,Moderate,Millennials
24081,5.7,1.3,8.3,0.3,5.1,2.96,Moderate,Millennials
24082,6.0,1.4,7.5,0.0,5.3,2.87,Low,Millennials
24083,4.0,2.2,7.5,2.2,6.0,3.16,Moderate,Millennials
24084,5.3,1.8,8.5,1.2,3.9,3.36,High,Millennials
24085,4.8,3.1,8.3,2.5,5.9,3.15,Low,Millennials
24086,3.7,3.3,9.2,2.4,4.1,2.95,Moderate,Millennials
24087,6.1,1.8,7.9,2.5,3.7,3.53,Low,Millennials
24088,3.1,4.0,8.6,2.2,3.3,2.51,Moderate,Millennials
24089,6.5,3.1,6.7,2.9,4.1,2.84,High,Millennials
24090,6.1,2.4,9.1,3.3,4.0,3.43,Low,Millennials
24091,6.4,1.9,7.3,2.9,6.8,3.17,Moderate,Millennials
24092,4.4,2.4,5.8,1.1,6.4,3.03,High,Millennials
24093,6.2,2.3,7.9,3.4,2.7,2.85,High,Millennials
24094,5.0,3.4,7.8,2.4,4.5,2.71,Moderate,Millennials
24095,4.2,2.3,8.6,0.2,5.5,2.62,Low,Millennials
24096,5.2,4.5,8.4,1.5,4.1,2.86,Moderate,Millennials
24097,6.9,0.9,8.0,2.2,5.5,3.32,Moderate,Millennials
24098,4.2,2.2,8.9,3.1,6.8,2.31,Low,Millennials
24099,5.0,3.1,7.7,2.2,3.3,3.32,Low,Millennials
24100,7.8,3.0,7.8,2.8,3.9,2.82,Low,Millennials
24101,6.4,0.7,8.0,0.5,2.3,2.6,Moderate,Millennials
24102,5.9,1.2,7.4,1.7,1.9,2.96,Low,Millennials
24103,7.6,3.3,7.0,1.3,2.5,2.24,Moderate,Millennials
24104,4.8,1.7,8.1,0.7,5.4,3.08,Low,Millennials
24105,6.9,1.0,8.7,0.4,7.5,3.03,Moderate,Millennials
24106,3.0,1.2,7.0,0.1,4.7,2.75,Moderate,Millennials
24107,6.7,0.8,8.1,0.4,4.2,2.69,Moderate,Millennials
24108,6.6,0.6,7.8,0.1,2.8,3.04,Moderate,Millennials
24109,6.3,3.0,8.2,3.9,2.3,2.92,Moderate,Millennials
24110,5.3,1.9,8.5,0.8,4.7,2.82,Moderate,Millennials
24111,6.8,2.2,8.5,3.0,6.1,3.14,Moderate,Millennials
24112,7.1,3.1,6.0,2.4,5.0,3.54,Low,Millennials
24113,4.3,4.5,7.2,0.7,5.1,3.07,Moderate,Millennials
24114,7.6,1.7,7.5,3.6,4.8,3.08,Moderate,Millennials
24115,3.7,2.7,7.0,3.2,2.9,2.49,Low,Millennials
24116,6.7,1.8,7.3,3.4,4.3,3.21,Moderate,Millennials
24117,7.6,2.4,7.4,3.7,3.4,3.09,Moderate,Millennials
24118,6.5,0.5,6.9,1.4,5.7,2.93,Low,Millennials
24119,6.1,1.7,8.0,2.4,1.2,2.85,Moderate,Millennials
24120,4.7,2.7,8.5,1.9,2.8,2.67,Moderate,Millennials
24121,5.5,2.6,8.8,1.4,3.2,3.27,Low,Millennials
24122,6.5,2.7,6.9,2.5,5.4,2.35,High,Millennials
24123,4.8,2.3,7.5,2.5,6.0,2.91,Moderate,Millennials
24124,7.4,2.0,7.6,1.6,4.5,3.23,Moderate,Millennials
24125,5.2,1.9,8.8,2.2,2.8,2.75,High,Millennials
24126,7.6,0.6,7.5,4.1,4.0,2.84,Moderate,Millennials
24127,6.6,1.8,7.8,2.3,3.9,3.21,Moderate,Millennials
24128,5.6,3.1,8.0,1.0,5.4,2.95,Low,Millennials
24129,5.4,1.7,8.7,0.6,3.3,3.35,Moderate,Millennials
24130,8.0,1.5,6.3,2.9,4.9,3.28,Low,Millennials
24131,5.3,2.2,6.4,2.3,4.5,2.72,Moderate,Millennials
24132,4.6,1.8,8.3,4.4,0.5,2.65,High,Millennials
24133,5.1,3.7,8.7,3.8,4.6,3.22,Low,Millennials
24134,7.7,3.0,9.0,0.2,3.1,2.89,Moderate,Millennials
24135,6.2,1.3,7.8,5.9,3.7,3.01,Moderate,Millennials
24136,5.4,3.5,6.7,2.3,3.7,3.52,Low,Millennials
24137,7.0,3.1,9.4,0.6,3.4,3.24,Low,Millennials
24138,5.0,3.6,7.6,2.4,1.7,3.51,Moderate,Millennials
24139,6.9,2.9,7.9,1.5,5.2,3.18,Low,Millennials
24140,6.8,1.1,6.7,1.9,7.2,2.79,Moderate,Millennials
24141,5.7,2.7,9.3,2.0,2.8,2.9,Low,Millennials
24142,4.6,3.6,6.8,1.7,3.9,3.58,High,Millennials
24143,7.1,2.1,9.3,3.3,2.2,3.6,Moderate,Millennials
24144,7.0,3.5,7.2,1.0,5.4,2.82,Low,Millennials
24145,6.6,2.5,6.6,2.3,3.8,3.04,Low,Millennials
24146,8.2,3.1,6.3,2.0,2.2,3.14,High,Millennials
24147,5.1,2.3,8.5,3.2,4.9,2.98,Low,Millennials
24148,7.5,0.5,7.4,1.4,3.4,2.91,Moderate,Millennials
24149,7.0,0.0,9.4,1.5,4.6,3.16,Moderate,Millennials
24150,1.3,2.3,6.4,0.0,4.0,3.23,Moderate,Millennials
24151,5.4,0.7,7.1,2.2,6.0,2.97,Low,Millennials
24152,4.8,2.4,8.2,0.1,5.6,3.01,Low,Millennials
24153,7.0,2.4,5.4,3.0,1.9,2.75,High,Millennials
24154,5.9,1.2,7.0,2.5,4.0,2.91,Moderate,Millennials
24155,5.7,0.9,7.8,1.6,4.9,3.36,Moderate,Millennials
24156,6.7,1.4,8.6,2.5,4.9,2.62,Low,Millennials
24157,6.1,1.6,9.1,3.5,4.3,2.71,High,Millennials
24158,4.0,2.4,8.4,1.9,5.3,2.46,Moderate,Millennials
24159,6.2,0.8,7.8,2.3,4.7,3.0,High,Millennials
24160,5.6,2.2,7.6,1.3,6.1,3.54,Moderate,Millennials
24161,6.3,0.6,7.9,2.8,4.5,3.03,Moderate,Millennials
24162,5.0,2.5,5.9,1.6,4.4,3.14,Low,Millennials
24163,6.2,3.7,7.2,2.7,3.0,3.3,Moderate,Millennials
24164,4.2,2.6,6.8,3.4,3.3,2.78,Low,Millennials
24165,5.0,2.4,8.0,1.3,5.5,2.96,Low,Millennials
24166,8.5,1.7,7.0,1.0,5.7,3.58,High,Millennials
24167,4.3,0.3,7.4,1.4,1.5,3.34,Low,Millennials
24168,6.1,2.6,7.0,1.1,4.0,3.03,High,Millennials
24169,6.4,2.0,7.9,0.9,4.2,2.8,Moderate,Millennials
24170,4.7,2.5,6.9,1.6,3.4,2.92,High,Millennials
24171,8.0,1.2,7.4,2.6,5.2,3.14,Low,Millennials
24172,6.5,2.3,6.8,3.4,4.8,2.9,Low,Millennials
24173,6.9,2.4,7.5,2.3,5.7,2.77,Low,Millennials
24174,4.6,4.7,7.6,2.7,4.0,3.48,Low,Millennials
24175,5.3,3.6,7.3,2.4,4.6,3.03,High,Millennials
24176,5.7,1.3,6.6,1.2,2.7,2.91,Moderate,Millennials
24177,5.2,1.6,7.1,2.6,3.3,3.41,High,Millennials
24178,6.8,4.0,8.1,2.4,4.5,2.54,Low,Millennials
24179,6.4,3.8,7.7,0.2,4.0,2.87,Low,Millennials
24180,6.5,3.6,7.0,2.5,3.5,2.83,Moderate,Millennials
24181,5.2,0.8,10.0,3.6,3.3,3.01,Moderate,Millennials
24182,5.0,1.6,8.1,1.5,5.8,2.75,Moderate,Millennials
24183,6.1,3.8,8.9,2.4,4.3,3.07,Low,Millennials
24184,5.9,2.1,8.1,2.7,3.9,3.05,Moderate,Millennials
24185,6.3,3.6,7.8,2.5,4.2,3.33,Moderate,Millennials
24186,4.3,1.7,6.7,1.9,5.2,3.34,Moderate,Millennials
24187,6.9,3.1,7.6,2.1,1.6,2.52,Low,Millennials
24188,3.8,2.8,8.6,0.5,2.5,2.93,Moderate,Millennials
24189,5.2,2.6,6.1,1.8,5.4,3.28,Moderate,Millennials
24190,3.2,2.0,10.0,1.8,1.9,2.57,Moderate,Millennials
24191,7.7,2.5,7.5,1.7,4.9,3.53,High,Millennials
24192,6.6,1.8,9.1,2.1,5.6,3.54,Low,Millennials
24193,5.5,1.8,7.5,2.0,4.6,2.73,Moderate,Millennials
24194,6.0,0.7,9.3,3.0,4.0,3.17,Low,Millennials
24195,3.8,1.6,8.4,0.4,5.5,3.23,High,Millennials
24196,6.2,1.0,8.5,3.5,3.8,2.55,Low,Millennials
24197,3.8,1.8,7.1,0.7,4.4,2.84,Moderate,Millennials
24198,5.8,0.7,7.5,0.2,5.2,2.95,Low,Millennials
24199,5.6,3.1,7.3,2.9,1.4,2.98,High,Millennials
24200,6.3,3.4,7.4,2.2,3.5,2.8,Moderate,Millennials
24201,5.5,2.8,8.4,3.0,4.6,3.2,Moderate,Millennials
24202,5.8,0.0,7.7,3.4,3.9,3.02,Moderate,Millennials
24203,6.5,1.4,6.8,1.1,5.7,2.97,High,Millennials
24204,4.7,0.7,8.0,0.4,6.0,3.14,Moderate,Millennials
24205,4.6,3.2,8.6,2.5,8.0,2.98,Moderate,Millennials
24206,4.7,0.9,7.6,2.6,3.7,3.01,Moderate,Millennials
24207,8.1,3.3,8.5,0.7,3.2,2.79,Moderate,Millennials
24208,4.5,1.2,7.7,1.6,5.2,2.88,High,Millennials
24209,5.2,3.8,8.1,3.6,3.5,3.13,Moderate,Millennials
24210,4.3,2.9,7.0,2.9,8.0,3.12,Low,Millennials
24211,4.3,1.3,6.4,3.3,5.7,3.25,Low,Millennials
24212,4.1,2.0,8.4,3.1,2.4,3.06,Moderate,Millennials
24213,4.7,3.4,7.5,2.9,4.8,2.79,Low,Millennials
24214,6.8,2.8,8.2,1.5,6.5,2.7,Low,Millennials
24215,6.1,4.3,7.8,0.1,2.9,3.76,Moderate,Millennials
24216,5.3,4.5,7.4,2.4,2.1,2.69,Low,Millennials
24217,5.5,3.5,9.2,2.7,1.6,3.1,Low,Millennials
24218,7.8,2.1,6.5,1.3,4.4,2.91,Moderate,Millennials
24219,6.0,2.6,7.3,2.1,3.1,3.09,High,Millennials
24220,4.5,3.0,7.8,1.3,3.3,3.01,Moderate,Millennials
24221,7.2,0.7,7.4,1.6,4.8,2.87,Low,Millennials
24222,6.7,1.1,7.8,0.9,4.6,3.42,Moderate,Millennials
24223,5.3,3.0,8.2,1.3,4.5,3.35,Moderate,Millennials
24224,5.3,1.6,9.9,2.9,5.7,3.24,Low,Millennials
24225,6.5,0.3,9.0,3.0,5.8,2.72,Low,Millennials
24226,5.6,0.8,6.0,2.8,3.0,2.83,Low,Millennials
24227,5.7,0.0,6.7,2.2,4.3,3.19,Low,Millennials
24228,6.9,1.1,7.8,0.0,6.2,2.78,Moderate,Millennials
24229,4.7,2.2,8.5,1.8,5.8,3.04,Low,Millennials
24230,6.4,3.4,5.9,1.8,4.5,3.33,High,Millennials
24231,6.5,3.2,9.3,1.9,3.6,2.96,Low,Millennials
24232,6.0,1.7,8.8,2.4,3.3,2.82,Moderate,Millennials
24233,3.6,0.6,6.7,1.1,1.9,2.6,Moderate,Millennials
24234,8.3,4.2,7.7,0.7,4.3,3.01,High,Millennials
24235,5.3,4.2,8.7,2.4,6.1,3.16,Moderate,Millennials
24236,5.3,2.5,8.5,0.5,8.0,3.67,Moderate,Millennials
24237,5.5,2.7,5.9,3.2,2.8,2.64,High,Millennials
24238,5.9,2.4,8.7,0.4,6.2,2.84,Low,Millennials
24239,5.0,1.1,9.9,4.3,4.6,3.24,Low,Millennials
24240,5.5,1.1,7.6,3.4,2.3,2.93,Low,Millennials
24241,5.4,1.1,6.0,2.2,5.6,3.34,Moderate,Millennials
24242,7.2,1.7,8.1,2.7,3.7,3.31,Low,Millennials
24243,7.3,1.4,7.8,1.2,4.2,3.41,Low,Millennials
24244,6.8,3.7,7.5,3.2,6.9,3.31,Moderate,Millennials
24245,6.5,2.6,7.1,1.7,5.3,1.92,Moderate,Millennials
24246,5.4,2.8,7.0,2.4,5.9,2.49,Moderate,Millennials
24247,7.8,0.9,9.1,3.1,3.5,3.25,Moderate,Millennials
24248,5.5,2.8,8.4,1.9,4.6,2.88,Low,Millennials
24249,5.8,1.9,8.2,2.2,5.9,3.04,Moderate,Millennials
24250,6.4,3.0,7.4,0.1,6.6,2.73,Low,Millennials
24251,6.4,3.5,6.9,1.6,4.6,2.67,Moderate,Millennials
24252,6.1,0.2,7.8,1.1,5.3,3.35,Low,Millennials
24253,6.4,3.2,7.4,2.2,3.9,3.96,Moderate,Millennials
24254,4.3,2.0,7.2,3.2,3.6,2.86,Moderate,Millennials
24255,3.4,2.4,7.3,2.3,4.5,3.2,High,Millennials
24256,5.7,1.7,7.8,2.3,4.0,2.78,Low,Millennials
24257,6.5,3.4,7.5,3.9,5.4,2.95,Low,Millennials
24258,5.0,0.5,8.5,1.8,3.5,3.33,High,Millennials
24259,5.8,0.5,7.6,2.3,3.7,3.08,Low,Millennials
24260,4.6,2.7,7.0,2.4,5.0,3.15,Moderate,Millennials
24261,8.2,2.7,6.7,2.4,4.2,2.76,Low,Millennials
24262,4.4,1.4,8.6,4.1,2.6,2.77,Low,Millennials
24263,4.5,3.5,7.9,4.1,5.3,3.03,High,Millennials
24264,6.7,1.3,7.7,1.5,4.9,2.67,Moderate,Millennials
24265,8.3,2.7,7.3,2.5,2.8,3.32,Moderate,Millennials
24266,7.9,1.1,6.5,2.8,2.9,3.09,Moderate,Millennials
24267,3.8,2.2,7.1,0.0,6.1,2.63,Low,Millennials
24268,6.5,2.0,7.4,1.6,4.3,3.28,Moderate,Millennials
24269,5.9,2.7,6.7,0.8,3.8,2.78,Moderate,Millennials
24270,9.3,3.1,8.3,2.1,3.9,3.22,Moderate,Millennials
24271,6.1,1.7,8.0,2.1,4.7,3.31,Low,Millennials
24272,7.2,2.6,7.5,1.4,6.1,3.42,Moderate,Millennials
24273,6.5,1.5,8.6,2.3,4.3,2.5,High,Millennials
24274,8.1,3.8,7.9,4.2,6.3,2.61,Moderate,Millennials
24275,6.5,1.4,7.7,1.4,4.3,2.98,Low,Millennials
24276,5.5,1.9,7.3,3.7,4.9,2.95,Moderate,Millennials
24277,5.7,3.3,5.9,2.8,6.1,3.19,High,Millennials
24278,5.5,2.4,9.7,0.4,5.8,2.88,Low,Millennials
24279,6.1,0.9,7.8,2.5,3.5,3.02,High,Millennials
24280,5.6,3.1,7.8,2.9,5.7,3.24,High,Millennials
24281,5.3,3.4,8.8,1.2,3.7,2.87,Low,Millennials
24282,5.4,2.9,8.1,1.9,6.1,3.29,High,Millennials
24283,3.3,0.6,7.0,0.8,4.4,3.42,Moderate,Millennials
24284,4.3,1.9,8.2,3.3,3.7,3.34,Moderate,Millennials
24285,5.0,2.9,8.1,3.0,2.6,3.24,High,Millennials
24286,4.7,4.0,9.0,4.1,6.1,2.59,High,Millennials
24287,8.0,1.8,5.6,2.4,1.3,3.12,Moderate,Millennials
24288,5.6,1.4,6.9,1.1,6.7,2.9,Moderate,Millennials
24289,6.3,2.3,7.0,3.3,3.7,2.73,Moderate,Millennials
24290,6.3,3.5,7.8,1.9,4.3,2.76,High,Millennials
24291,5.4,0.4,8.7,4.0,3.1,2.53,Low,Millennials
24292,6.1,1.5,6.7,1.8,3.7,2.95,Low,Millennials
24293,7.3,3.2,7.4,2.4,7.3,2.83,Moderate,Millennials
24294,5.8,2.5,7.2,0.7,4.7,2.69,Moderate,Millennials
24295,6.3,1.7,8.2,2.6,3.9,3.37,Moderate,Millennials
24296,5.4,4.1,7.5,1.1,4.5,3.2,Low,Millennials
24297,6.4,1.1,8.9,2.1,5.4,2.91,Moderate,Millennials
24298,5.5,2.4,8.3,2.4,6.0,2.89,Low,Millennials
24299,6.6,2.6,6.7,2.1,5.6,2.72,Moderate,Millennials
24300,6.3,3.1,6.3,5.7,2.4,3.1,Low,Millennials
24301,6.4,4.8,7.1,2.5,5.6,3.12,Low,Millennials
24302,4.8,3.5,8.2,3.2,5.4,3.13,Moderate,Millennials
24303,6.9,1.1,8.1,0.0,4.3,3.18,Moderate,Millennials
24304,7.2,1.5,7.8,3.2,5.5,2.95,Low,Millennials
24305,7.1,2.1,8.5,3.6,3.0,3.24,Moderate,Millennials
24306,9.7,1.4,8.0,4.3,5.7,3.02,Moderate,Millennials
24307,5.9,1.0,6.9,3.0,4.1,3.25,Moderate,Millennials
24308,3.7,0.4,7.1,1.4,5.5,2.98,Low,Millennials
24309,8.5,2.6,7.7,1.2,2.8,3.27,Low,Millennials
24310,6.3,1.4,8.0,2.0,4.0,3.09,Low,Millennials
24311,6.0,1.1,6.6,1.8,3.3,3.18,Low,Millennials
24312,5.6,2.6,7.8,2.7,3.8,2.95,Low,Millennials
24313,4.9,1.6,8.2,1.8,3.5,3.18,Low,Millennials
24314,4.8,3.6,7.8,2.5,3.4,2.85,High,Millennials
24315,6.4,2.8,7.3,1.7,4.2,3.0,Low,Millennials
24316,6.1,1.2,6.0,2.0,5.2,3.01,Moderate,Millennials
24317,5.9,0.0,8.9,0.7,6.0,2.66,High,Millennials
24318,5.0,2.6,8.6,0.9,5.2,3.01,Moderate,Millennials
24319,4.5,2.3,9.7,1.6,2.8,2.92,Moderate,Millennials
24320,5.5,3.5,6.9,1.0,5.2,2.93,High,Millennials
24321,6.4,2.5,7.7,1.7,5.6,3.41,Moderate,Millennials
24322,5.6,1.9,8.8,3.1,3.3,3.63,Moderate,Millennials
24323,6.2,2.9,8.5,2.9,7.2,3.22,Low,Millennials
24324,7.3,0.6,8.4,2.0,3.6,2.68,Low,Millennials
24325,6.2,2.0,7.4,1.6,5.0,2.81,Moderate,Millennials
24326,6.4,1.5,8.1,2.3,5.8,2.69,Moderate,Millennials
24327,6.1,4.9,6.3,2.3,5.8,3.41,Moderate,Millennials
24328,5.0,1.5,7.1,2.1,6.2,3.13,Low,Millennials
24329,4.6,2.5,7.8,3.8,6.4,3.29,Moderate,Millennials
24330,7.2,3.8,7.6,0.0,5.6,3.31,Moderate,Millennials
24331,6.1,2.1,7.3,2.9,1.6,3.33,Low,Millennials
24332,6.2,4.5,8.2,1.1,5.4,3.35,High,Millennials
24333,3.9,2.9,8.6,2.4,5.1,3.13,Moderate,Millennials
24334,3.9,2.8,8.8,2.8,4.3,2.9,Low,Millennials
24335,6.9,1.3,7.4,2.7,3.4,2.87,Moderate,Millennials
24336,5.5,2.9,9.0,1.6,4.6,3.43,Moderate,Millennials
24337,7.5,3.0,6.3,3.6,2.7,3.65,High,Millennials
24338,5.6,3.6,8.0,2.9,1.5,2.4,Moderate,Millennials
24339,4.0,2.8,7.9,1.0,6.2,2.63,Low,Millennials
24340,3.1,3.3,9.5,4.3,3.7,3.58,High,Millennials
24341,5.2,3.1,8.0,0.2,1.4,2.98,High,Millennials
24342,6.3,1.2,7.5,4.8,4.8,2.63,Moderate,Millennials
24343,7.0,1.9,9.8,2.8,2.8,3.1,High,Millennials
24344,6.1,1.4,7.6,4.3,5.0,2.89,Moderate,Millennials
24345,7.9,2.9,7.1,2.1,4.7,2.65,Low,Millennials
24346,7.0,1.7,7.8,2.5,4.4,3.08,Low,Millennials
24347,5.3,1.2,7.2,2.8,4.3,3.28,Moderate,Millennials
24348,6.6,3.1,7.2,0.0,4.5,2.26,Moderate,Millennials
24349,10.0,0.5,8.9,3.9,4.6,2.9,Low,Millennials
24350,6.9,3.0,9.4,1.5,1.7,2.56,Moderate,Millennials
24351,5.1,2.1,7.0,0.0,6.1,2.65,Moderate,Millennials
24352,6.9,2.3,8.6,3.3,2.2,2.76,Moderate,Millennials
24353,6.4,4.1,7.4,0.9,3.7,2.81,Moderate,Millennials
24354,4.2,3.2,8.4,2.4,5.2,2.93,Moderate,Millennials
24355,8.0,3.4,7.6,1.8,4.7,2.93,Moderate,Millennials
24356,3.8,1.7,6.4,3.3,5.6,2.85,High,Millennials
24357,7.7,1.3,9.9,2.8,5.5,3.31,High,Millennials
24358,5.2,0.8,8.6,2.4,5.8,2.95,High,Millennials
24359,7.3,2.8,7.1,0.0,4.1,3.07,High,Millennials
24360,5.5,1.7,8.1,1.4,4.5,3.16,Low,Millennials
24361,7.0,3.7,6.9,0.3,3.6,2.91,Moderate,Millennials
24362,8.7,1.1,6.9,2.2,1.7,3.06,Moderate,Millennials
24363,5.9,0.7,8.4,2.7,4.0,3.57,High,Millennials
24364,7.8,0.0,7.8,1.6,3.9,3.39,Moderate,Millennials
24365,5.3,1.5,6.0,3.8,4.8,3.24,Low,Millennials
24366,6.8,2.5,8.4,3.5,2.6,3.5,Moderate,Millennials
24367,5.8,2.7,8.5,4.0,4.5,2.68,Moderate,Millennials
24368,6.6,3.2,7.2,1.5,4.0,2.9,Moderate,Millennials
24369,6.3,4.0,7.9,1.1,3.9,3.12,Low,Millennials
24370,8.5,1.8,6.7,2.9,4.8,3.29,Moderate,Millennials
24371,3.4,2.3,7.8,2.0,3.4,3.24,High,Millennials
24372,4.1,1.7,8.4,3.8,4.7,3.35,Low,Millennials
24373,6.0,1.9,7.2,1.2,6.2,3.2,Low,Millennials
24374,4.2,3.4,6.9,3.5,3.0,3.14,Moderate,Millennials
24375,6.9,4.3,7.6,4.3,6.2,2.77,Low,Millennials
24376,5.5,0.7,8.8,0.1,4.6,2.81,Moderate,Millennials
24377,2.8,0.9,8.3,1.5,1.7,2.79,Moderate,Millennials
24378,4.6,2.4,6.1,2.8,5.0,2.81,High,Millennials
24379,5.4,0.9,8.4,1.4,3.3,3.27,Low,Millennials
24380,6.0,1.5,7.3,0.8,2.2,3.37,Low,Millennials
24381,5.9,1.9,7.8,2.4,5.1,3.34,High,Millennials
24382,6.5,1.2,6.6,3.5,6.1,3.16,Moderate,Millennials
24383,6.6,1.6,8.1,1.6,3.4,3.5,High,Millennials
24384,5.9,0.3,8.2,3.1,5.0,2.86,Low,Millennials
24385,7.0,1.0,8.2,2.0,4.6,3.63,Moderate,Millennials
24386,7.0,3.8,8.7,1.8,3.2,3.43,Moderate,Millennials
24387,5.2,1.4,8.7,3.2,4.3,3.11,High,Millennials
24388,4.6,3.1,6.5,1.9,2.2,2.97,Moderate,Millennials
24389,5.7,2.7,7.8,1.3,2.0,3.59,Moderate,Millennials
24390,4.6,3.6,8.8,0.0,3.1,2.63,Low,Millennials
24391,7.1,0.8,9.1,2.3,4.1,3.08,Low,Millennials
24392,5.8,0.0,8.9,2.0,4.4,2.57,Moderate,Millennials
24393,4.4,2.4,8.3,3.5,3.7,3.25,Moderate,Millennials
24394,6.1,2.4,8.7,1.3,4.5,3.11,Low,Millennials
24395,4.8,3.1,8.8,1.3,4.1,2.72,Moderate,Millennials
24396,3.9,0.6,7.0,1.6,5.3,3.25,Moderate,Millennials
24397,4.6,2.1,8.9,1.4,7.0,2.84,Moderate,Millennials
24398,4.1,1.2,7.3,0.5,4.0,3.19,Low,Millennials
24399,4.7,1.1,9.0,3.1,3.4,2.7,Moderate,Millennials
24400,7.1,0.7,6.0,2.2,4.3,3.23,Moderate,Millennials
24401,5.1,2.8,5.6,3.4,2.3,2.56,Low,Millennials
24402,6.3,1.1,7.0,4.0,3.4,3.11,Moderate,Millennials
24403,7.8,1.8,6.9,4.0,3.8,3.22,Low,Millennials
24404,4.2,1.1,8.8,2.6,4.4,3.24,Moderate,Millennials
24405,5.9,1.5,7.2,2.1,4.6,2.88,Moderate,Millennials
24406,4.3,3.1,8.8,4.6,5.9,2.86,High,Millennials
24407,4.7,3.4,8.4,1.6,5.0,3.15,Moderate,Millennials
24408,5.8,1.0,6.8,4.2,6.6,3.04,High,Millennials
24409,6.1,4.7,10.0,1.2,4.7,2.68,Low,Millennials
24410,6.0,2.4,7.1,1.9,4.4,2.7,Low,Millennials
24411,5.1,1.7,8.6,1.5,4.4,3.15,Low,Millennials
24412,5.7,3.6,9.0,3.1,2.1,3.67,Low,Millennials
24413,5.7,2.7,8.2,2.3,3.5,2.72,Moderate,Millennials
24414,5.8,2.0,7.9,2.3,5.9,2.83,Moderate,Millennials
24415,5.3,1.3,7.6,4.5,2.5,2.91,Moderate,Millennials
24416,5.1,3.7,6.9,2.4,5.7,3.19,Moderate,Millennials
24417,8.9,1.5,7.8,5.0,5.5,2.76,Low,Millennials
24418,5.8,2.6,7.2,3.2,4.2,3.26,Low,Millennials
24419,4.3,2.0,7.4,2.5,6.7,3.09,Low,Millennials
24420,7.9,0.5,6.7,1.6,5.6,3.24,Low,Millennials
24421,5.1,2.7,8.5,3.0,5.5,2.93,Moderate,Millennials
24422,6.1,1.9,9.0,3.1,6.1,2.66,High,Millennials
24423,5.8,1.3,7.8,5.8,5.2,2.8,Moderate,Millennials
24424,5.1,1.7,7.3,1.5,3.2,2.57,Moderate,Millennials
24425,6.1,1.3,6.3,3.2,2.1,3.2,Moderate,Millennials
24426,6.2,3.4,8.2,1.9,5.2,2.79,Moderate,Millennials
24427,7.3,1.3,7.7,4.0,5.9,2.87,Low,Millennials
24428,6.6,0.8,8.0,2.4,4.7,3.27,Moderate,Millennials
24429,6.2,2.7,6.3,3.2,3.9,3.12,Low,Millennials
24430,5.7,2.2,9.3,0.7,4.7,2.63,Moderate,Millennials
24431,7.5,2.4,8.1,1.1,5.9,3.22,Moderate,Millennials
24432,6.3,0.3,6.2,2.2,4.0,2.88,Moderate,Millennials
24433,4.5,1.8,7.7,2.2,3.6,2.52,Moderate,Millennials
24434,4.0,1.1,7.5,0.0,5.3,3.0,Moderate,Millennials
24435,6.0,1.3,6.1,2.0,4.5,3.08,Moderate,Millennials
24436,3.7,2.1,8.6,3.3,3.8,2.88,High,Millennials
24437,8.1,3.8,6.6,2.3,5.1,2.86,Moderate,Millennials
24438,7.0,3.2,6.7,0.9,4.8,2.9,Moderate,Millennials
24439,4.7,3.2,8.2,1.0,5.4,3.42,Moderate,Millennials
24440,4.4,0.6,8.7,1.4,4.1,3.53,High,Millennials
24441,5.6,1.1,7.3,2.2,3.5,3.25,Low,Millennials
24442,6.1,2.0,7.0,3.0,4.9,3.09,Low,Millennials
24443,5.9,2.5,7.8,0.6,2.7,3.29,Low,Millennials
24444,6.5,3.8,7.1,2.3,5.8,3.69,Moderate,Millennials
24445,6.6,0.1,8.1,4.9,3.5,3.44,Low,Millennials
24446,5.3,2.5,9.3,3.0,4.2,2.95,Low,Millennials
24447,9.6,1.4,8.0,2.6,5.4,2.96,Low,Millennials
24448,3.8,1.4,7.7,0.0,4.7,2.96,Moderate,Millennials
24449,6.4,3.7,8.3,0.8,6.4,2.71,Low,Millennials
24450,5.3,2.9,8.0,3.5,2.3,2.88,Moderate,Millennials
24451,4.9,0.0,7.2,0.0,3.9,2.52,High,Millennials
24452,6.4,2.1,7.4,1.4,6.0,2.55,Moderate,Millennials
24453,7.8,2.6,6.8,1.9,2.9,2.23,High,Millennials
24454,5.0,2.4,8.4,0.6,3.4,3.1,Low,Millennials
24455,7.2,1.4,7.7,1.2,5.3,2.64,Moderate,Millennials
24456,4.8,1.4,8.9,3.4,1.7,2.68,High,Millennials
24457,4.8,2.6,8.8,3.0,2.2,2.83,Moderate,Millennials
24458,7.4,3.4,7.7,3.8,3.7,3.65,Low,Millennials
24459,5.0,3.2,7.5,2.0,4.1,2.99,Low,Millennials
24460,7.0,2.2,8.5,0.8,5.7,2.89,Moderate,Millennials
24461,2.8,1.5,8.2,0.8,4.5,2.41,Moderate,Millennials
24462,5.7,2.0,7.1,2.2,5.7,2.4,Moderate,Millennials
24463,4.6,3.4,7.8,1.4,3.9,2.43,Low,Millennials
24464,6.1,3.1,8.9,3.0,5.2,2.98,High,Millennials
24465,6.6,0.0,7.1,2.2,4.9,3.4,Low,Millennials
24466,6.3,4.0,7.5,2.7,4.0,3.08,Moderate,Millennials
24467,6.2,0.9,8.0,3.1,2.0,3.33,High,Millennials
24468,5.6,1.8,7.6,1.6,4.8,3.24,Low,Millennials
24469,9.0,1.2,7.1,4.0,6.1,2.93,Moderate,Millennials
24470,6.5,2.4,8.0,2.1,3.1,3.32,Moderate,Millennials
24471,6.9,3.0,8.5,1.2,3.4,2.72,Moderate,Millennials
24472,5.6,3.1,7.5,1.1,6.2,2.73,Low,Millennials
24473,4.8,2.6,10.0,0.1,4.4,2.91,Moderate,Millennials
24474,6.5,1.4,7.8,3.3,4.4,3.29,Low,Millennials
24475,4.8,2.6,7.7,1.9,1.1,2.89,High,Millennials
24476,5.3,0.1,7.1,0.0,6.6,3.37,Low,Millennials
24477,4.2,1.8,7.8,0.1,5.5,2.97,Moderate,Millennials
24478,5.4,1.7,8.4,0.9,6.6,3.74,Low,Millennials
24479,6.9,1.8,7.5,3.7,2.9,2.93,Low,Millennials
24480,5.4,3.3,8.5,3.6,6.5,2.55,Low,Millennials
24481,4.8,2.7,7.4,2.2,4.5,3.28,Low,Millennials
24482,4.3,2.2,8.2,1.8,4.4,3.37,Moderate,Millennials
24483,7.5,2.6,7.4,3.2,6.1,3.03,Low,Millennials
24484,5.0,2.2,8.0,2.8,6.7,3.29,Low,Millennials
24485,4.2,1.2,8.8,3.1,4.6,3.38,Low,Millennials
24486,5.2,1.6,6.7,0.4,4.4,3.35,High,Millennials
24487,5.9,3.6,7.9,2.1,0.2,3.09,Moderate,Millennials
24488,5.1,2.5,8.7,0.7,4.7,2.91,Moderate,Millennials
24489,4.9,2.0,6.7,2.5,3.1,2.89,Moderate,Millennials
24490,7.2,2.7,8.5,2.1,4.4,2.79,Moderate,Millennials
24491,4.4,2.8,6.9,2.8,2.8,3.09,Moderate,Millennials
24492,6.3,2.9,7.8,1.8,1.8,3.03,Moderate,Millennials
24493,7.6,4.1,6.2,0.6,4.8,2.58,Moderate,Millennials
24494,5.7,0.5,7.1,1.2,6.0,2.58,High,Millennials
24495,4.1,1.3,7.7,2.0,4.2,2.46,Moderate,Millennials
24496,5.6,3.4,8.1,2.3,3.0,3.01,Low,Millennials
24497,7.9,2.0,8.7,0.6,3.4,3.15,Moderate,Millennials
24498,7.2,1.0,8.8,1.0,5.0,3.05,Moderate,Millennials
24499,5.7,2.9,7.7,2.1,4.0,3.06,Low,Millennials
24500,6.2,4.5,8.8,2.7,3.7,2.52,Moderate,Millennials
24501,8.6,0.9,8.0,1.3,3.4,3.89,Low,Millennials
24502,4.8,3.3,7.8,3.0,4.8,2.84,Moderate,Millennials
24503,3.0,0.0,6.5,1.8,5.5,2.88,Moderate,Millennials
24504,5.9,3.7,7.7,1.4,6.9,2.98,Low,Millennials
24505,6.6,4.8,8.0,0.6,4.2,3.07,Low,Millennials
24506,5.5,1.8,6.9,3.4,3.2,3.07,High,Millennials
24507,5.9,3.4,7.1,3.8,2.8,3.11,Low,Millennials
24508,6.5,3.2,8.3,0.0,3.2,2.56,High,Millennials
24509,4.0,4.1,7.0,3.0,7.6,2.84,High,Millennials
24510,4.3,2.0,7.6,0.7,3.8,3.57,Low,Millennials
24511,3.7,2.5,7.0,0.0,6.3,2.97,High,Millennials
24512,6.7,4.6,7.3,2.2,3.0,3.49,Low,Millennials
24513,4.0,1.8,6.5,3.5,2.2,2.62,Low,Millennials
24514,5.4,4.4,7.1,2.5,2.5,2.81,Moderate,Millennials
24515,6.7,4.2,9.5,1.9,7.4,2.89,Moderate,Millennials
24516,5.6,1.8,6.6,0.3,4.2,2.52,Low,Millennials
24517,4.7,3.5,8.3,2.6,3.9,3.25,Low,Millennials
24518,4.0,3.3,8.3,2.1,4.9,2.68,Low,Millennials
24519,5.2,1.7,9.1,2.7,3.6,3.27,Low,Millennials
24520,7.3,1.6,8.5,2.2,4.8,3.42,Moderate,Millennials
24521,5.2,1.6,8.4,2.2,3.1,2.79,Moderate,Millennials
24522,5.0,4.3,8.7,3.1,4.9,3.14,Low,Millennials
24523,3.6,1.0,8.4,1.3,4.7,3.41,Moderate,Millennials
24524,7.2,2.1,10.0,2.7,3.6,3.13,Moderate,Millennials
24525,5.9,3.2,7.4,3.1,2.8,3.59,High,Millennials
24526,6.7,0.4,7.3,2.4,5.3,2.81,Moderate,Millennials
24527,7.4,2.2,6.9,0.1,3.9,2.94,Moderate,Millennials
24528,6.5,3.7,7.7,3.5,4.6,3.7,Moderate,Millennials
24529,5.3,3.1,6.1,3.2,5.7,3.14,Moderate,Millennials
24530,5.6,2.5,7.0,1.5,5.3,2.81,Moderate,Millennials
24531,4.9,2.0,8.0,1.5,6.3,3.15,Moderate,Millennials
24532,5.0,4.7,8.6,1.7,2.1,3.17,Moderate,Millennials
24533,4.5,0.9,7.6,0.0,0.0,2.66,Moderate,Millennials
24534,4.1,2.4,6.2,2.2,6.6,2.99,Moderate,Millennials
24535,4.9,1.9,7.4,0.2,5.4,3.23,Moderate,Millennials
24536,6.0,0.5,6.6,2.0,4.6,3.03,Moderate,Millennials
24537,4.8,0.7,8.6,3.4,4.3,2.9,Low,Millennials
24538,6.8,3.3,7.2,0.8,2.9,3.47,Low,Millennials
24539,8.5,2.8,8.0,2.4,5.2,2.93,High,Millennials
24540,6.0,1.9,7.3,0.5,1.9,2.72,Moderate,Millennials
24541,5.0,2.1,6.6,1.0,4.6,2.51,Moderate,Millennials
24542,5.0,3.1,6.9,1.5,3.9,2.92,Low,Millennials
24543,4.3,1.2,9.3,2.9,5.7,2.79,Low,Millennials
24544,5.6,2.6,5.2,4.3,6.0,2.54,Low,Millennials
24545,4.7,2.8,7.3,2.9,3.8,3.41,High,Millennials
24546,5.3,2.0,7.8,4.5,4.3,3.57,Moderate,Millennials
24547,6.1,3.3,7.9,1.3,5.5,2.75,High,Millennials
24548,4.3,1.8,8.8,2.5,4.8,3.55,Moderate,Millennials
24549,8.2,2.0,7.0,2.7,3.8,2.55,Low,Millennials
24550,5.8,0.6,7.2,3.6,4.0,3.18,Low,Millennials
24551,7.7,4.8,7.0,0.0,2.4,2.88,High,Millennials
24552,6.7,2.5,6.7,0.9,3.3,3.16,Moderate,Millennials
24553,6.3,3.0,8.9,1.7,5.1,3.11,Moderate,Millennials
24554,2.9,2.9,6.7,2.5,3.6,3.64,Moderate,Millennials
24555,5.6,2.0,7.4,1.2,4.8,2.91,Low,Millennials
24556,5.3,1.2,7.7,1.4,2.4,3.08,Moderate,Millennials
24557,5.4,2.6,7.6,1.7,1.9,2.83,High,Millennials
24558,6.3,3.0,6.9,1.2,4.8,3.25,Moderate,Millennials
24559,7.6,2.1,8.1,1.2,6.2,3.3,Low,Millennials
24560,6.5,3.3,8.1,1.1,3.5,2.86,Moderate,Millennials
24561,7.9,2.0,8.6,2.9,3.7,3.27,High,Millennials
24562,8.5,2.7,7.9,1.4,6.6,2.43,Moderate,Millennials
24563,6.5,2.0,8.9,3.9,4.1,3.1,Low,Millennials
24564,3.2,2.4,9.2,0.1,5.0,3.05,High,Millennials
24565,7.1,2.7,8.0,4.7,7.2,3.28,High,Millennials
24566,7.4,1.2,8.2,4.2,5.0,3.19,Low,Millennials
24567,1.6,1.6,7.5,1.4,0.2,3.38,High,Millennials
24568,8.5,1.5,8.7,1.1,4.4,2.68,Low,Millennials
24569,7.3,0.6,6.7,2.8,3.5,3.26,Moderate,Millennials
24570,5.6,1.4,7.6,3.9,2.9,3.66,Low,Millennials
24571,5.4,3.1,9.3,3.4,3.9,2.89,High,Millennials
24572,6.6,2.5,8.4,3.0,5.3,3.05,Low,Millennials
24573,7.9,1.2,7.0,3.1,2.5,3.16,Moderate,Millennials
24574,4.5,0.9,7.0,2.4,4.6,2.58,High,Millennials
24575,4.5,2.0,10.0,2.7,3.0,3.1,Moderate,Millennials
24576,4.1,5.5,7.8,3.0,5.8,3.12,Low,Millennials
24577,7.2,2.5,8.4,1.8,4.3,3.35,Moderate,Millennials
24578,5.3,4.5,7.9,1.7,3.5,3.03,Moderate,Millennials
24579,6.8,3.8,6.9,2.4,5.0,2.99,Moderate,Millennials
24580,6.5,2.2,6.1,2.8,3.3,2.96,Moderate,Millennials
24581,6.7,1.5,9.1,0.6,3.5,3.01,Moderate,Millennials
24582,6.0,0.8,7.2,0.0,1.9,2.94,Moderate,Millennials
24583,4.2,1.5,6.8,1.8,2.8,2.81,Low,Millennials
24584,4.9,1.9,9.4,2.0,2.7,3.14,High,Millennials
24585,3.4,3.2,7.9,2.9,5.8,2.54,Low,Millennials
24586,4.8,0.3,7.1,2.5,4.2,3.17,Low,Millennials
24587,3.5,0.1,8.5,1.7,4.4,2.97,Moderate,Millennials
24588,7.2,1.8,8.4,3.4,6.9,2.31,Low,Millennials
24589,6.6,2.1,8.7,3.1,5.9,2.95,Low,Millennials
24590,5.2,3.0,8.1,3.1,4.5,3.04,Moderate,Millennials
24591,5.0,1.5,6.6,2.6,2.0,2.69,Low,Millennials
24592,6.1,2.6,6.8,1.2,3.4,3.33,Moderate,Millennials
24593,8.6,1.3,7.5,1.5,2.5,2.33,High,Millennials
24594,5.0,1.1,7.9,0.9,4.9,3.27,High,Millennials
24595,7.6,2.6,7.4,1.8,2.5,2.88,Low,Millennials
24596,6.4,1.7,7.0,2.4,2.4,3.27,Moderate,Millennials
24597,7.0,1.8,8.2,3.7,6.4,2.1,Moderate,Millennials
24598,7.2,2.0,8.4,2.2,3.5,3.28,Low,Millennials
24599,7.3,3.6,7.1,2.5,3.5,2.76,Moderate,Millennials
24600,5.1,2.3,8.3,2.2,5.4,2.27,High,Millennials
24601,7.1,1.9,7.4,3.0,2.8,2.86,Moderate,Millennials
24602,4.0,1.2,8.6,2.3,2.6,2.74,Moderate,Millennials
24603,6.5,0.9,7.5,3.1,4.8,3.28,High,Millennials
24604,4.7,3.4,7.5,2.4,5.3,2.59,Low,Millennials
24605,5.2,2.6,5.8,2.7,2.7,2.76,Moderate,Millennials
24606,6.1,2.5,9.4,3.2,4.9,2.87,Low,Millennials
24607,6.3,4.5,7.8,0.2,5.1,3.25,Moderate,Millennials
24608,7.1,3.0,7.5,2.3,4.1,3.36,Moderate,Millennials
24609,3.7,4.0,7.3,1.9,2.2,3.04,Moderate,Millennials
24610,7.3,0.0,7.0,1.8,2.5,2.98,High,Millennials
24611,3.4,1.6,8.4,3.6,2.8,2.78,Moderate,Millennials
24612,4.8,1.3,9.7,1.8,3.8,3.17,Low,Millennials
24613,6.5,2.5,8.4,2.0,4.9,3.22,Moderate,Millennials
24614,5.8,4.1,7.4,1.3,4.6,2.98,Moderate,Millennials
24615,4.9,2.8,7.6,1.9,3.7,3.07,Low,Millennials
24616,6.3,1.2,6.8,2.8,3.7,3.02,Low,Millennials
24617,5.8,2.0,6.8,0.9,5.2,2.92,Low,Millennials
24618,6.3,0.9,7.7,1.5,4.3,2.95,Moderate,Millennials
24619,6.7,3.2,7.3,3.6,5.8,3.57,Moderate,Millennials
24620,3.9,2.9,8.7,1.4,2.4,3.04,Moderate,Millennials
24621,6.1,2.2,7.5,2.8,3.1,3.59,Moderate,Millennials
24622,7.4,4.2,7.6,2.4,0.0,3.06,Moderate,Millennials
24623,3.3,2.2,8.1,1.8,1.5,2.68,Moderate,Millennials
24624,6.6,2.2,8.0,2.6,4.7,2.5,Moderate,Millennials
24625,4.4,5.1,7.2,2.0,4.5,3.09,Low,Millennials
24626,3.2,1.6,7.2,2.7,2.6,3.46,Moderate,Millennials
24627,4.0,0.1,8.5,3.4,5.1,3.17,Moderate,Millennials
24628,4.8,0.4,7.0,3.5,4.3,2.89,Moderate,Millennials
24629,8.9,2.2,7.3,2.7,4.4,3.0,Moderate,Millennials
24630,7.6,1.1,6.7,3.5,4.4,2.95,Low,Millennials
24631,8.8,2.2,7.7,0.3,4.9,2.38,Low,Millennials
24632,6.5,2.5,7.4,2.0,6.1,3.18,Low,Millennials
24633,6.8,3.3,8.0,2.3,3.7,3.37,Low,Millennials
24634,8.2,2.4,7.9,3.5,5.7,2.88,Moderate,Millennials
24635,4.3,1.1,8.0,0.0,4.5,2.72,Moderate,Millennials
24636,6.1,2.7,8.1,0.8,7.6,2.92,Low,Millennials
24637,6.0,0.0,7.4,2.3,5.7,2.82,Low,Millennials
24638,8.1,2.1,9.5,2.6,6.7,3.15,High,Millennials
24639,6.8,2.4,7.0,3.9,3.5,2.67,Low,Millennials
24640,7.5,2.0,8.5,2.4,1.3,3.81,Low,Millennials
24641,7.0,1.9,8.0,2.2,3.9,2.84,Moderate,Millennials
24642,4.7,0.1,8.5,2.1,6.5,3.19,Low,Millennials
24643,4.6,3.1,8.5,3.8,3.2,3.04,Moderate,Millennials
24644,8.0,1.8,7.1,1.1,5.0,3.3,Moderate,Millennials
24645,9.1,3.3,9.2,2.1,5.3,2.9,Low,Millennials
24646,4.9,5.2,6.8,2.1,3.1,3.24,High,Millennials
24647,5.8,1.3,7.7,1.8,3.8,2.64,High,Millennials
24648,5.4,2.4,8.0,1.4,5.4,2.69,Moderate,Millennials
24649,4.6,3.4,6.9,3.3,8.0,2.96,Moderate,Millennials
24650,5.0,1.7,7.5,1.6,2.9,3.08,Moderate,Millennials
24651,6.7,3.0,9.4,0.0,4.7,3.05,High,Millennials
24652,4.8,3.2,9.1,3.3,5.6,3.24,Moderate,Millennials
24653,4.2,2.8,7.6,0.4,5.3,2.79,High,Millennials
24654,6.8,2.0,6.9,2.0,5.4,2.57,Low,Millennials
24655,4.3,2.5,7.9,1.8,3.9,2.93,Moderate,Millennials
24656,5.8,0.6,6.6,1.0,3.5,3.47,Moderate,Millennials
24657,6.1,2.6,7.7,0.6,2.5,2.62,High,Millennials
24658,7.3,3.0,8.4,1.8,3.3,3.25,Moderate,Millennials
24659,6.6,1.2,7.8,1.1,4.4,3.2,High,Millennials
24660,5.2,2.6,7.6,1.8,3.4,3.19,High,Millennials
24661,5.7,1.6,6.0,1.3,5.1,3.02,High,Millennials
24662,6.4,2.0,7.9,0.2,3.5,3.15,Moderate,Millennials
24663,6.7,2.3,7.7,2.0,3.1,2.77,Low,Millennials
24664,3.5,1.3,7.4,2.3,3.2,2.84,Moderate,Millennials
24665,6.3,2.1,8.7,2.5,4.2,2.86,High,Millennials
24666,5.9,2.5,8.9,0.1,5.3,2.74,Low,Millennials
24667,5.9,1.9,6.7,4.6,5.4,2.86,High,Millennials
24668,8.0,2.5,9.2,1.3,3.5,3.03,Low,Millennials
24669,2.6,3.4,8.4,1.4,3.0,2.88,Low,Millennials
24670,5.8,2.4,5.7,0.0,3.6,2.6,Low,Millennials
24671,5.1,1.5,7.7,1.3,7.9,2.72,Low,Millennials
24672,5.7,2.2,9.0,2.3,3.5,3.08,Moderate,Millennials
24673,6.0,1.3,8.0,0.9,3.8,3.27,Low,Millennials
24674,5.2,2.6,7.1,1.4,7.0,2.48,Moderate,Millennials
24675,5.5,2.1,7.8,0.7,4.7,2.95,Moderate,Millennials
24676,5.3,4.2,7.6,2.2,5.6,2.77,Low,Millennials
24677,6.3,0.7,8.3,0.5,4.3,3.16,Low,Millennials
24678,7.2,0.8,8.4,3.3,3.9,2.64,Moderate,Millennials
24679,8.0,1.6,7.2,0.0,4.2,3.02,Low,Millennials
24680,5.3,1.5,7.5,0.8,2.3,2.85,Moderate,Millennials
24681,7.7,0.7,8.0,1.9,3.7,2.97,Moderate,Millennials
24682,5.2,0.5,5.7,2.3,3.7,2.95,Moderate,Millennials
24683,4.8,2.3,7.2,1.5,3.2,3.45,Moderate,Millennials
24684,4.5,1.1,8.5,1.4,3.9,3.01,High,Millennials
24685,6.8,2.7,7.6,2.6,4.7,3.59,Moderate,Millennials
24686,4.1,1.8,9.3,2.3,5.0,3.41,Low,Millennials
24687,4.3,1.0,6.9,3.9,1.9,3.23,Low,Millennials
24688,7.1,1.9,8.2,0.1,2.5,2.47,Low,Millennials
24689,4.5,1.6,8.8,1.7,3.8,3.33,Moderate,Millennials
24690,7.4,2.6,7.8,1.2,2.7,3.22,Moderate,Millennials
24691,7.2,0.5,7.9,3.4,2.2,2.94,High,Millennials
24692,6.1,2.5,8.2,1.3,5.1,2.95,High,Millennials
24693,6.7,1.2,6.8,2.7,3.3,2.86,Low,Millennials
24694,9.0,4.4,7.3,1.7,2.7,3.07,Moderate,Millennials
24695,6.5,1.1,9.0,2.8,4.7,3.65,Moderate,Millennials
24696,5.0,0.1,7.5,1.9,5.0,2.22,Moderate,Millennials
24697,3.1,2.4,6.2,3.6,5.0,2.26,Moderate,Millennials
24698,6.9,2.7,8.4,3.2,5.6,2.53,Moderate,Millennials
24699,7.6,2.4,9.4,2.7,6.7,2.31,High,Millennials
24700,7.5,2.6,8.9,2.4,1.9,3.03,Moderate,Millennials
24701,6.2,1.3,5.9,2.6,5.8,3.0,High,Millennials
24702,5.1,1.1,8.7,0.8,4.1,2.99,Moderate,Millennials
24703,5.9,4.7,9.2,3.5,5.6,2.86,Low,Millennials
24704,6.8,0.6,8.0,1.4,3.1,2.86,Moderate,Millennials
24705,4.8,2.5,7.6,2.7,4.7,3.25,High,Millennials
24706,3.6,3.0,9.6,3.0,3.2,2.4,Low,Millennials
24707,7.3,1.7,6.0,4.3,3.5,2.74,Moderate,Millennials
24708,2.8,2.0,8.4,4.5,4.2,3.09,High,Millennials
24709,8.3,2.5,6.5,1.7,4.2,3.15,Moderate,Millennials
24710,5.4,2.7,6.6,3.3,4.1,2.76,Moderate,Millennials
24711,5.4,1.8,10.0,3.2,6.7,2.96,Moderate,Millennials
24712,4.5,3.5,7.8,2.7,4.4,3.5,Moderate,Millennials
24713,6.3,1.6,8.9,2.3,3.2,2.91,Low,Millennials
24714,9.2,2.1,7.5,3.4,4.2,3.0,Moderate,Millennials
24715,4.5,1.4,9.5,2.5,4.3,3.28,Moderate,Millennials
24716,5.6,1.7,7.3,2.7,2.9,2.99,High,Millennials
24717,4.9,2.7,7.0,3.4,5.1,3.23,Low,Millennials
24718,4.6,2.0,7.1,1.9,5.3,2.64,Moderate,Millennials
24719,5.5,2.4,7.2,3.2,4.5,3.18,Low,Millennials
24720,7.3,3.4,8.3,3.3,3.3,3.27,Moderate,Millennials
24721,3.7,3.0,7.1,3.9,6.7,2.82,Moderate,Millennials
24722,5.4,2.0,7.7,1.1,3.1,2.76,Low,Millennials
24723,5.0,4.0,7.6,0.3,3.4,2.95,Low,Millennials
24724,6.2,3.5,8.3,2.7,3.6,3.39,High,Millennials
24725,5.8,1.9,6.3,0.9,3.7,3.42,Moderate,Millennials
24726,5.2,2.3,8.7,2.7,5.6,3.24,Moderate,Millennials
24727,6.4,3.7,7.1,1.2,4.9,2.73,Low,Millennials
24728,6.1,1.7,8.1,1.3,4.5,3.08,Low,Millennials
24729,6.3,2.2,9.8,2.5,1.6,3.45,Low,Millennials
24730,6.2,1.6,7.1,1.1,4.6,3.21,Moderate,Millennials
24731,3.6,2.7,8.6,1.0,2.3,2.79,Moderate,Millennials
24732,6.3,2.2,7.7,1.2,4.4,2.81,Moderate,Millennials
24733,6.8,1.6,6.3,2.1,4.7,2.52,Moderate,Millennials
24734,8.3,2.5,8.5,1.4,6.1,3.21,Moderate,Millennials
24735,4.9,4.1,7.8,3.9,5.2,2.61,Moderate,Millennials
24736,7.4,2.4,6.1,2.0,5.1,3.63,Low,Millennials
24737,4.6,2.2,6.4,3.7,5.7,2.98,Moderate,Millennials
24738,5.2,3.8,8.4,1.3,3.5,2.98,Moderate,Millennials
24739,6.9,0.8,7.4,3.2,4.6,3.3,Moderate,Millennials
24740,5.3,2.3,8.4,2.0,3.0,2.82,Moderate,Millennials
24741,6.3,0.1,8.8,1.9,3.4,3.39,Low,Millennials
24742,5.7,3.1,5.9,3.7,5.0,3.21,Low,Millennials
24743,6.4,3.2,8.3,0.0,3.7,2.56,Low,Millennials
24744,8.5,2.2,8.8,2.5,4.5,3.12,High,Millennials
24745,5.5,0.9,8.3,1.9,5.0,2.89,Low,Millennials
24746,6.0,2.3,7.7,4.2,4.6,2.93,High,Millennials
24747,6.3,2.1,7.9,0.3,4.0,3.13,Low,Millennials
24748,7.0,1.1,7.2,2.2,1.8,2.94,Moderate,Millennials
24749,7.4,3.3,8.5,2.0,4.7,3.0,Moderate,Millennials
24750,6.6,2.5,7.7,0.6,1.7,3.17,Moderate,Millennials
24751,6.1,2.1,8.6,3.5,4.8,2.77,Moderate,Millennials
24752,7.1,4.3,5.8,1.7,5.9,2.62,Moderate,Millennials
24753,7.2,0.9,8.1,1.0,3.7,2.79,Moderate,Millennials
24754,7.0,1.1,7.5,1.8,4.2,3.46,Moderate,Millennials
24755,5.4,2.5,6.5,3.2,5.0,3.18,Low,Millennials
24756,5.9,2.8,7.4,3.0,6.2,3.42,Low,Millennials
24757,3.7,3.9,8.6,2.1,5.1,3.19,Low,Millennials
24758,4.6,1.0,7.3,1.1,1.8,2.86,Low,Millennials
24759,6.5,0.0,7.4,0.3,4.1,3.45,Low,Millennials
24760,4.9,1.3,7.1,1.6,6.1,2.65,High,Millennials
24761,6.4,2.4,6.9,3.5,5.4,2.94,Low,Millennials
24762,3.5,2.7,7.9,2.0,4.8,2.87,High,Millennials
24763,6.6,1.2,8.3,2.4,0.3,2.45,Moderate,Millennials
24764,5.0,1.7,9.7,3.2,3.5,3.48,Moderate,Millennials
24765,7.7,4.1,7.8,1.1,4.9,3.31,High,Millennials
24766,4.7,3.5,8.5,3.1,5.1,3.19,Moderate,Millennials
24767,6.1,3.1,6.3,0.0,4.2,2.69,Low,Millennials
24768,2.3,1.0,7.1,0.9,5.0,2.93,Moderate,Millennials
24769,6.9,1.5,7.4,3.0,5.6,2.64,Moderate,Millennials
24770,5.6,1.9,8.2,1.2,4.1,2.83,Low,Millennials
24771,6.9,3.6,7.8,1.4,5.8,3.08,Moderate,Millennials
24772,5.4,2.0,8.9,2.5,6.8,3.0,Moderate,Millennials
24773,7.1,1.1,6.6,0.1,3.0,3.11,Moderate,Millennials
24774,8.2,3.5,9.4,2.2,1.7,3.38,High,Millennials
24775,6.4,3.1,7.7,2.5,3.6,3.13,High,Millennials
24776,7.3,2.6,7.4,1.2,2.9,2.92,Moderate,Millennials
24777,5.8,2.5,6.4,2.8,3.6,3.17,Low,Millennials
24778,6.1,4.3,6.5,1.3,4.1,2.91,Low,Millennials
24779,4.6,1.3,9.7,0.7,3.7,2.62,Low,Millennials
24780,6.1,1.8,7.4,3.1,2.1,3.01,Moderate,Millennials
24781,4.0,2.2,7.3,1.7,6.1,3.3,High,Millennials
24782,5.3,1.0,6.9,3.7,3.6,3.27,Low,Millennials
24783,3.9,2.6,6.5,1.9,3.2,3.45,Low,Millennials
24784,6.7,0.0,8.7,4.6,3.6,2.9,Low,Millennials
24785,7.6,2.5,7.4,1.9,4.0,3.16,Moderate,Millennials
24786,6.0,0.0,7.8,0.6,4.3,3.17,Low,Millennials
24787,6.8,1.3,8.2,0.8,2.9,3.37,Low,Millennials
24788,6.7,0.6,8.8,2.1,5.4,3.08,Low,Millennials
24789,5.9,1.6,7.6,0.4,3.5,2.92,Moderate,Millennials
24790,4.1,0.2,9.5,0.5,2.5,2.58,Moderate,Millennials
24791,8.0,0.1,7.5,1.9,6.8,2.73,Moderate,Millennials
24792,5.4,2.7,7.8,1.1,4.6,2.82,Low,Millennials
24793,6.8,3.6,6.8,2.4,3.2,2.66,High,Millennials
24794,7.6,2.1,8.1,1.1,4.2,2.28,Moderate,Millennials
24795,2.5,1.5,7.7,0.0,5.6,2.97,High,Millennials
24796,4.4,4.1,8.4,0.4,5.0,3.06,Moderate,Millennials
24797,5.9,5.3,8.3,1.1,4.2,3.0,High,Millennials
24798,4.6,2.7,6.6,1.8,5.2,3.09,Moderate,Millennials
24799,6.5,2.0,7.5,0.5,5.8,2.75,Moderate,Millennials
24800,4.0,2.5,8.5,1.8,3.6,2.63,Moderate,Millennials
24801,5.2,2.6,8.6,3.0,3.1,2.84,Low,Millennials
24802,7.2,2.4,8.6,2.7,5.8,3.22,Low,Millennials
24803,6.3,0.0,8.1,3.2,4.2,2.62,High,Millennials
24804,5.3,2.2,7.2,2.4,4.0,2.63,Low,Millennials
24805,3.6,1.3,8.7,2.3,3.5,2.6,Moderate,Millennials
24806,6.4,0.9,9.1,1.3,3.8,2.96,Moderate,Millennials
24807,6.4,3.7,6.9,2.0,3.6,2.67,Moderate,Millennials
24808,7.9,1.3,8.0,2.1,3.4,2.91,Moderate,Millennials
24809,7.6,3.7,8.2,2.8,5.8,2.82,Moderate,Millennials
24810,6.4,2.6,7.9,1.0,1.6,3.03,Low,Millennials
24811,6.7,2.0,9.4,2.1,3.9,3.38,Moderate,Millennials
24812,5.8,3.5,8.1,0.3,6.3,2.94,Low,Millennials
24813,5.5,1.6,8.1,4.0,4.1,2.79,High,Millennials
24814,5.2,2.6,7.9,3.1,5.1,2.94,Moderate,Millennials
24815,5.6,2.3,9.1,2.1,3.7,2.59,Moderate,Millennials
24816,8.5,1.3,6.6,1.1,5.2,2.38,Low,Millennials
24817,2.8,4.0,9.4,2.5,3.7,2.92,Moderate,Millennials
24818,8.5,2.7,8.6,2.8,5.2,3.15,Moderate,Millennials
24819,6.4,1.8,8.7,2.1,2.9,2.66,Low,Millennials
24820,5.5,2.7,7.0,0.7,4.8,3.05,Moderate,Millennials
24821,3.8,0.7,7.5,3.1,3.9,2.6,Low,Millennials
24822,8.1,0.6,8.7,2.8,4.8,2.94,Moderate,Millennials
24823,4.3,3.5,9.0,4.1,3.6,2.91,Moderate,Millennials
24824,3.9,1.4,9.3,2.5,3.6,3.3,Low,Millennials
24825,6.2,1.5,8.8,1.2,4.3,2.97,Low,Millennials
24826,5.8,1.8,9.5,3.7,4.1,3.14,Moderate,Millennials
24827,6.3,2.3,8.1,2.5,5.0,2.52,Low,Millennials
24828,7.2,1.8,8.0,1.7,4.7,3.28,Moderate,Millennials
24829,5.8,2.9,9.3,1.7,2.0,3.13,High,Millennials
24830,7.2,3.2,9.4,2.1,6.5,3.12,Moderate,Millennials
24831,6.3,2.3,8.7,1.8,3.9,2.93,Low,Millennials
24832,6.9,3.2,9.6,3.3,5.6,2.88,High,Millennials
24833,8.1,1.7,8.6,3.4,3.4,3.16,Low,Millennials
24834,5.3,4.7,8.4,1.7,3.4,2.9,High,Millennials
24835,4.7,1.4,8.3,2.3,2.4,3.01,Low,Millennials
24836,5.3,1.6,7.4,1.9,5.3,2.86,Moderate,Millennials
24837,3.8,3.2,5.8,2.9,4.2,2.82,Moderate,Millennials
24838,6.4,3.0,6.0,2.9,4.7,2.5,Moderate,Millennials
24839,4.9,0.7,7.7,3.0,4.7,3.11,Moderate,Millennials
24840,4.9,2.6,6.7,3.5,3.5,2.58,Low,Millennials
24841,5.5,1.8,7.1,3.8,5.3,2.81,High,Millennials
24842,8.5,3.6,9.5,2.3,3.5,3.5,Moderate,Millennials
24843,6.0,2.9,7.1,3.4,2.4,3.11,Low,Millennials
24844,6.1,3.1,8.4,2.6,4.8,3.5,High,Millennials
24845,6.1,1.0,8.4,2.7,4.6,2.81,High,Millennials
24846,6.1,2.5,8.5,1.2,3.9,2.9,Moderate,Millennials
24847,4.0,1.1,7.9,1.6,7.0,2.35,Low,Millennials
24848,7.7,3.3,6.9,1.8,3.3,3.39,Moderate,Millennials
24849,5.7,2.8,8.9,0.8,7.0,2.89,Moderate,Millennials
24850,5.8,0.6,7.9,2.4,0.9,2.82,High,Millennials
24851,9.2,2.4,7.7,2.2,3.0,2.35,Moderate,Millennials
24852,5.0,4.3,8.0,0.6,7.3,3.34,Low,Millennials
24853,6.1,1.7,7.4,1.9,2.2,2.58,Moderate,Millennials
24854,6.0,0.6,7.0,1.0,6.0,2.77,Moderate,Millennials
24855,6.2,1.3,8.2,4.2,6.1,3.1,Low,Millennials
24856,4.5,3.8,8.5,3.9,2.3,2.93,Moderate,Millennials
24857,6.9,1.9,9.4,3.6,5.9,2.72,Low,Millennials
24858,7.3,2.5,7.8,2.0,5.0,2.53,Moderate,Millennials
24859,4.2,2.4,8.1,2.8,4.7,3.19,High,Millennials
24860,5.8,4.2,8.0,3.3,4.1,3.01,Low,Millennials
24861,5.7,1.8,7.1,2.0,5.4,3.22,Moderate,Millennials
24862,7.5,4.0,7.5,3.0,5.3,2.37,High,Millennials
24863,5.3,3.0,7.7,1.5,5.6,3.14,Moderate,Millennials
24864,2.6,2.2,6.7,0.4,5.1,2.88,Moderate,Millennials
24865,5.2,2.5,10.0,0.0,3.8,2.86,Low,Millennials
24866,4.5,2.1,9.8,1.2,2.8,2.88,Moderate,Millennials
24867,5.9,2.2,9.0,2.5,4.8,3.06,Low,Millennials
24868,7.6,2.6,7.3,4.1,3.6,2.83,High,Millennials
24869,5.4,3.8,9.0,3.2,5.1,3.24,Low,Millennials
24870,6.1,1.8,7.5,2.8,3.8,2.73,Low,Millennials
24871,4.4,1.9,8.7,1.6,4.5,3.17,Moderate,Millennials
24872,4.6,2.6,8.9,0.9,4.1,2.73,Moderate,Millennials
24873,4.0,0.9,8.5,1.7,2.2,2.83,High,Millennials
24874,5.7,1.6,8.8,2.7,5.4,2.95,Low,Millennials
24875,6.2,3.0,6.4,2.5,5.7,2.96,Moderate,Millennials
24876,5.2,2.6,8.4,0.4,3.7,3.01,Low,Millennials
24877,8.0,3.7,8.0,3.5,4.6,3.09,Low,Millennials
24878,5.9,3.1,7.2,3.1,4.6,3.16,Moderate,Millennials
24879,3.7,3.1,6.8,0.0,6.4,3.05,Low,Millennials
24880,4.2,2.6,8.9,1.6,5.2,3.89,Moderate,Millennials
24881,4.4,2.8,6.9,0.0,4.9,2.93,Low,Millennials
24882,5.7,1.6,7.1,1.4,4.2,3.06,Moderate,Millennials
24883,5.3,2.6,7.4,1.2,4.5,3.18,Moderate,Millennials
24884,3.0,3.0,9.4,2.6,6.0,2.72,Moderate,Millennials
24885,6.6,3.3,7.2,1.4,4.7,2.92,High,Millennials
24886,5.3,4.0,7.7,2.8,4.5,3.07,Moderate,Millennials
24887,4.8,2.6,8.4,1.6,4.5,3.24,Moderate,Millennials
24888,6.3,3.1,8.1,1.7,2.4,3.03,Low,Millennials
24889,5.9,0.0,8.6,2.7,5.7,3.2,Moderate,Millennials
24890,5.1,3.0,6.9,1.0,5.4,3.18,Low,Millennials
24891,6.8,2.5,8.4,0.1,4.0,2.73,High,Millennials
24892,4.7,2.9,7.4,1.1,3.9,3.13,Moderate,Millennials
24893,5.6,3.8,8.5,1.7,6.9,2.58,Low,Millennials
24894,6.3,1.9,8.5,2.8,5.3,2.94,Low,Millennials
24895,5.9,3.3,6.3,1.2,2.1,3.1,Moderate,Millennials
24896,5.2,1.2,8.0,1.1,4.8,2.71,Moderate,Millennials
24897,4.8,2.2,7.1,1.9,2.3,3.06,Moderate,Millennials
24898,5.6,1.8,7.2,2.1,7.1,2.87,Moderate,Millennials
24899,4.0,3.4,6.6,3.8,4.4,2.58,Moderate,Millennials
24900,4.2,4.2,8.4,1.8,3.3,2.75,Moderate,Millennials
24901,5.6,1.8,7.2,1.2,5.0,2.69,High,Millennials
24902,4.5,1.5,7.7,2.0,3.2,3.07,High,Millennials
24903,6.2,2.6,8.5,3.3,1.5,3.28,Low,Millennials
24904,5.5,2.9,8.3,3.6,5.2,3.38,Low,Millennials
24905,5.8,2.8,7.4,2.1,3.6,2.39,Moderate,Millennials
24906,5.6,2.2,6.7,1.5,2.5,3.19,Moderate,Millennials
24907,6.2,2.8,8.1,4.1,4.1,3.14,Moderate,Millennials
24908,6.3,1.7,8.1,1.4,3.7,3.59,Moderate,Millennials
24909,8.0,0.3,8.5,1.1,2.8,2.97,Moderate,Millennials
24910,5.3,2.7,6.3,2.6,5.3,2.81,High,Millennials
24911,5.2,2.0,6.3,2.1,3.1,3.1,Moderate,Millennials
24912,7.9,2.8,9.1,2.4,1.7,3.17,Moderate,Millennials
24913,7.5,1.6,7.9,1.4,2.0,3.0,Moderate,Millennials
24914,8.2,3.8,7.9,1.8,6.7,3.09,Moderate,Millennials
24915,4.9,0.2,8.7,2.9,2.7,2.84,Moderate,Millennials
24916,8.1,1.8,7.1,1.3,6.9,3.06,High,Millennials
24917,6.2,3.4,8.5,0.5,6.5,2.98,Moderate,Millennials
24918,5.9,2.1,9.0,0.9,4.4,3.04,Moderate,Millennials
24919,6.5,1.4,8.6,0.8,5.2,2.89,Low,Millennials
24920,7.2,1.4,9.0,2.1,0.5,3.09,Moderate,Millennials
24921,6.6,0.9,6.5,1.9,4.5,2.72,Moderate,Millennials
24922,5.3,2.5,7.5,4.0,2.9,3.27,Low,Millennials
24923,5.2,1.8,5.7,2.1,2.6,3.13,Low,Millennials
24924,6.4,3.7,7.8,1.8,3.8,3.03,Moderate,Millennials
24925,5.1,1.9,9.2,1.2,3.8,3.43,Moderate,Millennials
24926,5.4,2.0,8.5,1.1,2.1,2.99,Low,Millennials
24927,3.9,3.6,7.5,3.5,6.1,3.22,Low,Millennials
24928,5.9,2.4,6.7,1.1,5.1,3.23,Low,Millennials
24929,5.4,1.6,8.1,2.9,5.7,2.29,Low,Millennials
24930,5.5,4.7,7.2,1.1,3.6,2.79,Moderate,Millennials
24931,4.3,0.0,7.9,1.1,3.7,3.32,Moderate,Millennials
24932,4.0,1.8,7.8,2.3,5.2,3.33,Low,Millennials
24933,1.7,1.4,6.9,2.7,6.1,2.68,Low,Millennials
24934,6.0,0.0,7.7,1.2,5.7,3.05,Moderate,Millennials
24935,8.0,1.5,8.2,0.0,5.0,2.55,High,Millennials
24936,6.8,1.8,9.2,3.4,2.2,3.61,Low,Millennials
24937,5.1,2.2,8.7,2.4,2.9,3.09,Low,Millennials
24938,5.9,1.9,7.8,2.0,6.4,3.29,Low,Millennials
24939,5.0,2.5,6.9,0.2,5.0,2.6,High,Millennials
24940,5.6,2.4,6.9,2.4,2.6,3.05,Moderate,Millennials
24941,5.8,1.4,8.9,1.2,2.4,3.2,Moderate,Millennials
24942,4.9,0.5,7.1,3.9,5.1,3.0,Moderate,Millennials
24943,6.7,1.7,6.3,1.1,5.7,2.78,Moderate,Millennials
24944,6.3,1.6,7.6,2.2,5.9,2.64,Moderate,Millennials
24945,6.8,0.1,7.3,3.1,5.4,2.95,Low,Millennials
24946,4.4,3.3,7.7,2.4,2.6,3.05,Low,Millennials
24947,6.5,1.6,7.5,2.9,4.0,2.77,Moderate,Millennials
24948,3.5,2.0,7.8,2.2,5.5,2.78,Low,Millennials
24949,5.6,1.7,10.0,2.3,7.2,3.14,High,Millennials
24950,4.5,3.5,7.1,1.4,6.1,3.06,Low,Millennials
24951,7.2,3.1,8.6,3.2,5.8,2.86,Low,Millennials
24952,7.9,3.2,8.2,0.0,4.6,3.09,Moderate,Millennials
24953,5.4,2.7,8.1,0.0,4.7,2.36,Moderate,Millennials
24954,3.7,3.6,9.4,1.6,4.7,2.73,Moderate,Millennials
24955,5.5,1.7,7.4,2.6,3.7,2.64,Moderate,Millennials
24956,4.5,0.4,6.6,1.7,4.7,2.88,Moderate,Millennials
24957,7.4,2.8,8.2,0.2,2.4,3.57,High,Millennials
24958,5.7,1.7,8.5,3.0,2.3,2.47,Moderate,Millennials
24959,5.6,3.2,8.0,2.8,5.3,2.95,Low,Millennials
24960,5.2,2.5,7.6,3.1,5.3,2.73,Moderate,Millennials
24961,4.3,1.6,7.0,1.4,4.3,3.0,Low,Millennials
24962,4.4,3.6,9.1,2.2,4.4,3.26,Low,Millennials
24963,6.3,3.6,8.8,1.3,4.1,3.19,Low,Millennials
24964,6.1,3.2,8.3,2.5,7.4,2.45,Moderate,Millennials
24965,3.6,2.3,6.2,0.0,4.4,3.3,Low,Millennials
24966,7.0,1.4,8.3,0.2,5.2,2.93,Low,Millennials
24967,4.9,1.3,8.7,1.1,3.6,2.7,Moderate,Millennials
24968,7.5,3.0,7.0,0.0,3.5,3.42,Low,Millennials
24969,7.7,1.0,6.8,2.0,4.4,2.38,Moderate,Millennials
24970,6.3,3.3,8.1,1.3,3.8,2.87,Moderate,Millennials
24971,6.1,2.0,5.6,2.6,4.2,3.39,Low,Millennials
24972,4.9,2.7,7.2,3.2,4.4,2.71,Moderate,Millennials
24973,7.7,1.3,6.6,0.6,5.3,2.78,Moderate,Millennials
24974,4.8,3.0,7.4,1.5,2.1,2.61,Moderate,Millennials
24975,6.0,1.4,9.1,3.0,2.5,3.15,Moderate,Millennials
24976,6.7,1.5,9.1,3.7,4.5,2.63,Moderate,Millennials
24977,5.2,1.2,6.0,1.7,4.0,2.73,Moderate,Millennials
24978,6.4,3.9,9.5,3.8,6.0,3.18,Moderate,Millennials
24979,6.4,4.3,6.4,1.8,7.0,3.11,Low,Millennials
24980,6.0,2.8,8.4,2.9,4.9,2.88,Moderate,Millennials
24981,6.4,1.8,7.7,2.0,1.9,2.59,High,Millennials
24982,7.6,1.8,8.2,0.0,4.2,3.11,Moderate,Millennials
24983,2.5,4.0,7.9,4.5,5.1,2.58,Low,Millennials
24984,4.7,2.5,7.2,2.9,2.6,2.89,High,Millennials
24985,6.0,0.8,6.7,1.9,4.8,3.03,Low,Millennials
24986,5.4,4.0,7.2,0.9,6.1,2.92,Moderate,Millennials
24987,4.7,2.1,8.1,2.5,4.3,3.28,Low,Millennials
24988,5.7,3.1,6.7,1.0,5.6,3.06,Moderate,Millennials
24989,5.1,3.2,8.5,4.2,3.5,2.79,Moderate,Millennials
24990,5.6,2.1,6.7,2.8,1.9,3.33,Low,Millennials
24991,4.4,1.1,8.0,1.2,6.5,2.99,High,Millennials
24992,6.1,3.7,8.9,2.2,5.7,2.83,High,Millennials
24993,6.0,2.4,6.8,1.1,5.4,2.63,Low,Millennials
24994,6.2,3.2,6.1,3.1,2.1,3.51,Moderate,Millennials
24995,6.4,1.1,7.5,1.5,3.6,2.85,Low,Millennials
24996,6.2,2.1,6.9,2.7,1.5,3.19,High,Millennials
24997,8.5,2.5,7.8,2.0,5.0,3.04,High,Millennials
24998,3.5,0.8,8.3,0.4,5.2,2.86,Moderate,Millennials
24999,5.0,3.4,9.3,2.9,4.3,3.21,Moderate,Millennials
25000,5.9,1.0,7.2,1.4,4.1,2.6,Low,Millennials
25001,4.1,1.5,9.3,1.0,4.0,2.86,Moderate,Millennials
25002,5.0,2.6,7.6,3.4,5.3,3.18,High,Millennials
25003,6.5,2.3,7.9,2.2,3.9,3.15,Low,Millennials
25004,6.7,2.8,6.9,0.9,3.8,2.43,Moderate,Millennials
25005,5.2,1.2,9.1,2.5,4.6,2.81,Low,Millennials
25006,4.8,1.3,6.5,2.7,3.0,3.28,High,Millennials
25007,3.3,1.2,7.0,4.6,3.8,3.17,Low,Millennials
25008,7.9,4.3,7.8,3.1,2.7,2.44,Moderate,Millennials
25009,6.0,1.9,7.0,2.1,4.5,3.35,Low,Millennials
25010,5.4,1.5,6.9,2.2,1.3,2.64,High,Millennials
25011,6.7,4.1,8.8,2.8,2.7,3.09,Moderate,Millennials
25012,5.8,2.4,7.4,1.8,5.8,2.84,Moderate,Millennials
25013,6.5,2.4,8.1,1.8,3.5,3.04,Low,Millennials
25014,4.4,2.0,8.3,2.9,5.8,3.39,High,Millennials
25015,7.4,0.5,7.3,0.7,6.6,3.22,Moderate,Millennials
25016,4.6,3.2,6.7,2.7,3.9,3.14,Moderate,Millennials
25017,6.9,0.5,5.5,1.3,4.8,3.1,Moderate,Millennials
25018,2.7,3.4,7.7,0.5,6.4,2.99,Low,Millennials
25019,4.7,2.2,7.6,3.7,4.7,2.41,Low,Millennials
25020,5.8,1.3,8.9,0.8,4.7,2.87,Low,Millennials
25021,5.9,1.2,9.0,1.9,1.9,3.33,Moderate,Millennials
25022,6.8,1.0,9.0,3.7,5.6,3.53,Moderate,Millennials
25023,6.1,2.1,7.7,2.2,3.4,3.33,High,Millennials
25024,6.9,0.6,8.7,1.9,3.2,3.39,Moderate,Millennials
25025,5.4,0.4,7.7,2.3,5.0,2.76,Low,Millennials
25026,7.1,2.7,6.5,1.7,5.0,3.36,Moderate,Millennials
25027,4.9,1.7,7.5,2.2,6.7,3.01,Moderate,Millennials
25028,3.2,3.1,8.2,1.4,7.3,3.14,High,Millennials
25029,6.4,2.3,6.2,1.2,2.8,2.97,Low,Millennials
25030,6.4,1.7,6.8,1.5,3.7,3.3,Moderate,Millennials
25031,5.7,3.5,7.2,1.4,5.0,3.02,Low,Millennials
25032,5.0,1.1,8.8,2.0,3.2,2.95,Moderate,Millennials
25033,5.6,3.8,6.0,2.5,5.5,2.89,Moderate,Millennials
25034,4.4,1.7,7.5,1.4,5.1,3.44,High,Millennials
25035,3.3,3.1,8.2,2.1,4.4,3.07,Low,Millennials
25036,6.8,2.5,8.4,4.6,5.4,2.74,Low,Millennials
25037,7.4,3.2,7.2,1.0,4.5,3.03,Moderate,Millennials
25038,8.2,1.9,8.4,2.7,6.7,2.75,Moderate,Millennials
25039,9.4,4.1,8.0,3.3,4.3,2.44,Moderate,Millennials
25040,5.2,1.8,7.8,1.4,1.6,3.23,Moderate,Millennials
25041,5.0,2.9,7.5,2.4,2.9,3.19,Moderate,Millennials
25042,7.2,6.0,8.6,2.5,5.0,3.18,Moderate,Millennials
25043,5.8,1.3,7.5,2.8,4.5,1.99,Low,Millennials
25044,6.0,2.6,8.4,1.6,4.1,3.14,High,Millennials
25045,5.0,3.1,6.5,0.7,3.1,3.51,Moderate,Millennials
25046,5.0,1.7,8.1,3.2,3.1,3.37,Moderate,Millennials
25047,7.5,1.4,8.4,0.4,3.3,2.92,High,Millennials
25048,4.8,1.9,8.4,4.6,2.9,3.0,Moderate,Millennials
25049,6.0,3.9,8.4,3.5,4.6,2.82,Moderate,Millennials
25050,3.0,0.5,7.8,2.4,4.6,3.01,Moderate,Millennials
25051,4.2,1.7,6.8,1.0,4.0,3.33,Moderate,Millennials
25052,6.5,0.9,8.2,2.1,4.4,3.05,Low,Millennials
25053,5.5,3.0,7.5,1.1,4.5,2.91,Moderate,Millennials
25054,6.5,2.1,8.2,2.8,4.1,2.91,Moderate,Millennials
25055,6.1,0.0,9.8,4.1,6.4,2.77,Low,Millennials
25056,5.6,3.0,8.5,3.1,4.1,2.49,Moderate,Millennials
25057,3.8,2.8,8.2,0.3,6.9,3.23,Low,Millennials
25058,5.0,1.4,8.4,3.3,2.1,3.07,High,Millennials
25059,4.1,1.0,6.6,0.5,6.5,2.68,Moderate,Millennials
25060,2.8,2.6,8.5,4.3,4.0,3.4,Low,Millennials
25061,6.4,3.3,6.9,1.9,4.0,3.37,Moderate,Millennials
25062,4.8,2.6,8.9,1.5,3.4,3.14,Low,Millennials
25063,7.5,1.1,8.2,4.1,5.9,3.21,High,Millennials
25064,7.3,2.5,8.6,0.7,5.6,3.26,High,Millennials
25065,8.2,2.1,7.7,5.7,6.8,3.1,Moderate,Millennials
25066,7.3,0.8,7.9,1.7,4.5,2.9,Moderate,Millennials
25067,4.7,1.0,7.4,0.9,3.5,3.22,Low,Millennials
25068,4.1,3.3,6.5,3.9,3.9,2.91,Low,Millennials
25069,6.3,3.5,7.2,2.8,1.9,3.39,Moderate,Millennials
25070,5.1,2.2,6.7,3.7,4.3,2.96,Moderate,Millennials
25071,7.8,1.4,8.8,0.0,5.1,2.95,Low,Millennials
25072,4.6,2.1,7.6,1.2,6.1,3.4,Low,Millennials
25073,5.9,3.1,6.3,2.3,3.3,3.11,Moderate,Millennials
25074,6.2,2.9,8.5,2.3,4.5,3.38,Low,Millennials
25075,4.1,3.2,7.7,2.0,3.0,3.11,Low,Millennials
25076,4.4,0.9,7.9,2.5,6.2,2.75,Moderate,Millennials
25077,4.3,3.0,8.6,0.0,6.0,3.18,Low,Millennials
25078,4.8,1.5,9.1,1.6,4.9,3.16,Moderate,Millennials
25079,8.2,1.8,7.7,2.0,3.9,2.72,Moderate,Millennials
25080,6.5,3.9,7.6,2.5,5.3,2.95,Low,Millennials
25081,6.4,0.0,8.0,1.8,4.3,3.2,Moderate,Millennials
25082,8.0,1.9,7.9,5.1,6.1,2.98,Moderate,Millennials
25083,7.7,3.9,7.1,3.0,2.2,3.24,Low,Millennials
25084,6.0,1.7,9.0,0.3,4.6,3.18,Moderate,Millennials
25085,7.2,1.6,8.4,1.0,5.2,3.37,Moderate,Millennials
25086,2.9,3.3,7.5,3.4,5.0,2.7,Low,Millennials
25087,6.5,1.5,7.5,3.5,4.3,2.83,Low,Millennials
25088,8.2,0.7,7.3,1.5,2.4,3.06,Low,Millennials
25089,6.7,3.3,8.4,2.8,7.8,3.15,Moderate,Millennials
25090,6.4,2.7,7.9,1.1,6.3,2.59,Low,Millennials
25091,4.9,4.1,7.3,1.4,5.4,3.36,Low,Millennials
25092,4.6,1.3,6.4,1.7,2.9,3.24,Moderate,Millennials
25093,5.4,2.6,8.1,2.0,3.1,2.57,Moderate,Millennials
25094,3.3,3.9,8.1,1.5,2.6,3.44,Low,Millennials
25095,4.7,1.1,6.7,0.9,6.5,3.45,Low,Millennials
25096,4.2,2.6,7.0,1.6,5.2,2.97,Moderate,Millennials
25097,4.7,3.1,7.6,3.1,3.2,3.02,High,Millennials
25098,4.4,2.1,6.8,1.8,2.7,3.16,Moderate,Millennials
25099,6.5,3.7,7.4,0.9,3.5,2.97,High,Millennials
25100,2.6,3.3,9.6,1.5,5.8,2.57,High,Millennials
25101,4.9,1.9,6.5,1.6,5.1,3.64,Moderate,Millennials
25102,4.9,1.6,7.0,2.5,3.4,3.0,Moderate,Millennials
25103,4.3,2.0,6.9,2.0,4.9,3.24,Moderate,Millennials
25104,4.6,1.1,6.9,2.5,4.6,3.21,Moderate,Millennials
25105,5.9,3.3,8.0,2.0,4.2,3.15,Moderate,Millennials
25106,5.3,1.8,8.6,1.3,3.4,2.67,Moderate,Millennials
25107,4.6,3.2,9.4,3.0,6.2,3.1,Low,Millennials
25108,4.3,2.3,9.2,2.1,4.5,2.46,Low,Millennials
25109,4.7,3.2,8.3,1.4,4.6,2.78,High,Millennials
25110,8.3,2.7,7.9,2.0,6.1,2.92,High,Millennials
25111,5.5,2.4,6.0,1.1,3.9,3.2,Moderate,Millennials
25112,4.8,1.1,7.2,1.9,5.5,2.63,Low,Millennials
25113,6.6,1.5,7.9,1.6,3.2,2.97,Moderate,Millennials
25114,7.8,0.7,6.2,2.4,5.8,3.27,Low,Millennials
25115,7.0,3.0,9.5,2.8,5.2,3.28,High,Millennials
25116,6.9,1.4,8.3,0.0,5.5,2.65,Low,Millennials
25117,5.9,2.0,8.4,0.2,4.6,3.09,Moderate,Millennials
25118,5.1,2.2,6.5,2.1,2.3,3.47,Low,Millennials
25119,5.8,3.2,6.4,0.2,4.5,2.83,Moderate,Millennials
25120,6.1,1.8,7.2,1.2,3.2,3.58,Low,Millennials
25121,4.2,0.0,8.0,0.0,2.2,3.45,Moderate,Millennials
25122,6.1,3.5,7.9,3.0,5.9,3.05,Low,Millennials
25123,3.4,2.7,8.0,1.3,5.3,2.74,Moderate,Millennials
25124,6.6,3.5,8.3,3.7,4.5,2.92,Moderate,Millennials
25125,4.7,1.6,8.9,1.2,3.5,2.8,Low,Millennials
25126,3.6,0.0,7.0,1.4,0.0,3.06,Moderate,Millennials
25127,8.4,2.4,8.0,2.9,3.9,2.9,Moderate,Millennials
25128,5.8,2.8,6.2,2.2,3.2,3.35,Moderate,Millennials
25129,4.7,3.2,8.4,1.8,1.9,2.78,Low,Millennials
25130,4.4,3.3,6.9,2.0,4.1,3.03,High,Millennials
25131,4.0,2.0,7.1,1.6,4.9,2.93,Moderate,Millennials
25132,5.0,2.3,7.4,2.0,2.3,3.22,Moderate,Millennials
25133,6.2,0.8,7.0,2.1,3.3,3.01,High,Millennials
25134,7.1,2.9,7.3,0.0,4.8,3.13,Low,Millennials
25135,5.7,3.0,6.9,1.4,3.2,2.67,High,Millennials
25136,5.6,1.5,8.1,2.7,4.6,3.34,Low,Millennials
25137,6.1,2.5,7.0,4.2,5.2,3.35,Low,Millennials
25138,4.1,3.2,8.1,2.5,3.4,2.62,Moderate,Millennials
25139,5.0,2.7,8.0,3.0,3.5,3.18,Moderate,Millennials
25140,6.5,4.3,8.1,3.6,4.0,2.87,High,Millennials
25141,4.5,3.6,8.2,3.2,5.3,2.79,Low,Millennials
25142,4.8,0.9,7.4,2.8,5.5,3.06,Low,Millennials
25143,3.4,2.8,8.3,1.6,3.6,2.97,Low,Millennials
25144,6.2,3.0,9.1,3.3,6.4,3.62,Low,Millennials
25145,6.5,2.1,8.2,3.0,4.8,3.18,Moderate,Millennials
25146,4.2,2.6,7.4,0.1,3.0,2.89,Moderate,Millennials
25147,4.9,3.2,8.0,2.6,5.7,3.31,Low,Millennials
25148,6.5,4.9,7.7,1.3,5.3,2.64,Low,Millennials
25149,5.7,2.2,6.8,4.0,5.0,2.62,Moderate,Millennials
25150,5.7,2.6,8.0,2.4,4.1,2.86,Moderate,Millennials
25151,6.1,3.7,6.6,2.1,3.2,2.88,Moderate,Millennials
25152,4.3,1.7,7.4,0.5,5.8,3.69,Moderate,Millennials
25153,5.2,3.3,7.6,2.5,2.3,2.49,Low,Millennials
25154,6.7,3.3,8.2,3.1,4.5,2.73,Moderate,Millennials
25155,5.3,1.9,5.9,2.1,7.3,3.05,Moderate,Millennials
25156,9.0,2.9,8.3,0.9,2.9,3.2,Low,Millennials
25157,6.9,1.2,6.7,1.6,2.5,3.05,Low,Millennials
25158,7.4,3.5,9.5,1.2,3.5,2.98,Low,Millennials
25159,8.8,1.2,8.1,1.6,5.0,3.17,Low,Millennials
25160,5.3,2.8,7.1,0.4,7.0,2.59,Low,Millennials
25161,5.5,1.6,8.3,2.8,1.9,3.57,High,Millennials
25162,6.1,4.2,7.1,1.9,4.5,2.31,Moderate,Millennials
25163,5.4,3.8,9.3,4.0,6.3,2.87,High,Millennials
25164,6.7,2.2,8.7,3.1,3.1,2.47,Moderate,Millennials
25165,6.4,0.2,8.1,1.8,1.7,3.05,Moderate,Millennials
25166,5.6,0.3,6.8,2.1,3.7,2.88,Low,Millennials
25167,7.6,2.5,8.3,3.0,6.6,2.86,Moderate,Millennials
25168,6.7,2.2,7.3,1.9,5.5,2.64,Moderate,Millennials
25169,5.1,2.6,8.2,1.6,3.1,2.68,Moderate,Millennials
25170,5.1,0.5,7.8,2.3,2.7,3.08,Low,Millennials
25171,6.6,2.7,8.1,0.7,5.7,2.71,Low,Millennials
25172,7.6,1.9,8.1,2.2,3.5,3.07,Moderate,Millennials
25173,6.6,1.2,7.6,0.6,2.8,2.61,Low,Millennials
25174,5.3,1.4,7.9,2.5,2.9,3.01,Moderate,Millennials
25175,4.6,2.5,6.2,3.4,0.7,3.06,Moderate,Millennials
25176,5.8,1.8,6.8,1.5,4.8,2.8,Moderate,Millennials
25177,6.4,1.0,8.9,3.5,2.7,2.91,High,Millennials
25178,6.8,1.5,8.5,2.7,5.3,2.71,Moderate,Millennials
25179,6.7,2.3,8.1,3.3,3.6,2.99,Low,Millennials
25180,6.3,1.5,9.0,4.0,4.0,3.15,Moderate,Millennials
25181,8.1,1.9,9.8,1.2,4.0,3.36,Moderate,Millennials
25182,6.1,1.3,8.9,2.0,5.0,2.69,Low,Millennials
25183,4.1,0.9,6.7,2.4,5.1,2.66,Moderate,Millennials
25184,6.8,3.3,7.8,0.0,3.6,2.8,Low,Millennials
25185,4.9,3.0,7.2,4.0,4.1,3.69,Low,Millennials
25186,7.4,1.5,7.2,0.7,5.8,3.19,Low,Millennials
25187,3.2,1.7,7.7,2.5,5.2,2.75,Low,Millennials
25188,6.6,1.2,7.8,1.2,6.7,3.28,Low,Millennials
25189,4.8,1.5,7.0,2.5,5.3,3.15,Moderate,Millennials
25190,5.9,1.4,10.0,2.7,5.8,3.09,Moderate,Millennials
25191,6.3,2.8,6.8,2.7,5.3,3.41,Low,Millennials
25192,6.0,2.7,6.8,2.7,3.0,3.67,High,Millennials
25193,7.6,2.3,8.4,2.7,4.2,2.66,Moderate,Millennials
25194,8.6,1.7,7.3,1.6,7.2,2.78,Moderate,Millennials
25195,6.4,2.6,8.5,2.0,3.2,2.85,Low,Millennials
25196,6.7,1.4,8.9,2.7,5.5,2.75,Low,Millennials
25197,5.7,2.2,7.2,2.3,4.3,2.85,Moderate,Millennials
25198,6.4,2.2,7.5,2.9,5.1,2.92,Low,Millennials
25199,5.0,1.2,6.5,1.0,4.7,2.95,Moderate,Millennials
25200,4.9,5.0,6.8,0.8,3.7,3.1,Moderate,Millennials
25201,6.3,3.8,8.9,1.1,3.7,2.96,Low,Millennials
25202,5.7,3.6,7.5,0.8,4.2,3.09,Moderate,Millennials
25203,6.1,0.4,8.4,0.3,5.9,3.12,High,Millennials
25204,4.9,3.8,8.7,2.4,4.7,3.16,Moderate,Millennials
25205,3.7,2.1,8.5,1.1,4.7,3.07,Low,Millennials
25206,5.4,0.0,7.9,0.9,5.4,2.6,Low,Millennials
25207,8.0,3.7,8.2,1.1,4.2,3.26,High,Millennials
25208,4.8,2.1,8.3,2.9,5.0,2.38,Low,Millennials
25209,7.0,3.7,7.4,2.5,1.5,3.33,Low,Millennials
25210,4.8,2.7,8.3,3.0,2.8,2.45,High,Millennials
25211,4.6,2.3,7.6,1.4,6.1,3.15,Moderate,Millennials
25212,7.6,3.2,8.3,2.8,5.8,2.77,Moderate,Millennials
25213,5.7,2.0,7.0,1.9,2.8,3.21,Moderate,Millennials
25214,6.6,3.2,6.2,2.2,2.7,2.87,Moderate,Millennials
25215,5.4,2.3,8.2,1.9,2.1,2.88,Moderate,Millennials
25216,6.1,0.9,8.8,0.9,3.7,3.45,Low,Millennials
25217,4.0,1.6,7.6,3.2,3.4,3.01,Moderate,Millennials
25218,5.8,1.4,7.2,0.2,5.8,2.72,High,Millennials
25219,5.1,2.1,7.1,0.3,3.4,3.72,High,Millennials
25220,7.6,3.8,8.9,3.9,4.9,3.05,Low,Millennials
25221,5.2,2.6,7.4,1.7,4.2,3.16,Low,Millennials
25222,6.5,2.4,5.1,1.1,6.8,3.77,Moderate,Millennials
25223,6.1,1.5,7.8,3.8,3.7,3.15,Moderate,Millennials
25224,6.3,0.8,8.6,3.2,4.3,2.94,Moderate,Millennials
25225,4.1,2.6,7.6,1.8,3.6,2.93,High,Millennials
25226,5.9,2.3,7.6,1.5,3.5,3.31,Moderate,Millennials
25227,5.1,2.1,6.0,3.7,1.5,2.57,Moderate,Millennials
25228,5.7,0.4,7.1,1.3,4.5,3.25,Moderate,Millennials
25229,7.7,3.1,6.4,2.3,4.7,2.73,Moderate,Millennials
25230,5.3,2.3,8.1,3.0,4.9,3.42,Low,Millennials
25231,7.2,3.0,7.4,2.6,5.7,3.03,Moderate,Millennials
25232,7.1,0.0,9.0,2.1,3.5,2.81,High,Millennials
25233,8.2,2.5,7.5,4.2,4.0,2.82,Moderate,Millennials
25234,6.8,3.6,6.7,2.5,6.2,2.86,Moderate,Millennials
25235,6.4,2.5,8.5,1.2,4.9,2.9,Moderate,Millennials
25236,4.7,2.9,8.7,0.0,4.3,2.75,Low,Millennials
25237,6.6,4.2,8.2,1.9,5.3,2.75,Low,Millennials
25238,6.7,3.6,7.8,2.7,5.8,3.31,Moderate,Millennials
25239,4.6,3.0,9.0,0.5,6.4,3.42,Low,Millennials
25240,8.9,3.4,6.9,2.3,4.5,2.6,Moderate,Millennials
25241,5.2,4.1,8.2,0.0,4.6,3.4,Moderate,Millennials
25242,6.4,3.3,6.6,1.4,5.0,2.79,Moderate,Millennials
25243,3.8,1.8,7.2,1.7,5.5,3.22,High,Millennials
25244,3.7,1.6,6.9,2.2,5.5,2.96,Low,Millennials
25245,7.0,3.0,7.4,2.4,4.3,3.38,Moderate,Millennials
25246,7.9,1.5,6.7,2.9,5.2,3.25,Low,Millennials
25247,8.7,1.7,7.7,3.0,2.7,2.93,Moderate,Millennials
25248,4.2,3.8,6.8,2.6,3.8,3.31,Moderate,Millennials
25249,3.9,2.2,8.7,1.5,4.0,2.88,Moderate,Millennials
25250,4.4,2.4,8.3,2.3,5.2,2.92,Moderate,Millennials
25251,6.6,0.6,7.3,1.7,6.6,3.41,Moderate,Millennials
25252,3.7,2.3,8.4,2.2,4.0,2.98,High,Millennials
25253,6.2,4.1,7.3,0.3,5.7,3.36,Low,Millennials
25254,6.6,2.7,7.4,2.9,3.0,2.91,Moderate,Millennials
25255,4.8,2.2,8.9,2.4,4.0,2.76,Low,Millennials
25256,5.2,3.1,9.0,3.9,4.6,2.92,Low,Millennials
25257,8.1,0.5,8.6,3.0,6.9,3.13,Moderate,Millennials
25258,5.1,2.1,7.4,2.0,3.7,2.55,Moderate,Millennials
25259,5.7,4.5,8.6,1.4,4.4,2.86,High,Millennials
25260,6.2,1.7,8.3,2.8,3.3,3.39,Moderate,Millennials
25261,2.9,0.0,7.5,1.3,4.2,2.46,Low,Millennials
25262,3.8,2.0,7.0,2.7,1.8,2.67,Moderate,Millennials
25263,7.8,2.0,8.2,3.0,2.2,2.75,High,Millennials
25264,4.8,3.8,6.5,2.7,2.1,3.08,Moderate,Millennials
25265,3.7,1.3,7.1,1.5,2.2,3.47,Moderate,Millennials
25266,6.9,2.2,8.3,1.8,3.5,3.04,High,Millennials
25267,6.8,1.1,7.2,2.8,4.7,2.98,Moderate,Millennials
25268,3.7,2.7,7.5,1.3,1.9,3.56,High,Millennials
25269,5.0,3.3,8.0,3.0,4.2,3.35,Moderate,Millennials
25270,5.7,0.1,6.2,0.8,5.1,3.08,Moderate,Millennials
25271,4.7,3.2,8.5,1.8,3.8,2.55,Moderate,Millennials
25272,6.9,0.8,6.9,1.7,2.3,2.95,Moderate,Millennials
25273,7.8,0.3,7.3,2.9,4.2,2.84,Low,Millennials
25274,6.2,2.3,6.7,0.6,2.8,3.11,Moderate,Millennials
25275,3.4,3.3,9.1,2.2,4.3,2.51,Moderate,Millennials
25276,9.0,3.1,7.8,2.0,4.7,3.2,Low,Millennials
25277,5.1,3.2,6.7,0.6,4.8,3.34,Moderate,Millennials
25278,4.5,1.7,9.3,1.7,2.0,3.09,High,Millennials
25279,3.0,2.6,8.5,2.3,2.7,3.02,Low,Millennials
25280,6.9,3.0,6.6,1.8,3.9,2.51,Moderate,Millennials
25281,6.7,3.1,7.3,0.4,1.2,3.22,Moderate,Millennials
25282,5.3,2.6,8.0,2.6,5.1,3.1,Moderate,Millennials
25283,6.3,4.5,7.8,4.5,6.1,2.77,High,Millennials
25284,5.5,2.4,8.9,2.5,1.6,3.37,High,Millennials
25285,6.4,4.0,8.3,2.3,6.3,2.66,Low,Millennials
25286,7.2,0.8,8.8,4.0,4.2,2.97,High,Millennials
25287,6.3,2.0,8.5,4.0,2.7,3.23,Moderate,Millennials
25288,6.1,0.7,7.7,3.3,2.4,2.86,Moderate,Millennials
25289,5.0,0.0,7.8,1.4,5.7,2.52,Low,Millennials
25290,4.0,1.1,8.5,3.1,3.4,3.2,High,Millennials
25291,5.0,2.3,6.8,1.6,2.0,2.78,Moderate,Millennials
25292,5.3,2.5,6.5,3.2,4.5,2.54,Moderate,Millennials
25293,7.4,2.3,7.5,1.8,3.1,2.99,Moderate,Millennials
25294,5.2,3.1,8.9,2.7,5.2,3.09,Moderate,Millennials
25295,7.7,2.2,7.7,0.7,4.9,3.02,Moderate,Millennials
25296,5.8,0.0,7.2,1.2,3.8,2.75,Moderate,Millennials
25297,5.8,0.2,7.3,3.0,4.6,2.47,Moderate,Millennials
25298,8.0,2.7,6.5,1.5,3.3,3.04,Low,Millennials
25299,5.5,1.3,7.5,3.3,3.7,2.69,Low,Millennials
25300,6.0,1.5,8.0,1.8,5.6,2.94,Moderate,Millennials
25301,6.2,2.7,8.3,2.2,2.9,2.94,Moderate,Millennials
25302,9.2,1.2,8.5,0.2,2.3,2.54,Low,Millennials
25303,7.0,2.6,7.4,2.4,7.9,3.26,Low,Millennials
25304,7.5,2.8,7.4,2.0,5.2,3.06,Moderate,Millennials
25305,7.1,3.9,9.0,3.1,3.4,3.22,Moderate,Millennials
25306,4.3,3.5,8.2,1.7,4.0,3.13,Low,Millennials
25307,5.8,4.9,8.2,2.3,3.9,2.96,High,Millennials
25308,7.2,3.3,6.8,0.9,6.8,2.36,Moderate,Millennials
25309,5.7,1.0,9.1,3.9,4.5,2.79,Low,Millennials
25310,6.5,2.2,7.8,3.2,3.7,3.07,Moderate,Millennials
25311,4.7,1.8,8.6,1.9,3.9,2.81,Low,Millennials
25312,5.6,4.0,7.4,1.6,5.3,2.97,Moderate,Millennials
25313,6.9,2.6,7.3,2.1,4.5,2.88,Moderate,Millennials
25314,7.0,2.3,7.8,1.1,2.8,2.88,Low,Millennials
25315,3.8,2.6,7.5,2.8,4.4,2.79,Moderate,Millennials
25316,7.8,2.4,9.1,2.8,5.0,3.35,High,Millennials
25317,5.8,3.7,7.5,4.3,6.2,3.53,Moderate,Millennials
25318,4.0,3.0,8.6,0.5,5.1,2.84,Moderate,Millennials
25319,7.2,1.1,7.5,3.1,6.3,3.06,Moderate,Millennials
25320,5.3,2.6,7.4,3.2,2.3,2.94,Low,Millennials
25321,5.3,1.9,6.5,2.4,6.2,2.75,Moderate,Millennials
25322,3.7,2.4,8.6,2.1,3.7,3.0,High,Millennials
25323,3.1,2.8,9.0,1.2,3.9,2.81,Moderate,Millennials
25324,5.8,2.1,7.1,2.3,3.8,2.85,Low,Millennials
25325,4.8,2.6,8.5,2.4,5.6,4.0,Low,Millennials
25326,3.5,0.7,7.4,2.2,4.3,2.95,Moderate,Millennials
25327,7.6,3.1,7.0,2.5,7.2,3.16,Low,Millennials
25328,5.0,1.3,9.6,0.0,2.9,3.24,Moderate,Millennials
25329,4.0,3.1,7.3,2.4,3.5,3.19,Moderate,Millennials
25330,6.8,2.8,7.4,1.6,2.6,3.28,Low,Millennials
25331,6.2,1.4,8.7,0.0,3.6,2.82,Low,Millennials
25332,4.5,2.3,6.5,0.8,3.6,3.11,Moderate,Millennials
25333,4.6,1.6,5.5,1.3,2.5,3.3,High,Millennials
25334,7.0,0.0,9.0,3.0,1.9,2.71,Moderate,Millennials
25335,7.4,0.0,7.8,2.7,3.3,3.07,Low,Millennials
25336,6.5,2.6,7.6,4.7,4.6,3.38,Moderate,Millennials
25337,6.0,4.5,9.2,2.1,5.4,3.27,High,Millennials
25338,5.8,2.5,8.7,1.6,3.7,2.87,Moderate,Millennials
25339,6.5,3.5,8.8,1.8,3.1,2.74,Low,Millennials
25340,4.2,2.4,7.4,0.0,2.5,3.02,High,Millennials
25341,6.6,2.0,8.5,2.5,3.2,2.4,Low,Millennials
25342,6.9,2.2,8.4,3.0,4.9,2.79,Moderate,Millennials
25343,5.9,1.9,6.0,1.3,6.5,2.56,Moderate,Millennials
25344,6.2,4.2,8.2,0.0,4.3,3.06,Low,Millennials
25345,6.9,1.9,7.4,2.3,4.2,3.53,Moderate,Millennials
25346,6.0,3.1,8.5,3.4,4.8,2.67,Moderate,Millennials
25347,4.2,0.0,7.8,3.4,5.3,2.81,Moderate,Millennials
25348,7.7,1.5,7.8,1.7,5.1,2.92,Low,Millennials
25349,5.3,2.2,7.6,0.3,5.9,2.78,Moderate,Millennials
25350,5.7,0.7,10.0,3.2,3.3,3.35,Low,Millennials
25351,5.8,1.8,6.9,1.1,5.3,2.68,Low,Millennials
25352,6.1,2.4,7.8,0.9,2.2,2.84,Moderate,Millennials
25353,6.5,1.9,7.0,3.3,2.8,2.97,Moderate,Millennials
25354,7.1,2.1,6.6,2.9,2.0,3.31,Moderate,Millennials
25355,5.1,3.7,7.1,2.1,4.5,3.37,Low,Millennials
25356,5.4,1.9,8.2,2.5,3.6,3.12,Moderate,Millennials
25357,4.4,1.6,8.3,1.3,5.2,3.55,Moderate,Millennials
25358,5.3,1.3,9.2,1.5,4.2,2.74,Moderate,Millennials
25359,6.5,2.9,8.7,1.3,5.1,3.4,Low,Millennials
25360,4.8,2.0,7.4,1.0,3.4,2.71,Low,Millennials
25361,6.5,1.2,7.8,2.3,3.8,2.57,High,Millennials
25362,5.7,2.8,6.2,1.2,4.2,2.65,Moderate,Millennials
25363,5.2,3.5,8.5,2.1,4.0,3.38,Low,Millennials
25364,6.2,4.5,7.5,2.3,5.5,2.67,Low,Millennials
25365,3.2,3.1,7.4,2.7,2.6,3.18,Moderate,Millennials
25366,4.9,1.6,9.5,2.2,6.0,2.9,Low,Millennials
25367,6.6,3.1,9.5,3.3,3.3,2.85,Low,Millennials
25368,3.1,3.1,7.7,1.8,1.7,3.04,Moderate,Millennials
25369,6.0,2.7,6.2,3.3,3.6,2.85,Low,Millennials
25370,2.6,0.6,9.8,2.0,3.3,2.26,Low,Millennials
25371,6.5,3.2,7.3,2.1,4.4,3.35,Moderate,Millennials
25372,6.5,1.7,7.9,3.1,3.7,3.33,Moderate,Millennials
25373,5.0,2.7,8.5,1.7,4.0,3.37,Moderate,Millennials
25374,7.8,1.9,7.2,1.1,5.1,3.26,Low,Millennials
25375,5.9,1.8,7.7,1.8,2.6,2.9,Low,Millennials
25376,5.1,0.1,7.4,1.8,3.9,2.92,Moderate,Millennials
25377,6.3,1.8,9.8,1.9,4.6,2.56,Moderate,Millennials
25378,6.6,4.3,8.9,0.9,4.6,3.16,Low,Millennials
25379,6.9,1.6,6.2,1.6,3.7,3.14,Low,Millennials
25380,5.4,4.2,6.1,1.2,5.8,3.63,Low,Millennials
25381,5.6,3.4,9.4,1.9,5.6,2.33,Moderate,Millennials
25382,5.1,1.4,6.7,1.8,6.3,2.92,Moderate,Millennials
25383,5.1,3.1,7.1,3.5,3.5,3.32,Low,Millennials
25384,5.5,2.4,5.8,2.2,3.3,3.06,Low,Millennials
25385,5.2,1.3,7.9,1.6,3.7,2.81,Low,Millennials
25386,6.1,0.8,8.8,1.5,2.6,2.87,Low,Millennials
25387,6.2,1.1,7.3,3.6,5.4,3.13,Low,Millennials
25388,5.3,1.2,9.1,3.6,4.8,3.27,Low,Millennials
25389,6.3,1.5,8.0,0.0,6.3,2.88,Moderate,Millennials
25390,5.7,2.8,7.7,2.5,4.8,2.74,Low,Millennials
25391,6.8,2.5,6.6,2.8,4.3,2.85,Low,Millennials
25392,7.7,2.4,8.6,4.1,3.8,3.28,High,Millennials
25393,5.9,1.1,7.4,0.7,3.2,2.89,Low,Millennials
25394,5.9,2.6,8.6,2.6,2.3,2.75,Low,Millennials
25395,3.6,2.4,9.0,2.6,3.2,2.52,High,Millennials
25396,6.2,0.1,7.4,1.3,4.3,2.82,Moderate,Millennials
25397,6.4,0.3,8.2,1.9,6.0,2.86,Low,Millennials
25398,8.6,3.1,8.1,1.8,5.1,2.7,Moderate,Millennials
25399,6.5,0.7,6.5,3.5,4.5,3.2,High,Millennials
25400,4.3,2.1,6.8,2.2,4.5,2.72,Low,Millennials
25401,7.6,0.3,8.1,3.7,6.0,3.15,Moderate,Millennials
25402,7.9,4.0,8.5,1.9,5.2,3.74,Moderate,Millennials
25403,6.8,1.0,7.1,0.8,4.0,3.11,Moderate,Millennials
25404,6.9,2.2,8.1,2.3,2.3,2.93,Moderate,Millennials
25405,5.8,1.0,7.7,1.5,2.7,2.97,Moderate,Millennials
25406,5.5,2.1,6.6,2.3,4.2,3.0,High,Millennials
25407,6.3,0.0,5.1,2.3,3.4,3.28,Moderate,Millennials
25408,5.9,2.0,5.0,1.0,4.9,2.78,Low,Millennials
25409,7.2,1.6,8.9,2.1,2.8,3.01,Moderate,Millennials
25410,7.4,1.2,7.4,1.4,4.2,2.9,Moderate,Millennials
25411,4.7,1.5,7.4,2.4,4.0,2.72,Moderate,Millennials
25412,6.3,1.7,7.0,1.5,6.2,3.18,Low,Millennials
25413,5.8,2.2,7.0,4.8,4.4,3.32,Low,Millennials
25414,5.3,0.0,8.1,4.2,5.1,3.15,Moderate,Millennials
25415,6.3,3.6,7.9,2.5,3.0,3.22,High,Millennials
25416,6.0,3.0,8.1,3.4,4.6,2.76,Low,Millennials
25417,7.0,2.1,8.1,2.4,3.6,3.12,High,Millennials
25418,4.9,2.2,8.4,2.4,3.0,3.01,Moderate,Millennials
25419,3.8,1.5,7.7,2.5,2.7,2.89,Moderate,Millennials
25420,7.5,4.4,7.5,0.9,4.2,3.16,High,Millennials
25421,4.4,1.6,8.3,1.3,4.5,3.32,High,Millennials
25422,6.2,3.1,5.3,2.2,5.3,3.18,Moderate,Millennials
25423,7.0,1.4,9.0,0.8,4.1,3.02,Low,Millennials
25424,4.7,1.4,7.8,2.4,3.0,2.77,High,Millennials
25425,6.8,1.4,6.5,5.1,5.3,2.62,Moderate,Millennials
25426,6.2,3.6,6.7,3.3,3.4,2.69,High,Millennials
25427,5.1,2.2,6.2,2.9,3.8,2.62,Moderate,Millennials
25428,8.1,1.8,5.0,1.5,4.5,3.62,Moderate,Millennials
25429,3.4,1.7,6.7,3.0,3.3,3.14,Low,Millennials
25430,7.0,1.9,8.2,3.3,6.0,3.33,Low,Millennials
25431,5.9,2.3,8.1,3.7,5.1,3.21,Low,Millennials
25432,6.1,3.3,7.7,3.3,4.1,3.2,High,Millennials
25433,6.3,1.2,7.0,0.9,3.7,2.96,Low,Millennials
25434,7.0,0.0,8.0,1.9,2.6,3.43,Low,Millennials
25435,6.6,3.4,7.4,2.2,2.3,3.22,Moderate,Millennials
25436,5.6,1.8,8.1,1.4,4.9,2.74,Low,Millennials
25437,6.5,3.5,6.9,1.2,4.8,2.82,Moderate,Millennials
25438,4.1,2.5,8.7,3.8,3.2,2.78,High,Millennials
25439,4.4,2.9,8.2,0.7,5.8,3.25,Moderate,Millennials
25440,6.1,2.4,8.6,0.8,3.0,3.03,Moderate,Millennials
25441,4.6,2.5,8.5,1.5,4.3,3.39,Low,Millennials
25442,5.8,2.4,9.7,1.9,3.0,3.14,Moderate,Millennials
25443,4.8,3.2,7.3,0.1,5.0,2.79,High,Millennials
25444,6.2,3.6,6.4,2.2,4.6,3.08,Low,Millennials
25445,5.2,2.0,8.9,4.7,4.8,2.73,Low,Millennials
25446,3.8,3.0,8.0,2.8,1.9,3.17,Low,Millennials
25447,7.2,4.0,8.7,0.1,7.3,3.32,Low,Millennials
25448,7.0,1.5,7.9,1.9,4.3,2.81,Moderate,Millennials
25449,6.9,1.5,7.0,2.0,4.6,3.1,Low,Millennials
25450,5.3,3.1,7.7,0.9,3.2,2.97,Moderate,Millennials
25451,5.7,1.7,8.8,2.4,3.9,2.7,High,Millennials
25452,6.1,1.7,7.1,1.0,4.5,3.6,Moderate,Millennials
25453,3.4,2.7,8.4,1.3,3.6,2.68,Moderate,Millennials
25454,8.2,3.3,8.1,0.9,5.4,3.31,Moderate,Millennials
25455,7.4,1.6,8.7,1.9,4.3,2.91,Moderate,Millennials
25456,4.2,3.7,7.0,2.0,2.3,2.88,Moderate,Millennials
25457,6.1,4.3,6.6,2.9,3.3,2.77,Moderate,Millennials
25458,4.1,0.5,9.3,1.9,3.8,2.75,Moderate,Millennials
25459,4.8,2.8,9.0,2.0,4.5,2.69,Moderate,Millennials
25460,6.1,1.8,7.3,3.7,2.4,2.72,Low,Millennials
25461,5.5,1.1,7.9,2.6,5.6,2.68,High,Millennials
25462,4.7,2.8,7.2,1.2,6.1,3.12,Low,Millennials
25463,4.8,3.4,8.5,3.4,4.6,2.88,Moderate,Millennials
25464,5.8,1.3,6.2,4.1,3.7,3.01,High,Millennials
25465,6.2,1.8,8.4,2.8,4.8,3.55,Moderate,Millennials
25466,6.0,3.5,6.9,3.9,7.2,2.66,Low,Millennials
25467,7.1,3.6,6.5,0.5,5.7,3.04,Moderate,Millennials
25468,7.1,3.4,6.2,1.8,2.2,2.87,Low,Millennials
25469,4.3,3.2,7.8,2.3,5.7,3.16,High,Millennials
25470,7.1,4.5,7.7,2.7,2.1,2.97,High,Millennials
25471,7.1,3.0,8.4,1.4,4.1,3.21,Moderate,Millennials
25472,6.3,2.8,7.9,2.8,3.5,2.8,Low,Millennials
25473,4.1,2.4,7.9,2.9,3.5,3.13,Moderate,Millennials
25474,6.7,3.1,7.6,1.6,3.2,3.15,Moderate,Millennials
25475,7.7,1.7,8.2,2.4,6.5,3.01,Low,Millennials
25476,5.7,1.9,7.6,0.6,4.7,2.96,Low,Millennials
25477,7.5,0.3,8.9,0.9,1.6,3.59,Moderate,Millennials
25478,5.8,1.7,7.2,2.2,6.1,3.08,Low,Millennials
25479,7.0,3.7,6.9,2.1,4.2,2.9,Low,Millennials
25480,4.8,2.2,5.0,2.5,3.7,3.23,Moderate,Millennials
25481,5.9,1.9,8.0,1.8,1.6,3.3,Low,Millennials
25482,5.8,3.3,5.5,4.0,5.2,3.24,Low,Millennials
25483,3.9,0.9,9.4,1.6,3.1,2.94,Moderate,Millennials
25484,4.3,2.9,7.8,2.8,4.4,2.82,Low,Millennials
25485,5.6,2.4,7.2,1.2,3.0,2.53,Moderate,Millennials
25486,8.2,1.8,8.5,4.0,4.6,3.01,High,Millennials
25487,8.0,3.4,6.9,1.8,5.3,3.61,Moderate,Millennials
25488,6.8,1.7,7.2,3.1,2.6,2.4,Low,Millennials
25489,5.8,2.5,8.5,2.0,7.7,2.81,High,Millennials
25490,7.7,2.7,7.6,0.8,4.4,3.09,Low,Millennials
25491,5.3,2.0,6.2,1.4,5.9,3.15,Moderate,Millennials
25492,5.7,2.4,7.1,1.7,4.7,3.39,Moderate,Millennials
25493,6.1,2.8,7.6,3.7,4.1,3.42,Low,Millennials
25494,8.0,1.5,8.5,0.0,3.6,2.59,Moderate,Millennials
25495,6.0,3.9,7.5,3.2,2.7,3.03,Moderate,Millennials
25496,8.8,3.5,6.2,2.3,4.5,3.19,Low,Millennials
25497,7.7,1.7,7.9,0.5,4.5,3.8,Moderate,Millennials
25498,7.2,3.3,7.9,2.1,3.8,3.06,Moderate,Millennials
25499,4.6,3.1,7.2,3.1,5.4,2.92,Low,Millennials
25500,5.8,2.9,7.9,2.4,2.7,2.79,Low,Millennials
25501,6.0,3.8,8.8,1.5,4.9,3.35,High,Millennials
25502,7.1,2.6,7.7,1.9,5.3,2.71,Low,Millennials
25503,4.2,0.6,7.4,0.3,3.5,2.63,Low,Millennials
25504,5.7,0.3,6.9,1.8,3.4,3.49,Low,Millennials
25505,6.0,2.1,7.0,1.6,5.3,2.96,Moderate,Millennials
25506,3.7,2.9,8.3,2.3,3.9,3.21,Moderate,Millennials
25507,5.5,2.5,8.1,1.0,3.2,3.13,Low,Millennials
25508,4.4,1.9,9.7,2.8,4.4,2.54,Low,Millennials
25509,3.7,1.4,7.7,0.1,3.3,3.76,Low,Millennials
25510,5.9,2.3,8.0,3.5,5.3,2.99,High,Millennials
25511,5.5,3.0,6.0,1.9,3.9,2.46,Moderate,Millennials
25512,6.9,1.2,7.8,0.0,6.3,2.86,Low,Millennials
25513,5.3,3.1,8.6,0.6,3.8,3.02,Moderate,Millennials
25514,4.9,1.8,7.0,0.4,6.1,3.39,Low,Millennials
25515,7.2,2.4,7.5,0.7,3.9,2.94,Moderate,Millennials
25516,5.6,4.5,7.4,1.5,3.6,2.55,Moderate,Millennials
25517,4.7,5.0,8.9,2.6,6.1,2.61,Low,Millennials
25518,5.7,1.4,7.4,2.8,2.3,3.18,Moderate,Millennials
25519,6.2,2.2,8.5,1.7,7.1,3.17,Low,Millennials
25520,4.1,2.2,9.0,2.6,5.8,2.97,Moderate,Millennials
25521,8.4,1.4,7.8,1.1,3.9,2.43,High,Millennials
25522,6.2,1.3,8.2,1.0,4.3,2.82,Moderate,Millennials
25523,8.5,0.3,7.1,1.7,5.7,3.04,Moderate,Millennials
25524,3.8,4.0,8.4,2.7,5.9,2.77,Low,Millennials
25525,4.7,3.0,7.2,1.6,3.5,2.9,High,Millennials
25526,5.5,3.4,7.2,2.6,5.8,2.96,Moderate,Millennials
25527,5.1,3.7,8.3,2.3,4.7,3.49,Moderate,Millennials
25528,5.6,2.1,8.4,0.8,5.4,3.34,Low,Millennials
25529,5.9,1.9,7.0,2.1,4.9,3.37,Moderate,Millennials
25530,7.3,1.2,7.6,3.0,3.9,3.45,Moderate,Millennials
25531,4.5,4.8,8.4,2.1,3.4,3.1,Low,Millennials
25532,7.6,3.1,8.5,3.1,3.4,3.83,High,Millennials
25533,6.7,2.2,7.7,1.9,4.4,3.08,Moderate,Millennials
25534,6.6,2.7,7.7,2.4,3.5,3.23,Moderate,Millennials
25535,4.8,0.3,8.7,3.1,5.9,3.16,Moderate,Millennials
25536,2.6,1.7,8.3,2.7,5.5,2.88,High,Millennials
25537,5.2,2.7,7.9,3.8,5.5,3.06,Moderate,Millennials
25538,2.9,2.3,8.0,0.3,4.2,3.21,Low,Millennials
25539,6.6,1.3,7.1,1.3,5.8,3.56,Moderate,Millennials
25540,6.1,2.6,7.6,1.5,3.4,2.89,Moderate,Millennials
25541,4.4,3.5,8.8,0.7,2.6,3.39,Moderate,Millennials
25542,5.6,2.5,8.4,1.7,4.6,3.04,Moderate,Millennials
25543,5.2,1.0,8.9,2.7,2.7,2.61,Low,Millennials
25544,5.7,0.3,8.4,2.1,5.6,3.11,High,Millennials
25545,5.4,3.5,8.9,0.9,5.4,3.43,Moderate,Millennials
25546,7.7,2.1,7.3,2.7,4.9,3.05,Low,Millennials
25547,3.3,0.9,9.5,2.2,4.1,3.09,Moderate,Millennials
25548,5.2,0.5,8.2,3.3,6.5,3.34,Moderate,Millennials
25549,5.4,0.7,7.3,0.0,4.8,3.13,Low,Millennials
25550,9.1,2.6,7.0,2.4,3.5,2.89,Moderate,Millennials
25551,7.2,2.0,7.6,1.3,7.7,3.19,High,Millennials
25552,5.0,2.3,8.5,1.1,4.0,3.17,Low,Millennials
25553,5.7,2.4,8.3,0.7,1.8,2.82,Moderate,Millennials
25554,8.3,1.5,8.9,2.7,4.0,2.98,Moderate,Millennials
25555,5.6,3.0,6.2,0.9,4.2,3.17,High,Millennials
25556,8.5,2.4,8.5,2.8,5.2,2.71,Moderate,Millennials
25557,4.6,4.1,8.2,2.6,4.4,2.4,Moderate,Millennials
25558,5.9,3.9,7.0,1.6,7.0,3.52,Moderate,Millennials
25559,4.0,1.8,8.0,3.0,5.2,2.83,High,Millennials
25560,5.2,5.0,8.4,3.6,3.9,2.94,Moderate,Millennials
25561,6.6,2.3,7.5,1.0,4.0,3.1,Moderate,Millennials
25562,5.0,3.0,8.8,2.0,3.4,2.26,Moderate,Millennials
25563,8.7,2.9,8.8,1.7,6.1,3.0,High,Millennials
25564,6.8,1.5,8.5,1.9,4.8,3.14,High,Millennials
25565,3.6,1.4,7.3,2.8,3.8,2.85,Low,Millennials
25566,6.4,2.7,8.9,2.0,4.1,2.91,Moderate,Millennials
25567,8.4,3.3,7.5,3.1,2.1,3.29,Moderate,Millennials
25568,2.5,3.1,7.2,2.9,5.0,2.53,Low,Millennials
25569,6.1,3.7,8.1,0.3,4.7,3.28,High,Millennials
25570,6.9,2.8,7.5,1.8,4.3,2.59,High,Millennials
25571,4.7,2.1,7.5,2.3,4.2,2.96,Low,Millennials
25572,5.3,3.4,7.5,0.5,2.8,3.16,Moderate,Millennials
25573,4.8,1.5,8.6,2.5,0.8,2.93,Moderate,Millennials
25574,2.6,3.0,8.5,4.0,2.7,2.7,High,Millennials
25575,3.5,3.0,7.4,2.5,5.0,2.93,Moderate,Millennials
25576,9.1,2.3,8.4,0.0,4.2,2.94,Moderate,Millennials
25577,6.5,0.5,7.2,3.3,7.0,2.92,Moderate,Millennials
25578,6.8,3.0,7.6,2.7,6.8,2.86,Low,Millennials
25579,5.4,1.5,6.7,1.9,4.4,3.08,Moderate,Millennials
25580,4.3,2.2,7.3,0.5,3.8,2.96,High,Millennials
25581,6.3,2.6,8.2,2.8,4.0,2.8,Moderate,Millennials
25582,6.1,0.5,8.3,2.7,6.4,2.38,Low,Millennials
25583,5.9,1.2,9.0,2.7,3.4,3.12,Moderate,Millennials
25584,5.4,1.0,7.3,0.0,3.7,3.04,High,Millennials
25585,7.4,0.4,9.0,0.8,4.7,3.12,Moderate,Millennials
25586,6.9,1.6,6.9,1.3,1.6,3.24,Low,Millennials
25587,6.8,4.1,9.1,2.6,1.4,3.18,Moderate,Millennials
25588,5.6,4.5,9.4,1.5,3.6,2.71,Moderate,Millennials
25589,7.1,1.4,8.0,2.9,6.9,2.67,Low,Millennials
25590,5.8,2.5,6.7,2.7,3.0,3.37,Low,Millennials
25591,5.9,3.8,7.6,2.2,5.3,3.22,Moderate,Millennials
25592,5.5,1.5,7.2,1.2,5.6,2.3,Low,Millennials
25593,8.5,2.1,6.8,0.6,3.1,3.0,Moderate,Millennials
25594,6.8,0.7,7.7,0.8,4.5,2.54,Moderate,Millennials
25595,4.1,1.7,8.1,3.1,2.8,3.42,Low,Millennials
25596,6.4,2.9,7.8,1.6,1.7,3.14,Low,Millennials
25597,4.8,2.2,8.5,2.9,3.0,3.38,Moderate,Millennials
25598,5.5,1.1,7.5,1.3,3.4,3.16,Moderate,Millennials
25599,5.9,1.0,7.3,3.0,3.5,3.23,Moderate,Millennials
25600,6.2,1.9,8.8,2.4,3.7,2.83,Moderate,Millennials
25601,5.8,2.3,8.6,1.1,2.5,3.02,Moderate,Millennials
25602,6.2,4.3,8.4,0.0,4.9,3.11,Low,Millennials
25603,7.3,3.2,10.0,1.2,2.5,3.32,Moderate,Millennials
25604,3.9,3.2,6.8,2.8,5.3,2.98,High,Millennials
25605,5.1,2.0,7.5,2.6,3.8,2.93,Moderate,Millennials
25606,6.6,1.1,7.1,1.9,5.1,3.66,Moderate,Millennials
25607,4.3,2.7,7.9,2.0,5.2,2.93,Moderate,Millennials
25608,5.0,1.7,7.8,3.7,1.0,2.88,High,Millennials
25609,6.5,3.0,8.6,1.9,2.6,3.02,Moderate,Millennials
25610,7.2,1.2,8.8,2.2,2.2,3.22,Moderate,Millennials
25611,5.0,3.0,8.1,0.6,3.8,2.56,Moderate,Millennials
25612,7.1,3.3,9.2,1.2,0.7,3.38,Moderate,Millennials
25613,8.1,0.5,8.7,2.0,3.7,2.86,Moderate,Millennials
25614,5.3,1.8,8.0,1.6,3.2,2.92,Moderate,Millennials
25615,6.2,1.2,8.4,3.7,4.4,2.76,Moderate,Millennials
25616,5.1,3.7,5.5,1.3,4.8,2.73,Low,Millennials
25617,3.7,1.6,7.6,3.2,1.6,2.95,Low,Millennials
25618,5.1,3.3,7.6,0.9,3.3,3.25,Moderate,Millennials
25619,4.6,1.6,7.3,1.4,2.5,2.64,Moderate,Millennials
25620,6.7,1.9,8.3,3.0,2.6,3.33,Moderate,Millennials
25621,6.6,3.5,7.3,2.1,4.5,3.1,Moderate,Millennials
25622,6.8,2.0,9.5,2.8,3.4,2.86,High,Millennials
25623,4.0,2.0,7.6,2.0,2.9,3.36,Low,Millennials
25624,8.2,1.4,8.9,1.5,2.2,3.01,Moderate,Millennials
25625,6.7,2.5,7.3,3.2,3.7,2.53,Moderate,Millennials
25626,5.3,3.4,7.8,4.9,6.1,3.75,Low,Millennials
25627,7.7,2.3,7.8,2.1,4.8,2.44,Moderate,Millennials
25628,6.1,2.3,8.0,0.9,6.2,3.18,Low,Millennials
25629,7.1,3.8,8.4,2.5,3.5,3.53,Low,Millennials
25630,5.2,5.2,5.9,1.6,4.6,3.02,Low,Millennials
25631,5.7,1.6,8.2,1.8,3.5,2.59,Low,Millennials
25632,6.2,4.0,7.1,3.4,2.4,2.96,Low,Millennials
25633,5.2,2.0,7.2,0.6,4.7,3.24,Moderate,Millennials
25634,6.0,0.9,8.9,1.8,5.2,2.44,Moderate,Millennials
25635,4.8,2.0,7.4,1.1,4.2,2.4,Low,Millennials
25636,5.6,1.1,8.9,1.5,5.0,2.55,Low,Millennials
25637,4.4,4.7,8.1,2.1,5.9,2.76,Low,Millennials
25638,7.3,1.5,6.7,2.6,6.3,2.98,Moderate,Millennials
25639,5.2,2.8,6.7,2.5,4.8,2.69,High,Millennials
25640,6.7,1.7,7.3,2.2,3.0,2.91,Low,Millennials
25641,7.4,3.3,8.6,0.2,3.1,2.8,Moderate,Millennials
25642,4.6,2.6,8.0,1.0,4.0,2.86,Moderate,Millennials
25643,2.6,1.4,7.8,2.3,8.0,3.03,Moderate,Millennials
25644,7.2,0.2,7.6,4.2,2.8,2.9,Low,Millennials
25645,6.0,2.3,7.8,3.7,5.7,3.29,Moderate,Millennials
25646,5.4,3.9,7.5,2.2,6.0,3.33,High,Millennials
25647,5.1,2.0,8.2,2.1,4.2,3.21,Low,Millennials
25648,5.3,2.3,8.6,1.2,5.1,3.07,Low,Millennials
25649,6.4,2.0,7.6,1.4,3.4,3.03,Moderate,Millennials
25650,5.2,3.1,8.4,2.6,5.5,2.8,Moderate,Millennials
25651,4.8,2.1,7.2,3.5,3.5,3.31,High,Millennials
25652,6.2,0.9,7.7,1.2,5.0,2.93,High,Millennials
25653,6.2,4.3,7.1,1.7,4.1,3.17,Moderate,Millennials
25654,5.6,3.2,7.3,3.2,3.8,2.92,Moderate,Millennials
25655,6.1,2.5,7.4,2.2,4.1,2.97,Low,Millennials
25656,8.8,2.7,8.4,0.9,4.7,3.13,High,Millennials
25657,5.8,2.1,6.8,1.7,1.8,2.24,Low,Millennials
25658,6.3,1.9,8.1,1.3,0.9,2.83,Moderate,Millennials
25659,8.4,1.2,6.9,2.7,5.1,2.82,Moderate,Millennials
25660,7.2,1.9,8.7,1.5,3.1,3.2,High,Millennials
25661,5.8,4.0,7.0,3.0,2.5,2.87,Low,Millennials
25662,7.3,2.4,7.4,1.1,3.0,2.74,Low,Millennials
25663,4.7,3.4,8.9,2.2,4.1,2.84,Moderate,Millennials
25664,6.2,0.7,6.7,4.2,5.2,2.94,Low,Millennials
25665,3.7,3.0,8.1,2.3,3.5,3.07,Moderate,Millennials
25666,4.5,1.8,7.2,3.0,3.7,3.05,Low,Millennials
25667,6.5,2.3,7.6,3.5,6.7,2.91,Moderate,Millennials
25668,7.3,1.5,7.3,3.2,3.9,3.05,High,Millennials
25669,4.8,2.3,7.6,3.1,4.0,2.88,Moderate,Millennials
25670,5.8,1.8,8.1,1.9,4.9,2.69,Moderate,Millennials
25671,4.9,2.0,7.3,1.2,6.8,2.76,High,Millennials
25672,8.4,2.8,7.7,1.3,3.6,3.39,Low,Millennials
25673,8.9,3.5,7.5,1.7,5.3,3.15,High,Millennials
25674,6.8,3.7,7.7,4.3,3.2,3.12,Moderate,Millennials
25675,5.6,1.4,8.0,2.5,4.9,2.86,Low,Millennials
25676,6.0,0.7,8.4,0.9,4.6,3.06,Low,Millennials
25677,5.8,2.0,7.2,1.4,2.4,3.28,Low,Millennials
25678,6.5,2.8,7.7,2.6,4.9,3.1,Moderate,Millennials
25679,4.9,3.2,7.4,2.2,5.0,2.95,Moderate,Millennials
25680,6.5,1.6,8.2,2.0,5.3,3.35,Low,Millennials
25681,7.7,2.7,6.7,1.7,2.2,3.15,Moderate,Millennials
25682,6.2,0.1,7.3,0.9,7.1,3.07,Moderate,Millennials
25683,6.2,0.1,7.2,2.1,4.5,3.49,Moderate,Millennials
25684,7.7,1.6,9.4,2.3,5.2,2.56,Low,Millennials
25685,4.9,2.1,8.0,0.5,4.6,2.97,Low,Millennials
25686,3.6,1.2,8.5,2.7,3.5,3.37,Moderate,Millennials
25687,7.3,1.9,6.9,3.8,3.9,3.06,Low,Millennials
25688,4.6,1.9,8.1,2.3,3.6,3.24,Low,Millennials
25689,3.9,3.6,8.9,2.0,5.0,3.02,High,Millennials
25690,6.0,1.8,8.8,1.3,2.9,3.15,Moderate,Millennials
25691,6.2,2.7,6.3,3.1,3.1,4.0,Moderate,Millennials
25692,7.2,2.4,8.0,3.3,4.8,3.21,High,Millennials
25693,6.6,2.3,8.3,2.1,2.9,2.9,Moderate,Millennials
25694,4.4,3.1,7.8,3.8,3.4,2.82,Low,Millennials
25695,6.9,0.9,7.0,1.0,3.1,2.98,Low,Millennials
25696,6.0,3.5,9.4,2.0,1.6,2.87,High,Millennials
25697,7.2,2.9,7.5,1.2,5.5,3.01,Low,Millennials
25698,8.6,1.7,7.7,2.8,4.3,2.83,Moderate,Millennials
25699,8.1,2.0,7.6,2.8,3.8,2.94,Moderate,Millennials
25700,6.2,2.3,7.5,4.1,2.9,3.4,Moderate,Millennials
25701,6.0,2.2,8.7,2.5,5.6,3.13,Moderate,Millennials
25702,6.9,2.1,8.4,4.6,4.0,3.04,Low,Millennials
25703,6.1,3.6,7.3,0.0,3.2,3.17,Low,Millennials
25704,5.5,2.0,5.1,4.2,3.3,3.21,Moderate,Millennials
25705,5.5,3.2,7.6,1.2,3.5,2.97,Moderate,Millennials
25706,7.7,2.4,7.7,0.9,4.4,2.92,Moderate,Millennials
25707,5.1,1.1,6.3,0.4,4.9,2.77,Low,Millennials
25708,4.8,2.6,8.6,3.0,4.0,2.82,Low,Millennials
25709,5.4,2.9,9.0,2.1,5.4,3.03,Moderate,Millennials
25710,4.1,0.0,7.8,1.6,1.9,3.59,Moderate,Millennials
25711,6.7,4.0,8.2,2.2,1.6,3.32,Low,Millennials
25712,6.4,0.3,7.6,3.3,2.5,2.77,Moderate,Millennials
25713,8.4,2.5,6.4,1.8,4.2,2.85,Low,Millennials
25714,8.1,0.0,8.1,0.3,2.4,3.54,Low,Millennials
25715,7.3,3.6,7.4,2.8,2.5,3.33,Moderate,Millennials
25716,5.6,0.8,9.4,1.0,6.4,3.17,Low,Millennials
25717,5.7,1.3,10.0,3.3,4.5,3.29,Low,Millennials
25718,5.7,2.3,9.6,2.5,6.6,2.83,Low,Millennials
25719,5.2,0.6,7.5,3.0,5.7,2.98,Moderate,Millennials
25720,5.4,1.9,6.9,2.9,5.1,2.94,Moderate,Millennials
25721,6.1,2.1,8.4,0.2,2.0,3.27,High,Millennials
25722,4.1,3.0,8.1,1.9,3.5,2.69,Low,Millennials
25723,6.5,3.1,7.7,2.7,3.9,2.82,Low,Millennials
25724,5.1,3.3,5.6,2.0,3.9,2.72,Moderate,Millennials
25725,6.5,4.2,8.4,2.2,1.2,3.21,High,Millennials
25726,5.0,4.4,7.3,4.0,6.6,2.8,Low,Millennials
25727,4.5,3.7,10.0,2.0,1.8,2.83,Moderate,Millennials
25728,4.3,1.0,6.8,2.7,4.6,2.73,Moderate,Millennials
25729,4.4,3.4,7.0,1.0,7.0,3.18,Moderate,Millennials
25730,4.0,2.1,8.7,2.2,2.8,3.29,Moderate,Millennials
25731,5.4,0.0,7.0,2.7,3.0,3.32,Low,Millennials
25732,1.7,2.0,6.8,3.2,4.7,3.74,Low,Millennials
25733,5.2,1.5,7.5,2.4,3.1,2.93,High,Millennials
25734,5.1,1.0,8.2,2.8,4.1,2.45,High,Millennials
25735,6.5,3.0,9.3,1.1,2.1,3.48,Moderate,Millennials
25736,9.1,0.2,8.4,2.0,6.9,2.31,Moderate,Millennials
25737,6.2,2.5,7.4,2.5,3.7,2.61,High,Millennials
25738,4.8,0.6,8.6,0.9,5.6,3.35,Moderate,Millennials
25739,8.7,2.4,7.8,1.1,3.3,2.71,Moderate,Millennials
25740,6.8,2.1,7.5,2.6,6.0,3.33,High,Millennials
25741,4.3,0.8,7.7,1.1,2.2,3.0,Moderate,Millennials
25742,5.5,2.4,6.4,1.4,4.4,3.22,Moderate,Millennials
25743,7.1,2.4,7.1,1.0,4.2,2.95,High,Millennials
25744,4.9,3.7,5.6,1.7,2.1,2.21,Low,Millennials
25745,4.3,3.1,7.7,1.3,5.8,3.11,Low,Millennials
25746,5.3,2.9,8.4,2.2,5.2,3.13,Moderate,Millennials
25747,5.6,2.3,8.2,1.9,2.5,3.33,Low,Millennials
25748,7.7,1.2,7.9,2.3,4.7,3.25,Low,Millennials
25749,6.6,1.9,6.8,1.5,4.4,3.25,Low,Millennials
25750,5.4,1.9,8.7,3.6,4.6,3.27,Moderate,Millennials
25751,5.2,2.3,9.3,2.4,4.6,2.3,Moderate,Millennials
25752,3.7,1.9,7.4,0.1,6.0,2.55,Low,Millennials
25753,5.2,4.1,9.2,2.2,5.5,2.87,Low,Millennials
25754,6.4,3.3,8.8,2.1,1.5,2.98,Moderate,Millennials
25755,4.5,3.2,9.4,1.0,1.4,2.98,Low,Millennials
25756,4.4,1.2,6.9,3.8,2.8,2.4,Moderate,Millennials
25757,5.4,2.9,8.2,0.7,4.1,2.65,High,Millennials
25758,5.7,1.9,8.1,1.7,3.3,2.47,Moderate,Millennials
25759,5.9,3.0,8.3,1.7,3.0,2.82,Moderate,Millennials
25760,5.4,1.1,7.9,2.8,5.8,3.08,Low,Millennials
25761,5.4,0.8,7.3,2.2,2.8,2.67,Low,Millennials
25762,4.5,1.8,9.3,2.8,2.0,3.81,Low,Millennials
25763,9.4,2.6,9.3,2.6,4.8,3.24,Moderate,Millennials
25764,8.2,1.6,9.2,3.0,5.3,2.79,High,Millennials
25765,5.7,2.1,7.6,3.2,4.4,2.99,Moderate,Millennials
25766,5.2,3.1,9.3,1.7,4.2,2.84,Moderate,Millennials
25767,5.6,2.6,7.8,1.4,2.6,3.46,Low,Millennials
25768,5.4,1.8,8.3,1.8,3.9,3.38,Low,Millennials
25769,7.1,1.9,7.2,3.0,4.5,3.25,Low,Millennials
25770,7.9,2.8,8.2,1.5,4.0,2.62,Low,Millennials
25771,5.0,1.3,7.7,3.3,4.5,2.91,Moderate,Millennials
25772,5.3,3.7,7.8,1.5,6.8,2.79,Moderate,Millennials
25773,6.6,3.0,7.4,1.2,4.1,3.32,Low,Millennials
25774,5.5,0.3,8.3,2.5,3.7,3.0,Moderate,Millennials
25775,5.8,2.5,8.8,1.6,4.7,2.71,High,Millennials
25776,7.2,1.0,8.2,2.9,5.9,2.55,Moderate,Millennials
25777,3.7,3.7,8.9,1.1,4.5,3.33,Moderate,Millennials
25778,8.6,2.4,8.0,2.3,3.7,2.92,Moderate,Millennials
25779,6.5,2.2,8.6,3.2,5.3,2.77,Low,Millennials
25780,4.0,2.0,7.5,0.5,5.7,3.29,Low,Millennials
25781,6.9,2.5,7.2,0.0,4.5,2.66,Low,Millennials
25782,5.9,1.8,8.0,2.7,4.6,3.92,Moderate,Millennials
25783,5.4,2.4,8.0,1.9,4.5,3.09,Moderate,Millennials
25784,4.8,0.0,8.6,1.8,2.4,3.33,Low,Millennials
25785,4.7,2.1,7.4,1.8,2.6,2.81,Moderate,Millennials
25786,5.5,2.0,7.3,3.1,2.4,2.66,Moderate,Millennials
25787,5.7,2.6,8.4,3.2,5.0,3.36,Low,Millennials
25788,5.1,2.8,8.0,4.1,3.8,2.92,Moderate,Millennials
25789,3.3,3.0,6.1,2.7,4.5,3.19,Low,Millennials
25790,6.7,3.1,6.3,0.0,4.0,2.79,High,Millennials
25791,4.3,3.1,6.7,1.8,2.7,2.83,Moderate,Millennials
25792,6.4,2.4,7.2,1.5,7.3,3.16,Low,Millennials
25793,6.8,1.3,9.0,3.6,5.2,2.81,Moderate,Millennials
25794,5.6,0.5,6.7,0.5,5.0,3.25,Moderate,Millennials
25795,7.8,3.3,7.2,1.3,6.7,3.32,Low,Millennials
25796,3.7,3.7,8.7,1.0,3.6,3.21,Moderate,Millennials
25797,8.5,3.3,7.7,3.2,3.3,2.98,Moderate,Millennials
25798,2.9,4.2,5.9,1.4,3.7,2.79,Moderate,Millennials
25799,6.6,2.6,7.2,0.7,4.5,3.06,Moderate,Millennials
25800,7.3,2.2,7.2,2.0,3.4,2.94,Moderate,Millennials
25801,6.5,2.8,8.5,2.5,3.2,3.1,Moderate,Millennials
25802,5.0,4.7,6.5,2.4,4.4,3.11,High,Millennials
25803,8.0,4.0,8.1,3.0,4.4,3.31,Moderate,Millennials
25804,7.3,2.2,6.6,3.6,2.9,3.15,Moderate,Millennials
25805,5.7,2.6,6.1,2.3,7.1,3.22,Low,Millennials
25806,2.4,2.5,8.5,0.9,4.3,3.01,Low,Millennials
25807,7.1,1.4,9.3,0.8,6.8,2.66,High,Millennials
25808,6.9,2.3,8.6,2.8,5.1,3.15,Moderate,Millennials
25809,4.2,2.5,7.7,1.0,5.5,3.56,Low,Millennials
25810,5.6,1.2,9.0,4.1,5.1,3.25,High,Millennials
25811,7.6,2.5,7.5,1.3,4.0,2.73,High,Millennials
25812,6.2,2.0,5.6,2.0,3.5,2.82,Moderate,Millennials
25813,4.9,3.0,7.7,3.1,5.2,3.18,Low,Millennials
25814,6.0,3.0,7.7,2.8,5.2,2.73,Moderate,Millennials
25815,4.4,2.4,8.3,1.8,6.0,2.82,Moderate,Millennials
25816,5.8,1.7,6.6,1.3,4.6,2.74,Low,Millennials
25817,4.0,1.1,8.4,0.1,3.6,3.07,High,Millennials
25818,5.3,3.8,8.0,2.3,4.6,2.83,Moderate,Millennials
25819,5.8,2.9,7.0,2.9,5.7,3.36,High,Millennials
25820,6.2,2.0,6.1,1.8,5.0,3.07,Moderate,Millennials
25821,5.5,3.0,9.0,1.0,2.9,3.28,Moderate,Millennials
25822,6.4,3.1,8.3,3.3,1.7,2.62,Low,Millennials
25823,3.5,2.9,7.5,2.9,4.7,3.52,Low,Millennials
25824,6.9,0.7,8.1,2.5,4.8,3.21,Low,Millennials
25825,6.4,4.1,8.7,0.6,5.9,2.69,Low,Millennials
25826,6.7,1.7,7.9,1.6,5.8,2.78,High,Millennials
25827,7.2,1.8,7.7,2.8,6.7,3.03,Moderate,Millennials
25828,5.4,3.2,6.4,2.5,2.4,3.43,Low,Millennials
25829,5.6,1.7,6.5,2.3,4.6,3.15,Low,Millennials
25830,5.6,2.9,7.1,2.6,6.2,3.04,High,Millennials
25831,4.4,1.3,9.6,0.8,2.0,3.06,Low,Millennials
25832,6.3,1.9,8.8,2.9,4.9,3.33,Low,Millennials
25833,6.1,3.2,6.4,1.5,3.7,3.06,Low,Millennials
25834,4.9,3.0,7.9,1.1,8.0,2.58,Low,Millennials
25835,3.4,3.8,7.3,2.1,4.6,3.11,Moderate,Millennials
25836,5.6,2.5,9.1,2.3,6.5,3.33,Moderate,Millennials
25837,4.2,2.6,6.5,0.8,4.8,3.56,Low,Millennials
25838,7.9,3.5,7.1,0.3,4.2,3.09,Moderate,Millennials
25839,6.9,1.7,8.8,2.9,2.2,2.96,Low,Millennials
25840,7.1,3.3,9.3,2.4,3.2,2.85,High,Millennials
25841,4.9,2.8,9.5,1.3,4.6,2.69,Moderate,Millennials
25842,4.8,2.2,7.9,1.9,7.6,2.96,Moderate,Millennials
25843,5.6,1.0,8.4,3.9,2.6,2.71,Low,Millennials
25844,5.6,2.9,8.8,1.5,2.0,3.08,Low,Millennials
25845,6.7,2.5,8.3,2.7,6.9,2.95,Moderate,Millennials
25846,6.8,2.7,6.2,1.1,3.3,3.19,Moderate,Millennials
25847,7.0,2.8,6.5,1.1,5.8,3.18,Moderate,Millennials
25848,6.9,2.7,6.0,2.6,7.1,3.0,Moderate,Millennials
25849,5.1,4.6,9.0,2.2,4.7,2.94,Moderate,Millennials
25850,5.2,2.3,8.3,3.2,5.5,3.01,Low,Millennials
25851,5.6,1.9,9.3,1.6,5.1,3.09,Moderate,Millennials
25852,4.8,4.8,8.2,3.7,5.5,3.38,Moderate,Millennials
25853,6.5,1.6,6.5,3.5,6.1,3.11,High,Millennials
25854,7.5,2.4,8.6,1.0,5.9,2.55,Low,Millennials
25855,4.1,1.2,8.0,3.5,3.7,2.87,Low,Millennials
25856,6.6,1.6,6.3,2.4,2.7,3.47,High,Millennials
25857,7.2,1.5,8.0,3.7,4.1,3.22,Moderate,Millennials
25858,7.0,2.1,8.2,2.2,2.6,3.27,Moderate,Millennials
25859,4.3,2.3,7.3,3.1,2.0,3.13,Low,Millennials
25860,6.6,3.3,6.9,0.0,5.2,3.51,Low,Millennials
25861,7.7,3.1,8.4,1.3,2.1,3.32,Moderate,Millennials
25862,5.7,1.5,7.7,1.7,4.7,3.22,Low,Millennials
25863,6.7,2.1,6.4,1.3,3.5,2.94,Moderate,Millennials
25864,6.4,3.4,7.7,3.0,2.5,2.88,Low,Millennials
25865,5.5,1.1,7.5,1.5,4.9,2.34,Moderate,Millennials
25866,5.1,1.0,8.0,2.1,4.1,3.62,Moderate,Millennials
25867,6.7,2.0,7.8,1.0,5.7,3.16,Low,Millennials
25868,5.6,1.1,6.6,2.8,5.1,3.59,Moderate,Millennials
25869,7.3,3.8,6.9,2.6,4.6,3.18,Low,Millennials
25870,5.4,1.4,8.4,3.2,4.8,2.54,Moderate,Millennials
25871,7.7,2.3,8.5,3.0,1.2,3.06,Low,Millennials
25872,4.5,1.3,7.6,0.1,3.9,3.02,Low,Millennials
25873,5.0,1.9,8.9,1.5,3.9,3.19,Low,Millennials
25874,6.5,2.3,6.8,5.0,4.9,3.07,Moderate,Millennials
25875,7.4,1.2,7.8,0.2,4.1,2.59,Moderate,Millennials
25876,7.7,2.2,7.4,1.5,5.3,2.94,Moderate,Millennials
25877,4.0,3.3,7.6,3.2,1.4,2.88,Low,Millennials
25878,6.9,2.9,7.0,1.4,4.5,2.68,High,Millennials
25879,6.0,3.2,8.0,0.4,4.1,3.45,High,Millennials
25880,4.9,2.4,6.6,1.6,6.4,2.61,Moderate,Millennials
25881,7.4,1.4,8.0,1.2,7.1,3.39,Low,Millennials
25882,5.5,2.0,8.4,1.5,2.4,2.72,Moderate,Millennials
25883,7.4,2.1,6.4,2.8,4.1,2.81,Low,Millennials
25884,6.1,3.6,9.3,1.7,6.1,2.88,Low,Millennials
25885,7.4,3.7,7.7,2.5,1.4,2.34,Low,Millennials
25886,4.5,2.7,6.0,4.1,2.7,2.68,High,Millennials
25887,4.8,1.2,7.4,1.3,4.0,2.24,Low,Millennials
25888,5.6,4.0,6.3,3.9,6.0,3.29,Low,Millennials
25889,4.9,2.7,5.8,3.6,4.3,3.04,Moderate,Millennials
25890,6.4,4.1,6.9,1.9,2.3,3.07,Low,Millennials
25891,5.4,1.7,9.6,0.9,3.4,3.08,High,Millennials
25892,7.4,2.9,7.7,0.9,7.4,3.02,High,Millennials
25893,6.3,1.8,7.5,0.0,5.8,3.33,Moderate,Millennials
25894,6.2,1.4,7.1,2.5,4.2,2.95,High,Millennials
25895,5.0,2.0,8.2,1.5,5.2,2.64,Moderate,Millennials
25896,4.9,1.8,8.5,2.7,2.1,2.64,Low,Millennials
25897,5.9,3.8,7.3,0.8,4.6,3.28,High,Millennials
25898,6.1,3.3,7.1,2.3,4.2,3.07,Low,Millennials
25899,7.6,3.2,8.8,2.1,5.7,3.08,High,Millennials
25900,4.5,2.0,6.1,2.4,4.6,3.4,High,Millennials
25901,5.3,2.4,7.6,1.7,3.4,2.76,Moderate,Millennials
25902,6.9,1.5,9.4,1.5,3.8,3.39,Moderate,Millennials
25903,4.2,2.1,7.4,1.9,3.8,2.94,Low,Millennials
25904,4.2,1.1,6.8,1.8,3.2,3.19,Low,Millennials
25905,5.1,3.3,6.9,1.3,3.4,2.73,Moderate,Millennials
25906,5.1,5.1,6.0,1.2,7.7,2.97,Moderate,Millennials
25907,6.7,1.6,8.6,0.0,2.7,3.08,High,Millennials
25908,4.8,1.9,8.2,1.7,4.3,3.49,Low,Millennials
25909,6.1,3.7,7.1,0.0,5.5,3.0,Moderate,Millennials
25910,7.4,3.0,7.6,2.0,2.4,2.99,Low,Millennials
25911,5.4,1.5,9.0,2.9,5.6,3.13,Low,Millennials
25912,5.6,2.4,8.2,1.5,2.5,2.92,Moderate,Millennials
25913,6.8,3.4,8.4,2.5,3.4,3.06,Low,Millennials
25914,6.5,3.9,7.8,1.4,3.4,2.52,Moderate,Millennials
25915,4.7,1.7,7.3,0.7,3.1,3.04,Moderate,Millennials
25916,5.4,1.5,7.5,0.2,3.2,2.9,Moderate,Millennials
25917,4.1,3.2,7.2,1.7,2.9,3.4,Moderate,Millennials
25918,4.9,2.8,8.0,0.5,6.2,2.94,Moderate,Millennials
25919,5.9,1.7,8.2,1.8,4.2,3.17,Low,Millennials
25920,5.9,1.9,7.7,2.0,2.9,2.93,Low,Millennials
25921,6.2,0.8,7.9,1.9,3.4,3.12,Low,Millennials
25922,4.1,2.4,8.7,2.6,4.1,3.25,Low,Millennials
25923,5.6,2.0,6.9,2.8,4.2,2.83,Low,Millennials
25924,6.2,3.4,7.3,1.3,3.6,3.44,Moderate,Millennials
25925,2.9,0.9,8.0,2.8,6.6,3.25,High,Millennials
25926,6.3,2.8,9.4,3.3,4.9,2.9,Low,Millennials
25927,6.3,2.3,8.7,3.4,6.3,2.76,Moderate,Millennials
25928,5.2,2.0,6.2,2.4,2.8,3.03,Moderate,Millennials
25929,5.2,3.1,7.0,1.4,3.6,2.88,Low,Millennials
25930,6.6,1.2,10.0,1.4,4.0,3.38,Moderate,Millennials
25931,6.2,2.0,8.0,2.0,3.1,2.72,Moderate,Millennials
25932,5.5,2.4,6.8,3.3,4.3,2.89,High,Millennials
25933,6.1,3.0,8.2,0.5,4.8,2.7,Low,Millennials
25934,5.3,1.0,7.5,2.1,4.1,2.7,High,Millennials
25935,6.0,2.6,8.2,1.7,5.2,3.36,High,Millennials
25936,6.0,1.1,7.5,1.6,4.0,3.0,Low,Millennials
25937,6.3,3.7,7.1,0.2,3.8,2.78,Low,Millennials
25938,4.2,0.8,7.4,1.8,4.6,2.85,Moderate,Millennials
25939,6.4,1.3,6.4,2.3,6.0,2.86,Low,Millennials
25940,8.1,2.8,8.6,1.7,4.9,2.61,Moderate,Millennials
25941,5.4,1.7,7.8,3.1,4.1,2.98,Low,Millennials
25942,6.3,1.6,8.3,1.5,6.0,2.65,Moderate,Millennials
25943,6.5,1.3,7.8,2.6,3.5,3.54,Low,Millennials
25944,6.8,0.8,8.2,1.4,3.5,2.83,Moderate,Millennials
25945,3.8,1.6,7.6,1.0,4.7,2.94,Moderate,Millennials
25946,5.5,2.9,7.7,1.9,5.2,3.74,High,Millennials
25947,5.3,4.3,7.3,2.4,4.1,2.23,Moderate,Millennials
25948,5.2,1.1,8.7,2.2,0.8,3.35,Moderate,Millennials
25949,4.6,1.5,7.4,0.0,2.6,3.34,Moderate,Millennials
25950,6.9,3.7,8.3,0.0,2.8,3.16,Moderate,Millennials
25951,5.5,2.5,7.5,4.0,3.2,2.58,Low,Millennials
25952,5.2,3.3,7.7,3.9,5.4,3.44,High,Millennials
25953,5.7,3.2,9.7,3.1,5.4,2.82,Low,Millennials
25954,5.7,2.1,8.9,3.2,3.9,2.75,Moderate,Millennials
25955,6.6,2.3,7.4,2.7,4.7,2.99,Moderate,Millennials
25956,5.7,2.6,7.7,2.5,4.2,3.36,Low,Millennials
25957,3.4,1.4,7.6,4.3,5.4,2.96,Moderate,Millennials
25958,5.4,1.0,7.0,3.3,4.8,3.57,Moderate,Millennials
25959,5.1,0.1,6.7,0.5,4.2,3.05,Moderate,Millennials
25960,5.9,3.5,7.2,2.4,4.3,2.45,Moderate,Millennials
25961,6.4,0.5,8.3,1.6,5.0,2.67,Low,Millennials
25962,4.0,1.8,9.1,0.8,2.0,2.37,Low,Millennials
25963,6.8,0.9,7.1,0.9,2.3,3.44,Moderate,Millennials
25964,6.4,2.2,7.7,2.8,6.3,3.13,Moderate,Millennials
25965,4.6,4.0,7.6,3.6,2.7,3.3,Moderate,Millennials
25966,5.0,2.0,5.8,2.5,4.0,2.71,Moderate,Millennials
25967,5.9,2.5,8.2,2.7,5.6,3.12,Moderate,Millennials
25968,3.8,1.9,6.8,1.9,5.0,2.95,Moderate,Millennials
25969,7.5,2.9,7.9,1.1,6.0,3.12,Moderate,Millennials
25970,5.7,2.0,7.5,0.1,2.9,3.06,Low,Millennials
25971,7.1,2.4,7.3,4.7,4.4,3.25,Low,Millennials
25972,2.9,0.0,7.1,0.9,2.8,3.28,Low,Millennials
25973,8.3,3.7,7.0,2.0,3.8,2.62,Low,Millennials
25974,4.4,0.5,9.8,1.7,4.0,3.1,Moderate,Millennials
25975,8.5,4.4,7.0,1.7,4.1,3.13,Moderate,Millennials
25976,4.8,1.7,7.3,2.3,7.1,2.82,Moderate,Millennials
25977,4.8,0.5,6.6,0.6,5.5,2.8,Moderate,Millennials
25978,4.7,1.4,8.1,3.0,2.5,2.66,Moderate,Millennials
25979,6.7,2.8,9.2,2.7,2.8,3.14,Moderate,Millennials
25980,7.5,2.8,6.9,2.9,5.3,3.21,Low,Millennials
25981,3.8,0.8,9.0,3.8,3.0,2.97,Moderate,Millennials
25982,5.2,1.1,6.9,1.9,5.9,3.13,Low,Millennials
25983,4.0,1.5,9.0,0.9,3.3,3.24,High,Millennials
25984,6.2,1.9,8.0,2.9,3.9,2.8,Moderate,Millennials
25985,6.8,1.9,7.4,1.9,3.5,3.37,Moderate,Millennials
25986,6.9,1.9,6.6,1.0,6.0,3.04,High,Millennials
25987,4.5,2.3,7.7,3.4,3.9,3.18,Moderate,Millennials
25988,7.1,3.2,6.6,2.1,4.7,3.04,Moderate,Millennials
25989,3.1,3.5,7.4,2.1,8.0,3.15,Low,Millennials
25990,7.6,3.8,7.0,2.1,2.9,2.81,Moderate,Millennials
25991,4.8,1.5,9.3,3.0,2.5,3.36,Moderate,Millennials
25992,5.3,2.6,7.7,1.2,4.8,3.2,Low,Millennials
25993,5.8,1.8,7.0,1.1,2.8,2.68,Moderate,Millennials
25994,6.8,2.2,7.6,2.8,4.4,3.37,Low,Millennials
25995,5.8,3.1,6.7,1.9,3.0,3.3,Low,Millennials
25996,4.8,1.8,7.4,1.9,3.9,3.15,Moderate,Millennials
25997,5.6,0.7,6.4,2.9,5.3,3.06,High,Millennials
25998,7.7,0.9,6.9,1.7,4.6,2.87,High,Millennials
25999,4.3,3.7,8.4,0.4,6.3,3.01,Moderate,Millennials
26000,7.1,2.2,7.5,1.2,3.6,3.27,Moderate,Millennials
26001,4.9,0.9,6.8,1.8,4.3,2.52,Low,Millennials
26002,6.6,3.1,8.5,0.0,5.2,3.05,High,Millennials
26003,4.8,0.0,7.6,2.6,4.7,3.02,High,Millennials
26004,4.2,3.1,8.7,1.1,3.9,2.8,Moderate,Millennials
26005,6.6,2.9,9.9,3.6,4.6,2.71,Low,Millennials
26006,5.7,0.6,6.6,2.3,2.6,2.89,Low,Millennials
26007,4.6,2.0,7.5,0.7,8.0,3.53,Low,Millennials
26008,6.0,1.0,7.8,2.0,5.1,3.52,Low,Millennials
26009,3.1,1.4,7.9,1.6,2.7,3.62,Moderate,Millennials
26010,7.6,3.1,6.3,1.6,3.5,2.55,Low,Millennials
26011,3.6,2.2,7.5,2.9,4.0,2.78,Low,Millennials
26012,4.8,3.3,7.4,4.0,4.6,3.3,Moderate,Millennials
26013,6.4,0.6,6.9,2.3,2.5,2.65,Low,Millennials
26014,5.6,2.5,9.5,0.0,4.7,2.51,Low,Millennials
26015,6.1,1.9,9.2,0.8,4.4,2.37,High,Millennials
26016,7.9,3.1,8.6,2.8,1.5,2.85,Low,Millennials
26017,5.9,2.5,6.4,1.8,7.8,3.17,Moderate,Millennials
26018,6.2,3.0,5.4,2.2,4.3,2.85,Moderate,Millennials
26019,6.1,2.2,6.3,1.0,5.1,3.54,Low,Millennials
26020,6.8,1.6,9.2,2.3,4.5,3.04,Moderate,Millennials
26021,4.5,3.6,6.6,1.5,3.4,3.23,Moderate,Millennials
26022,5.1,0.8,8.7,4.4,2.9,3.39,Low,Millennials
26023,4.3,0.3,7.7,0.6,4.0,2.49,Low,Millennials
26024,5.8,1.5,6.7,2.4,4.0,2.55,Moderate,Millennials
26025,7.1,2.3,8.7,3.5,5.8,3.03,High,Millennials
26026,6.6,0.9,7.6,2.7,4.5,2.95,Low,Millennials
26027,5.2,1.3,8.0,0.5,4.5,3.04,Moderate,Millennials
26028,5.8,1.7,7.6,0.8,4.9,2.61,Moderate,Millennials
26029,4.8,0.4,8.6,0.3,2.3,2.63,High,Millennials
26030,5.0,2.7,8.9,2.6,3.7,3.13,Low,Millennials
26031,8.1,2.6,9.1,1.8,5.4,3.33,Moderate,Millennials
26032,8.0,2.3,9.1,2.6,4.4,2.65,Moderate,Millennials
26033,4.5,2.9,7.9,3.5,4.6,3.29,Low,Millennials
26034,7.0,2.2,8.0,4.6,5.9,2.96,Low,Millennials
26035,5.5,2.9,8.7,0.7,3.6,3.4,Moderate,Millennials
26036,8.4,1.8,7.0,1.3,4.4,3.03,Moderate,Millennials
26037,5.6,4.4,6.7,0.8,0.9,3.53,Moderate,Millennials
26038,6.7,1.3,7.6,1.9,3.4,2.85,Moderate,Millennials
26039,6.0,1.0,8.3,3.3,2.8,3.44,Moderate,Millennials
26040,5.9,1.4,8.6,2.0,4.3,2.95,Moderate,Millennials
26041,5.5,3.8,8.7,2.0,2.6,3.85,Low,Millennials
26042,5.8,3.1,7.2,3.0,5.3,3.1,Moderate,Millennials
26043,6.8,1.2,7.9,2.0,2.3,3.02,Low,Millennials
26044,4.7,3.0,8.4,2.6,1.9,3.0,Moderate,Millennials
26045,5.7,1.7,8.7,0.6,5.9,2.91,Low,Millennials
26046,8.6,1.1,7.8,3.3,6.3,2.5,Moderate,Millennials
26047,3.8,2.5,8.5,2.9,6.0,2.56,Low,Millennials
26048,5.2,2.0,9.6,4.2,5.3,3.07,Low,Millennials
26049,5.9,3.6,8.7,2.6,4.3,2.37,Moderate,Millennials
26050,5.5,2.1,7.9,2.6,2.1,2.51,Moderate,Millennials
26051,6.7,2.7,7.1,4.2,5.3,2.8,Low,Millennials
26052,5.4,2.7,8.3,2.7,4.1,2.92,Low,Millennials
26053,5.3,2.6,8.9,0.9,5.8,3.13,Moderate,Millennials
26054,5.4,1.3,7.1,2.2,3.5,2.98,Moderate,Millennials
26055,2.4,1.6,8.0,0.8,4.2,3.12,Low,Millennials
26056,5.2,2.0,7.9,1.8,4.6,3.26,Low,Millennials
26057,5.0,3.1,7.1,3.2,2.9,3.63,Moderate,Millennials
26058,3.9,2.2,7.7,2.7,4.3,2.96,Moderate,Millennials
26059,4.8,0.6,8.8,0.7,3.3,2.8,Low,Millennials
26060,4.6,2.1,7.9,2.4,1.8,2.73,Moderate,Millennials
26061,8.0,1.8,5.8,2.3,2.2,3.02,Moderate,Millennials
26062,5.3,1.6,9.1,1.8,4.3,3.41,Moderate,Millennials
26063,1.5,2.9,8.2,1.7,5.6,2.84,Moderate,Millennials
26064,5.4,2.1,8.9,2.2,3.1,2.66,High,Millennials
26065,6.7,3.3,8.5,2.7,5.3,3.1,Moderate,Millennials
26066,6.9,2.6,9.1,3.6,3.1,2.27,Low,Millennials
26067,4.9,0.4,8.8,0.6,5.1,3.12,Low,Millennials
26068,6.6,0.5,7.9,1.9,6.0,2.71,High,Millennials
26069,4.0,2.9,6.2,2.4,4.1,2.94,Low,Millennials
26070,6.0,2.5,7.1,2.7,0.7,3.39,Low,Millennials
26071,5.4,4.5,6.9,1.6,6.7,2.8,Moderate,Millennials
26072,7.1,1.3,7.9,3.0,3.5,3.1,Moderate,Millennials
26073,5.6,3.7,8.1,2.3,5.5,3.27,Moderate,Millennials
26074,7.3,2.7,7.0,3.1,2.8,2.99,Moderate,Millennials
26075,7.2,4.1,6.2,1.5,3.3,3.09,Low,Millennials
26076,6.1,3.8,9.6,2.9,5.1,2.89,Moderate,Millennials
26077,5.7,0.8,6.4,3.8,6.5,3.46,Moderate,Millennials
26078,6.1,2.3,8.1,2.4,5.3,2.74,Moderate,Millennials
26079,7.0,0.9,6.1,4.0,1.8,3.14,Low,Millennials
26080,5.9,2.1,8.9,3.5,5.3,2.5,Low,Millennials
26081,4.7,3.6,8.2,1.0,5.3,3.41,Moderate,Millennials
26082,6.6,2.3,7.6,2.6,2.5,2.91,Low,Millennials
26083,5.8,0.2,8.3,1.5,8.0,3.16,Low,Millennials
26084,4.3,2.9,8.7,2.6,4.7,2.91,Moderate,Millennials
26085,3.0,1.6,7.8,1.1,3.6,2.7,Low,Millennials
26086,6.2,2.4,8.7,0.0,4.5,2.83,Moderate,Millennials
26087,5.4,3.3,8.7,0.2,5.1,3.19,Low,Millennials
26088,6.6,1.7,7.3,2.1,3.8,3.73,Moderate,Millennials
26089,4.9,0.0,8.3,3.1,3.4,2.97,Moderate,Millennials
26090,7.7,2.5,7.7,2.5,4.1,2.59,Moderate,Millennials
26091,8.5,1.7,7.4,1.6,3.3,2.66,Low,Millennials
26092,6.9,1.9,7.9,1.3,2.2,3.23,Low,Millennials
26093,5.8,4.0,8.1,3.4,7.6,3.22,Moderate,Millennials
26094,6.3,2.3,8.9,2.0,4.1,3.08,Moderate,Millennials
26095,5.9,4.4,7.6,0.7,4.5,2.93,Moderate,Millennials
26096,5.8,0.8,6.8,2.7,5.7,3.12,High,Millennials
26097,3.8,1.0,8.4,1.7,3.0,3.1,Low,Millennials
26098,5.5,4.0,7.9,3.2,4.8,2.58,Low,Millennials
26099,8.0,2.7,6.8,1.7,4.7,2.58,Moderate,Millennials
26100,5.4,2.3,8.5,2.0,3.9,2.89,Moderate,Millennials
26101,8.7,3.0,8.6,2.0,0.2,2.9,Moderate,Millennials
26102,5.9,4.0,6.7,1.5,3.4,2.74,Low,Millennials
26103,5.4,3.3,7.0,1.7,6.6,3.11,Low,Millennials
26104,4.2,0.1,6.6,2.3,4.1,2.56,Low,Millennials
26105,3.6,0.6,8.3,4.5,3.7,3.5,Moderate,Millennials
26106,4.5,2.2,7.9,0.7,5.7,2.39,Moderate,Millennials
26107,6.5,3.1,6.5,0.9,3.7,2.52,Moderate,Millennials
26108,6.5,1.9,7.7,1.0,5.1,3.32,Low,Millennials
26109,5.4,1.2,6.9,2.2,3.3,3.13,Low,Millennials
26110,6.0,2.2,8.1,3.3,5.6,3.05,Moderate,Millennials
26111,5.2,2.6,7.7,2.6,2.9,2.74,High,Millennials
26112,7.2,3.5,7.0,3.4,4.3,2.86,Moderate,Millennials
26113,6.2,0.3,8.2,2.9,4.2,3.43,Low,Millennials
26114,5.5,1.9,7.5,2.4,4.9,3.0,Moderate,Millennials
26115,4.9,2.5,6.9,2.1,4.4,3.1,Moderate,Millennials
26116,5.0,1.6,8.0,1.5,4.8,3.1,High,Millennials
26117,3.0,2.5,9.3,1.6,4.9,2.81,Low,Millennials
26118,6.9,0.5,7.6,0.0,4.5,3.1,Low,Millennials
26119,7.7,2.2,7.5,0.5,3.7,3.18,Low,Millennials
26120,7.2,2.5,6.6,2.2,4.2,3.01,High,Millennials
26121,8.1,2.1,8.6,1.6,4.5,2.67,Moderate,Millennials
26122,4.1,3.1,7.9,2.9,5.0,2.88,Low,Millennials
26123,6.5,1.5,7.5,2.6,3.5,3.16,Low,Millennials
26124,6.7,2.2,8.1,2.2,3.6,2.82,Low,Millennials
26125,5.8,4.4,8.3,2.5,4.5,3.19,Moderate,Millennials
26126,6.9,2.7,10.0,2.6,5.6,3.8,High,Millennials
26127,6.4,3.4,7.8,3.5,4.6,2.93,Low,Millennials
26128,6.2,3.2,9.4,2.0,5.5,2.67,Moderate,Millennials
26129,7.7,3.2,7.9,2.4,4.5,2.87,Low,Millennials
26130,5.9,3.1,8.4,1.0,4.3,2.8,High,Millennials
26131,4.5,2.9,8.8,1.1,2.1,2.43,Moderate,Millennials
26132,5.4,3.6,6.8,2.6,4.5,3.41,Moderate,Millennials
26133,6.2,5.1,7.2,1.5,5.5,2.77,High,Millennials
26134,5.3,2.2,8.0,1.6,5.7,3.48,Moderate,Millennials
26135,4.3,1.0,6.5,0.0,2.4,3.27,Low,Millennials
26136,7.1,3.2,7.7,0.9,3.5,2.72,Low,Millennials
26137,5.9,1.5,8.3,1.5,3.2,3.39,Moderate,Millennials
26138,6.1,2.7,8.1,1.9,2.6,3.14,Moderate,Millennials
26139,8.5,2.2,7.7,1.4,5.5,2.71,Low,Millennials
26140,8.2,1.9,7.2,2.0,4.6,3.12,Low,Millennials
26141,5.7,2.0,7.6,0.0,3.0,3.66,Low,Millennials
26142,5.8,0.4,8.4,0.4,3.6,3.45,High,Millennials
26143,4.8,1.1,5.6,2.5,3.4,3.25,Low,Millennials
26144,6.7,2.1,6.7,2.5,4.6,2.94,High,Millennials
26145,7.9,2.8,9.6,1.5,4.8,3.0,Low,Millennials
26146,8.0,0.0,7.0,1.7,2.6,2.44,Low,Millennials
26147,3.7,2.5,6.4,0.9,4.3,3.06,Low,Millennials
26148,7.4,2.3,7.8,1.9,4.5,2.25,Moderate,Millennials
26149,3.3,2.4,8.6,1.6,4.9,3.15,Moderate,Millennials
26150,5.8,2.9,8.1,2.1,4.7,3.61,High,Millennials
26151,4.8,2.0,7.2,1.9,3.0,3.22,Low,Millennials
26152,5.8,1.0,7.0,3.2,4.7,3.36,Moderate,Millennials
26153,6.4,2.6,8.1,1.4,6.1,3.16,High,Millennials
26154,5.2,2.0,9.1,4.9,6.6,3.29,Moderate,Millennials
26155,6.4,2.5,7.5,1.1,4.6,3.05,High,Millennials
26156,4.6,4.5,6.5,3.0,3.0,3.04,Low,Millennials
26157,4.5,2.2,8.4,1.6,4.5,2.52,Moderate,Millennials
26158,3.7,1.7,10.0,1.1,4.2,3.19,Low,Millennials
26159,6.5,1.8,9.1,2.7,5.7,2.83,Low,Millennials
26160,8.3,2.7,7.6,1.7,5.1,2.52,Moderate,Millennials
26161,6.2,3.0,6.1,1.3,7.5,2.87,Moderate,Millennials
26162,5.4,1.9,7.5,3.6,4.0,2.83,High,Millennials
26163,4.2,0.6,6.2,1.5,5.1,3.04,Low,Millennials
26164,7.0,1.7,6.7,3.5,6.2,3.35,Low,Millennials
26165,5.8,1.6,7.3,1.9,3.4,2.53,Moderate,Millennials
26166,5.1,1.7,6.8,2.8,2.6,3.5,Low,Millennials
26167,5.8,1.6,8.9,2.9,2.8,2.87,Low,Millennials
26168,5.0,1.3,8.1,0.0,6.1,2.91,Moderate,Millennials
26169,5.3,3.6,8.7,2.9,3.5,2.84,Low,Millennials
26170,7.1,1.9,8.8,1.8,4.3,3.13,Low,Millennials
26171,6.4,2.1,7.2,2.2,2.7,2.75,Low,Millennials
26172,4.7,2.4,10.0,2.9,6.5,2.8,Low,Millennials
26173,6.7,4.6,6.5,3.0,5.0,3.09,Low,Millennials
26174,5.0,2.0,8.1,1.7,2.0,3.06,Moderate,Millennials
26175,6.6,2.0,6.3,3.5,3.9,2.85,High,Millennials
26176,4.7,4.7,8.6,1.1,2.8,3.06,Moderate,Millennials
26177,5.9,2.6,7.6,0.9,3.2,2.74,Low,Millennials
26178,6.3,1.6,8.3,2.6,5.1,3.04,Low,Millennials
26179,5.2,1.5,9.4,1.8,5.1,2.86,Moderate,Millennials
26180,4.0,2.7,8.7,2.5,6.0,3.19,Low,Millennials
26181,8.0,0.4,7.8,2.7,2.6,2.92,Low,Millennials
26182,7.7,1.1,8.5,3.4,4.4,2.48,Moderate,Millennials
26183,5.7,2.5,9.2,2.8,4.4,3.29,Moderate,Millennials
26184,4.6,3.4,9.7,3.3,0.8,3.33,Moderate,Millennials
26185,7.6,2.7,7.2,1.9,5.7,3.52,Moderate,Millennials
26186,5.1,1.3,8.2,3.8,7.1,3.33,Moderate,Millennials
26187,6.9,3.1,7.5,1.3,4.8,2.68,Moderate,Millennials
26188,7.6,4.4,8.0,2.8,4.7,3.01,Moderate,Millennials
26189,7.3,0.5,8.6,3.2,4.8,3.42,Low,Millennials
26190,7.4,1.6,8.0,0.0,5.4,2.76,Moderate,Millennials
26191,7.1,2.3,9.0,1.7,4.2,2.72,Moderate,Millennials
26192,5.4,2.3,7.3,4.8,4.4,3.4,Low,Millennials
26193,7.2,1.1,8.7,1.5,6.8,2.82,Low,Millennials
26194,3.8,2.6,7.6,1.6,3.3,2.58,Low,Millennials
26195,3.7,1.9,7.7,2.4,7.0,3.18,Moderate,Millennials
26196,6.6,2.3,6.0,2.2,4.6,2.94,High,Millennials
26197,6.5,2.6,7.3,1.8,6.1,2.53,Low,Millennials
26198,7.2,3.5,6.4,3.1,6.4,3.04,Low,Millennials
26199,4.8,3.0,7.5,4.0,5.8,2.36,Moderate,Millennials
26200,6.1,1.0,5.8,1.7,3.4,2.8,Low,Millennials
26201,4.5,1.8,9.5,2.5,4.4,3.07,Low,Millennials
26202,6.1,2.6,8.0,0.3,6.7,3.52,Low,Millennials
26203,6.1,0.4,9.0,1.1,2.7,2.95,Moderate,Millennials
26204,6.8,3.4,6.0,2.9,3.4,3.24,Moderate,Millennials
26205,4.2,2.6,6.8,3.8,4.4,2.81,Low,Millennials
26206,5.8,3.0,8.0,2.9,2.9,2.63,Low,Millennials
26207,4.4,2.2,6.0,2.3,6.0,3.49,Moderate,Millennials
26208,6.2,3.2,7.3,3.0,6.3,2.89,Moderate,Millennials
26209,6.8,2.3,9.2,1.6,5.5,3.07,Moderate,Millennials
26210,6.8,2.0,6.6,4.5,6.1,3.17,Moderate,Millennials
26211,5.4,2.6,6.9,1.5,3.2,3.08,Moderate,Millennials
26212,3.4,2.2,8.2,0.7,4.4,3.75,Low,Millennials
26213,4.5,1.1,7.9,1.8,2.4,3.24,Low,Millennials
26214,6.7,0.2,7.2,2.7,4.4,3.01,Moderate,Millennials
26215,6.0,1.3,9.0,0.6,4.0,2.83,Moderate,Millennials
26216,8.3,0.6,7.6,2.4,4.5,2.96,Low,Millennials
26217,5.2,3.0,9.0,2.5,4.8,3.09,Moderate,Millennials
26218,5.1,0.5,8.1,1.9,3.5,2.7,Low,Millennials
26219,5.9,2.1,8.6,4.8,4.3,3.04,Low,Millennials
26220,8.9,1.6,8.2,2.3,4.3,3.5,Low,Millennials
26221,5.8,2.6,6.9,1.0,2.2,3.37,Moderate,Millennials
26222,6.4,0.7,7.6,0.2,5.9,3.15,Low,Millennials
26223,5.6,1.4,5.8,2.4,5.1,2.89,Moderate,Millennials
26224,6.9,0.0,7.9,3.3,5.3,2.63,Moderate,Millennials
26225,3.7,4.4,7.5,2.3,3.1,2.75,Moderate,Millennials
26226,6.4,1.2,6.9,1.2,3.3,3.05,Moderate,Millennials
26227,7.3,0.3,7.4,1.9,4.0,3.26,Low,Millennials
26228,5.5,3.1,7.9,0.8,3.2,3.03,Moderate,Millennials
26229,6.7,3.7,9.1,1.2,2.6,3.14,Low,Millennials
26230,6.0,1.4,8.3,1.6,2.6,3.02,Low,Millennials
26231,6.6,3.2,8.7,1.4,3.9,2.8,Low,Millennials
26232,5.3,2.9,7.6,4.1,2.8,2.58,High,Millennials
26233,5.0,2.8,8.0,1.9,6.4,3.2,Low,Millennials
26234,5.4,0.0,8.4,1.3,5.5,2.92,Moderate,Millennials
26235,5.8,3.3,6.1,1.3,3.2,3.16,High,Millennials
26236,4.4,1.3,9.5,4.1,5.6,3.56,Moderate,Millennials
26237,6.5,2.7,7.2,3.4,3.7,2.41,Low,Millennials
26238,4.4,4.3,7.3,2.4,4.8,2.7,Low,Millennials
26239,4.9,2.9,8.1,2.4,6.1,2.45,Low,Millennials
26240,6.0,3.5,8.7,2.2,1.7,2.85,Low,Millennials
26241,8.1,2.5,8.7,2.2,2.7,3.44,Low,Millennials
26242,4.0,0.9,7.1,1.4,2.4,2.99,Moderate,Millennials
26243,5.9,2.7,7.1,3.3,3.7,2.88,Low,Millennials
26244,5.5,3.8,7.4,1.4,4.1,3.4,Moderate,Millennials
26245,6.8,2.9,7.5,2.1,7.5,2.77,High,Millennials
26246,4.1,1.6,7.5,1.0,4.0,2.7,Moderate,Millennials
26247,6.0,0.3,7.3,1.5,5.2,3.31,Moderate,Millennials
26248,5.1,3.9,6.2,2.2,1.8,3.06,High,Millennials
26249,6.1,2.5,7.3,2.3,3.2,3.0,Moderate,Millennials
26250,4.9,2.5,8.1,1.1,3.6,2.79,High,Millennials
26251,7.0,3.3,6.9,4.1,4.5,3.02,Low,Millennials
26252,7.6,4.4,8.5,2.5,7.2,3.12,Low,Millennials
26253,7.5,2.1,7.4,1.3,1.3,3.18,Moderate,Millennials
26254,5.6,2.5,7.9,2.0,5.2,2.47,High,Millennials
26255,7.3,1.8,8.0,1.2,7.0,2.64,Low,Millennials
26256,6.0,1.0,7.5,2.5,5.5,2.74,Moderate,Millennials
26257,5.8,1.2,6.5,2.0,4.2,3.09,Moderate,Millennials
26258,5.9,2.2,7.7,3.7,6.6,3.38,Low,Millennials
26259,5.3,2.3,8.7,1.7,3.6,2.85,Moderate,Millennials
26260,6.3,3.1,9.7,0.0,5.3,3.01,Moderate,Millennials
26261,7.8,0.7,7.2,2.9,0.9,2.97,Moderate,Millennials
26262,6.2,0.5,8.6,0.5,6.9,3.08,Moderate,Millennials
26263,7.3,4.0,7.3,1.6,3.9,2.19,Moderate,Millennials
26264,5.7,1.1,6.2,2.8,3.8,2.9,Low,Millennials
26265,6.3,3.5,7.5,0.2,2.1,2.69,Low,Millennials
26266,8.0,3.0,8.4,1.7,3.5,2.66,Low,Millennials
26267,8.1,2.0,7.2,3.1,2.9,2.66,Moderate,Millennials
26268,6.2,3.1,7.6,2.3,5.0,2.97,Low,Millennials
26269,6.6,2.0,9.3,2.3,5.5,3.01,Low,Millennials
26270,6.1,3.4,8.5,2.4,6.0,3.05,High,Millennials
26271,2.5,3.4,7.0,1.4,5.3,3.02,High,Millennials
26272,7.8,1.3,8.7,1.8,4.9,2.74,Moderate,Millennials
26273,8.4,0.0,8.9,0.7,2.9,3.3,High,Millennials
26274,6.8,1.2,8.6,2.3,3.2,3.36,Moderate,Millennials
26275,6.0,1.6,8.2,0.0,3.2,3.13,High,Millennials
26276,4.6,1.2,7.5,3.6,6.2,3.23,High,Millennials
26277,5.9,3.7,8.0,2.7,3.4,2.77,Moderate,Millennials
26278,7.0,3.2,6.9,3.9,4.5,3.23,Low,Millennials
26279,4.1,2.4,7.2,3.0,4.4,3.65,Moderate,Millennials
26280,5.2,0.5,8.7,1.8,3.1,3.33,Moderate,Millennials
26281,4.9,2.1,8.8,2.0,5.1,2.98,Low,Millennials
26282,4.2,3.1,7.2,1.5,2.8,2.62,Low,Millennials
26283,6.4,0.4,9.3,1.1,5.9,2.79,Moderate,Millennials
26284,6.5,2.9,7.5,2.8,4.1,2.8,Low,Millennials
26285,4.9,1.5,6.4,1.7,4.7,2.62,Low,Millennials
26286,7.0,3.3,7.9,2.1,4.4,3.29,Moderate,Millennials
26287,6.9,1.7,7.9,4.0,2.4,2.74,Low,Millennials
26288,7.3,1.3,7.0,3.6,4.7,2.65,Moderate,Millennials
26289,5.2,5.0,7.4,0.7,5.6,3.01,Low,Millennials
26290,4.1,2.4,8.0,2.9,5.3,2.79,Moderate,Millennials
26291,6.6,2.5,7.9,2.4,1.8,3.69,Moderate,Millennials
26292,5.4,3.3,8.2,1.1,6.1,3.48,Moderate,Millennials
26293,5.5,1.1,7.3,3.3,5.6,3.03,Low,Millennials
26294,6.1,2.0,7.2,3.1,5.5,3.1,Moderate,Millennials
26295,8.1,2.4,7.8,1.2,1.9,3.0,Low,Millennials
26296,3.7,0.8,8.2,3.0,6.5,3.13,Low,Millennials
26297,5.4,1.7,8.8,3.1,4.7,3.02,Moderate,Millennials
26298,7.1,2.3,7.9,2.5,3.9,3.12,High,Millennials
26299,7.1,2.7,8.7,2.4,2.3,2.92,Low,Millennials
26300,5.7,2.8,6.4,0.1,5.0,3.05,Low,Millennials
26301,6.0,1.9,8.0,0.9,5.9,3.24,High,Millennials
26302,7.5,2.7,6.2,2.8,4.2,2.93,High,Millennials
26303,6.3,0.0,6.3,0.9,2.3,3.06,Low,Millennials
26304,4.2,0.1,6.9,0.2,4.5,3.01,Moderate,Millennials
26305,5.2,2.2,8.9,1.5,0.8,3.05,Low,Millennials
26306,4.2,3.6,7.6,2.5,4.6,3.06,Moderate,Millennials
26307,6.0,2.2,7.5,1.5,3.0,2.99,Low,Millennials
26308,3.2,3.8,6.9,3.4,4.2,3.0,Low,Millennials
26309,6.3,2.8,8.6,1.0,3.8,2.59,Low,Millennials
26310,6.2,0.6,8.8,1.7,3.4,2.76,Moderate,Millennials
26311,3.9,2.0,7.7,1.5,4.1,2.41,Low,Millennials
26312,5.4,3.1,9.2,1.5,2.7,3.35,Low,Millennials
26313,8.0,2.8,7.4,0.4,3.1,2.84,Moderate,Millennials
26314,6.3,1.9,7.9,1.9,2.5,2.78,Moderate,Millennials
26315,6.6,1.3,6.6,1.3,3.2,2.59,Moderate,Millennials
26316,7.2,2.7,6.6,1.6,4.6,2.98,Moderate,Millennials
26317,4.7,1.8,7.3,1.3,3.9,3.51,Moderate,Millennials
26318,6.1,0.0,6.9,1.0,6.4,3.06,High,Millennials
26319,7.7,4.0,7.2,3.5,4.5,3.51,Moderate,Millennials
26320,7.0,3.0,7.6,2.8,5.8,2.91,Moderate,Millennials
26321,4.5,1.4,9.4,1.9,3.5,2.99,Low,Millennials
26322,4.0,3.1,7.7,1.7,5.9,2.93,Low,Millennials
26323,3.2,1.9,7.3,2.2,1.8,3.28,Moderate,Millennials
26324,1.7,0.1,7.1,2.3,3.1,2.39,Low,Millennials
26325,7.8,1.8,8.8,1.5,6.5,3.35,Moderate,Millennials
26326,6.8,0.3,8.7,0.5,4.9,2.94,Moderate,Millennials
26327,5.4,1.8,7.8,0.5,5.1,3.04,Moderate,Millennials
26328,4.8,1.9,6.5,3.6,2.5,2.85,High,Millennials
26329,3.7,2.0,6.9,0.3,2.9,2.87,Moderate,Millennials
26330,5.9,1.2,8.2,1.1,1.0,3.27,Low,Millennials
26331,5.1,2.8,8.4,3.6,5.4,3.28,Moderate,Millennials
26332,5.3,2.2,8.2,2.3,1.4,3.31,Moderate,Millennials
26333,4.8,0.7,7.6,1.5,4.3,3.28,Low,Millennials
26334,4.4,2.4,6.6,1.5,0.9,3.55,Moderate,Millennials
26335,7.5,3.5,8.2,2.9,1.9,3.13,Moderate,Millennials
26336,5.6,2.4,8.3,1.5,4.4,3.01,Moderate,Millennials
26337,6.6,1.1,8.3,1.0,5.4,3.04,Moderate,Millennials
26338,5.0,1.7,6.8,2.9,5.9,2.67,Moderate,Millennials
26339,6.9,3.8,6.8,0.1,3.3,2.93,Moderate,Millennials
26340,4.6,1.8,7.8,1.3,3.2,3.39,Low,Millennials
26341,5.0,2.8,8.9,1.2,1.9,2.59,Moderate,Millennials
26342,5.1,2.0,8.4,1.1,2.8,3.7,Low,Millennials
26343,6.5,2.9,9.6,2.3,3.5,2.71,Moderate,Millennials
26344,3.8,1.8,8.5,0.9,3.6,3.05,Moderate,Millennials
26345,5.5,0.0,7.6,3.1,1.9,3.02,Moderate,Millennials
26346,4.7,1.5,6.7,2.6,5.5,3.32,Moderate,Millennials
26347,7.2,2.1,8.4,3.9,2.3,3.1,Low,Millennials
26348,6.2,1.2,9.2,1.8,6.6,3.07,Moderate,Millennials
26349,5.3,0.2,9.6,1.2,4.9,3.24,Low,Millennials
26350,5.4,1.8,7.2,4.3,0.3,3.17,Moderate,Millennials
26351,5.0,1.6,7.1,1.5,4.6,2.75,Low,Millennials
26352,4.6,3.0,7.9,2.2,3.3,3.02,Moderate,Millennials
26353,6.7,0.7,7.9,1.2,4.2,3.16,Moderate,Millennials
26354,5.1,3.3,7.6,1.3,4.3,3.35,Moderate,Millennials
26355,3.5,3.4,8.2,0.8,2.3,2.28,Low,Millennials
26356,5.4,2.6,8.3,1.8,4.2,2.98,High,Millennials
26357,6.8,1.5,7.8,2.0,2.5,2.52,Moderate,Millennials
26358,5.9,4.9,7.6,1.1,4.3,2.96,Moderate,Millennials
26359,5.3,2.9,7.8,3.9,2.8,2.76,High,Millennials
26360,5.0,0.5,8.7,2.6,2.7,3.53,Moderate,Millennials
26361,3.9,1.0,9.1,1.1,5.7,3.05,Moderate,Millennials
26362,6.9,2.8,7.4,3.8,5.0,3.51,Low,Millennials
26363,5.2,3.3,7.1,1.9,4.0,2.67,Moderate,Millennials
26364,7.2,1.3,8.7,3.0,0.8,2.94,Low,Millennials
26365,4.1,1.7,8.0,2.1,4.9,2.96,Low,Millennials
26366,5.3,1.3,8.1,2.6,3.6,2.92,Moderate,Millennials
26367,8.3,3.8,8.4,2.8,4.6,3.17,Moderate,Millennials
26368,4.3,0.0,10.0,2.2,6.3,3.09,Moderate,Millennials
26369,4.9,1.9,8.0,2.0,4.7,2.82,Low,Millennials
26370,5.6,1.7,6.5,0.4,4.2,3.28,Low,Millennials
26371,6.4,2.2,9.4,2.6,1.8,3.18,Moderate,Millennials
26372,6.4,3.4,6.8,1.9,3.2,3.3,Low,Millennials
26373,6.2,2.9,7.5,1.1,3.7,3.12,Moderate,Millennials
26374,5.0,2.1,7.2,1.3,5.5,3.44,Low,Millennials
26375,8.5,3.1,7.9,2.9,4.7,2.86,Moderate,Millennials
26376,5.1,3.6,7.7,1.1,5.7,2.92,Moderate,Millennials
26377,5.5,2.5,8.1,2.1,3.8,3.06,Moderate,Millennials
26378,4.3,1.3,7.9,3.3,7.4,2.66,Moderate,Millennials
26379,5.7,3.5,7.1,2.2,4.0,3.01,Moderate,Millennials
26380,4.3,1.6,7.0,1.1,5.5,3.06,Low,Millennials
26381,6.6,4.1,7.0,1.4,4.5,2.6,Moderate,Millennials
26382,4.4,3.6,7.4,2.3,4.9,3.08,Low,Millennials
26383,6.1,2.7,6.9,1.4,4.2,2.7,Low,Millennials
26384,7.4,1.9,6.7,2.2,5.4,3.23,Low,Millennials
26385,5.8,2.3,5.9,2.7,3.2,2.71,Moderate,Millennials
26386,6.0,2.5,7.0,2.2,3.2,2.31,Low,Millennials
26387,5.6,2.1,7.7,1.9,5.4,3.04,Low,Millennials
26388,5.2,1.1,8.9,1.2,5.6,3.47,Low,Millennials
26389,6.5,1.2,8.4,1.6,4.9,2.99,Low,Millennials
26390,7.7,1.0,5.2,0.4,5.5,2.91,Moderate,Millennials
26391,7.1,3.4,7.2,2.6,4.7,3.15,High,Millennials
26392,3.7,0.0,7.4,2.3,3.0,3.18,Low,Millennials
26393,7.1,2.2,7.1,1.4,3.5,3.39,Low,Millennials
26394,6.8,2.6,8.1,0.8,3.3,2.84,Moderate,Millennials
26395,4.9,3.2,9.1,2.3,5.2,2.96,Moderate,Millennials
26396,7.5,4.1,8.1,1.2,1.9,2.69,Moderate,Millennials
26397,5.4,2.3,9.3,2.3,3.3,3.6,Moderate,Millennials
26398,4.8,4.4,7.6,3.2,5.7,3.04,Moderate,Millennials
26399,4.3,2.5,7.1,2.4,5.1,2.99,Low,Millennials
26400,4.9,3.4,7.5,1.2,4.4,2.87,Moderate,Millennials
26401,6.4,2.2,8.7,1.7,5.6,3.08,Low,Millennials
26402,5.2,2.1,7.6,1.6,4.2,3.12,Moderate,Millennials
26403,6.1,4.9,6.4,1.0,6.6,2.95,High,Millennials
26404,6.3,0.8,9.2,1.9,4.8,3.12,Low,Millennials
26405,5.7,2.2,6.4,1.6,4.4,3.85,Moderate,Millennials
26406,6.2,2.6,7.4,3.3,4.1,2.5,Moderate,Millennials
26407,4.4,1.7,6.5,1.9,1.9,2.82,Moderate,Millennials
26408,3.0,2.3,8.4,1.5,2.6,2.9,Low,Millennials
26409,4.7,3.4,9.9,2.4,3.4,2.91,Moderate,Millennials
26410,7.9,1.5,9.3,1.8,1.9,3.07,Moderate,Millennials
26411,7.5,2.3,7.6,0.0,2.3,3.67,Low,Millennials
26412,4.9,3.0,8.8,2.3,5.1,3.11,Low,Millennials
26413,5.4,2.9,7.3,2.3,5.2,2.73,Moderate,Millennials
26414,8.2,4.3,8.5,2.1,2.2,3.48,Moderate,Millennials
26415,8.1,2.5,8.5,1.4,3.6,2.74,Low,Millennials
26416,6.8,3.2,7.2,2.7,3.4,2.66,Moderate,Millennials
26417,5.6,2.6,7.1,2.7,2.6,3.16,Moderate,Millennials
26418,6.8,2.8,9.1,1.7,2.5,2.85,Moderate,Millennials
26419,5.3,1.4,6.6,2.9,6.9,3.13,Low,Millennials
26420,8.5,1.8,6.8,1.5,4.9,3.33,Low,Millennials
26421,3.5,2.2,7.7,2.0,2.8,2.82,Low,Millennials
26422,6.9,0.0,6.7,1.4,5.1,3.2,High,Millennials
26423,2.5,1.7,7.7,1.2,6.0,3.4,Moderate,Millennials
26424,5.7,2.1,8.8,2.7,5.2,2.93,Moderate,Millennials
26425,6.8,2.2,6.3,0.2,3.3,2.97,Moderate,Millennials
26426,5.0,3.1,7.4,1.0,2.4,3.05,High,Millennials
26427,6.7,1.8,8.4,3.2,4.2,3.04,Low,Millennials
26428,5.5,3.2,7.5,1.8,5.4,3.37,Moderate,Millennials
26429,6.1,2.2,7.2,3.3,5.3,3.37,Low,Millennials
26430,6.5,2.6,8.3,2.9,4.2,3.55,Moderate,Millennials
26431,7.3,2.2,7.9,1.2,3.9,4.0,Moderate,Millennials
26432,5.6,4.0,8.3,2.3,3.9,3.51,Moderate,Millennials
26433,5.5,2.8,8.9,2.3,5.0,2.45,Moderate,Millennials
26434,7.1,1.9,6.6,2.3,1.8,3.18,Low,Millennials
26435,6.5,2.3,7.4,2.4,3.9,3.01,Moderate,Millennials
26436,4.5,1.9,6.6,3.7,3.9,3.18,Moderate,Millennials
26437,5.8,4.7,7.6,1.6,4.1,3.07,Low,Millennials
26438,4.9,1.3,7.1,0.0,2.6,2.33,High,Millennials
26439,5.6,1.1,6.3,2.2,4.9,3.1,High,Millennials
26440,8.5,1.4,7.7,2.4,3.5,3.0,Moderate,Millennials
26441,5.7,1.5,7.9,2.9,7.0,3.27,Low,Millennials
26442,5.5,2.3,8.1,2.6,5.7,3.44,High,Millennials
26443,5.7,1.1,9.4,1.2,1.3,2.89,Moderate,Millennials
26444,5.6,0.2,8.5,4.5,4.8,3.04,Moderate,Millennials
26445,4.8,3.4,8.4,2.5,3.4,2.65,Moderate,Millennials
26446,3.9,0.0,8.1,1.2,5.6,2.72,Moderate,Millennials
26447,8.6,1.5,7.8,3.3,1.2,3.15,Low,Millennials
26448,4.8,0.8,8.7,1.5,3.4,3.26,High,Millennials
26449,4.8,3.3,8.0,3.5,3.7,2.61,Low,Millennials
26450,5.2,2.2,8.5,2.4,4.8,2.73,Low,Millennials
26451,5.2,2.5,8.2,4.7,2.8,3.18,Low,Millennials
26452,5.1,1.7,6.8,0.9,6.9,3.17,High,Millennials
26453,4.4,1.9,7.9,3.4,5.0,2.98,High,Millennials
26454,6.8,3.1,9.4,2.1,6.4,3.06,Low,Millennials
26455,4.7,2.3,7.6,0.9,2.3,2.81,Low,Millennials
26456,5.6,2.6,9.3,0.5,2.9,2.65,Low,Millennials
26457,5.1,0.7,7.5,1.9,6.0,2.92,Moderate,Millennials
26458,6.8,0.7,7.6,2.3,4.0,2.84,Moderate,Millennials
26459,4.8,0.9,7.3,2.1,4.8,3.24,Low,Millennials
26460,6.8,3.1,8.8,3.1,3.6,2.79,Moderate,Millennials
26461,7.9,1.9,9.2,2.6,4.9,3.34,Moderate,Millennials
26462,7.3,3.3,8.2,2.4,6.1,3.16,Moderate,Millennials
26463,7.6,2.0,10.0,3.4,2.4,3.05,Moderate,Millennials
26464,4.6,2.5,7.7,1.6,4.1,2.87,Moderate,Millennials
26465,6.3,1.8,8.0,1.9,3.3,3.06,Low,Millennials
26466,4.8,3.6,8.9,0.7,4.8,2.88,High,Millennials
26467,6.0,0.9,8.0,2.4,2.2,2.98,High,Millennials
26468,4.8,1.9,8.4,2.4,5.7,3.05,Low,Millennials
26469,5.1,2.5,7.1,4.0,3.6,2.83,High,Millennials
26470,3.9,3.0,8.6,1.7,4.3,3.43,Moderate,Millennials
26471,5.3,4.0,8.5,4.2,3.5,3.19,Moderate,Millennials
26472,3.7,2.1,6.8,2.1,4.0,2.92,Moderate,Millennials
26473,4.3,0.9,7.0,1.2,3.9,2.48,High,Millennials
26474,5.8,0.5,6.0,2.2,5.9,2.83,Moderate,Millennials
26475,5.8,2.9,6.7,1.2,5.1,2.97,Moderate,Millennials
26476,7.8,3.0,8.7,2.3,4.0,3.0,Low,Millennials
26477,6.5,2.6,8.6,1.7,2.6,3.06,Low,Millennials
26478,8.4,0.2,7.1,3.0,5.9,2.91,Moderate,Millennials
26479,4.9,1.5,8.3,0.0,5.4,2.6,Low,Millennials
26480,4.1,2.4,8.6,2.3,2.8,3.05,Moderate,Millennials
26481,4.6,1.7,6.4,4.5,3.8,2.95,Low,Millennials
26482,8.3,2.4,9.9,2.8,1.3,2.88,Moderate,Millennials
26483,6.7,1.6,7.6,2.9,4.3,3.15,Low,Millennials
26484,7.1,1.7,8.1,3.2,2.0,2.78,Low,Millennials
26485,5.2,4.3,7.6,2.8,2.8,3.25,Low,Millennials
26486,2.6,4.4,6.8,2.9,4.7,3.05,High,Millennials
26487,6.0,1.1,6.1,3.2,2.5,3.43,Low,Millennials
26488,5.0,0.2,9.0,2.6,3.0,2.67,Low,Millennials
26489,6.4,1.8,7.3,0.0,3.7,3.21,Low,Millennials
26490,4.0,3.8,8.8,1.2,5.1,3.49,Moderate,Millennials
26491,4.1,2.2,8.6,0.9,4.7,2.9,Low,Millennials
26492,7.3,0.0,7.2,3.0,5.1,3.02,Low,Millennials
26493,6.5,2.3,8.0,2.3,5.1,3.5,Moderate,Millennials
26494,5.9,1.3,8.5,2.2,4.7,3.12,Moderate,Millennials
26495,5.5,2.3,9.4,0.0,6.0,2.57,Low,Millennials
26496,6.9,3.0,8.4,2.1,3.5,2.74,Low,Millennials
26497,6.0,1.6,8.4,0.8,7.8,2.89,Low,Millennials
26498,3.1,0.6,7.6,3.7,3.6,3.08,High,Millennials
26499,8.1,2.0,9.0,1.8,6.6,2.83,Moderate,Millennials
26500,6.0,3.4,7.3,1.4,5.0,2.94,Moderate,Millennials
26501,7.1,2.8,6.4,2.7,2.8,3.08,Moderate,Millennials
26502,4.2,2.2,7.7,1.8,3.2,3.2,Moderate,Millennials
26503,6.1,1.4,7.2,3.1,5.4,2.9,Moderate,Millennials
26504,6.8,1.8,8.4,1.8,4.9,2.81,Moderate,Millennials
26505,5.1,1.4,7.1,2.6,4.1,3.15,Moderate,Millennials
26506,5.9,2.5,7.3,5.1,3.5,3.22,Low,Millennials
26507,5.5,2.2,8.1,3.6,4.5,2.74,Low,Millennials
26508,6.4,2.0,8.1,2.0,3.5,3.02,Moderate,Millennials
26509,3.8,2.7,8.8,3.6,4.0,2.77,Moderate,Millennials
26510,6.1,0.5,8.2,0.3,6.3,3.01,Moderate,Millennials
26511,5.7,1.7,7.7,3.5,1.7,3.0,Moderate,Millennials
26512,5.1,1.8,8.3,1.2,2.7,2.56,High,Millennials
26513,6.9,2.0,7.3,2.7,5.4,3.01,Low,Millennials
26514,3.3,1.3,6.3,2.2,4.9,3.01,Moderate,Millennials
26515,3.4,2.3,6.7,3.4,2.5,2.38,Moderate,Millennials
26516,7.8,3.7,7.5,2.2,3.7,3.01,Moderate,Millennials
26517,7.4,1.5,8.1,2.0,4.5,2.73,Moderate,Millennials
26518,9.3,3.9,9.1,1.6,6.2,2.97,Moderate,Millennials
26519,5.7,2.2,8.2,1.6,5.0,2.92,Moderate,Millennials
26520,5.9,2.1,7.1,2.3,2.8,2.45,Low,Millennials
26521,4.8,1.4,6.5,2.2,5.2,3.38,Low,Millennials
26522,7.1,2.0,7.0,2.3,3.7,2.88,High,Millennials
26523,6.3,3.3,8.1,2.5,5.4,3.13,Low,Millennials
26524,6.5,2.9,6.0,0.2,3.1,2.12,Low,Millennials
26525,4.5,1.9,7.2,1.7,5.4,2.95,Low,Millennials
26526,5.7,2.0,7.6,1.1,2.4,2.62,Moderate,Millennials
26527,6.1,3.3,8.5,1.4,3.5,3.56,Moderate,Millennials
26528,6.8,1.6,6.4,0.1,4.5,2.68,Low,Millennials
26529,7.5,1.8,7.4,2.1,3.5,2.93,Moderate,Millennials
26530,5.9,2.5,6.2,1.0,0.9,3.11,Low,Millennials
26531,8.0,4.3,7.0,2.3,3.1,3.47,Moderate,Millennials
26532,5.5,3.4,7.9,0.6,3.7,2.75,Moderate,Millennials
26533,6.2,1.4,7.6,3.3,1.6,2.86,Low,Millennials
26534,8.1,2.7,7.1,3.0,4.9,3.16,Low,Millennials
26535,4.3,2.6,8.0,1.7,5.8,3.21,Moderate,Millennials
26536,7.0,1.6,6.8,4.3,4.7,2.74,High,Millennials
26537,6.5,4.2,7.6,1.3,5.4,3.47,Low,Millennials
26538,6.3,0.5,7.8,3.0,3.7,2.87,High,Millennials
26539,4.4,2.1,8.2,1.6,4.0,3.01,Low,Millennials
26540,7.0,3.4,7.6,3.7,7.5,3.05,High,Millennials
26541,7.0,2.2,7.4,2.5,4.8,3.14,Moderate,Millennials
26542,7.0,2.6,7.7,1.3,5.0,3.33,Low,Millennials
26543,6.4,0.0,7.7,0.6,4.6,3.1,Moderate,Millennials
26544,7.3,0.3,7.7,3.9,3.4,3.31,Low,Millennials
26545,8.2,2.2,7.3,2.3,6.1,2.6,Moderate,Millennials
26546,6.8,5.1,6.3,2.4,5.2,2.86,Moderate,Millennials
26547,6.0,1.3,8.0,0.8,4.8,3.26,Moderate,Millennials
26548,6.2,0.4,7.9,3.7,6.2,2.8,Low,Millennials
26549,7.7,2.4,8.5,2.5,4.3,3.4,Low,Millennials
26550,5.6,1.5,8.3,0.3,4.7,3.21,Moderate,Millennials
26551,8.2,4.1,9.0,2.9,4.7,2.89,High,Millennials
26552,4.5,4.0,8.4,1.9,4.3,3.25,Low,Millennials
26553,5.8,1.9,6.7,2.4,3.6,2.93,Low,Millennials
26554,4.5,3.7,8.5,3.5,4.5,3.04,Moderate,Millennials
26555,5.6,1.4,8.7,3.0,3.7,2.53,Low,Millennials
26556,5.1,2.7,6.9,2.7,5.1,3.02,Low,Millennials
26557,5.2,1.3,8.3,2.1,6.7,2.91,Moderate,Millennials
26558,3.3,1.3,8.2,2.1,2.8,3.27,Low,Millennials
26559,6.3,2.7,7.2,3.3,4.7,2.86,Moderate,Millennials
26560,6.5,1.9,7.1,1.4,3.3,2.57,Low,Millennials
26561,5.1,3.7,7.1,2.6,3.0,3.3,Low,Millennials
26562,6.5,1.9,7.3,0.4,2.5,2.35,Low,Millennials
26563,4.4,2.4,8.6,0.8,5.3,3.17,Low,Millennials
26564,8.0,1.5,7.4,2.4,4.3,3.08,Moderate,Millennials
26565,6.3,1.7,8.8,1.9,7.7,3.01,Low,Millennials
26566,5.6,1.7,7.8,3.4,5.1,3.47,Moderate,Millennials
26567,5.4,0.9,8.3,2.4,5.3,3.12,Low,Millennials
26568,4.0,1.3,6.3,0.5,6.2,2.97,Moderate,Millennials
26569,7.3,1.1,9.7,1.7,4.1,2.91,High,Millennials
26570,5.8,1.6,8.3,0.5,6.1,2.72,Moderate,Millennials
26571,4.0,2.5,7.9,2.7,6.2,3.16,High,Millennials
26572,6.1,2.3,7.4,1.7,5.1,2.54,Low,Millennials
26573,4.2,0.2,8.3,2.2,5.9,2.99,High,Millennials
26574,7.5,1.5,7.8,1.3,5.8,3.06,Low,Millennials
26575,7.5,0.5,8.7,1.8,5.6,3.16,Low,Millennials
26576,7.4,0.6,8.4,3.7,3.5,3.37,High,Millennials
26577,5.5,3.0,8.0,3.9,1.7,3.09,High,Millennials
26578,5.1,2.8,8.4,3.7,6.2,3.24,Moderate,Millennials
26579,7.8,2.1,6.7,2.7,3.6,3.33,Moderate,Millennials
26580,6.2,2.0,8.4,2.3,6.9,2.98,High,Millennials
26581,3.9,3.1,9.5,2.8,6.6,2.72,Moderate,Millennials
26582,5.9,2.1,6.4,4.0,4.3,3.06,Moderate,Millennials
26583,5.8,0.5,7.1,2.2,5.0,2.46,Moderate,Millennials
26584,5.6,0.4,7.4,5.0,1.7,2.8,Moderate,Millennials
26585,5.0,1.8,7.1,2.1,4.0,3.34,Moderate,Millennials
26586,5.4,1.7,7.0,1.5,3.1,2.91,Moderate,Millennials
26587,4.8,2.5,7.1,3.0,2.1,2.97,High,Millennials
26588,5.1,2.4,8.8,2.5,4.2,3.38,Low,Millennials
26589,6.0,1.0,7.5,3.1,2.4,2.99,Moderate,Millennials
26590,8.4,2.4,7.6,2.5,4.9,3.55,Low,Millennials
26591,4.9,1.4,6.4,2.6,4.9,3.28,Low,Millennials
26592,5.6,2.7,7.7,2.7,3.6,3.05,Moderate,Millennials
26593,6.1,2.3,6.9,3.0,4.8,2.74,Moderate,Millennials
26594,4.0,4.0,7.8,3.1,3.1,3.27,Moderate,Millennials
26595,6.4,1.9,8.0,2.6,2.5,3.15,Moderate,Millennials
26596,8.1,0.3,8.5,3.1,6.8,2.82,Moderate,Millennials
26597,6.5,2.0,9.0,3.0,4.3,3.01,Moderate,Millennials
26598,5.5,2.3,7.0,1.3,3.5,2.8,Moderate,Millennials
26599,3.8,0.6,7.5,3.0,3.9,3.07,High,Millennials
26600,5.3,2.7,8.6,1.6,4.3,3.09,Low,Millennials
26601,3.5,3.7,8.1,0.9,4.2,2.79,Low,Millennials
26602,7.4,3.0,8.9,2.2,2.7,3.08,Moderate,Millennials
26603,6.0,2.3,8.8,2.5,1.7,3.16,Moderate,Millennials
26604,5.4,1.7,7.2,2.3,4.4,2.84,Low,Millennials
26605,7.1,0.5,7.5,3.8,7.8,2.9,Low,Millennials
26606,4.7,0.8,6.7,3.0,1.5,2.97,Moderate,Millennials
26607,8.0,2.2,9.1,3.4,3.6,2.86,High,Millennials
26608,5.2,0.9,7.6,0.6,4.9,3.38,Moderate,Millennials
26609,4.9,0.0,8.6,3.1,4.5,2.5,Moderate,Millennials
26610,4.4,2.1,6.7,2.5,4.0,3.16,Moderate,Millennials
26611,7.6,3.2,7.4,3.4,3.4,2.8,Low,Millennials
26612,5.4,2.1,6.3,2.5,3.6,2.96,Moderate,Millennials
26613,5.4,3.8,8.2,1.6,5.4,3.1,Moderate,Millennials
26614,5.4,2.3,7.3,1.6,2.4,2.71,Low,Millennials
26615,6.5,2.4,8.4,2.1,6.0,2.91,Moderate,Millennials
26616,5.9,2.6,8.5,3.2,0.0,2.73,Moderate,Millennials
26617,3.4,2.9,7.3,1.2,5.8,2.47,Moderate,Millennials
26618,7.2,3.5,9.1,3.9,2.8,3.06,Moderate,Millennials
26619,5.6,4.1,8.5,3.4,4.7,3.06,High,Millennials
26620,6.1,1.9,7.1,0.2,3.1,2.88,Moderate,Millennials
26621,3.0,1.5,7.5,2.3,5.2,3.01,Low,Millennials
26622,7.4,1.8,8.1,0.0,7.0,3.44,High,Millennials
26623,6.1,2.4,7.7,3.1,1.8,3.03,Moderate,Millennials
26624,5.4,0.0,8.3,2.2,4.0,2.85,Low,Millennials
26625,5.7,2.5,8.1,2.5,2.7,2.64,Moderate,Millennials
26626,3.6,4.5,8.0,2.0,4.1,2.68,Low,Millennials
26627,4.6,0.0,8.7,2.6,2.9,3.72,Moderate,Millennials
26628,6.7,1.8,7.9,2.3,3.6,3.78,Low,Millennials
26629,4.7,1.6,6.8,2.3,5.8,3.23,Moderate,Millennials
26630,5.3,1.2,6.6,0.0,4.0,2.48,Low,Millennials
26631,4.6,3.3,9.5,2.3,4.1,2.3,Moderate,Millennials
26632,7.1,3.5,7.2,2.9,5.6,3.33,Moderate,Millennials
26633,6.1,2.7,8.0,2.3,4.2,3.08,Moderate,Millennials
26634,6.3,1.5,7.6,2.7,2.7,3.32,Low,Millennials
26635,4.8,0.8,6.9,2.1,3.7,2.77,High,Millennials
26636,4.1,0.0,7.5,1.1,4.0,3.2,Low,Millennials
26637,8.8,0.2,7.2,4.0,3.0,3.3,High,Millennials
26638,4.9,2.7,8.5,3.7,5.2,3.18,Moderate,Millennials
26639,6.1,3.8,7.4,4.9,6.1,2.93,Low,Millennials
26640,6.4,3.1,8.7,1.4,2.2,2.72,Moderate,Millennials
26641,6.4,2.1,7.3,0.0,5.8,2.98,Moderate,Millennials
26642,6.1,2.0,7.4,2.1,4.4,3.19,Low,Millennials
26643,7.9,0.0,7.6,3.1,4.5,3.29,Moderate,Millennials
26644,6.0,1.6,7.9,1.6,5.2,3.08,Moderate,Millennials
26645,5.6,1.2,7.6,4.9,3.6,2.93,Low,Millennials
26646,6.8,1.1,7.6,1.9,2.2,3.26,Moderate,Millennials
26647,5.4,2.5,7.2,2.2,4.0,3.63,Moderate,Millennials
26648,6.8,1.2,8.5,0.0,2.8,3.57,Moderate,Millennials
26649,5.9,1.5,6.6,0.8,3.6,2.51,Low,Millennials
26650,6.2,2.0,6.1,2.4,3.4,3.33,Moderate,Millennials
26651,4.2,2.1,7.6,2.5,3.8,3.17,High,Millennials
26652,7.0,3.0,8.0,0.5,2.9,3.15,High,Millennials
26653,6.5,1.0,7.3,1.0,3.2,2.8,Moderate,Millennials
26654,5.8,1.2,7.8,1.9,3.7,3.4,Low,Millennials
26655,7.1,0.8,8.0,2.2,2.6,2.76,High,Millennials
26656,3.8,1.7,7.1,2.6,4.6,2.72,Moderate,Millennials
26657,6.5,3.1,6.7,1.1,2.0,2.83,Moderate,Millennials
26658,5.8,1.0,7.5,0.5,6.4,3.2,High,Millennials
26659,5.4,1.8,6.9,3.1,3.6,2.77,Moderate,Millennials
26660,6.5,0.9,8.3,1.3,7.8,3.09,Low,Millennials
26661,5.8,1.4,6.4,0.2,3.8,3.01,Moderate,Millennials
26662,4.8,0.4,6.5,0.6,4.3,2.69,High,Millennials
26663,4.7,3.1,8.5,1.9,4.8,3.14,Moderate,Millennials
26664,4.3,1.9,6.8,2.1,4.0,3.22,Low,Millennials
26665,6.9,2.4,8.2,3.0,5.3,2.55,Moderate,Millennials
26666,5.7,1.9,7.7,2.6,4.5,3.42,Low,Millennials
26667,3.6,1.1,6.7,4.0,2.1,3.07,Moderate,Millennials
26668,5.7,2.0,6.9,1.5,4.6,2.9,Moderate,Millennials
26669,7.2,3.2,7.4,1.6,4.4,2.59,Moderate,Millennials
26670,5.3,3.3,7.0,1.3,4.8,3.3,Low,Millennials
26671,8.2,3.3,8.7,2.0,3.8,3.1,Moderate,Millennials
26672,5.6,1.0,6.1,1.7,4.7,2.78,Moderate,Millennials
26673,5.8,2.4,6.8,3.2,4.1,3.11,Low,Millennials
26674,9.1,1.8,8.4,2.6,3.3,2.69,Low,Millennials
26675,6.4,3.0,6.1,3.6,5.6,2.8,Moderate,Millennials
26676,3.9,2.4,6.6,2.8,3.5,3.18,Moderate,Millennials
26677,5.5,3.5,7.1,1.6,4.0,3.11,Moderate,Millennials
26678,7.1,1.5,7.1,3.3,6.0,2.81,Moderate,Millennials
26679,6.1,0.9,7.5,3.5,4.6,3.03,Moderate,Millennials
26680,8.7,1.5,9.6,0.4,6.4,3.05,Low,Millennials
26681,6.1,3.4,7.5,0.7,2.8,2.98,High,Millennials
26682,3.8,1.4,7.8,1.9,3.4,3.12,Low,Millennials
26683,6.1,2.0,8.7,1.2,3.3,3.06,Low,Millennials
26684,7.5,3.0,7.5,3.2,5.6,3.11,Moderate,Millennials
26685,4.3,1.3,6.5,1.3,5.0,2.77,Moderate,Millennials
26686,4.9,2.5,7.1,2.9,4.8,3.3,Low,Millennials
26687,5.2,4.9,8.3,2.8,4.6,3.59,Low,Millennials
26688,2.2,1.9,9.2,0.3,5.3,2.92,Moderate,Millennials
26689,5.7,2.6,8.2,0.5,4.4,2.92,Moderate,Millennials
26690,5.0,1.9,9.2,2.2,4.2,2.72,High,Millennials
26691,3.8,2.2,8.0,2.9,4.0,3.12,Low,Millennials
26692,6.0,0.6,8.0,3.8,3.6,3.09,Moderate,Millennials
26693,3.5,2.1,7.6,3.1,5.8,3.44,Moderate,Millennials
26694,6.0,2.0,7.5,2.8,4.2,2.79,Low,Millennials
26695,4.0,2.4,8.1,2.9,3.5,3.0,High,Millennials
26696,4.6,2.7,8.5,2.9,2.0,3.21,Low,Millennials
26697,3.6,2.0,9.2,2.3,2.1,3.23,Low,Millennials
26698,5.3,2.2,9.7,3.3,2.9,3.09,Low,Millennials
26699,6.4,1.0,9.2,2.5,4.0,2.62,Moderate,Millennials
26700,5.5,2.0,8.2,0.3,4.4,2.9,High,Millennials
26701,7.6,2.1,7.9,1.3,3.9,2.84,Low,Millennials
26702,5.1,2.3,7.1,2.4,2.9,3.46,High,Millennials
26703,6.6,2.4,9.3,0.0,4.1,3.42,Moderate,Millennials
26704,4.8,0.5,6.9,0.7,6.5,2.76,Moderate,Millennials
26705,6.0,3.5,8.1,1.1,4.5,2.82,Moderate,Millennials
26706,8.1,2.3,8.7,1.1,2.9,2.6,Low,Millennials
26707,3.2,4.2,8.6,1.1,4.7,2.78,Moderate,Millennials
26708,4.5,1.9,8.5,0.8,2.8,3.33,High,Millennials
26709,5.1,2.3,7.5,2.8,5.5,3.51,High,Millennials
26710,5.0,1.8,8.7,1.9,5.6,2.91,Moderate,Millennials
26711,5.6,0.6,5.7,2.8,5.3,2.91,Low,Millennials
26712,5.5,2.0,7.7,1.6,2.8,2.56,High,Millennials
26713,6.3,2.2,9.3,1.4,7.4,2.37,Low,Millennials
26714,6.9,0.0,8.4,3.2,3.6,3.21,Moderate,Millennials
26715,4.4,1.9,8.5,3.4,2.7,3.0,Low,Millennials
26716,4.7,2.3,7.3,0.0,3.0,2.75,Low,Millennials
26717,5.3,2.7,8.2,1.2,2.2,3.1,Moderate,Millennials
26718,6.9,1.5,8.7,2.9,2.8,2.57,Moderate,Millennials
26719,5.7,1.3,6.7,3.2,3.8,3.11,Low,Millennials
26720,5.8,0.7,7.2,3.0,3.5,3.17,High,Millennials
26721,3.4,1.8,8.2,3.6,7.0,3.03,High,Millennials
26722,7.1,3.2,8.9,2.4,2.6,2.47,Low,Millennials
26723,6.1,4.1,6.8,2.5,5.6,2.64,Low,Millennials
26724,5.4,2.7,7.8,3.2,4.9,2.63,High,Millennials
26725,6.6,3.5,8.5,0.5,6.4,3.71,High,Millennials
26726,5.1,0.1,6.7,0.8,7.5,3.25,Moderate,Millennials
26727,6.2,2.7,9.3,2.4,5.5,2.59,Moderate,Millennials
26728,8.9,2.0,7.6,2.1,1.0,2.93,Moderate,Millennials
26729,6.8,1.4,5.4,1.5,1.9,3.33,High,Millennials
26730,3.1,1.5,8.7,1.4,3.3,2.96,Moderate,Millennials
26731,5.2,2.7,8.0,2.2,2.1,2.15,High,Millennials
26732,6.7,4.3,7.7,0.8,5.4,2.86,Moderate,Millennials
26733,5.9,2.2,6.0,0.9,3.1,2.79,Low,Millennials
26734,5.2,1.8,8.0,3.4,4.8,3.09,Moderate,Millennials
26735,7.5,1.6,7.8,3.8,2.5,2.98,High,Millennials
26736,7.1,3.2,6.7,1.8,5.9,2.82,High,Millennials
26737,6.1,1.3,7.5,1.8,3.9,3.5,Moderate,Millennials
26738,5.4,1.6,9.0,0.4,3.2,2.83,Moderate,Millennials
26739,3.4,1.5,6.8,2.4,5.8,2.73,Moderate,Millennials
26740,5.3,1.9,6.4,3.0,5.4,2.81,Low,Millennials
26741,5.9,1.5,8.5,2.3,7.5,3.02,Moderate,Millennials
26742,6.6,4.0,7.3,3.6,4.5,3.04,Low,Millennials
26743,7.6,1.4,7.5,3.9,3.6,3.16,Low,Millennials
26744,3.8,3.9,8.7,1.4,4.7,3.08,Low,Millennials
26745,4.6,1.4,8.3,2.6,3.2,2.8,High,Millennials
26746,7.1,4.3,7.9,0.7,3.9,2.72,Moderate,Millennials
26747,5.1,3.8,9.0,2.1,0.7,3.19,Low,Millennials
26748,5.3,3.5,8.8,2.1,1.9,3.0,High,Millennials
26749,6.0,2.5,8.7,0.8,6.2,2.68,Low,Millennials
26750,3.6,2.1,8.2,2.3,4.0,2.73,High,Millennials
26751,5.9,4.5,7.9,1.5,4.3,3.01,Low,Millennials
26752,7.0,2.4,8.8,2.9,6.5,2.72,Low,Millennials
26753,5.9,3.1,8.0,1.9,5.2,3.7,Moderate,Millennials
26754,7.4,3.8,7.8,4.4,6.3,3.3,Low,Millennials
26755,6.2,3.4,9.4,3.1,6.4,3.05,High,Millennials
26756,5.1,3.0,9.2,1.1,4.0,2.73,Moderate,Millennials
26757,4.8,1.3,7.2,1.2,4.3,3.03,Low,Millennials
26758,4.8,1.6,7.2,2.0,2.1,2.76,Low,Millennials
26759,3.5,1.9,8.9,0.7,4.5,3.02,Moderate,Millennials
26760,6.5,2.4,7.4,0.6,4.4,3.2,Moderate,Millennials
26761,5.7,2.9,7.7,2.6,4.0,3.05,High,Millennials
26762,6.4,1.8,6.4,2.5,4.2,2.71,Low,Millennials
26763,5.5,0.9,8.3,2.4,4.9,3.07,Low,Millennials
26764,5.6,1.5,8.1,0.6,4.7,2.83,Moderate,Millennials
26765,4.7,1.5,9.5,3.2,3.2,2.93,Low,Millennials
26766,4.9,1.0,6.1,2.2,6.4,2.84,Moderate,Millennials
26767,4.8,4.2,8.1,3.6,0.8,3.39,Low,Millennials
26768,8.3,2.7,7.2,2.8,7.2,3.06,High,Millennials
26769,6.7,3.0,7.8,0.0,5.1,3.47,Moderate,Millennials
26770,5.4,2.7,8.0,1.9,3.7,2.82,Moderate,Millennials
26771,6.9,1.3,7.3,1.7,2.4,2.8,Moderate,Millennials
26772,3.2,1.5,7.0,2.6,3.5,3.19,Low,Millennials
26773,7.1,2.8,7.9,1.0,3.5,2.86,Low,Millennials
26774,5.5,2.7,6.7,2.1,2.9,2.62,Moderate,Millennials
26775,8.4,3.2,8.0,2.0,4.8,2.76,Moderate,Millennials
26776,6.0,1.6,7.9,3.7,1.4,3.37,Moderate,Millennials
26777,3.8,4.0,9.4,3.0,5.6,2.77,Low,Millennials
26778,4.4,2.5,7.8,1.4,7.1,3.16,Moderate,Millennials
26779,7.1,1.6,8.8,3.1,4.8,3.52,High,Millennials
26780,4.2,1.8,8.2,0.9,2.3,3.03,High,Millennials
26781,5.5,3.3,7.7,3.5,4.5,3.42,Moderate,Millennials
26782,7.7,1.4,7.1,1.9,4.1,3.62,Low,Millennials
26783,3.9,3.6,5.7,3.5,5.0,2.7,Low,Millennials
26784,3.5,0.9,7.0,1.0,6.8,3.02,Low,Millennials
26785,7.6,3.3,7.8,2.9,5.5,2.63,High,Millennials
26786,5.3,1.6,8.8,2.1,4.3,2.43,Low,Millennials
26787,5.8,2.3,6.1,2.4,4.6,2.95,Moderate,Millennials
26788,5.4,2.3,6.1,4.7,1.8,3.11,Low,Millennials
26789,6.7,1.7,7.8,3.0,5.2,3.3,High,Millennials
26790,4.9,2.2,7.3,0.0,4.1,2.86,Moderate,Millennials
26791,6.3,4.0,7.6,0.4,2.7,2.58,Low,Millennials
26792,5.0,2.1,7.1,0.7,4.0,2.7,Low,Millennials
26793,6.6,2.1,8.8,2.7,5.8,2.73,Low,Millennials
26794,3.3,2.8,6.8,2.2,4.0,3.14,Moderate,Millennials
26795,2.8,0.0,8.4,3.3,4.5,3.23,Low,Millennials
26796,5.6,0.4,6.4,4.3,5.3,3.83,Low,Millennials
26797,6.6,2.2,7.2,0.9,7.6,2.99,Low,Millennials
26798,5.9,1.0,7.4,1.2,5.9,3.0,Moderate,Millennials
26799,4.1,2.7,7.2,3.1,4.8,2.95,Low,Millennials
26800,4.6,3.0,7.7,2.6,3.0,3.25,Moderate,Millennials
26801,5.5,2.5,7.7,2.5,5.0,3.02,High,Millennials
26802,5.5,2.6,7.4,1.6,5.5,2.49,Moderate,Millennials
26803,7.3,3.1,6.7,3.4,2.8,2.74,Moderate,Millennials
26804,4.4,4.2,6.6,1.7,1.5,2.4,Moderate,Millennials
26805,5.1,3.2,6.6,1.1,4.8,3.03,Moderate,Millennials
26806,4.2,3.1,6.9,1.5,4.1,2.54,Low,Millennials
26807,4.8,2.5,6.8,4.1,4.3,3.57,Moderate,Millennials
26808,8.3,2.2,7.9,4.0,4.8,2.83,Moderate,Millennials
26809,7.9,3.2,7.2,2.7,3.9,2.68,Moderate,Millennials
26810,4.5,3.2,7.0,3.2,2.0,3.21,High,Millennials
26811,5.4,2.3,6.8,2.1,2.5,3.33,Moderate,Millennials
26812,3.0,3.0,6.8,3.1,4.3,3.32,Moderate,Millennials
26813,4.6,3.6,6.7,2.8,6.0,3.35,Moderate,Millennials
26814,4.6,3.6,6.7,1.3,5.1,3.05,Moderate,Millennials
26815,4.2,2.9,6.6,2.3,4.0,2.93,Moderate,Millennials
26816,5.7,1.9,6.6,2.5,3.6,2.73,High,Millennials
26817,4.2,1.5,7.4,3.0,3.7,2.49,Low,Millennials
26818,4.9,2.1,6.5,3.3,6.1,3.19,Low,Millennials
26819,5.1,3.7,6.4,3.7,2.3,2.88,Moderate,Millennials
26820,7.0,2.1,8.1,3.9,4.6,3.62,Low,Millennials
26821,4.7,1.4,8.7,0.0,3.3,2.56,Moderate,Millennials
26822,4.5,3.9,9.6,2.1,5.7,2.35,Moderate,Millennials
26823,5.8,1.8,8.1,0.0,4.2,3.11,Moderate,Millennials
26824,4.0,2.9,8.6,1.4,4.1,2.73,Low,Millennials
26825,7.0,3.0,7.9,1.9,4.3,2.59,Moderate,Millennials
26826,4.4,1.6,7.8,1.9,4.5,2.68,Moderate,Millennials
26827,6.4,2.4,6.8,2.1,4.6,2.5,Moderate,Millennials
26828,5.4,1.8,6.2,2.8,4.1,2.5,Moderate,Millennials
26829,5.0,2.6,8.9,1.3,6.7,3.04,High,Millennials
26830,4.7,2.4,8.2,0.0,3.5,3.15,High,Millennials
26831,8.0,3.9,7.9,0.9,4.5,2.63,Moderate,Millennials
26832,6.7,1.3,9.5,1.9,1.4,2.61,Low,Millennials
26833,4.5,1.6,8.0,2.7,4.7,3.03,Low,Millennials
26834,4.4,2.2,7.2,2.1,3.4,2.7,Moderate,Millennials
26835,8.4,1.6,8.7,2.6,0.7,2.69,High,Millennials
26836,6.1,3.5,6.5,1.6,5.0,2.44,High,Millennials
26837,7.8,2.5,7.6,0.0,5.7,3.02,Moderate,Millennials
26838,6.7,3.4,8.4,1.8,3.4,3.02,Low,Millennials
26839,5.5,2.2,7.9,2.1,4.8,2.62,Low,Millennials
26840,7.7,3.5,7.3,1.4,2.3,2.9,Moderate,Millennials
26841,6.2,3.4,7.7,0.7,4.1,2.66,Moderate,Millennials
26842,7.2,2.4,8.4,2.3,4.2,2.62,Moderate,Millennials
26843,6.4,1.4,10.0,2.7,5.3,3.23,High,Millennials
26844,5.8,2.7,8.3,2.7,2.8,2.96,Moderate,Millennials
26845,6.4,0.6,10.0,2.4,3.9,2.54,High,Millennials
26846,6.1,2.3,8.2,1.6,5.2,2.72,Moderate,Millennials
26847,6.1,3.2,7.7,0.0,3.3,3.47,High,Millennials
26848,4.5,1.8,9.6,2.0,4.8,2.52,Low,Millennials
26849,6.8,1.0,10.0,2.0,6.4,2.96,Low,Millennials
26850,6.3,2.9,7.2,3.9,4.4,2.95,Moderate,Millennials
26851,4.3,0.9,7.5,3.3,3.8,2.61,Low,Millennials
26852,3.5,0.3,8.3,1.1,4.8,3.01,High,Millennials
26853,6.7,2.4,8.7,2.5,3.0,2.67,Low,Millennials
26854,5.9,0.7,6.4,3.4,5.8,3.1,Low,Millennials
26855,6.3,2.9,8.0,3.1,4.6,3.09,Moderate,Millennials
26856,5.9,2.0,7.1,3.5,0.6,2.56,Low,Millennials
26857,6.5,2.9,6.7,2.0,3.1,2.46,High,Millennials
26858,5.8,0.2,7.5,2.2,4.4,3.04,High,Millennials
26859,5.1,1.9,6.7,4.1,6.4,3.45,High,Millennials
26860,8.5,2.7,8.0,1.5,4.1,2.81,Moderate,Millennials
26861,6.8,1.7,7.8,2.4,6.5,2.64,Low,Millennials
26862,6.5,1.5,6.9,2.3,6.1,2.51,Low,Millennials
26863,6.5,0.8,7.4,0.0,2.3,2.57,Moderate,Millennials
26864,7.9,1.9,6.8,3.5,1.4,3.3,Moderate,Millennials
26865,7.9,1.0,7.3,1.8,4.2,2.65,Low,Millennials
26866,7.0,1.8,8.7,2.5,3.5,3.14,Low,Millennials
26867,3.8,0.2,7.5,2.0,4.3,2.93,Moderate,Millennials
26868,4.3,1.2,7.9,4.1,5.4,3.03,Low,Millennials
26869,5.4,1.5,8.2,3.4,3.5,3.16,Low,Millennials
26870,5.2,1.5,6.5,1.0,6.0,2.94,Low,Millennials
26871,4.2,3.2,8.4,2.7,3.9,3.51,Moderate,Millennials
26872,5.8,2.9,7.8,2.5,4.4,3.21,Low,Millennials
26873,5.8,3.6,7.6,4.1,4.0,3.34,Low,Millennials
26874,7.8,2.4,7.4,1.3,3.4,3.4,Moderate,Millennials
26875,5.4,2.6,7.5,2.0,4.3,3.51,Low,Millennials
26876,7.1,3.0,9.6,0.8,2.0,3.07,Low,Millennials
26877,2.9,3.6,6.8,3.3,4.6,3.23,Moderate,Millennials
26878,4.4,1.4,7.0,1.7,5.9,3.31,Moderate,Millennials
26879,5.4,2.3,8.8,2.0,2.3,2.82,Moderate,Millennials
26880,4.5,2.2,9.2,4.1,4.6,3.71,Moderate,Millennials
26881,7.8,1.3,9.1,2.2,6.9,2.93,Moderate,Millennials
26882,4.9,1.6,7.3,2.2,3.7,3.45,Moderate,Millennials
26883,1.5,2.5,8.5,2.2,5.0,3.4,Moderate,Millennials
26884,6.1,1.4,8.7,1.5,6.0,2.72,Low,Millennials
26885,5.3,3.7,8.6,1.6,5.0,2.71,Moderate,Millennials
26886,5.9,2.6,7.4,1.3,3.8,2.48,Moderate,Millennials
26887,8.1,1.1,7.6,0.6,3.2,3.46,Moderate,Millennials
26888,5.4,1.6,8.0,1.7,2.1,2.9,Moderate,Millennials
26889,5.9,1.8,7.2,2.3,7.1,2.95,High,Millennials
26890,8.4,3.0,7.4,3.0,5.6,3.18,Low,Millennials
26891,5.3,1.1,9.2,2.1,1.0,2.63,Low,Millennials
26892,5.7,2.3,7.5,1.2,5.9,3.09,Low,Millennials
26893,4.1,3.2,7.4,1.5,4.1,2.61,Moderate,Millennials
26894,5.1,3.9,7.4,3.6,4.5,3.39,Moderate,Millennials
26895,8.0,3.1,7.5,1.9,1.3,2.59,Moderate,Millennials
26896,6.8,1.0,6.9,2.8,4.9,4.0,Moderate,Millennials
26897,6.0,2.6,7.6,1.5,3.6,3.37,High,Millennials
26898,6.6,1.3,8.0,1.8,4.9,2.83,Moderate,Millennials
26899,6.1,2.2,8.8,1.6,7.9,3.07,Moderate,Millennials
26900,4.9,1.6,7.6,3.2,4.4,3.03,Low,Millennials
26901,7.7,3.4,8.6,3.8,3.1,2.51,Low,Millennials
26902,5.9,0.9,8.1,1.3,4.6,2.92,Low,Millennials
26903,4.7,2.4,6.3,1.9,4.7,2.97,Low,Millennials
26904,6.5,2.7,6.7,0.9,5.1,3.36,Moderate,Millennials
26905,5.0,1.2,6.4,0.9,4.1,3.18,Low,Millennials
26906,6.6,2.6,7.7,2.1,4.4,2.74,Moderate,Millennials
26907,5.8,2.4,6.3,2.7,4.2,2.84,Low,Millennials
26908,8.1,3.3,6.9,2.8,2.5,3.25,Low,Millennials
26909,6.9,2.2,7.9,2.0,4.3,2.97,Low,Millennials
26910,6.4,2.2,7.1,4.0,4.9,2.71,High,Millennials
26911,4.9,3.7,6.2,0.2,5.1,2.84,Moderate,Millennials
26912,4.8,1.1,6.1,2.6,5.4,2.96,Moderate,Millennials
26913,3.0,3.6,8.3,2.8,5.0,2.73,Moderate,Millennials
26914,7.7,2.8,7.8,2.5,4.5,2.76,Low,Millennials
26915,7.1,0.3,6.8,1.4,1.3,2.83,Moderate,Millennials
26916,5.1,2.8,7.5,1.7,4.1,2.82,Low,Millennials
26917,4.8,2.6,7.3,0.7,4.9,2.95,Moderate,Millennials
26918,6.2,2.1,8.0,1.5,5.1,3.45,Moderate,Millennials
26919,6.4,1.6,7.1,2.5,4.4,2.77,Low,Millennials
26920,4.9,2.2,6.3,2.6,4.4,2.3,Low,Millennials
26921,7.2,0.4,8.1,3.7,5.6,2.56,Moderate,Millennials
26922,4.1,3.6,7.5,1.5,4.3,2.74,Moderate,Millennials
26923,8.1,3.6,8.4,2.7,5.8,3.08,Low,Millennials
26924,5.2,1.7,6.8,1.1,4.1,3.02,High,Millennials
26925,6.3,3.0,9.0,1.7,4.8,3.1,High,Millennials
26926,5.7,0.6,8.2,2.7,4.3,2.8,Moderate,Millennials
26927,5.1,1.5,8.8,1.6,5.5,2.95,High,Millennials
26928,6.6,4.1,9.2,2.1,2.6,3.11,Low,Millennials
26929,6.7,3.2,7.2,2.4,5.2,3.04,Low,Millennials
26930,5.9,1.9,8.0,1.4,3.4,2.38,Moderate,Millennials
26931,7.4,1.3,7.4,2.9,6.9,3.56,Moderate,Millennials
26932,4.2,2.6,8.6,1.3,2.6,2.68,Low,Millennials
26933,6.3,1.6,7.7,0.7,5.0,2.66,Moderate,Millennials
26934,7.6,0.0,7.6,0.8,4.0,3.12,Moderate,Millennials
26935,2.4,3.6,6.4,2.3,5.7,2.97,Moderate,Millennials
26936,4.7,1.5,9.1,1.8,3.9,3.32,Moderate,Millennials
26937,5.8,3.2,8.1,1.6,1.4,2.99,Moderate,Millennials
26938,5.3,0.7,8.8,2.2,4.4,3.0,High,Millennials
26939,5.4,2.4,7.5,2.0,2.1,2.91,Moderate,Millennials
26940,5.9,1.8,6.4,2.3,2.3,3.11,Low,Millennials
26941,6.7,1.2,6.5,2.5,2.9,2.74,Low,Millennials
26942,3.6,4.4,9.0,3.3,4.2,2.87,Moderate,Millennials
26943,8.6,3.3,7.8,2.0,3.8,3.24,High,Millennials
26944,6.1,1.2,8.0,2.0,5.3,3.0,Low,Millennials
26945,5.7,2.8,7.4,2.5,4.5,3.36,Low,Millennials
26946,4.1,0.5,7.1,2.9,6.3,2.79,Moderate,Millennials
26947,4.9,1.7,7.8,1.9,4.2,2.83,Moderate,Millennials
26948,4.2,2.1,6.8,1.1,4.3,3.31,Moderate,Millennials
26949,5.3,1.0,9.2,1.4,4.8,3.39,Moderate,Millennials
26950,3.5,2.3,7.4,3.3,5.5,2.51,Moderate,Millennials
26951,6.3,2.2,7.7,1.6,4.7,2.58,High,Millennials
26952,4.5,2.1,6.6,2.5,5.1,3.48,Moderate,Millennials
26953,6.7,2.4,7.5,0.6,4.4,3.61,Low,Millennials
26954,4.7,2.3,8.3,0.4,5.6,2.87,Moderate,Millennials
26955,7.2,4.3,7.7,2.9,2.7,2.55,Moderate,Millennials
26956,4.8,1.6,7.0,1.3,2.8,3.06,Moderate,Millennials
26957,3.5,2.7,8.5,2.8,4.7,4.0,Moderate,Millennials
26958,6.6,1.9,6.8,1.6,5.3,3.3,High,Millennials
26959,5.0,3.9,9.7,0.9,4.8,2.69,Moderate,Millennials
26960,3.4,2.6,7.5,1.9,4.7,2.92,Low,Millennials
26961,5.2,4.1,7.5,2.4,8.0,2.65,Moderate,Millennials
26962,6.1,1.3,8.2,3.3,5.6,3.23,Moderate,Millennials
26963,5.6,2.6,7.0,2.9,5.1,3.49,Low,Millennials
26964,4.4,2.3,7.6,1.1,1.8,3.04,Moderate,Millennials
26965,4.8,3.2,8.0,2.5,6.8,2.71,Moderate,Millennials
26966,4.4,1.9,7.4,3.7,7.3,3.23,High,Millennials
26967,5.3,1.7,6.6,1.7,4.9,2.95,Low,Millennials
26968,4.8,2.8,7.0,1.9,5.8,2.9,Moderate,Millennials
26969,4.0,2.2,8.2,1.5,3.6,2.62,Low,Millennials
26970,6.5,2.2,8.4,0.2,7.4,3.03,Moderate,Millennials
26971,5.1,0.2,7.5,2.9,5.7,3.4,Moderate,Millennials
26972,6.4,4.1,8.8,2.1,4.2,3.1,Moderate,Millennials
26973,6.8,3.2,8.4,2.2,4.3,3.61,Low,Millennials
26974,6.6,3.1,7.5,0.4,2.1,2.8,Low,Millennials
26975,6.7,3.1,7.4,1.8,5.1,3.1,Moderate,Millennials
26976,6.0,0.3,7.8,1.3,2.8,2.81,Low,Millennials
26977,7.6,2.9,7.9,2.3,6.7,2.6,Moderate,Millennials
26978,5.2,4.4,6.8,2.7,4.5,2.49,High,Millennials
26979,7.8,3.3,8.8,0.0,4.9,2.59,Low,Millennials
26980,6.9,1.9,8.8,2.2,2.6,3.21,Low,Millennials
26981,4.9,1.5,8.6,1.5,2.6,2.79,Low,Millennials
26982,5.0,1.3,8.1,1.4,5.1,3.08,Low,Millennials
26983,5.2,2.8,7.0,1.1,5.7,3.37,Moderate,Millennials
26984,4.1,4.1,8.2,1.2,5.0,2.88,High,Millennials
26985,5.5,1.3,9.5,4.1,5.9,2.97,Moderate,Millennials
26986,4.4,1.5,9.1,1.2,4.7,2.78,Moderate,Millennials
26987,8.3,0.0,8.1,1.2,5.3,3.16,Moderate,Millennials
26988,6.5,2.0,7.3,1.8,2.9,3.13,High,Millennials
26989,5.4,1.3,7.3,0.9,3.8,2.4,High,Millennials
26990,5.6,2.3,8.8,0.3,4.3,3.64,Low,Millennials
26991,4.4,2.0,7.9,2.3,6.0,2.62,Low,Millennials
26992,4.9,1.5,8.1,1.3,4.5,2.54,Moderate,Millennials
26993,5.1,1.3,8.4,1.4,5.0,2.94,Low,Millennials
26994,6.0,3.5,8.2,2.0,3.4,3.26,Low,Millennials
26995,5.1,1.2,7.3,1.6,4.4,3.05,Moderate,Millennials
26996,4.8,2.8,8.0,1.9,5.6,2.79,Low,Millennials
26997,5.1,1.7,8.9,2.7,5.9,2.96,Moderate,Millennials
26998,6.4,1.6,8.9,0.0,2.5,3.51,Moderate,Millennials
26999,7.2,2.3,7.1,1.5,3.6,3.55,Low,Millennials
27000,6.5,1.6,7.0,2.4,3.2,3.05,Moderate,Millennials
27001,6.8,1.0,7.0,2.4,3.1,2.93,Moderate,Millennials
27002,4.9,2.8,7.4,3.0,5.2,2.85,Moderate,Millennials
27003,3.4,0.8,6.7,3.8,3.5,3.2,Low,Millennials
27004,5.7,2.9,8.5,0.9,4.5,3.01,Moderate,Millennials
27005,6.3,3.2,9.2,1.9,6.3,3.0,Moderate,Millennials
27006,4.5,0.5,9.4,1.6,5.4,2.34,High,Millennials
27007,8.0,1.4,10.0,1.1,4.7,2.82,Moderate,Millennials
27008,4.5,0.8,8.3,3.6,5.9,3.27,Low,Millennials
27009,7.4,2.4,7.9,1.9,3.3,3.34,Low,Millennials
27010,5.7,1.0,7.0,1.2,7.3,3.21,Low,Millennials
27011,5.7,3.6,7.4,1.5,5.9,3.06,Moderate,Millennials
27012,7.1,2.1,8.0,3.6,3.6,3.45,Moderate,Millennials
27013,6.1,1.6,6.1,2.4,2.7,2.76,Low,Millennials
27014,5.3,3.9,8.2,0.8,4.2,3.09,Moderate,Millennials
27015,5.7,2.3,7.6,1.8,6.0,3.03,Low,Millennials
27016,5.0,3.6,9.0,1.6,4.4,3.13,Moderate,Millennials
27017,4.3,3.1,7.8,1.8,2.9,3.49,Low,Millennials
27018,5.7,2.9,8.8,0.4,6.1,2.84,Low,Millennials
27019,5.1,0.9,6.5,4.4,3.7,3.25,Low,Millennials
27020,5.6,1.4,7.3,1.8,6.1,3.34,Low,Millennials
27021,4.1,2.5,7.4,2.6,4.1,3.34,Low,Millennials
27022,5.0,3.3,6.7,1.4,2.9,2.67,Moderate,Millennials
27023,8.3,3.1,7.0,3.5,3.5,3.05,Moderate,Millennials
27024,3.3,2.6,8.6,3.0,2.6,2.24,Low,Millennials
27025,3.1,2.7,9.3,1.9,3.7,3.09,Moderate,Millennials
27026,5.5,3.1,8.2,1.4,3.3,3.15,Moderate,Millennials
27027,8.6,1.5,6.1,3.1,3.8,2.89,High,Millennials
27028,3.1,3.8,7.8,2.8,6.3,2.89,Low,Millennials
27029,6.4,2.1,8.5,2.8,2.9,3.01,Moderate,Millennials
27030,8.3,3.8,8.5,3.3,4.7,2.99,Moderate,Millennials
27031,5.8,2.7,8.6,2.6,4.1,2.95,Low,Millennials
27032,5.3,1.6,7.8,0.1,5.8,3.3,Low,Millennials
27033,6.3,2.5,7.3,1.2,3.6,2.88,Low,Millennials
27034,4.2,0.8,8.8,0.9,3.0,3.42,Moderate,Millennials
27035,6.2,0.0,7.7,1.8,4.4,3.05,Moderate,Millennials
27036,7.8,2.0,6.9,2.9,4.1,3.16,Low,Millennials
27037,8.8,3.5,8.6,0.6,5.0,3.25,High,Millennials
27038,8.2,2.9,6.9,1.0,5.0,2.63,Moderate,Millennials
27039,4.6,0.8,8.1,3.2,2.2,2.61,High,Millennials
27040,5.9,1.1,7.3,2.3,2.4,3.03,High,Millennials
27041,6.2,2.6,8.9,3.8,5.4,2.77,High,Millennials
27042,7.3,1.8,7.5,2.1,4.0,2.75,High,Millennials
27043,7.4,1.7,6.9,1.4,6.3,3.28,Low,Millennials
27044,5.0,1.9,5.2,0.1,3.8,3.11,Moderate,Millennials
27045,4.2,2.5,7.8,2.7,5.6,2.91,Moderate,Millennials
27046,6.3,2.6,7.6,2.1,3.6,2.8,Low,Millennials
27047,6.9,1.7,8.6,1.7,2.6,2.69,Low,Millennials
27048,7.4,0.0,8.3,2.3,5.8,2.67,Low,Millennials
27049,8.5,2.7,7.6,3.6,5.4,3.31,Moderate,Millennials
27050,6.3,1.7,8.3,3.6,3.3,2.98,Low,Millennials
27051,5.8,2.8,6.9,2.6,4.2,2.91,Moderate,Millennials
27052,5.9,1.4,6.6,1.5,3.9,3.35,Moderate,Millennials
27053,5.2,3.1,7.9,1.8,2.9,3.26,High,Millennials
27054,8.0,1.1,8.3,2.1,5.6,3.48,High,Millennials
27055,5.7,4.1,6.6,1.7,3.5,3.05,Moderate,Millennials
27056,6.5,0.8,7.4,1.3,4.4,3.4,Moderate,Millennials
27057,6.4,1.5,9.2,4.1,5.6,3.46,High,Millennials
27058,6.0,2.7,7.6,1.9,5.4,3.26,Moderate,Millennials
27059,8.0,1.7,9.3,2.2,5.4,2.89,Low,Millennials
27060,6.1,2.5,8.8,2.4,6.5,2.98,High,Millennials
27061,5.7,1.5,6.0,3.2,3.5,3.27,Low,Millennials
27062,4.2,1.7,8.1,2.4,3.7,3.06,Moderate,Millennials
27063,5.0,2.1,9.4,1.7,5.5,3.06,Low,Millennials
27064,5.2,2.7,6.5,2.3,5.1,2.87,Low,Millennials
27065,6.2,1.8,6.5,1.2,5.1,3.01,Moderate,Millennials
27066,7.5,1.7,7.1,0.0,2.3,3.46,High,Millennials
27067,6.2,2.8,7.7,3.3,3.9,2.64,High,Millennials
27068,7.1,2.9,7.9,1.4,4.8,3.18,Low,Millennials
27069,4.4,1.9,6.9,3.2,4.0,2.75,Low,Millennials
27070,6.1,1.6,7.9,1.7,5.9,3.27,Moderate,Millennials
27071,5.0,0.0,7.8,2.3,3.9,3.08,Low,Millennials
27072,5.2,3.9,8.3,2.4,5.0,3.2,Moderate,Millennials
27073,5.6,2.3,7.7,2.0,5.0,2.66,Low,Millennials
27074,4.0,3.5,7.6,2.0,4.1,2.64,Moderate,Millennials
27075,4.0,3.1,8.2,1.5,5.4,2.88,Moderate,Millennials
27076,6.8,2.2,6.9,2.1,2.6,3.06,Low,Millennials
27077,5.0,2.3,8.7,2.0,2.8,2.85,Moderate,Millennials
27078,5.7,2.1,7.1,2.6,3.9,2.97,Moderate,Millennials
27079,6.0,2.2,7.3,1.7,4.4,3.35,High,Millennials
27080,6.5,2.9,7.4,2.3,2.9,2.73,Moderate,Millennials
27081,5.8,2.5,8.0,4.3,5.9,3.13,Low,Millennials
27082,3.4,4.0,7.2,1.1,3.6,3.46,High,Millennials
27083,4.9,3.1,7.6,1.1,4.4,3.01,Moderate,Millennials
27084,8.6,2.2,8.6,0.1,3.5,3.62,High,Millennials
27085,6.7,3.2,8.1,4.5,4.5,3.03,High,Millennials
27086,6.2,2.8,5.6,1.5,3.7,2.8,Moderate,Millennials
27087,8.5,0.8,6.9,2.5,3.7,3.71,High,Millennials
27088,5.0,1.9,8.0,2.1,6.3,3.1,Low,Millennials
27089,8.5,3.4,7.8,0.4,6.6,2.81,High,Millennials
27090,5.2,3.5,8.9,1.4,2.6,2.98,High,Millennials
27091,6.7,3.2,8.8,2.6,2.1,3.13,Moderate,Millennials
27092,7.9,3.2,8.4,1.7,5.7,3.1,High,Millennials
27093,4.5,3.2,7.5,3.2,2.6,3.01,Low,Millennials
27094,6.1,2.3,8.4,4.2,2.3,3.1,High,Millennials
27095,4.6,4.2,8.7,1.9,3.9,2.96,Moderate,Millennials
27096,3.6,2.7,8.1,3.4,0.4,2.76,High,Millennials
27097,6.5,1.5,8.7,1.8,5.1,3.29,Moderate,Millennials
27098,3.8,0.0,7.5,0.5,6.2,2.79,Low,Millennials
27099,6.6,4.3,8.0,3.1,4.5,3.02,Low,Millennials
27100,6.8,2.0,7.5,1.1,5.7,2.81,Moderate,Millennials
27101,7.2,4.4,7.9,1.2,3.4,2.7,Low,Millennials
27102,8.9,2.0,9.2,2.3,5.4,3.28,Low,Millennials
27103,7.2,3.1,8.4,2.6,6.0,2.53,Moderate,Millennials
27104,4.6,0.6,8.4,1.6,5.7,3.07,Moderate,Millennials
27105,2.9,1.6,6.4,0.5,5.5,2.94,Moderate,Millennials
27106,5.2,3.1,6.3,2.2,6.6,2.57,Low,Millennials
27107,6.3,3.8,7.7,0.0,4.9,3.56,Low,Millennials
27108,5.5,2.4,7.1,3.5,3.8,3.11,Low,Millennials
27109,7.4,2.6,6.9,1.9,5.2,2.78,Moderate,Millennials
27110,5.2,0.7,6.3,2.4,5.1,3.15,Low,Millennials
27111,6.9,1.6,8.7,0.6,6.1,2.82,Low,Millennials
27112,6.1,2.7,7.4,2.6,4.8,3.28,Low,Millennials
27113,6.0,0.5,7.7,2.9,7.3,2.94,Moderate,Millennials
27114,5.5,3.1,8.5,0.2,2.6,3.31,Moderate,Millennials
27115,5.7,1.4,7.5,2.6,5.1,2.82,Moderate,Millennials
27116,4.9,2.6,8.4,0.6,5.8,3.23,Low,Millennials
27117,8.2,3.3,8.6,3.7,3.8,3.27,Moderate,Millennials
27118,5.8,0.5,7.5,3.1,2.1,3.21,High,Millennials
27119,5.7,3.7,7.3,1.6,5.4,2.95,Low,Millennials
27120,3.7,2.6,6.0,4.1,6.1,2.9,Low,Millennials
27121,5.3,1.0,9.6,2.5,3.4,2.89,High,Millennials
27122,6.4,2.8,8.1,2.3,3.0,3.04,Low,Millennials
27123,6.2,4.3,6.9,0.7,1.7,2.88,Moderate,Millennials
27124,5.9,2.1,7.2,2.8,4.7,2.64,Low,Millennials
27125,4.4,1.9,7.1,1.3,5.0,2.74,High,Millennials
27126,5.3,2.6,7.4,1.1,3.1,3.4,Low,Millennials
27127,5.7,2.8,7.6,0.5,3.7,2.86,Low,Millennials
27128,3.4,1.0,9.1,1.1,3.6,2.64,Moderate,Millennials
27129,4.2,1.6,6.7,3.2,3.2,3.2,Moderate,Millennials
27130,7.9,1.4,8.4,2.1,2.4,3.39,High,Millennials
27131,4.9,1.7,7.9,0.3,4.7,3.04,Moderate,Millennials
27132,6.5,2.0,7.5,0.8,4.4,3.45,Low,Millennials
27133,5.8,2.6,7.4,1.3,2.2,2.96,High,Millennials
27134,6.1,0.0,7.7,1.4,3.9,3.23,Low,Millennials
27135,5.4,2.8,9.4,2.5,3.8,3.0,Moderate,Millennials
27136,7.0,0.3,8.1,2.0,4.3,2.75,Low,Millennials
27137,4.5,1.0,5.7,2.3,3.5,3.3,Moderate,Millennials
27138,6.7,4.2,9.0,1.1,3.2,2.8,Moderate,Millennials
27139,5.3,1.4,9.4,4.5,4.0,3.06,Low,Millennials
27140,5.4,4.1,8.0,2.7,5.2,2.89,Moderate,Millennials
27141,6.3,1.2,7.1,1.8,5.7,3.34,High,Millennials
27142,6.8,2.2,8.8,3.5,2.2,2.79,Moderate,Millennials
27143,6.1,3.1,9.2,0.5,4.7,3.36,Low,Millennials
27144,4.4,2.6,6.8,2.7,4.6,3.44,Moderate,Millennials
27145,8.0,0.4,8.2,2.1,2.1,3.03,Moderate,Millennials
27146,6.9,0.0,8.9,2.5,0.8,3.28,High,Millennials
27147,4.9,3.0,7.1,3.3,4.6,3.12,Moderate,Millennials
27148,6.1,2.9,8.6,2.4,4.1,2.71,Moderate,Millennials
27149,7.1,2.6,7.0,3.6,3.4,3.74,Low,Millennials
27150,6.5,0.6,5.1,0.1,4.8,3.07,Moderate,Millennials
27151,7.2,0.0,7.0,2.1,5.1,2.96,Low,Millennials
27152,5.4,3.0,7.2,2.1,3.3,3.01,Moderate,Millennials
27153,5.5,5.7,7.9,2.3,5.2,3.1,Moderate,Millennials
27154,5.8,1.8,8.5,3.2,6.0,3.03,High,Millennials
27155,6.1,1.8,5.6,2.4,3.3,3.66,Low,Millennials
27156,5.1,3.1,7.6,0.5,4.1,3.07,Moderate,Millennials
27157,5.3,2.5,7.5,1.0,4.5,3.26,High,Millennials
27158,5.5,2.7,7.7,0.1,4.1,3.09,Moderate,Millennials
27159,6.3,2.9,7.2,1.8,7.0,2.89,Moderate,Millennials
27160,6.5,3.1,8.2,2.3,5.9,3.22,Moderate,Millennials
27161,6.0,3.0,8.6,2.3,3.9,2.59,Low,Millennials
27162,5.9,2.4,7.0,0.7,5.0,2.53,Moderate,Millennials
27163,5.7,1.1,7.9,2.2,3.9,3.11,Low,Millennials
27164,5.0,1.9,7.8,2.9,2.4,2.45,Moderate,Millennials
27165,5.4,2.9,7.7,2.0,3.5,2.33,Low,Millennials
27166,7.2,2.7,10.0,2.1,5.7,3.41,Moderate,Millennials
27167,7.8,2.3,7.0,2.1,2.9,3.38,Moderate,Millennials
27168,6.3,0.5,7.8,2.6,3.6,3.43,High,Millennials
27169,4.4,1.9,9.1,4.2,8.0,2.61,Moderate,Millennials
27170,6.4,0.9,8.0,2.4,4.6,3.54,Low,Millennials
27171,5.6,2.7,7.3,2.6,5.9,3.02,Low,Millennials
27172,7.2,2.0,6.7,3.5,5.3,3.15,Moderate,Millennials
27173,4.5,2.4,6.6,2.7,3.5,2.63,Moderate,Millennials
27174,6.0,1.4,8.7,2.6,3.1,3.56,Low,Millennials
27175,3.4,1.6,7.4,2.1,5.3,2.73,Moderate,Millennials
27176,5.7,2.0,9.8,2.4,5.8,3.25,Low,Millennials
27177,7.5,3.9,9.2,0.8,2.3,2.98,Moderate,Millennials
27178,5.4,2.6,9.3,0.3,2.4,2.87,Moderate,Millennials
27179,4.7,2.6,9.3,3.0,6.3,2.88,Low,Millennials
27180,5.7,3.6,7.4,0.8,4.3,2.84,Moderate,Millennials
27181,3.8,0.3,7.7,1.6,3.9,3.47,Moderate,Millennials
27182,5.9,1.4,7.3,3.3,1.8,3.08,Moderate,Millennials
27183,6.6,0.0,7.2,2.4,0.5,2.87,Moderate,Millennials
27184,4.5,1.1,6.5,1.0,4.5,2.9,Moderate,Millennials
27185,6.5,0.0,7.7,0.5,3.9,2.54,Moderate,Millennials
27186,3.3,1.2,8.0,0.9,5.6,3.0,Low,Millennials
27187,6.3,1.8,8.0,0.9,6.0,3.32,Moderate,Millennials
27188,7.8,4.1,8.4,2.4,3.2,2.97,Moderate,Millennials
27189,4.3,2.1,7.2,0.3,7.0,3.17,High,Millennials
27190,8.6,1.4,8.8,1.8,5.7,3.08,Moderate,Millennials
27191,4.5,0.6,8.6,2.5,4.3,3.25,High,Millennials
27192,8.4,3.7,8.2,3.9,3.7,3.24,Moderate,Millennials
27193,6.5,3.0,7.3,3.9,5.5,3.24,Low,Millennials
27194,5.5,0.8,5.6,1.9,3.6,2.88,Low,Millennials
27195,6.3,1.6,8.3,3.6,4.1,3.26,Low,Millennials
27196,5.5,2.9,6.2,0.5,3.1,2.76,Low,Millennials
27197,7.6,1.9,7.8,1.4,5.0,3.01,High,Millennials
27198,6.1,3.3,8.7,1.6,3.7,3.15,Moderate,Millennials
27199,7.1,2.6,8.4,1.7,5.3,3.23,Moderate,Millennials
27200,7.0,1.7,6.2,1.3,2.2,2.76,Low,Millennials
27201,3.7,3.3,7.5,3.0,5.8,2.98,Moderate,Millennials
27202,6.9,3.3,6.9,1.2,5.9,3.14,High,Millennials
27203,6.8,1.5,6.8,3.4,6.6,2.94,Moderate,Millennials
27204,7.4,2.4,8.2,0.5,3.3,2.98,Moderate,Millennials
27205,8.3,2.1,6.9,1.9,1.3,2.96,Moderate,Millennials
27206,6.9,3.3,7.1,2.5,0.7,2.98,Low,Millennials
27207,5.1,2.3,6.9,1.7,5.9,2.73,Moderate,Millennials
27208,4.6,3.0,7.9,1.5,4.6,3.44,High,Millennials
27209,6.0,0.6,6.6,2.0,3.4,2.81,Moderate,Millennials
27210,7.4,1.4,7.9,1.2,3.0,2.58,Moderate,Millennials
27211,9.1,3.1,7.1,1.2,3.0,2.55,High,Millennials
27212,5.0,2.0,8.8,1.9,5.2,3.03,Moderate,Millennials
27213,4.3,1.7,6.6,1.5,5.1,2.75,Moderate,Millennials
27214,6.1,3.9,8.3,5.3,2.1,3.18,Low,Millennials
27215,6.4,1.1,7.9,3.1,2.8,3.38,High,Millennials
27216,5.9,1.5,9.0,1.3,3.0,3.2,Low,Millennials
27217,6.1,0.8,6.7,4.1,5.4,3.27,Low,Millennials
27218,3.8,3.0,5.9,1.9,3.9,2.9,Moderate,Millennials
27219,7.3,0.0,8.6,1.2,5.4,2.68,Moderate,Millennials
27220,6.3,2.1,9.7,2.6,4.0,2.74,Moderate,Millennials
27221,5.9,3.8,9.0,2.7,2.0,3.02,Moderate,Millennials
27222,5.5,1.4,7.6,3.0,6.0,3.16,High,Millennials
27223,4.4,2.2,10.0,0.0,3.3,2.49,Moderate,Millennials
27224,4.2,3.7,5.8,1.9,3.5,3.47,High,Millennials
27225,7.1,1.2,6.9,2.2,4.2,3.28,Moderate,Millennials
27226,3.3,3.9,7.5,1.9,2.6,2.68,Moderate,Millennials
27227,5.1,2.9,7.2,4.5,2.8,3.15,Moderate,Millennials
27228,7.6,1.0,8.7,2.3,4.5,3.3,Moderate,Millennials
27229,7.6,3.1,7.7,1.5,5.1,3.33,Low,Millennials
27230,5.6,2.0,8.7,2.4,3.5,3.12,Low,Millennials
27231,6.5,3.0,7.9,1.4,4.7,2.83,Low,Millennials
27232,6.3,1.9,6.9,0.0,2.0,3.23,Low,Millennials
27233,6.8,2.1,7.1,0.7,2.1,2.86,Moderate,Millennials
27234,8.5,0.4,7.2,2.8,3.9,3.13,Low,Millennials
27235,5.6,2.0,9.1,2.5,4.7,3.31,Low,Millennials
27236,6.4,4.0,8.0,2.2,2.8,3.03,Moderate,Millennials
27237,3.9,1.7,8.3,1.3,4.3,3.08,High,Millennials
27238,6.4,2.5,7.5,0.8,3.7,3.43,Moderate,Millennials
27239,6.7,3.0,9.1,1.3,4.7,3.09,High,Millennials
27240,5.3,2.0,7.8,1.4,6.6,3.05,High,Millennials
27241,7.6,0.7,7.5,3.3,4.0,3.01,Moderate,Millennials
27242,7.0,1.6,8.0,2.1,6.2,3.13,Moderate,Millennials
27243,6.2,1.9,8.5,1.1,4.8,3.06,Moderate,Millennials
27244,4.5,1.5,5.9,2.2,5.0,3.2,Moderate,Millennials
27245,3.2,4.1,9.5,3.3,5.8,2.95,Low,Millennials
27246,5.3,2.1,7.5,2.0,3.0,3.34,Moderate,Millennials
27247,4.9,2.5,9.4,1.6,4.7,2.78,Moderate,Millennials
27248,3.5,0.9,8.3,1.9,6.5,2.97,High,Millennials
27249,6.9,2.7,8.4,2.2,5.4,3.12,High,Millennials
27250,5.1,3.5,6.6,1.3,3.3,3.06,Moderate,Millennials
27251,7.8,1.5,6.9,1.8,3.5,2.64,Moderate,Millennials
27252,3.9,2.6,7.4,0.8,4.1,2.79,Moderate,Millennials
27253,5.3,3.0,8.8,4.5,5.6,3.31,Moderate,Millennials
27254,5.5,0.2,8.2,1.6,3.8,2.64,Low,Millennials
27255,5.8,2.2,7.4,1.8,5.3,2.73,Moderate,Millennials
27256,6.6,2.3,8.5,1.7,3.4,2.78,Low,Millennials
27257,5.7,3.6,9.1,1.9,3.1,2.82,Low,Millennials
27258,6.4,2.0,6.6,1.7,3.1,3.03,High,Millennials
27259,2.9,2.7,8.7,0.6,5.4,3.11,Low,Millennials
27260,4.5,3.5,7.8,2.3,2.7,3.34,Low,Millennials
27261,4.7,3.9,6.7,3.2,3.3,3.44,Low,Millennials
27262,7.2,1.0,7.3,2.6,3.4,3.08,Moderate,Millennials
27263,5.2,1.3,7.7,1.5,3.2,2.73,Moderate,Millennials
27264,6.2,1.8,8.2,3.2,3.0,3.03,Low,Millennials
27265,5.7,4.1,9.1,1.3,5.1,3.25,Low,Millennials
27266,4.1,0.7,9.4,2.8,3.7,3.34,Moderate,Millennials
27267,4.8,2.1,7.8,3.0,7.0,2.82,High,Millennials
27268,8.6,2.9,7.7,3.6,6.1,2.76,Low,Millennials
27269,7.1,1.4,9.6,1.5,3.7,2.94,Moderate,Millennials
27270,5.3,1.4,9.1,2.8,4.2,3.2,High,Millennials
27271,6.0,2.2,8.9,0.6,5.1,3.21,Low,Millennials
27272,4.0,1.5,8.8,2.4,6.4,2.72,Moderate,Millennials
27273,5.2,0.8,9.6,2.0,4.8,3.1,Moderate,Millennials
27274,6.6,4.4,8.7,2.3,4.5,3.04,Moderate,Millennials
27275,5.8,1.2,8.7,2.2,1.4,3.27,Moderate,Millennials
27276,6.3,1.9,8.1,3.5,3.3,2.83,Low,Millennials
27277,5.2,1.2,7.6,1.5,3.1,3.03,High,Millennials
27278,5.8,2.1,6.8,1.6,4.0,2.51,Low,Millennials
27279,6.9,4.0,8.7,2.9,1.9,3.19,High,Millennials
27280,4.1,0.8,7.2,1.1,5.4,3.36,Moderate,Millennials
27281,6.2,1.3,9.3,2.6,4.8,3.09,Low,Millennials
27282,4.2,1.5,8.1,3.5,0.1,3.1,Low,Millennials
27283,7.6,2.1,7.0,2.9,6.6,3.01,Moderate,Millennials
27284,9.3,3.3,9.2,0.6,4.4,2.93,Moderate,Millennials
27285,3.5,3.1,9.2,4.1,2.3,3.23,Low,Millennials
27286,7.5,0.0,8.9,2.0,5.3,2.93,Low,Millennials
27287,7.6,0.6,7.9,2.5,3.7,3.13,Low,Millennials
27288,6.7,1.4,7.4,2.0,4.1,2.79,Low,Millennials
27289,5.9,2.2,6.8,0.3,5.5,3.42,Moderate,Millennials
27290,5.7,3.2,7.3,3.8,1.1,3.06,Moderate,Millennials
27291,7.4,2.9,7.9,2.2,6.1,2.98,Moderate,Millennials
27292,6.1,0.1,7.1,2.9,4.9,3.42,Moderate,Millennials
27293,5.7,3.0,7.0,3.5,3.9,3.21,High,Millennials
27294,8.5,1.9,8.1,2.1,3.1,3.51,Moderate,Millennials
27295,5.6,2.5,6.6,2.5,7.3,3.03,Low,Millennials
27296,6.6,1.6,8.2,0.0,5.0,2.65,Moderate,Millennials
27297,8.1,2.7,7.5,0.1,3.5,2.71,High,Millennials
27298,7.2,3.7,7.0,3.4,3.6,3.18,Moderate,Millennials
27299,6.8,2.5,6.9,3.4,3.6,2.87,High,Millennials
27300,5.4,3.1,5.7,2.1,3.5,2.66,Moderate,Millennials
27301,5.1,0.0,7.6,1.8,4.6,3.19,Moderate,Millennials
27302,6.2,2.1,6.5,2.5,5.4,2.49,High,Millennials
27303,5.4,2.9,7.3,0.8,5.7,3.48,Moderate,Millennials
27304,5.9,2.7,7.9,2.2,5.2,3.29,Low,Millennials
27305,4.2,3.1,9.0,3.8,4.1,3.43,Low,Millennials
27306,5.9,2.1,8.0,1.9,3.4,2.19,Moderate,Millennials
27307,8.2,2.2,6.7,2.1,4.9,3.41,Moderate,Millennials
27308,5.5,2.6,6.7,0.2,6.8,2.99,Moderate,Millennials
27309,5.4,3.2,8.2,2.0,4.3,3.25,Low,Millennials
27310,7.5,3.7,8.3,0.2,5.2,2.77,Moderate,Millennials
27311,5.3,3.4,7.8,3.3,2.9,2.93,Low,Millennials
27312,6.7,1.2,8.2,2.4,3.2,2.72,Moderate,Millennials
27313,6.5,2.2,9.3,0.4,4.9,2.97,Moderate,Millennials
27314,4.9,1.5,7.0,2.3,3.7,2.99,Moderate,Millennials
27315,6.1,0.6,7.3,3.2,2.4,3.58,Moderate,Millennials
27316,5.3,1.7,7.8,1.5,3.8,2.76,Moderate,Millennials
27317,5.5,1.2,9.1,0.0,5.0,3.12,Low,Millennials
27318,6.1,3.9,7.8,1.6,3.2,3.51,Low,Millennials
27319,6.4,3.0,6.7,0.6,6.4,2.66,Moderate,Millennials
27320,6.1,2.7,6.1,2.7,5.3,3.17,Moderate,Millennials
27321,6.5,3.3,6.2,1.8,4.9,2.92,Moderate,Millennials
27322,5.7,0.6,5.7,1.5,3.3,2.53,Moderate,Millennials
27323,6.3,0.5,7.9,1.8,4.7,3.12,Low,Millennials
27324,7.3,3.1,8.3,2.6,2.4,2.53,Low,Millennials
27325,5.0,1.1,7.4,2.4,2.1,3.4,Low,Millennials
27326,4.3,3.0,8.7,1.9,2.1,3.35,Moderate,Millennials
27327,6.6,1.4,7.9,2.3,6.1,3.38,Moderate,Millennials
27328,3.7,1.0,9.2,1.7,5.4,3.47,Moderate,Millennials
27329,3.5,1.7,7.7,2.6,5.0,2.5,Moderate,Millennials
27330,4.3,0.1,7.8,2.5,6.2,2.95,Moderate,Millennials
27331,4.3,2.1,9.2,2.4,3.9,2.89,Moderate,Millennials
27332,6.2,3.8,9.3,1.9,5.4,3.59,Low,Millennials
27333,6.5,2.5,6.3,2.5,4.5,2.76,Low,Millennials
27334,5.6,1.5,7.6,0.1,6.1,3.06,High,Millennials
27335,5.2,1.8,7.0,2.7,4.4,3.0,Moderate,Millennials
27336,5.3,0.8,7.0,1.6,5.9,3.16,Moderate,Millennials
27337,4.6,3.4,7.3,0.8,4.7,3.49,Moderate,Millennials
27338,5.0,3.8,6.3,0.2,4.1,2.59,High,Millennials
27339,4.6,3.4,8.3,1.1,5.6,2.85,Moderate,Millennials
27340,6.0,1.9,6.4,2.6,3.0,3.66,Moderate,Millennials
27341,6.0,2.7,8.5,1.7,2.9,3.01,Moderate,Millennials
27342,5.8,3.1,7.9,2.2,3.9,2.67,Low,Millennials
27343,4.9,3.3,7.0,1.6,4.2,2.93,Low,Millennials
27344,6.3,2.8,7.6,4.0,3.3,3.09,Low,Millennials
27345,8.3,1.9,7.0,2.1,1.2,2.54,High,Millennials
27346,5.7,1.5,7.7,2.3,5.2,3.27,Low,Millennials
27347,5.1,1.4,7.4,0.8,4.3,3.32,Moderate,Millennials
27348,6.3,1.0,7.1,3.1,4.9,2.87,Low,Millennials
27349,5.4,1.2,7.5,4.3,3.3,3.44,Moderate,Millennials
27350,5.3,1.3,8.6,3.1,3.8,3.27,Moderate,Millennials
27351,7.3,2.5,6.4,1.7,2.8,3.04,Low,Millennials
27352,6.0,1.4,7.9,2.5,3.1,2.83,Moderate,Millennials
27353,8.6,2.5,8.0,2.3,3.8,2.88,Low,Millennials
27354,4.6,3.5,8.9,1.5,0.9,2.63,Low,Millennials
27355,4.0,3.6,6.6,3.4,2.7,3.27,High,Millennials
27356,5.9,3.6,7.1,0.4,4.6,2.96,Low,Millennials
27357,7.2,1.8,8.6,1.9,6.3,2.72,High,Millennials
27358,6.2,0.9,7.8,1.0,5.9,2.88,Moderate,Millennials
27359,4.8,1.5,6.7,2.1,4.8,2.48,Moderate,Millennials
27360,7.7,2.1,8.9,2.3,4.4,3.19,Moderate,Millennials
27361,3.9,1.1,8.4,0.6,4.3,3.24,Moderate,Millennials
27362,5.8,2.9,5.7,1.8,5.1,2.67,Moderate,Millennials
27363,5.6,1.3,6.3,0.3,2.5,3.04,Low,Millennials
27364,6.3,2.1,8.5,2.4,4.5,2.93,Low,Millennials
27365,8.5,2.4,7.2,1.9,5.1,2.86,Moderate,Millennials
27366,4.1,3.6,8.9,4.4,3.0,2.82,High,Millennials
27367,6.9,2.3,6.5,2.8,4.8,2.9,Low,Millennials
27368,6.6,0.0,7.1,2.7,4.8,3.09,High,Millennials
27369,7.1,3.4,9.2,2.2,4.0,2.99,Moderate,Millennials
27370,5.5,1.0,9.4,1.2,1.7,2.99,High,Millennials
27371,5.5,1.1,7.4,1.8,3.4,3.36,Moderate,Millennials
27372,6.3,1.8,8.0,1.8,3.9,2.74,Moderate,Millennials
27373,6.6,0.8,8.3,4.0,6.3,2.55,Moderate,Millennials
27374,4.7,4.2,5.6,4.1,2.4,3.57,Moderate,Millennials
27375,6.1,1.5,9.2,1.6,4.6,2.82,Moderate,Millennials
27376,5.4,3.1,8.7,1.5,5.6,3.36,High,Millennials
27377,4.1,1.9,8.3,0.5,3.8,2.94,Low,Millennials
27378,5.0,0.5,7.5,1.6,3.6,3.4,Low,Millennials
27379,7.4,1.7,6.6,4.3,4.2,3.42,Low,Millennials
27380,5.9,3.6,8.8,0.2,2.5,2.9,Moderate,Millennials
27381,5.5,0.8,8.4,1.2,3.1,2.74,Moderate,Millennials
27382,6.1,0.7,8.1,3.4,4.0,3.51,Low,Millennials
27383,4.7,0.7,8.1,1.9,4.6,3.13,Moderate,Millennials
27384,6.8,2.2,7.1,0.9,3.7,3.28,Low,Millennials
27385,6.0,2.8,8.3,2.5,2.1,2.72,Moderate,Millennials
27386,5.9,1.2,7.2,0.5,6.5,3.17,Moderate,Millennials
27387,5.0,1.2,9.0,3.1,4.5,2.75,Moderate,Millennials
27388,5.9,1.4,8.2,1.8,2.7,3.16,Moderate,Millennials
27389,7.2,1.8,7.3,1.8,3.6,3.09,Low,Millennials
27390,3.2,2.5,8.1,2.6,3.3,2.33,Low,Millennials
27391,4.4,1.1,9.9,3.0,3.5,3.08,Moderate,Millennials
27392,3.4,3.3,7.8,0.5,4.4,3.23,Moderate,Millennials
27393,6.7,2.2,9.7,2.0,7.5,2.67,Moderate,Millennials
27394,4.9,2.9,8.7,2.6,5.4,2.58,Moderate,Millennials
27395,4.2,0.8,8.4,0.1,4.7,3.24,High,Millennials
27396,5.4,1.1,7.8,4.4,3.4,2.95,Low,Millennials
27397,4.2,2.3,8.3,0.5,4.7,2.94,Low,Millennials
27398,4.4,2.1,8.9,4.5,2.8,3.18,Moderate,Millennials
27399,6.2,2.2,7.1,1.6,4.9,2.66,Low,Millennials
27400,4.9,4.9,6.3,2.2,4.8,2.83,Moderate,Millennials
27401,6.4,2.0,6.7,4.0,3.1,2.89,Moderate,Millennials
27402,6.3,1.7,8.0,2.2,3.6,2.89,Low,Millennials
27403,6.7,4.4,8.1,1.0,5.4,2.82,High,Millennials
27404,5.0,2.2,7.8,2.0,3.1,3.48,Low,Millennials
27405,4.7,2.4,9.0,3.2,4.3,2.94,Moderate,Millennials
27406,5.9,1.8,8.8,1.9,8.0,2.84,Moderate,Millennials
27407,4.6,2.2,7.6,1.5,5.3,3.3,High,Millennials
27408,5.5,1.0,8.2,2.1,3.7,3.06,Low,Millennials
27409,4.9,1.2,7.7,4.1,5.6,3.58,High,Millennials
27410,6.4,1.9,8.2,4.0,6.6,2.99,Low,Millennials
27411,5.5,2.0,6.4,2.3,0.1,3.26,High,Millennials
27412,6.5,2.8,9.2,1.8,5.3,3.05,High,Millennials
27413,4.7,1.4,7.9,1.7,4.8,2.68,Moderate,Millennials
27414,7.5,3.5,8.6,0.8,2.8,2.49,Moderate,Millennials
27415,6.9,2.3,8.0,3.0,5.2,3.11,Moderate,Millennials
27416,5.4,0.9,6.4,2.2,2.2,3.04,Low,Millennials
27417,6.4,2.9,8.6,2.9,3.9,2.65,Moderate,Millennials
27418,5.4,2.2,7.2,3.4,4.5,2.98,Low,Millennials
27419,6.6,3.2,7.8,3.3,4.4,3.46,Low,Millennials
27420,7.5,1.6,7.9,0.6,4.3,3.04,Low,Millennials
27421,6.4,2.6,6.9,1.8,4.6,3.02,Low,Millennials
27422,5.8,2.7,8.6,0.9,6.3,2.94,Moderate,Millennials
27423,7.3,1.2,7.6,1.2,2.9,3.48,Moderate,Millennials
27424,6.0,3.9,8.8,1.2,3.9,2.88,Moderate,Millennials
27425,5.8,1.1,8.2,2.5,5.0,3.2,High,Millennials
27426,7.6,0.7,8.0,2.7,5.2,2.94,Low,Millennials
27427,5.9,1.2,9.6,3.1,3.5,3.27,Low,Millennials
27428,6.4,1.0,7.0,1.8,2.7,2.72,Low,Millennials
27429,6.0,2.7,7.3,3.0,3.9,2.93,Moderate,Millennials
27430,6.5,0.9,7.1,2.7,2.2,3.26,Low,Millennials
27431,4.4,1.4,7.5,1.3,5.6,3.08,Moderate,Millennials
27432,5.9,2.0,8.1,2.7,4.6,3.02,Low,Millennials
27433,6.2,1.3,7.4,2.1,5.0,3.2,Low,Millennials
27434,6.0,1.4,8.1,1.9,3.2,3.43,Low,Millennials
27435,4.3,0.8,8.6,3.7,5.1,2.35,High,Millennials
27436,5.9,1.1,8.9,0.5,4.7,3.04,Low,Millennials
27437,6.9,2.3,8.0,1.3,5.6,2.75,Moderate,Millennials
27438,7.8,2.2,7.0,1.5,2.5,3.21,High,Millennials
27439,4.4,2.7,7.5,2.0,5.4,2.98,Moderate,Millennials
27440,3.8,1.1,8.0,0.8,2.9,2.97,Moderate,Millennials
27441,4.2,2.2,8.0,4.2,5.0,3.26,High,Millennials
27442,7.1,1.4,7.5,3.1,4.8,2.66,Low,Millennials
27443,7.9,1.2,9.1,2.9,2.2,2.9,Moderate,Millennials
27444,3.9,0.8,7.6,2.5,3.7,3.24,Moderate,Millennials
27445,6.3,1.0,8.3,2.9,5.8,2.84,Moderate,Millennials
27446,6.0,3.0,7.6,2.0,3.3,3.31,Moderate,Millennials
27447,4.1,3.7,8.0,4.3,5.5,2.65,Low,Millennials
27448,7.2,3.3,7.6,3.4,4.6,2.65,Moderate,Millennials
27449,4.4,0.8,6.2,1.2,3.8,2.93,Low,Millennials
27450,4.9,1.6,8.0,2.3,4.6,2.85,Moderate,Millennials
27451,4.9,2.1,8.2,3.7,2.4,2.9,Low,Millennials
27452,5.8,2.6,8.4,0.7,5.2,2.77,Moderate,Millennials
27453,6.9,0.1,9.1,1.6,5.6,3.02,Moderate,Millennials
27454,7.3,2.6,7.3,2.7,3.8,2.67,High,Millennials
27455,6.0,4.4,9.4,2.6,7.5,3.03,Low,Millennials
27456,5.9,0.4,8.0,1.8,6.4,2.66,Moderate,Millennials
27457,4.8,2.5,8.7,3.2,6.3,2.91,Low,Millennials
27458,5.1,1.0,6.0,3.1,5.1,2.59,Moderate,Millennials
27459,5.3,2.6,8.3,2.3,5.1,3.06,High,Millennials
27460,7.8,2.4,6.5,1.0,4.8,3.16,Low,Millennials
27461,5.3,3.4,7.9,1.2,7.3,3.01,Moderate,Millennials
27462,4.5,3.1,8.4,1.7,6.6,2.88,Moderate,Millennials
27463,6.6,1.3,6.8,3.0,6.3,3.36,Moderate,Millennials
27464,4.1,2.0,6.6,1.7,6.3,3.06,Moderate,Millennials
27465,6.3,0.0,8.0,2.0,5.8,3.29,Moderate,Millennials
27466,6.4,1.4,8.1,2.4,2.6,3.06,Low,Millennials
27467,5.3,1.2,7.4,0.0,5.2,2.97,Low,Millennials
27468,6.4,0.2,9.0,1.9,6.7,2.59,Moderate,Millennials
27469,6.0,3.6,10.0,2.5,4.4,2.29,Low,Millennials
27470,6.5,0.5,7.7,2.1,5.1,3.14,High,Millennials
27471,6.1,4.5,7.2,3.2,5.3,2.88,Moderate,Millennials
27472,7.3,2.8,7.9,3.7,4.5,2.82,Moderate,Millennials
27473,6.1,2.0,8.5,0.9,6.0,3.17,Low,Millennials
27474,4.8,1.1,7.8,0.1,2.8,3.01,Low,Millennials
27475,7.3,2.9,6.3,1.1,4.7,2.84,Low,Millennials
27476,6.9,0.2,6.8,2.9,4.1,3.56,Moderate,Millennials
27477,7.4,1.4,8.0,3.1,4.1,2.81,Low,Millennials
27478,5.6,0.1,7.2,3.1,6.0,2.86,Moderate,Millennials
27479,7.7,1.8,7.0,2.1,7.4,3.15,Low,Millennials
27480,5.9,3.5,7.7,3.8,4.3,3.44,Low,Millennials
27481,4.2,3.5,6.9,1.3,1.8,2.98,Low,Millennials
27482,6.0,2.1,7.3,1.7,5.6,2.87,Low,Millennials
27483,6.7,2.5,8.6,3.1,3.8,2.78,Low,Millennials
27484,6.0,3.3,7.7,1.8,4.1,2.73,Low,Millennials
27485,5.2,2.3,8.3,5.5,4.9,2.77,Moderate,Millennials
27486,5.2,3.0,8.1,0.0,3.0,3.01,Moderate,Millennials
27487,5.8,2.8,7.7,0.3,4.0,2.66,Low,Millennials
27488,4.6,0.2,8.5,0.9,3.4,2.71,Low,Millennials
27489,6.3,2.0,7.0,3.3,2.6,3.17,High,Millennials
27490,2.8,2.4,9.4,1.0,2.5,2.53,High,Millennials
27491,6.9,1.7,9.1,0.0,6.5,3.23,Low,Millennials
27492,4.5,3.1,8.6,3.0,3.1,3.09,Moderate,Millennials
27493,7.7,3.3,8.1,3.5,6.5,3.53,High,Millennials
27494,6.2,3.0,8.9,0.6,4.7,3.42,Moderate,Millennials
27495,5.6,2.3,7.3,1.2,6.8,3.5,Low,Millennials
27496,7.1,2.1,6.3,2.3,5.6,2.72,Moderate,Millennials
27497,5.4,2.8,7.2,3.1,5.0,3.22,Moderate,Millennials
27498,2.9,1.3,7.2,1.4,4.3,2.66,Moderate,Millennials
27499,8.0,2.5,7.3,2.3,6.4,2.77,Moderate,Millennials
27500,6.5,3.6,6.9,0.7,5.6,3.11,Low,Millennials
27501,5.4,1.7,6.0,1.4,4.5,3.11,Low,Millennials
27502,7.0,0.9,7.6,1.0,6.4,2.7,Moderate,Millennials
27503,2.9,2.3,7.4,2.2,4.9,3.54,Moderate,Millennials
27504,7.8,0.0,7.4,2.0,2.9,2.8,Low,Millennials
27505,5.1,0.1,7.1,2.5,3.7,3.6,Moderate,Millennials
27506,4.5,3.6,5.9,2.3,1.8,2.98,Moderate,Millennials
27507,7.5,2.0,9.0,3.3,3.5,3.05,High,Millennials
27508,6.6,2.2,8.3,1.0,7.3,2.71,High,Millennials
27509,5.0,1.2,7.3,2.0,5.6,3.35,Low,Millennials
27510,6.6,2.3,6.2,2.1,5.0,2.99,Low,Millennials
27511,5.8,2.2,6.3,0.7,6.3,3.46,Moderate,Millennials
27512,5.0,2.6,7.0,2.4,3.4,2.97,Moderate,Millennials
27513,6.5,2.3,6.3,2.2,6.2,2.67,Moderate,Millennials
27514,4.4,3.5,6.7,1.9,1.9,2.7,Low,Millennials
27515,8.6,2.9,8.5,2.9,2.1,2.97,Moderate,Millennials
27516,4.4,1.7,6.5,1.8,3.0,2.98,Moderate,Millennials
27517,5.6,2.3,7.6,1.6,4.9,2.65,Moderate,Millennials
27518,6.3,2.5,8.1,4.5,4.1,2.79,Low,Millennials
27519,4.0,1.6,7.2,0.2,5.0,3.52,Moderate,Millennials
27520,6.1,1.7,6.8,1.7,5.2,2.82,Low,Millennials
27521,5.6,2.2,8.2,2.0,5.2,2.96,Moderate,Millennials
27522,6.7,1.6,8.8,0.4,3.0,2.93,Moderate,Millennials
27523,4.2,1.1,8.2,0.4,6.5,2.76,Moderate,Millennials
27524,6.4,3.3,9.4,2.7,3.5,2.98,Low,Millennials
27525,5.8,2.0,9.2,2.2,6.1,2.95,Low,Millennials
27526,7.6,3.9,7.8,2.9,6.2,2.74,Moderate,Millennials
27527,4.9,3.6,7.1,2.2,4.7,3.32,Low,Millennials
27528,6.8,0.9,7.8,0.3,3.6,2.58,Low,Millennials
27529,5.9,2.7,8.0,3.1,4.6,2.99,Low,Millennials
27530,5.9,0.0,8.1,2.8,2.1,3.1,Low,Millennials
27531,4.7,2.9,7.7,0.3,5.3,2.71,High,Millennials
27532,5.6,3.0,8.9,1.3,4.9,2.93,Moderate,Millennials
27533,4.9,2.0,7.5,0.7,4.0,3.18,Moderate,Millennials
27534,6.0,3.6,8.7,1.1,7.7,3.27,Moderate,Millennials
27535,7.2,0.1,7.4,2.7,2.0,2.69,Moderate,Millennials
27536,3.4,1.3,7.8,1.3,4.6,2.88,Low,Millennials
27537,5.6,1.9,7.8,5.2,2.6,3.26,Low,Millennials
27538,3.9,1.4,7.1,0.7,5.4,3.06,Moderate,Millennials
27539,5.2,3.1,10.0,2.4,4.3,2.78,High,Millennials
27540,4.8,3.5,7.2,0.9,4.8,3.32,Moderate,Millennials
27541,2.4,2.3,6.7,0.0,2.5,2.63,High,Millennials
27542,6.7,4.2,7.3,1.9,4.8,3.39,Moderate,Millennials
27543,4.1,4.9,5.6,2.6,3.3,3.2,High,Millennials
27544,7.6,2.5,7.0,1.2,4.7,3.44,Low,Millennials
27545,4.7,2.4,8.4,1.7,3.4,2.87,Moderate,Millennials
27546,3.4,0.0,9.6,2.6,3.9,2.84,Moderate,Millennials
27547,6.2,3.3,8.4,1.7,5.8,2.64,Low,Millennials
27548,7.3,1.2,6.9,2.9,3.6,2.46,Low,Millennials
27549,5.0,1.0,6.4,1.9,5.2,2.75,High,Millennials
27550,4.5,1.1,8.4,3.9,4.3,2.97,Moderate,Millennials
27551,5.2,2.7,8.4,3.1,1.7,3.19,Low,Millennials
27552,6.1,1.4,7.3,3.9,4.8,2.49,Moderate,Millennials
27553,4.6,1.1,6.3,2.5,4.9,3.53,Low,Millennials
27554,4.5,2.0,7.1,2.8,6.9,3.09,High,Millennials
27555,4.9,1.1,7.9,1.9,5.6,3.45,Moderate,Millennials
27556,4.7,2.8,6.9,4.2,4.9,3.55,Low,Millennials
27557,4.2,2.9,7.7,2.3,4.9,2.62,High,Millennials
27558,8.9,2.6,6.7,1.3,3.8,2.67,Moderate,Millennials
27559,5.0,2.5,7.7,2.4,4.0,3.6,Low,Millennials
27560,7.8,0.0,9.0,0.0,3.8,3.09,Moderate,Millennials
27561,7.2,0.7,8.4,3.8,3.5,2.87,Moderate,Millennials
27562,5.0,0.7,7.8,2.2,7.3,3.25,Moderate,Millennials
27563,6.5,3.0,7.3,2.0,3.7,3.06,Moderate,Millennials
27564,3.6,2.6,7.7,3.0,6.4,2.85,Low,Millennials
27565,5.4,1.9,6.9,0.8,4.8,3.13,Low,Millennials
27566,4.5,0.2,9.0,0.8,1.6,2.56,Low,Millennials
27567,8.7,1.0,5.8,1.4,4.4,3.15,High,Millennials
27568,3.8,2.0,9.5,1.5,6.4,2.85,Moderate,Millennials
27569,3.2,4.0,8.8,2.6,4.5,3.12,Low,Millennials
27570,5.5,3.4,6.6,2.4,6.0,3.22,Moderate,Millennials
27571,4.6,1.5,6.6,4.0,3.7,3.42,Low,Millennials
27572,4.5,3.1,9.6,1.9,3.7,3.05,Moderate,Millennials
27573,5.5,1.4,8.4,1.5,3.7,3.15,Moderate,Millennials
27574,7.1,4.2,6.9,0.7,4.5,3.07,Low,Millennials
27575,5.0,2.6,7.1,1.1,5.3,3.46,Moderate,Millennials
27576,7.8,2.2,8.0,2.4,5.2,2.82,Moderate,Millennials
27577,7.1,3.9,8.4,0.0,2.9,3.37,Low,Millennials
27578,5.9,3.0,7.3,2.9,5.1,3.07,Moderate,Millennials
27579,3.8,2.1,7.2,1.3,4.9,3.03,Moderate,Millennials
27580,8.1,2.6,8.4,2.4,4.5,2.6,Moderate,Millennials
27581,7.0,2.4,6.5,1.0,5.4,2.77,Low,Millennials
27582,6.9,3.8,7.8,2.0,3.2,3.39,Moderate,Millennials
27583,4.0,2.2,7.4,1.0,2.2,3.03,Low,Millennials
27584,3.7,2.0,8.6,0.1,6.1,3.01,Moderate,Millennials
27585,2.8,2.3,10.0,2.3,3.2,2.98,Low,Millennials
27586,5.6,2.2,7.2,2.3,2.7,2.94,High,Millennials
27587,6.3,0.0,8.1,2.7,2.9,2.92,Moderate,Millennials
27588,5.6,4.4,6.9,2.8,2.5,2.76,Moderate,Millennials
27589,6.9,2.2,9.0,2.2,4.2,2.66,Moderate,Millennials
27590,6.5,0.6,9.4,3.0,3.8,3.04,High,Millennials
27591,6.3,1.4,8.1,0.7,3.8,2.96,Moderate,Millennials
27592,2.0,1.8,8.4,1.7,3.9,4.0,Low,Millennials
27593,6.7,2.3,6.9,1.4,3.1,3.39,Low,Millennials
27594,5.2,2.0,7.1,2.1,4.0,3.0,Moderate,Millennials
27595,6.4,1.3,9.0,2.8,7.6,3.27,Low,Millennials
27596,5.0,3.0,8.0,2.5,2.8,3.1,Low,Millennials
27597,5.5,2.4,8.4,2.4,3.9,2.99,High,Millennials
27598,6.6,3.5,9.6,1.5,4.6,2.62,Moderate,Millennials
27599,6.1,1.8,7.5,2.9,2.3,3.01,High,Millennials
27600,3.3,2.1,6.7,3.1,6.4,3.04,Low,Millennials
27601,5.4,2.3,7.5,2.9,4.0,3.44,Moderate,Millennials
27602,5.2,0.9,7.2,0.7,4.8,3.17,Moderate,Millennials
27603,5.2,0.0,7.8,2.3,3.8,3.14,Moderate,Millennials
27604,4.0,2.3,7.4,1.4,5.8,2.94,Moderate,Millennials
27605,6.7,2.3,6.8,0.6,6.9,2.76,High,Millennials
27606,5.1,3.1,7.4,0.1,5.6,3.42,Low,Millennials
27607,5.9,3.6,8.4,0.7,4.2,3.2,Moderate,Millennials
27608,6.2,2.7,7.7,2.3,4.2,2.58,Low,Millennials
27609,4.9,2.2,7.0,3.1,3.6,3.1,Low,Millennials
27610,4.4,1.9,8.2,3.5,3.8,3.18,Moderate,Millennials
27611,5.1,1.7,9.2,2.1,2.9,2.73,Low,Millennials
27612,6.5,2.5,7.8,1.3,6.6,2.81,Low,Millennials
27613,6.1,0.6,8.1,3.1,4.6,3.2,Moderate,Millennials
27614,7.7,2.0,6.8,1.5,5.8,3.2,Low,Millennials
27615,5.0,3.6,8.2,1.4,4.7,3.38,High,Millennials
27616,6.9,0.0,7.5,0.7,3.9,2.71,High,Millennials
27617,5.4,1.1,7.8,3.4,3.7,3.29,Moderate,Millennials
27618,3.6,2.4,7.4,2.0,3.3,2.96,High,Millennials
27619,5.4,3.7,8.8,2.4,4.2,2.75,Low,Millennials
27620,5.0,3.2,8.6,0.9,5.4,3.21,Moderate,Millennials
27621,5.0,1.6,7.5,2.2,5.2,2.59,Low,Millennials
27622,6.2,1.4,9.2,2.3,5.0,2.93,Low,Millennials
27623,3.7,1.8,7.1,1.7,4.2,2.6,Moderate,Millennials
27624,4.9,3.4,7.7,2.6,5.6,2.86,Moderate,Millennials
27625,7.8,1.2,7.5,2.1,2.4,2.73,Low,Millennials
27626,5.8,2.0,7.1,2.5,3.4,2.98,Moderate,Millennials
27627,8.6,2.5,7.9,1.2,5.5,2.72,Moderate,Millennials
27628,6.3,3.5,8.2,4.2,3.7,3.27,High,Millennials
27629,4.9,4.0,8.0,2.4,4.7,3.26,Moderate,Millennials
27630,5.2,3.3,8.0,2.4,4.8,2.95,Low,Millennials
27631,6.3,3.2,6.9,1.7,6.1,2.15,Low,Millennials
27632,7.0,1.6,7.7,2.7,8.0,2.98,Moderate,Millennials
27633,4.2,2.3,8.1,1.0,3.8,2.78,Moderate,Millennials
27634,6.5,1.9,7.6,1.0,3.4,2.69,Low,Millennials
27635,3.3,1.0,8.1,2.6,4.5,3.21,Moderate,Millennials
27636,5.7,3.4,8.9,2.3,4.4,2.94,Moderate,Millennials
27637,6.6,1.4,7.9,0.5,5.0,3.06,Low,Millennials
27638,6.7,3.3,6.9,2.1,2.7,2.46,Low,Millennials
27639,5.7,1.1,7.8,3.2,4.8,3.47,Low,Millennials
27640,5.7,2.1,7.9,2.0,4.1,2.76,Moderate,Millennials
27641,7.1,1.0,7.2,3.6,2.4,2.99,Low,Millennials
27642,3.9,2.4,6.5,2.1,3.6,2.7,Low,Millennials
27643,6.9,1.1,7.9,3.0,4.1,3.0,Low,Millennials
27644,5.1,3.3,8.5,2.5,3.7,3.19,Low,Millennials
27645,5.5,3.3,6.4,1.5,4.6,2.52,High,Millennials
27646,5.4,3.9,6.4,2.4,6.8,2.74,Low,Millennials
27647,7.2,3.5,6.3,0.0,3.1,3.26,Moderate,Millennials
27648,5.7,2.9,7.7,1.3,4.1,3.2,Moderate,Millennials
27649,7.9,3.9,8.2,3.4,5.3,3.33,Low,Millennials
27650,4.5,3.3,8.9,2.2,4.9,3.24,Moderate,Millennials
27651,7.5,0.0,7.2,3.2,3.1,3.09,Low,Millennials
27652,7.7,3.9,8.1,1.0,2.1,2.99,High,Millennials
27653,6.3,1.8,7.6,2.3,4.2,3.06,Low,Millennials
27654,5.1,0.5,8.9,1.5,4.5,3.11,Moderate,Millennials
27655,7.2,2.9,9.0,0.6,3.6,2.67,High,Millennials
27656,7.6,2.7,7.2,3.7,2.0,3.11,Low,Millennials
27657,7.5,3.2,7.8,1.2,6.2,3.35,Low,Millennials
27658,6.8,2.9,8.7,1.5,6.5,3.09,Moderate,Millennials
27659,7.9,2.1,6.2,1.9,8.0,2.79,Moderate,Millennials
27660,5.2,2.6,5.9,2.7,5.0,2.78,Moderate,Millennials
27661,6.3,2.7,7.7,0.6,3.3,3.35,Low,Millennials
27662,8.3,2.4,7.3,3.5,4.1,3.54,Low,Millennials
27663,4.1,3.1,7.7,3.6,3.0,2.68,Low,Millennials
27664,9.2,0.4,6.1,4.6,4.6,3.15,High,Millennials
27665,5.2,0.0,7.9,1.2,2.0,3.07,Moderate,Millennials
27666,9.4,2.9,8.1,2.6,4.3,3.47,Low,Millennials
27667,8.5,3.5,8.3,1.0,5.0,3.45,Low,Millennials
27668,7.6,0.8,6.0,0.7,4.4,2.68,Low,Millennials
27669,6.5,2.8,7.5,2.7,3.7,2.78,Moderate,Millennials
27670,4.3,2.1,8.1,1.1,4.9,2.92,Moderate,Millennials
27671,7.1,1.3,8.2,1.8,5.3,3.2,Moderate,Millennials
27672,6.1,1.9,9.4,2.2,5.3,2.85,Low,Millennials
27673,5.2,2.0,9.3,2.4,3.3,2.67,Moderate,Millennials
27674,6.0,2.5,6.5,2.3,4.2,2.96,Moderate,Millennials
27675,5.6,4.1,8.5,1.6,5.2,2.91,High,Millennials
27676,5.9,3.4,5.6,2.6,2.9,2.61,Moderate,Millennials
27677,4.2,3.2,8.3,2.4,5.0,2.57,Low,Millennials
27678,8.2,2.3,7.3,2.3,5.8,3.28,High,Millennials
27679,5.6,0.0,7.4,1.7,6.4,3.19,Low,Millennials
27680,4.2,2.4,8.5,2.0,3.6,2.47,Low,Millennials
27681,5.9,1.3,9.8,2.1,2.6,3.42,Moderate,Millennials
27682,5.3,0.3,8.2,0.1,4.3,3.64,High,Millennials
27683,5.8,0.7,7.3,2.8,2.7,3.14,Moderate,Millennials
27684,7.6,3.3,6.8,1.9,3.4,2.47,Moderate,Millennials
27685,6.2,2.7,5.9,2.1,3.8,3.26,Low,Millennials
27686,5.2,2.3,7.2,1.9,4.9,2.91,Moderate,Millennials
27687,5.7,2.0,6.7,1.8,5.1,3.12,Moderate,Millennials
27688,5.9,3.2,8.9,1.2,7.1,2.77,High,Millennials
27689,9.7,3.4,8.5,1.8,4.2,2.72,Low,Millennials
27690,7.0,2.3,8.3,1.8,4.5,3.58,Low,Millennials
27691,7.8,0.0,6.6,0.5,4.6,2.85,Low,Millennials
27692,4.3,1.3,7.3,2.0,5.8,2.94,Moderate,Millennials
27693,4.7,3.2,7.8,2.4,4.3,2.63,Low,Millennials
27694,4.3,3.3,8.0,0.6,3.2,2.58,High,Millennials
27695,5.4,2.7,7.8,0.5,5.2,2.99,Moderate,Millennials
27696,5.3,2.9,8.0,1.2,3.3,3.17,Low,Millennials
27697,5.5,3.8,6.7,2.0,4.3,3.17,Low,Millennials
27698,6.2,2.5,7.3,1.7,3.5,3.2,Moderate,Millennials
27699,4.7,2.0,8.1,1.1,3.1,2.96,High,Millennials
27700,7.1,5.1,8.7,1.1,3.2,2.9,High,Millennials
27701,6.6,3.6,6.6,1.2,2.2,3.2,High,Millennials
27702,2.0,2.5,6.8,0.7,4.1,2.8,Moderate,Millennials
27703,5.3,1.6,7.6,1.2,2.8,2.14,Moderate,Millennials
27704,4.9,0.9,6.4,3.4,4.4,3.29,Low,Millennials
27705,5.5,0.6,6.4,2.6,5.2,3.05,High,Millennials
27706,6.3,1.4,8.1,1.6,8.0,2.84,Low,Millennials
27707,4.9,2.2,7.5,1.8,4.4,2.55,Low,Millennials
27708,4.0,1.4,7.5,3.1,2.6,3.41,Low,Millennials
27709,6.1,3.2,7.5,4.0,3.8,2.88,High,Millennials
27710,7.4,0.3,8.7,2.7,5.3,2.64,Low,Millennials
27711,8.3,3.4,8.4,2.0,5.3,3.42,Moderate,Millennials
27712,4.1,1.3,8.4,1.3,5.3,2.4,Low,Millennials
27713,5.9,3.3,8.3,1.2,2.6,2.71,Low,Millennials
27714,5.0,0.3,7.6,0.0,5.5,3.09,Low,Millennials
27715,6.7,0.8,6.3,2.6,3.3,2.54,Moderate,Millennials
27716,5.6,2.6,8.0,1.0,6.0,2.82,Moderate,Millennials
27717,5.7,4.1,8.2,1.1,3.3,2.87,High,Millennials
27718,5.7,1.7,8.5,1.8,4.0,2.95,High,Millennials
27719,7.8,0.0,7.7,3.8,6.3,2.68,Low,Millennials
27720,4.9,2.1,5.8,2.9,7.0,3.42,Moderate,Millennials
27721,8.4,1.0,7.7,2.3,3.7,2.78,High,Millennials
27722,6.5,2.8,8.1,0.5,4.1,3.35,High,Millennials
27723,4.6,2.3,6.3,1.9,5.8,2.94,Moderate,Millennials
27724,5.3,2.3,7.1,1.5,3.6,3.58,Low,Millennials
27725,6.5,1.2,9.1,2.2,4.3,3.29,Moderate,Millennials
27726,5.0,3.9,6.8,2.8,5.5,2.58,Low,Millennials
27727,5.2,5.2,7.2,2.1,5.6,3.28,Moderate,Millennials
27728,5.7,3.0,7.9,2.0,7.0,3.48,Moderate,Millennials
27729,5.5,1.7,7.3,1.4,4.6,3.3,Moderate,Millennials
27730,4.7,0.0,9.5,1.9,1.6,2.89,High,Millennials
27731,3.4,2.5,7.8,2.7,5.5,3.73,High,Millennials
27732,4.4,3.4,8.7,2.8,4.7,3.24,Low,Millennials
27733,3.2,0.3,8.8,2.4,4.7,3.0,Low,Millennials
27734,8.2,1.7,7.6,1.9,4.4,2.78,Moderate,Millennials
27735,5.4,1.1,8.8,1.5,4.1,3.24,High,Millennials
27736,6.0,0.5,7.7,1.8,3.9,3.02,Low,Millennials
27737,5.2,2.3,7.3,2.2,3.9,2.74,Low,Millennials
27738,7.1,0.8,7.7,2.5,6.0,2.69,High,Millennials
27739,5.9,3.5,8.3,0.6,3.0,3.21,Low,Millennials
27740,7.8,5.1,7.8,2.8,3.9,2.86,Moderate,Millennials
27741,6.2,2.5,7.8,2.4,2.2,2.99,Moderate,Millennials
27742,5.7,2.2,8.0,2.1,3.5,3.37,High,Millennials
27743,3.9,2.8,9.1,2.7,4.3,2.88,High,Millennials
27744,5.4,2.8,8.8,1.8,4.9,2.8,Moderate,Millennials
27745,6.8,2.3,7.0,2.9,5.2,3.6,Moderate,Millennials
27746,3.5,1.4,7.4,1.4,5.1,2.83,Low,Millennials
27747,7.3,1.6,7.9,1.5,5.1,3.29,Moderate,Millennials
27748,4.8,3.0,5.3,1.5,4.7,3.42,Low,Millennials
27749,6.3,0.0,7.2,3.5,3.6,3.13,High,Millennials
27750,7.1,3.6,8.0,2.4,5.7,3.07,Moderate,Millennials
27751,6.0,1.6,6.7,1.1,6.0,3.12,Low,Millennials
27752,4.6,2.3,6.2,1.8,7.1,3.38,Moderate,Millennials
27753,5.3,3.0,8.0,2.1,7.6,3.03,High,Millennials
27754,6.4,0.0,8.4,3.0,1.7,3.06,Moderate,Millennials
27755,4.7,1.5,7.4,1.7,3.5,2.57,Moderate,Millennials
27756,6.0,3.6,6.6,2.7,4.9,2.4,Moderate,Millennials
27757,3.8,4.0,8.3,0.9,0.0,2.83,Moderate,Millennials
27758,8.1,2.7,8.2,3.3,4.6,3.51,Low,Millennials
27759,6.0,3.7,8.2,2.0,4.7,2.99,Low,Millennials
27760,7.2,0.0,7.9,4.0,2.8,3.1,Moderate,Millennials
27761,7.0,1.4,7.4,0.7,2.4,3.69,Moderate,Millennials
27762,6.9,0.0,7.6,1.9,3.8,3.19,Low,Millennials
27763,4.9,1.1,7.8,3.1,6.1,3.21,High,Millennials
27764,6.2,3.1,6.9,2.5,4.3,2.92,Low,Millennials
27765,7.1,3.7,9.3,1.7,3.1,3.28,Low,Millennials
27766,5.5,1.0,8.4,2.4,4.3,2.88,Moderate,Millennials
27767,5.6,2.7,7.2,0.4,6.4,3.28,Low,Millennials
27768,3.4,3.7,8.3,1.5,4.4,3.05,Moderate,Millennials
27769,5.6,0.0,7.8,2.4,6.0,2.62,Low,Millennials
27770,5.4,4.0,7.5,1.5,4.3,2.61,Low,Millennials
27771,5.6,3.3,6.7,2.2,3.6,2.89,Low,Millennials
27772,4.2,0.0,7.2,0.0,5.2,3.39,Low,Millennials
27773,4.9,2.3,7.9,3.3,1.5,3.05,Moderate,Millennials
27774,2.3,4.5,8.4,2.0,5.2,3.13,Low,Millennials
27775,7.3,2.7,6.4,3.4,3.5,3.06,Low,Millennials
27776,3.0,2.8,8.4,0.7,4.0,3.37,Moderate,Millennials
27777,5.7,1.8,6.8,3.6,5.6,2.65,Moderate,Millennials
27778,6.3,1.3,8.4,4.3,4.4,2.48,Moderate,Millennials
27779,3.6,1.6,8.1,1.7,2.8,3.42,Moderate,Millennials
27780,5.5,2.9,8.4,1.9,4.1,2.86,Low,Millennials
27781,4.6,3.0,7.2,2.4,3.9,3.28,Low,Millennials
27782,3.5,0.6,8.2,3.4,5.6,2.59,Low,Millennials
27783,7.6,1.2,7.5,1.3,3.4,3.13,Moderate,Millennials
27784,6.4,3.3,8.3,0.7,3.6,2.63,Moderate,Millennials
27785,6.2,4.8,7.2,1.8,5.9,2.53,High,Millennials
27786,5.5,2.9,8.2,3.5,4.2,3.15,Low,Millennials
27787,5.3,1.7,7.4,4.2,5.5,2.9,Low,Millennials
27788,4.7,2.5,6.8,2.1,1.4,3.26,Low,Millennials
27789,7.2,3.5,8.4,0.7,4.6,3.13,Moderate,Millennials
27790,5.5,1.0,7.4,2.3,8.0,3.46,Moderate,Millennials
27791,7.4,1.8,8.1,3.9,2.6,2.79,Moderate,Millennials
27792,6.0,2.8,7.3,2.5,4.0,2.11,Low,Millennials
27793,6.7,1.8,7.1,3.2,3.7,2.74,Moderate,Millennials
27794,6.0,1.9,8.3,0.0,5.1,2.94,High,Millennials
27795,6.4,1.4,7.0,4.5,6.3,3.19,Moderate,Millennials
27796,5.2,2.4,9.7,1.7,5.9,3.55,Moderate,Millennials
27797,5.3,2.2,8.3,1.7,3.3,2.54,Low,Millennials
27798,4.6,3.5,6.4,2.9,5.4,3.14,Low,Millennials
27799,5.4,4.4,7.8,3.1,4.6,2.68,Moderate,Millennials
27800,6.7,2.8,8.0,2.9,2.6,3.38,Moderate,Millennials
27801,7.0,2.4,7.2,2.0,4.2,3.3,Moderate,Millennials
27802,5.9,1.2,5.7,2.4,2.9,3.06,Moderate,Millennials
27803,5.7,0.0,7.1,1.5,2.8,2.95,Low,Millennials
27804,4.8,2.8,7.3,0.1,5.8,3.16,Low,Millennials
27805,4.6,2.2,9.2,1.4,3.5,2.35,Low,Millennials
27806,4.5,0.0,9.1,2.0,3.3,2.88,Low,Millennials
27807,5.3,1.2,8.9,2.6,5.4,3.01,Low,Millennials
27808,5.0,0.0,7.8,2.9,3.2,3.05,Low,Millennials
27809,4.9,2.2,7.5,2.1,6.4,2.4,Moderate,Millennials
27810,7.9,3.9,8.3,1.7,5.2,3.44,Low,Millennials
27811,5.5,3.3,6.9,1.5,2.9,3.46,Moderate,Millennials
27812,5.2,0.5,10.0,2.2,3.9,3.65,Moderate,Millennials
27813,6.9,4.1,9.2,2.0,3.7,3.23,Moderate,Millennials
27814,5.2,3.3,7.2,2.4,4.8,2.79,Low,Millennials
27815,6.1,3.5,8.3,1.9,4.7,2.83,Moderate,Millennials
27816,5.6,3.8,8.0,3.4,3.8,3.33,Low,Millennials
27817,6.9,2.0,8.0,3.2,5.6,3.34,Low,Millennials
27818,8.3,3.5,8.4,2.1,5.9,3.37,Moderate,Millennials
27819,5.7,4.0,7.1,0.0,3.8,3.36,Moderate,Millennials
27820,4.7,1.4,8.6,1.6,4.3,2.48,High,Millennials
27821,6.5,2.3,7.7,2.7,1.5,3.43,Moderate,Millennials
27822,6.8,1.5,6.8,0.7,3.0,2.94,Moderate,Millennials
27823,3.1,3.4,7.8,0.1,5.9,2.8,Moderate,Millennials
27824,5.3,2.7,6.8,2.5,5.2,3.13,Low,Millennials
27825,6.9,3.2,8.6,2.7,1.8,3.1,Moderate,Millennials
27826,6.8,4.1,8.9,4.0,6.3,2.84,Moderate,Millennials
27827,6.9,2.0,6.6,2.2,3.3,3.19,Low,Millennials
27828,4.6,1.0,7.4,1.4,5.1,3.23,Moderate,Millennials
27829,3.9,1.4,8.5,1.8,1.3,2.85,Low,Millennials
27830,6.8,3.7,6.8,1.9,4.2,2.67,Low,Millennials
27831,6.1,1.1,7.5,1.9,4.2,2.48,Moderate,Millennials
27832,7.4,2.6,8.3,0.5,3.8,2.84,Low,Millennials
27833,6.1,1.9,7.3,3.4,2.6,3.08,High,Millennials
27834,7.6,0.4,7.5,1.5,6.8,3.13,Low,Millennials
27835,5.8,3.2,6.9,2.6,3.4,3.07,Low,Millennials
27836,6.4,0.5,9.0,0.9,3.8,2.9,Moderate,Millennials
27837,4.5,1.0,7.7,1.1,2.2,3.2,Low,Millennials
27838,4.3,3.2,6.9,3.3,4.7,3.27,Moderate,Millennials
27839,4.5,0.9,7.3,0.9,5.6,3.48,High,Millennials
27840,6.9,3.1,7.3,4.9,5.5,3.07,Low,Millennials
27841,4.9,2.9,8.4,3.6,3.6,3.04,Moderate,Millennials
27842,6.6,2.6,8.2,1.3,2.2,3.28,Low,Millennials
27843,4.6,2.7,8.3,3.3,3.1,3.32,Moderate,Millennials
27844,6.3,2.9,8.5,1.5,3.1,3.25,Moderate,Millennials
27845,6.9,0.6,7.5,1.1,3.9,2.76,Moderate,Millennials
27846,5.8,1.3,7.2,3.2,5.3,3.05,Moderate,Millennials
27847,8.2,1.7,6.9,2.3,4.6,2.39,Low,Millennials
27848,3.3,2.3,6.9,1.9,4.9,3.22,Moderate,Millennials
27849,5.4,2.3,7.7,1.1,4.2,2.94,Low,Millennials
27850,6.6,3.8,9.8,1.4,2.4,2.83,High,Millennials
27851,6.2,2.4,6.1,2.4,2.5,3.04,Low,Millennials
27852,4.7,2.6,7.5,2.4,6.0,2.68,Moderate,Millennials
27853,6.1,2.4,7.7,3.8,3.8,2.84,Moderate,Millennials
27854,6.7,0.3,7.7,3.5,3.5,2.73,Low,Millennials
27855,5.3,3.0,8.9,0.5,2.6,2.99,Low,Millennials
27856,6.1,1.6,8.8,3.6,4.6,3.41,High,Millennials
27857,6.6,3.6,9.6,2.7,4.9,3.65,Low,Millennials
27858,6.9,2.4,7.6,5.1,1.5,3.01,Moderate,Millennials
27859,3.4,1.3,7.8,3.1,5.5,2.77,Moderate,Millennials
27860,5.3,1.1,8.0,1.5,4.0,3.37,Moderate,Millennials
27861,3.9,1.6,8.0,2.5,3.3,3.0,Moderate,Millennials
27862,4.9,2.7,8.6,2.0,5.7,3.05,Low,Millennials
27863,7.5,1.4,6.8,2.1,2.0,3.01,Moderate,Millennials
27864,6.4,3.1,8.5,2.5,3.4,2.9,Low,Millennials
27865,3.2,3.1,7.6,3.5,5.4,2.85,Moderate,Millennials
27866,5.1,1.3,6.7,2.0,3.8,3.27,Moderate,Millennials
27867,6.9,0.8,7.2,3.1,4.6,2.88,Moderate,Millennials
27868,5.2,1.6,8.3,3.2,6.1,3.18,Low,Millennials
27869,8.5,2.5,9.0,0.2,5.1,3.13,Low,Millennials
27870,7.4,1.8,8.6,4.8,4.9,3.32,Moderate,Millennials
27871,5.7,1.7,7.3,3.5,4.2,3.01,Moderate,Millennials
27872,5.6,2.8,7.5,2.4,4.2,2.61,Low,Millennials
27873,6.1,0.2,9.0,3.1,7.7,2.76,High,Millennials
27874,4.6,1.4,6.4,2.6,3.5,2.72,Low,Millennials
27875,6.8,2.7,9.6,2.0,5.7,2.94,Low,Millennials
27876,5.7,2.1,7.7,1.6,3.8,3.44,Moderate,Millennials
27877,2.9,3.1,7.7,3.0,5.5,3.16,Low,Millennials
27878,5.5,0.4,6.3,0.5,5.0,2.94,Moderate,Millennials
27879,6.6,1.0,7.8,3.4,3.0,2.96,High,Millennials
27880,8.1,3.2,8.7,1.5,2.4,3.04,High,Millennials
27881,2.8,2.6,7.5,2.9,3.6,2.97,Moderate,Millennials
27882,6.9,1.8,7.8,1.8,3.6,2.69,Moderate,Millennials
27883,5.1,0.4,7.7,2.1,5.9,2.78,Low,Millennials
27884,6.7,3.3,7.4,1.7,5.5,2.43,Low,Millennials
27885,7.1,3.0,8.5,3.6,5.6,3.09,Low,Millennials
27886,6.5,1.8,7.8,3.9,4.7,3.0,Moderate,Millennials
27887,4.2,0.0,7.1,2.2,6.4,3.34,Moderate,Millennials
27888,3.9,2.7,7.2,2.0,2.7,2.85,Moderate,Millennials
27889,6.0,2.6,5.8,0.1,3.3,2.89,Moderate,Millennials
27890,3.2,0.7,7.3,2.8,6.6,2.71,High,Millennials
27891,3.0,3.2,5.9,5.1,3.1,3.13,Low,Millennials
27892,7.8,0.2,7.0,1.1,1.5,3.05,High,Millennials
27893,4.7,0.9,9.3,3.0,2.9,2.63,Low,Millennials
27894,6.0,1.8,8.4,1.6,6.1,2.52,Low,Millennials
27895,8.2,2.1,8.1,0.1,5.6,2.76,Low,Millennials
27896,4.8,0.7,5.7,1.5,4.7,3.01,Low,Millennials
27897,5.2,4.9,7.4,1.3,6.0,2.8,Low,Millennials
27898,5.8,1.9,8.0,1.1,4.6,3.19,Moderate,Millennials
27899,5.6,1.6,6.6,2.3,3.2,3.08,Low,Millennials
27900,6.3,2.9,8.7,0.1,7.1,3.35,Moderate,Millennials
27901,5.0,3.4,7.7,1.1,3.4,2.92,Moderate,Millennials
27902,5.9,3.3,8.2,3.2,5.8,2.8,Low,Millennials
27903,6.3,0.8,8.1,1.5,5.2,3.01,Moderate,Millennials
27904,4.2,1.4,8.1,1.0,4.2,2.74,Moderate,Millennials
27905,3.9,1.7,6.6,1.7,7.2,2.77,Moderate,Millennials
27906,4.2,2.2,6.2,1.3,6.1,3.33,Low,Millennials
27907,3.0,3.4,8.3,2.9,4.6,3.15,Moderate,Millennials
27908,6.0,1.1,8.4,2.0,5.5,2.87,Moderate,Millennials
27909,5.4,2.0,8.6,1.7,4.9,3.32,Moderate,Millennials
27910,7.7,3.0,9.8,3.2,2.2,3.24,Moderate,Millennials
27911,5.1,3.6,6.5,3.2,6.0,2.87,Low,Millennials
27912,7.5,3.3,8.6,1.6,0.2,3.1,Low,Millennials
27913,5.8,4.3,8.1,2.6,6.9,2.36,Low,Millennials
27914,4.7,2.3,7.8,4.6,3.5,2.65,Moderate,Millennials
27915,5.0,4.3,8.5,2.8,3.2,2.94,Moderate,Millennials
27916,4.7,3.3,8.6,0.5,1.9,2.76,Moderate,Millennials
27917,5.6,3.4,9.1,1.2,4.6,3.1,Moderate,Millennials
27918,6.8,3.3,7.2,0.0,5.0,3.25,Moderate,Millennials
27919,5.1,0.9,7.2,2.1,5.7,3.16,Moderate,Millennials
27920,4.6,1.7,8.9,1.9,2.5,2.67,High,Millennials
27921,4.1,3.9,7.3,1.2,4.9,3.15,High,Millennials
27922,5.5,2.5,7.2,2.7,5.6,3.84,Low,Millennials
27923,6.5,2.4,7.5,1.9,3.8,3.02,Moderate,Millennials
27924,6.4,2.5,8.9,1.3,2.3,3.11,Moderate,Millennials
27925,5.2,1.1,8.5,2.6,1.9,3.21,Moderate,Millennials
27926,5.2,2.3,9.3,3.1,3.7,2.81,Moderate,Millennials
27927,4.5,2.5,7.9,2.2,3.5,2.82,Low,Millennials
27928,6.7,2.3,9.4,3.7,5.5,2.99,Low,Millennials
27929,5.9,1.7,8.0,1.6,3.9,3.15,Moderate,Millennials
27930,1.0,3.8,6.8,4.4,4.7,2.43,Low,Millennials
27931,5.5,3.6,6.7,5.0,4.4,2.52,Low,Millennials
27932,5.7,3.8,7.0,2.7,5.5,3.02,Moderate,Millennials
27933,4.5,1.5,9.0,2.3,4.8,2.63,Low,Millennials
27934,6.3,2.7,6.8,1.7,3.0,3.13,Moderate,Millennials
27935,6.3,3.0,9.1,1.2,3.8,2.85,High,Millennials
27936,5.0,2.3,7.3,0.3,5.8,2.94,Low,Millennials
27937,5.6,3.2,8.4,2.6,5.3,2.83,Moderate,Millennials
27938,5.0,2.5,9.9,1.1,3.5,3.4,Moderate,Millennials
27939,5.9,0.9,8.9,2.1,1.9,3.07,Low,Millennials
27940,4.5,2.3,7.0,1.0,3.8,3.16,Low,Millennials
27941,7.3,2.0,8.8,1.9,4.7,2.95,Moderate,Millennials
27942,4.1,2.7,7.4,4.2,5.0,3.39,Moderate,Millennials
27943,6.1,1.7,8.3,0.2,0.8,2.75,High,Millennials
27944,6.0,1.2,7.5,1.2,5.8,2.92,Moderate,Millennials
27945,1.0,1.6,7.9,2.5,4.8,3.27,Moderate,Millennials
27946,6.6,4.1,6.8,3.1,5.1,2.12,Moderate,Millennials
27947,7.7,1.7,8.4,4.2,5.5,3.19,Moderate,Millennials
27948,5.1,0.8,7.5,1.5,1.6,2.93,Moderate,Millennials
27949,4.9,1.1,6.5,1.9,6.2,2.88,Low,Millennials
27950,4.7,0.0,8.1,2.1,3.5,2.94,High,Millennials
27951,7.0,2.6,6.6,3.0,4.0,3.05,Low,Millennials
27952,4.5,2.0,9.5,0.0,2.0,2.67,Moderate,Millennials
27953,8.4,1.5,7.4,0.8,2.9,2.88,High,Millennials
27954,4.7,2.8,6.5,0.5,5.9,2.72,Moderate,Millennials
27955,5.7,1.8,7.7,1.7,5.8,3.43,High,Millennials
27956,5.8,2.3,8.2,3.4,5.3,3.32,Moderate,Millennials
27957,5.5,2.2,8.7,0.2,5.5,3.02,Moderate,Millennials
27958,7.0,2.6,9.1,1.5,5.2,3.21,Moderate,Millennials
27959,4.3,2.7,8.4,1.5,4.2,3.18,Moderate,Millennials
27960,4.0,1.6,7.1,2.9,5.2,2.93,Low,Millennials
27961,6.7,1.6,8.2,1.3,6.2,3.2,Moderate,Millennials
27962,3.1,2.8,7.9,3.9,4.0,3.21,Moderate,Millennials
27963,5.3,1.8,8.8,2.1,3.5,3.03,Moderate,Millennials
27964,2.8,3.9,8.9,2.8,5.2,2.89,Low,Millennials
27965,4.2,2.2,5.9,1.2,4.6,2.62,Moderate,Millennials
27966,5.5,2.1,7.2,2.5,4.6,2.92,Moderate,Millennials
27967,5.5,0.3,8.5,2.9,6.6,3.01,Moderate,Millennials
27968,4.7,1.8,6.5,3.2,5.4,3.29,Low,Millennials
27969,9.0,0.9,6.9,1.5,3.9,3.52,Low,Millennials
27970,6.5,2.9,7.6,1.7,7.1,3.25,Moderate,Millennials
27971,4.5,2.6,7.6,0.2,4.2,2.67,Moderate,Millennials
27972,4.7,1.8,8.2,0.8,2.9,2.82,High,Millennials
27973,5.2,1.9,8.4,0.1,3.3,2.65,Moderate,Millennials
27974,5.2,0.0,6.3,1.2,7.6,3.5,Low,Millennials
27975,4.0,1.4,7.1,0.2,5.3,3.05,Low,Millennials
27976,8.6,1.1,8.7,3.9,5.1,2.48,Low,Millennials
27977,7.4,0.9,8.7,0.0,4.9,2.48,Moderate,Millennials
27978,5.9,3.5,7.4,0.2,5.2,3.04,Low,Millennials
27979,5.4,0.0,8.5,3.3,3.6,3.08,Low,Millennials
27980,7.8,3.3,8.7,2.4,3.9,2.75,Moderate,Millennials
27981,7.8,2.0,7.1,4.7,2.2,2.82,Low,Millennials
27982,5.2,0.4,8.0,1.5,1.7,2.58,Moderate,Millennials
27983,5.4,3.5,7.4,2.8,6.0,2.32,High,Millennials
27984,5.0,2.7,9.4,1.4,5.3,2.97,Moderate,Millennials
27985,4.6,2.0,8.0,0.0,6.0,3.76,High,Millennials
27986,3.6,0.3,8.0,2.1,6.3,2.57,Low,Millennials
27987,7.3,1.3,9.3,2.7,3.3,3.62,Low,Millennials
27988,4.7,1.0,7.4,0.8,4.9,2.78,Moderate,Millennials
27989,5.6,2.4,7.2,2.3,4.8,2.88,Moderate,Millennials
27990,5.7,1.3,7.8,1.5,1.8,3.19,Moderate,Millennials
27991,5.3,3.1,6.9,2.1,3.5,3.27,Low,Millennials
27992,4.1,1.8,7.9,1.7,4.4,2.9,High,Millennials
27993,6.8,2.6,6.5,1.7,5.0,2.76,Moderate,Millennials
27994,3.3,1.6,6.5,0.3,2.3,3.11,Moderate,Millennials
27995,6.0,1.0,7.2,5.7,3.3,3.22,Moderate,Millennials
27996,4.8,0.9,7.9,1.2,4.7,3.85,Low,Millennials
27997,7.1,2.6,7.8,2.3,3.9,2.82,Moderate,Millennials
27998,3.8,2.2,7.8,1.7,2.3,3.07,Low,Millennials
27999,5.2,2.0,7.3,2.7,2.2,2.9,Moderate,Millennials
28000,3.8,3.9,7.8,0.0,5.5,2.07,Moderate,Millennials
28001,6.3,2.6,8.0,1.9,4.9,3.02,Low,Millennials
28002,6.7,1.8,6.1,2.4,4.0,3.31,Moderate,Millennials
28003,3.5,2.2,7.8,4.6,2.5,2.5,Moderate,Millennials
28004,6.8,1.1,8.8,2.9,3.8,3.62,Moderate,Millennials
28005,5.3,2.1,7.1,2.9,4.5,3.57,Low,Millennials
28006,3.4,4.3,10.0,3.8,4.2,2.85,Low,Millennials
28007,6.3,2.3,8.3,1.2,2.6,3.36,Moderate,Millennials
28008,5.9,1.8,8.9,1.1,3.1,3.34,High,Millennials
28009,7.0,2.3,6.6,3.6,4.9,2.65,Moderate,Millennials
28010,6.9,1.1,8.2,1.0,2.0,3.11,Moderate,Millennials
28011,5.4,1.9,7.5,0.6,4.2,2.44,Moderate,Millennials
28012,5.5,1.8,7.2,2.7,5.2,3.23,Moderate,Millennials
28013,4.7,3.0,8.0,1.2,3.0,3.33,High,Millennials
28014,7.7,2.1,6.9,3.2,4.1,3.18,Moderate,Millennials
28015,5.0,2.7,8.1,1.8,3.7,3.02,Moderate,Millennials
28016,6.3,1.1,7.6,2.8,4.9,3.2,Low,Millennials
28017,5.5,2.6,7.1,1.2,5.3,2.71,Low,Millennials
28018,7.1,1.4,7.2,1.4,3.5,3.53,Moderate,Millennials
28019,5.9,4.7,9.3,1.9,3.7,2.57,Moderate,Millennials
28020,6.3,2.5,7.0,2.0,3.7,3.45,Low,Millennials
28021,7.0,1.7,6.5,2.7,4.9,2.76,Low,Millennials
28022,6.6,1.5,7.9,0.1,5.1,3.07,Moderate,Millennials
28023,5.7,1.5,7.5,1.1,3.1,2.88,Moderate,Millennials
28024,4.1,1.8,7.8,2.8,3.3,2.57,High,Millennials
28025,5.1,2.5,6.9,1.8,2.8,2.93,Low,Millennials
28026,5.4,2.1,7.9,3.8,6.4,2.82,Moderate,Millennials
28027,6.2,1.4,7.2,1.8,6.6,3.02,High,Millennials
28028,5.2,2.2,7.0,3.2,5.5,3.0,Low,Millennials
28029,6.2,2.8,8.0,1.7,4.4,3.21,Low,Millennials
28030,2.9,2.1,8.4,1.5,5.3,3.53,Moderate,Millennials
28031,6.3,1.0,7.1,0.8,4.5,2.78,High,Millennials
28032,7.4,0.8,8.1,1.4,5.9,2.72,Low,Millennials
28033,4.9,1.8,8.9,2.6,3.2,3.26,Moderate,Millennials
28034,4.5,2.5,10.0,0.7,3.9,3.32,Low,Millennials
28035,5.1,5.5,7.0,1.5,7.3,3.35,Moderate,Millennials
28036,5.4,2.2,8.4,2.7,3.6,3.27,Moderate,Millennials
28037,6.0,3.8,6.8,1.4,4.6,3.05,Low,Millennials
28038,6.1,2.0,8.5,2.2,1.7,3.27,Moderate,Millennials
28039,2.9,1.8,8.3,0.6,3.7,3.42,Low,Millennials
28040,6.8,3.5,7.0,1.6,2.6,2.58,Moderate,Millennials
28041,8.9,2.8,8.9,1.5,3.7,3.24,Low,Millennials
28042,5.8,3.6,8.2,0.5,3.8,2.72,Moderate,Millennials
28043,7.2,5.0,7.0,3.4,2.2,3.24,Moderate,Millennials
28044,7.1,3.4,6.3,1.3,4.4,3.28,High,Millennials
28045,8.5,4.4,7.8,2.7,3.6,3.19,Moderate,Millennials
28046,4.7,1.7,8.0,2.7,3.5,2.52,Low,Millennials
28047,6.5,2.4,8.3,1.3,6.3,2.78,Low,Millennials
28048,8.1,0.9,7.7,1.0,1.3,2.35,High,Millennials
28049,4.4,2.2,9.3,4.0,4.1,3.39,Moderate,Millennials
28050,6.1,3.9,8.9,1.8,3.6,3.19,Low,Millennials
28051,4.8,1.7,7.4,1.9,3.5,3.33,Moderate,Millennials
28052,5.8,2.5,8.7,0.5,4.2,3.0,Moderate,Millennials
28053,6.9,3.8,8.4,1.4,3.0,3.04,Moderate,Millennials
28054,5.4,1.4,7.4,4.2,5.4,3.04,Low,Millennials
28055,5.6,1.1,9.8,2.0,3.9,2.88,Low,Millennials
28056,6.2,2.9,7.2,0.6,2.9,3.14,Low,Millennials
28057,6.7,1.3,8.7,0.5,4.2,2.68,Moderate,Millennials
28058,5.9,0.4,7.0,1.8,5.3,3.09,Low,Millennials
28059,5.4,1.4,7.5,2.8,5.2,3.08,Low,Millennials
28060,4.5,3.6,8.3,2.5,2.5,3.21,Moderate,Millennials
28061,5.9,4.1,9.0,2.5,2.7,2.75,Moderate,Millennials
28062,5.5,1.4,8.2,2.8,4.2,2.85,Moderate,Millennials
28063,8.0,1.5,6.9,1.7,3.1,3.31,Moderate,Millennials
28064,4.5,3.9,8.3,2.1,6.0,2.88,Moderate,Millennials
28065,7.2,1.4,8.2,3.1,3.5,3.64,Moderate,Millennials
28066,5.7,1.4,8.0,0.0,3.2,2.92,Moderate,Millennials
28067,4.7,0.8,7.7,2.3,4.0,3.38,Moderate,Millennials
28068,5.0,3.3,7.2,2.1,2.2,3.13,High,Millennials
28069,7.4,1.6,8.4,2.9,3.5,2.5,Moderate,Millennials
28070,7.1,2.9,6.6,2.0,6.1,2.55,Moderate,Millennials
28071,4.4,0.0,8.3,0.4,7.2,3.12,Moderate,Millennials
28072,6.6,1.2,7.5,3.5,3.4,2.97,Low,Millennials
28073,5.7,1.0,7.8,1.3,1.2,3.16,Moderate,Millennials
28074,7.0,3.0,6.7,2.8,4.9,3.06,Moderate,Millennials
28075,5.7,0.8,7.6,1.8,4.4,2.73,Moderate,Millennials
28076,5.4,2.1,9.1,3.2,4.2,2.73,High,Millennials
28077,5.9,3.1,7.0,3.0,5.6,3.11,Low,Millennials
28078,7.1,0.9,7.9,1.3,2.2,3.33,Moderate,Millennials
28079,6.8,2.7,7.0,3.1,6.3,2.93,Moderate,Millennials
28080,3.6,0.0,8.4,2.4,0.9,2.97,Moderate,Millennials
28081,5.6,0.1,7.2,1.1,4.5,2.78,Moderate,Millennials
28082,4.8,3.6,8.1,2.6,3.3,2.81,Moderate,Millennials
28083,5.4,2.2,9.3,1.1,3.9,3.44,High,Millennials
28084,5.6,2.4,6.9,2.9,5.0,3.04,Moderate,Millennials
28085,4.4,2.9,8.2,4.1,4.1,3.22,Low,Millennials
28086,6.0,1.4,8.0,1.1,5.4,2.77,Moderate,Millennials
28087,5.3,1.8,7.0,4.3,3.5,3.11,Moderate,Millennials
28088,6.7,0.0,7.6,2.2,4.4,2.54,Low,Millennials
28089,8.0,2.5,7.4,1.3,5.4,2.8,Low,Millennials
28090,3.9,1.0,7.5,0.4,4.6,3.34,Moderate,Millennials
28091,5.3,2.1,7.9,3.2,6.9,2.98,Moderate,Millennials
28092,5.9,1.1,8.2,0.0,4.0,3.29,Low,Millennials
28093,3.4,4.0,8.8,2.5,3.7,2.82,Moderate,Millennials
28094,3.8,1.2,8.9,1.5,4.4,2.64,Moderate,Millennials
28095,4.4,3.7,7.7,2.3,4.0,2.44,Moderate,Millennials
28096,6.5,4.2,7.6,1.5,1.9,3.12,Moderate,Millennials
28097,7.5,0.8,8.3,4.3,5.8,3.49,Moderate,Millennials
28098,5.7,2.4,7.8,1.6,5.8,2.92,Low,Millennials
28099,6.1,1.3,8.2,2.2,2.6,3.22,Moderate,Millennials
28100,5.9,2.4,6.1,3.8,5.4,3.27,Moderate,Millennials
28101,5.5,1.7,8.0,1.9,3.3,2.99,Moderate,Millennials
28102,5.4,2.7,8.7,2.0,2.0,2.68,Moderate,Millennials
28103,6.7,0.6,6.9,1.8,3.7,3.15,Moderate,Millennials
28104,6.6,3.1,6.7,2.1,1.8,3.13,Moderate,Millennials
28105,6.7,0.2,6.5,2.7,3.5,2.53,Low,Millennials
28106,6.4,2.3,8.0,1.8,2.6,3.05,High,Millennials
28107,3.7,3.0,8.7,1.9,5.7,3.19,Low,Millennials
28108,4.2,2.1,6.9,2.0,7.2,3.24,Low,Millennials
28109,7.8,2.1,8.1,1.3,5.5,3.43,Low,Millennials
28110,5.5,3.9,5.6,1.3,3.9,2.69,Low,Millennials
28111,7.6,2.6,9.1,2.1,4.3,2.48,Moderate,Millennials
28112,5.2,3.0,8.2,2.6,2.9,3.24,Moderate,Millennials
28113,7.6,1.5,7.9,2.2,3.0,3.23,Low,Millennials
28114,6.5,2.3,6.8,1.7,1.7,3.69,High,Millennials
28115,4.6,1.9,6.9,3.4,2.6,3.03,Moderate,Millennials
28116,6.9,2.7,9.0,2.6,1.2,2.82,Moderate,Millennials
28117,7.8,0.7,8.3,2.9,4.5,2.76,Low,Millennials
28118,3.4,1.8,8.7,1.4,4.3,3.18,Low,Millennials
28119,4.3,2.3,6.6,2.1,3.3,2.81,Moderate,Millennials
28120,6.7,3.0,7.9,1.4,6.6,2.67,Moderate,Millennials
28121,5.8,2.7,8.0,2.9,3.5,2.04,Moderate,Millennials
28122,8.0,0.3,7.5,2.4,5.0,2.96,Moderate,Millennials
28123,5.0,2.2,8.0,2.4,3.8,2.65,Low,Millennials
28124,5.5,2.3,8.5,1.3,3.0,2.62,High,Millennials
28125,5.9,1.0,7.1,3.6,5.3,2.92,Moderate,Millennials
28126,4.9,2.7,9.1,2.7,6.6,3.35,Moderate,Millennials
28127,6.0,0.9,6.6,1.6,7.3,2.99,Moderate,Millennials
28128,6.3,1.6,8.6,1.3,7.3,3.48,Moderate,Millennials
28129,4.6,2.9,9.8,2.9,3.9,2.92,Low,Millennials
28130,3.4,2.9,9.2,2.2,4.1,3.43,Low,Millennials
28131,8.0,3.3,6.5,0.4,3.7,2.98,High,Millennials
28132,5.9,2.0,7.8,2.0,3.1,2.85,Moderate,Millennials
28133,3.7,3.2,6.2,1.1,3.5,2.66,Low,Millennials
28134,5.5,1.9,5.8,3.9,4.6,2.5,Moderate,Millennials
28135,5.6,1.3,7.1,3.7,5.8,3.31,Moderate,Millennials
28136,8.0,2.4,7.7,2.8,2.6,2.72,Moderate,Millennials
28137,5.5,3.8,8.8,1.7,2.5,3.25,Moderate,Millennials
28138,6.0,3.7,7.6,2.9,4.8,3.03,Moderate,Millennials
28139,5.2,1.3,8.6,0.8,2.3,2.94,Moderate,Millennials
28140,6.4,2.9,9.8,3.4,6.7,2.38,Moderate,Millennials
28141,6.6,1.6,6.8,0.2,5.8,2.97,Low,Millennials
28142,6.3,3.3,8.7,1.6,5.2,2.63,High,Millennials
28143,7.1,3.3,7.8,0.9,4.6,3.25,Low,Millennials
28144,4.9,3.8,5.7,3.1,3.9,2.74,Low,Millennials
28145,5.7,2.2,7.1,3.8,3.4,3.36,Low,Millennials
28146,6.7,1.3,6.8,0.4,4.8,3.62,Low,Millennials
28147,5.0,2.5,8.0,3.9,1.2,3.43,Low,Millennials
28148,8.2,1.5,6.9,0.0,4.7,3.34,Moderate,Millennials
28149,6.2,3.6,6.8,2.4,3.2,3.18,High,Millennials
28150,5.8,3.8,7.6,3.0,3.9,3.42,Low,Millennials
28151,6.1,3.1,8.0,3.0,4.4,2.48,Low,Millennials
28152,5.5,2.0,9.1,2.3,4.8,2.9,High,Millennials
28153,5.6,2.1,7.1,2.5,5.3,2.99,High,Millennials
28154,5.9,0.5,7.3,1.9,5.4,3.17,Moderate,Millennials
28155,7.6,0.9,8.7,2.2,2.5,3.16,Moderate,Millennials
28156,4.5,2.8,8.8,1.8,3.9,2.69,Moderate,Millennials
28157,7.2,4.4,8.2,3.2,3.7,3.36,Moderate,Millennials
28158,5.7,2.8,5.8,0.8,3.5,2.95,Moderate,Millennials
28159,6.0,1.7,8.7,1.3,4.6,2.71,Low,Millennials
28160,4.9,1.6,7.5,2.0,3.6,3.3,Low,Millennials
28161,3.5,1.2,7.3,2.3,3.5,3.25,Moderate,Millennials
28162,5.1,2.4,8.6,4.0,4.9,2.11,Moderate,Millennials
28163,5.8,1.9,7.7,1.7,4.3,3.17,Moderate,Millennials
28164,3.3,2.9,8.3,1.9,2.5,3.28,Moderate,Millennials
28165,6.6,2.6,9.0,3.7,0.9,2.44,Low,Millennials
28166,6.5,3.9,7.5,1.5,3.7,3.44,Moderate,Millennials
28167,5.2,3.2,8.2,1.1,5.7,2.73,Low,Millennials
28168,6.1,3.0,9.7,2.7,4.4,2.73,Moderate,Millennials
28169,6.3,0.0,8.3,2.2,3.9,2.79,Low,Millennials
28170,6.7,2.8,8.7,2.4,2.7,2.62,Moderate,Millennials
28171,5.1,3.2,7.4,0.4,3.2,2.69,High,Millennials
28172,5.6,1.0,9.4,2.3,5.6,2.54,Moderate,Millennials
28173,6.8,1.8,8.1,2.7,4.6,3.41,Low,Millennials
28174,6.0,1.9,8.3,2.6,3.5,2.85,High,Millennials
28175,6.1,2.5,6.0,1.2,3.9,3.22,Moderate,Millennials
28176,3.6,3.3,9.0,0.7,4.3,3.21,Low,Millennials
28177,4.8,2.4,6.4,2.7,4.4,3.03,Low,Millennials
28178,5.7,0.3,6.9,0.7,4.9,2.64,Moderate,Millennials
28179,6.0,0.8,9.2,3.3,5.0,3.07,Moderate,Millennials
28180,5.7,2.5,6.5,3.9,4.2,3.26,Moderate,Millennials
28181,6.2,3.0,7.6,2.4,2.8,2.68,Moderate,Millennials
28182,7.1,1.3,7.8,2.6,3.5,2.95,Moderate,Millennials
28183,5.2,0.7,6.6,2.0,6.8,3.09,Moderate,Millennials
28184,7.6,2.5,7.7,2.2,7.4,3.04,Moderate,Millennials
28185,6.4,3.1,8.3,0.0,3.9,3.17,Moderate,Millennials
28186,6.2,3.1,6.6,2.2,4.6,3.08,Moderate,Millennials
28187,5.4,2.2,8.7,3.6,4.0,2.58,Moderate,Millennials
28188,4.5,2.9,6.5,2.8,2.6,2.93,Low,Millennials
28189,5.7,1.9,8.6,3.0,2.3,3.31,Moderate,Millennials
28190,5.8,2.4,8.1,1.2,6.0,2.99,Low,Millennials
28191,5.4,0.8,8.3,4.0,2.4,3.4,Moderate,Millennials
28192,5.0,2.1,9.9,1.3,6.6,2.83,Low,Millennials
28193,5.0,1.2,7.4,1.6,5.9,2.93,Moderate,Millennials
28194,5.1,2.3,9.2,0.9,4.2,3.43,High,Millennials
28195,7.7,0.0,8.9,2.1,5.4,3.14,Moderate,Millennials
28196,7.3,0.6,8.1,0.6,2.7,2.84,Moderate,Millennials
28197,6.0,1.8,8.5,2.1,5.8,2.95,Moderate,Millennials
28198,4.1,4.3,6.7,2.0,2.1,3.23,Moderate,Millennials
28199,8.5,3.4,8.5,1.2,3.3,2.75,High,Millennials
28200,5.2,1.5,7.8,4.6,2.8,2.8,High,Millennials
28201,6.0,2.8,7.7,2.2,5.8,3.5,Moderate,Millennials
28202,7.6,3.0,8.6,2.6,4.7,3.51,Moderate,Millennials
28203,6.6,3.1,7.2,3.1,4.9,3.35,Moderate,Millennials
28204,4.4,3.0,7.9,3.4,3.0,3.02,Moderate,Millennials
28205,6.7,1.5,9.4,2.7,3.1,2.96,Low,Millennials
28206,6.2,1.2,8.9,3.1,2.9,2.36,Moderate,Millennials
28207,6.9,2.6,7.6,0.0,5.2,3.01,Low,Millennials
28208,4.8,0.8,8.8,2.8,8.0,2.79,Moderate,Millennials
28209,6.8,3.6,6.8,4.5,4.8,2.82,Low,Millennials
28210,6.0,1.5,8.0,2.8,6.4,2.84,Low,Millennials
28211,4.1,1.8,8.4,0.2,4.9,2.66,High,Millennials
28212,4.6,0.7,7.4,1.6,3.2,3.06,Moderate,Millennials
28213,7.1,0.0,7.9,2.4,4.0,2.72,Moderate,Millennials
28214,4.2,2.2,6.9,2.2,4.3,3.12,Moderate,Millennials
28215,7.7,0.3,7.5,2.1,2.5,2.93,Moderate,Millennials
28216,5.1,0.1,7.2,1.7,6.2,2.78,Moderate,Millennials
28217,4.4,2.3,7.3,5.7,5.9,2.57,Moderate,Millennials
28218,3.2,2.6,9.4,2.9,2.6,3.46,Low,Millennials
28219,7.4,1.7,7.6,0.7,5.1,3.45,Moderate,Millennials
28220,6.3,2.6,9.0,2.3,1.8,3.55,Moderate,Millennials
28221,7.2,3.5,6.4,0.5,5.4,2.82,Moderate,Millennials
28222,5.7,2.0,8.5,3.7,5.2,2.93,Moderate,Millennials
28223,5.5,4.0,9.1,1.7,4.3,3.07,Moderate,Millennials
28224,7.3,1.4,7.8,1.7,3.8,2.94,Moderate,Millennials
28225,5.8,1.5,8.6,2.4,4.6,2.9,Moderate,Millennials
28226,6.8,3.3,9.4,2.8,3.9,2.72,Moderate,Millennials
28227,6.5,4.4,8.2,0.4,2.1,3.05,Moderate,Millennials
28228,5.6,2.0,7.7,1.9,3.2,2.69,Moderate,Millennials
28229,7.4,1.5,7.6,1.1,6.3,3.03,Low,Millennials
28230,6.2,1.1,7.5,4.0,5.0,3.2,High,Millennials
28231,4.6,1.5,7.2,0.6,5.8,3.87,High,Millennials
28232,4.5,2.3,6.8,1.1,6.1,2.99,Low,Millennials
28233,6.5,1.4,7.4,3.1,3.3,3.07,Low,Millennials
28234,6.2,1.7,6.7,2.2,4.2,3.06,Moderate,Millennials
28235,6.5,3.1,7.5,3.1,1.7,3.23,Moderate,Millennials
28236,6.5,2.5,6.4,2.8,4.4,3.07,Moderate,Millennials
28237,6.9,1.6,9.0,1.6,3.3,2.91,Moderate,Millennials
28238,8.2,3.1,8.1,2.4,2.6,2.97,Low,Millennials
28239,4.8,2.7,7.7,0.7,6.5,3.06,Moderate,Millennials
28240,6.8,2.5,7.8,1.4,4.5,2.88,Low,Millennials
28241,4.9,2.1,7.1,0.9,3.2,2.94,High,Millennials
28242,5.9,1.7,8.0,1.0,5.7,2.68,Moderate,Millennials
28243,4.9,2.6,8.5,4.4,5.8,2.91,Low,Millennials
28244,6.7,2.0,8.0,1.7,3.9,2.52,Moderate,Millennials
28245,7.6,0.8,7.5,2.3,6.8,2.93,Moderate,Millennials
28246,7.5,0.0,7.8,2.5,3.4,3.09,Low,Millennials
28247,3.6,1.3,7.8,1.8,6.3,3.63,Moderate,Millennials
28248,5.7,1.2,6.7,0.5,3.7,3.18,Low,Millennials
28249,4.8,1.2,6.7,2.7,3.2,2.93,Low,Millennials
28250,5.0,0.7,7.6,0.4,5.0,2.78,Moderate,Millennials
28251,8.2,3.4,7.1,1.3,4.3,3.4,Low,Millennials
28252,5.6,4.8,7.2,3.1,4.6,2.7,Low,Millennials
28253,6.3,0.6,7.1,4.5,2.8,3.24,Low,Millennials
28254,5.3,1.0,7.8,3.8,3.9,2.82,High,Millennials
28255,6.3,1.8,7.4,1.3,5.6,2.59,High,Millennials
28256,5.9,3.7,6.4,3.0,2.5,2.88,Moderate,Millennials
28257,4.6,2.8,7.7,1.6,3.8,3.25,High,Millennials
28258,6.4,1.1,7.5,0.6,3.6,3.4,Moderate,Millennials
28259,4.8,3.3,8.0,0.9,2.8,3.0,Moderate,Millennials
28260,4.4,3.1,9.0,0.9,2.0,3.53,Moderate,Millennials
28261,4.8,2.2,8.0,0.7,3.3,3.24,High,Millennials
28262,6.1,3.8,8.2,2.9,2.4,2.87,High,Millennials
28263,5.8,1.4,8.0,2.2,4.3,2.79,Moderate,Millennials
28264,7.5,3.4,8.3,0.8,6.0,3.26,Low,Millennials
28265,7.8,1.8,9.6,1.8,3.3,2.97,Low,Millennials
28266,5.7,2.1,7.6,0.9,4.2,2.92,High,Millennials
28267,5.2,2.4,8.6,0.0,3.8,2.75,Moderate,Millennials
28268,3.6,2.5,6.7,2.1,3.0,3.04,Low,Millennials
28269,6.6,3.6,8.0,1.0,4.1,2.99,Low,Millennials
28270,4.6,2.9,7.2,0.8,3.4,3.04,Moderate,Millennials
28271,6.1,1.7,6.4,2.7,5.0,3.53,Low,Millennials
28272,3.6,1.8,7.8,1.2,5.2,2.98,High,Millennials
28273,6.1,2.8,7.2,3.2,4.4,2.96,Low,Millennials
28274,6.1,3.1,6.6,2.4,2.5,3.39,High,Millennials
28275,4.2,1.3,8.2,2.9,4.6,2.82,Low,Millennials
28276,5.9,2.2,7.4,0.1,4.5,3.02,High,Millennials
28277,7.6,1.7,6.5,3.1,3.1,2.75,Moderate,Millennials
28278,7.7,2.0,7.3,0.7,5.1,2.99,Moderate,Millennials
28279,4.3,3.4,7.7,0.7,5.4,3.32,Moderate,Millennials
28280,4.4,2.4,7.4,3.0,5.1,3.27,Moderate,Millennials
28281,3.3,2.2,7.1,1.6,4.5,2.78,Moderate,Millennials
28282,6.9,2.6,7.8,1.2,3.7,3.18,Low,Millennials
28283,8.2,0.5,7.8,1.6,3.6,2.84,High,Millennials
28284,7.0,0.9,9.3,3.0,5.8,3.05,Moderate,Millennials
28285,7.2,2.2,8.6,2.4,4.8,3.17,High,Millennials
28286,6.0,2.3,8.0,2.8,4.8,2.77,Moderate,Millennials
28287,4.4,2.6,6.3,4.3,4.6,2.97,Low,Millennials
28288,8.4,2.1,7.2,1.5,2.2,3.11,Low,Millennials
28289,5.8,0.9,7.7,2.1,3.7,2.93,Moderate,Millennials
28290,7.2,1.0,9.7,2.0,3.6,2.78,Moderate,Millennials
28291,5.1,3.5,8.5,1.9,3.0,2.91,Moderate,Millennials
28292,5.2,2.6,7.8,2.9,5.3,2.69,Low,Millennials
28293,5.7,1.4,9.0,3.3,4.4,3.08,High,Millennials
28294,5.9,1.4,7.7,4.2,5.6,3.12,Low,Millennials
28295,5.0,3.5,7.8,0.4,5.2,3.33,Moderate,Millennials
28296,6.3,2.7,9.1,1.1,2.7,3.09,High,Millennials
28297,6.5,1.6,8.1,4.6,4.4,2.65,Low,Millennials
28298,4.5,3.0,9.3,3.5,4.3,3.08,Low,Millennials
28299,5.3,2.2,7.6,2.3,4.2,2.98,High,Millennials
28300,7.0,2.7,9.1,3.9,3.4,2.57,High,Millennials
28301,5.6,1.7,6.5,1.4,2.0,3.35,Low,Millennials
28302,5.0,1.6,7.8,1.6,3.1,2.67,Moderate,Millennials
28303,3.6,2.6,7.5,0.6,4.3,2.56,High,Millennials
28304,8.1,3.2,6.9,1.7,3.7,2.63,Moderate,Millennials
28305,7.6,2.5,8.0,2.8,2.3,3.04,Low,Millennials
28306,6.6,0.7,7.7,2.5,3.7,3.29,Low,Millennials
28307,6.5,3.1,7.3,2.4,4.1,3.05,Moderate,Millennials
28308,5.6,2.4,8.5,4.3,6.1,2.24,Low,Millennials
28309,6.2,2.1,7.9,2.8,6.5,2.91,Moderate,Millennials
28310,4.7,3.1,6.6,4.3,4.1,3.01,Low,Millennials
28311,6.9,2.4,8.2,2.9,2.7,3.34,Moderate,Millennials
28312,5.8,1.5,8.0,2.1,4.4,3.12,Moderate,Millennials
28313,8.0,3.5,7.1,3.5,3.8,2.87,Moderate,Millennials
28314,8.6,0.0,6.0,0.0,5.3,3.23,Moderate,Millennials
28315,5.9,1.4,8.1,1.8,6.4,2.78,Low,Millennials
28316,6.2,2.6,8.5,3.4,2.1,2.91,High,Millennials
28317,5.4,0.9,8.4,2.2,5.8,3.38,Moderate,Millennials
28318,5.9,1.3,6.9,0.1,3.9,3.0,Moderate,Millennials
28319,4.7,2.3,7.1,1.9,3.4,2.83,Moderate,Millennials
28320,7.7,1.1,5.5,2.7,3.5,3.09,Moderate,Millennials
28321,6.2,3.2,7.3,3.3,5.6,2.98,Moderate,Millennials
28322,6.2,2.7,7.5,1.9,1.9,2.84,Low,Millennials
28323,5.5,3.8,8.1,3.5,1.3,2.79,Moderate,Millennials
28324,6.8,0.9,7.3,0.4,6.8,3.18,Low,Millennials
28325,8.5,2.3,8.3,2.2,5.1,3.05,Moderate,Millennials
28326,5.5,3.2,8.0,3.6,4.1,2.73,Low,Millennials
28327,4.1,2.9,6.8,1.3,2.9,2.79,High,Millennials
28328,4.4,3.5,7.0,3.1,4.6,3.08,Low,Millennials
28329,5.9,3.9,6.7,2.3,6.9,3.15,Low,Millennials
28330,7.9,0.7,5.7,2.5,5.3,2.87,Moderate,Millennials
28331,6.0,0.9,9.0,2.2,6.0,2.94,High,Millennials
28332,7.7,4.1,8.1,0.8,4.5,2.98,High,Millennials
28333,7.2,2.3,7.1,0.0,4.7,3.06,Low,Millennials
28334,6.3,0.9,8.6,1.3,1.7,3.1,High,Millennials
28335,7.9,2.3,8.4,1.0,3.8,2.49,High,Millennials
28336,8.1,2.8,7.5,3.0,4.9,2.8,Low,Millennials
28337,6.5,1.3,7.3,0.5,4.9,2.93,Low,Millennials
28338,3.1,4.1,7.9,2.1,3.7,3.49,High,Millennials
28339,7.2,2.1,7.7,1.6,1.5,2.67,Low,Millennials
28340,2.7,4.6,9.1,2.1,2.3,2.61,Moderate,Millennials
28341,5.6,3.2,8.8,3.3,2.7,3.11,Low,Millennials
28342,6.2,4.5,8.3,2.3,3.9,2.44,Moderate,Millennials
28343,9.3,1.7,7.3,1.1,4.8,2.95,Moderate,Millennials
28344,6.6,1.0,8.6,2.8,5.0,3.3,High,Millennials
28345,5.5,0.7,6.9,3.2,3.1,2.84,Low,Millennials
28346,5.7,0.8,7.9,1.9,4.0,2.51,Moderate,Millennials
28347,4.6,1.9,8.0,2.6,0.2,3.13,Moderate,Millennials
28348,7.5,3.2,8.5,1.6,5.9,3.01,Moderate,Millennials
28349,5.8,3.1,8.3,2.3,4.4,3.13,Low,Millennials
28350,5.5,0.6,7.1,2.8,2.7,2.78,Moderate,Millennials
28351,5.2,1.1,8.6,1.7,4.1,3.56,Low,Millennials
28352,4.7,3.5,7.7,0.2,3.6,3.27,Low,Millennials
28353,6.2,2.5,7.9,2.6,5.4,3.2,Moderate,Millennials
28354,5.5,2.5,8.1,3.5,4.0,2.79,Moderate,Millennials
28355,6.1,2.5,8.4,2.1,3.2,2.6,Moderate,Millennials
28356,7.8,2.2,9.4,2.3,6.3,3.44,High,Millennials
28357,6.0,0.9,7.9,0.4,2.1,2.84,Low,Millennials
28358,6.4,1.9,6.8,2.6,4.9,3.36,Low,Millennials
28359,6.6,3.5,6.5,1.2,5.7,2.35,Low,Millennials
28360,7.9,1.2,8.0,3.1,1.5,3.27,High,Millennials
28361,6.0,3.3,8.8,3.6,4.2,3.04,High,Millennials
28362,6.9,0.3,8.0,2.3,3.1,3.18,Moderate,Millennials
28363,7.9,2.0,8.8,1.3,2.3,2.38,Moderate,Millennials
28364,6.7,0.6,7.7,1.1,3.5,2.95,Low,Millennials
28365,8.7,1.4,8.2,2.5,3.3,3.59,Moderate,Millennials
28366,8.3,2.5,8.8,1.4,4.6,3.04,Moderate,Millennials
28367,5.0,3.5,8.9,2.3,3.9,2.8,High,Millennials
28368,6.7,1.8,8.4,0.6,4.4,3.2,Moderate,Millennials
28369,5.4,1.9,5.7,0.6,4.8,2.62,Moderate,Millennials
28370,7.1,1.9,7.3,3.2,6.3,3.34,Moderate,Millennials
28371,6.9,0.0,9.1,1.3,3.2,2.72,Low,Millennials
28372,5.6,3.0,6.6,0.0,3.2,2.28,Moderate,Millennials
28373,5.7,1.4,7.7,3.1,5.1,3.26,High,Millennials
28374,7.8,2.5,7.4,2.3,4.7,3.1,Low,Millennials
28375,6.0,2.8,8.7,1.4,6.2,2.79,Low,Millennials
28376,7.7,4.1,7.3,3.6,5.5,3.16,High,Millennials
28377,4.7,2.8,6.7,3.7,3.2,2.9,Moderate,Millennials
28378,4.0,3.1,8.3,2.4,4.7,3.03,Low,Millennials
28379,4.3,2.3,5.4,0.5,3.3,3.14,High,Millennials
28380,7.1,0.1,8.3,3.4,3.8,2.83,High,Millennials
28381,3.6,2.2,8.7,3.1,4.1,2.83,Moderate,Millennials
28382,7.3,0.8,6.9,1.6,7.3,3.18,Low,Millennials
28383,5.4,0.8,8.8,2.8,3.5,3.17,Moderate,Millennials
28384,6.1,1.9,7.1,1.9,4.6,3.08,High,Millennials
28385,7.2,3.5,7.8,2.3,3.8,2.86,Moderate,Millennials
28386,5.1,5.0,6.6,1.7,3.7,3.73,Low,Millennials
28387,5.5,3.0,8.0,1.0,3.3,2.68,Moderate,Millennials
28388,7.0,2.6,6.6,2.9,2.7,2.41,Moderate,Millennials
28389,4.0,1.9,7.5,2.4,4.7,3.01,Moderate,Millennials
28390,5.3,3.2,9.5,2.0,4.1,3.0,Moderate,Millennials
28391,6.6,2.2,7.8,2.1,3.8,3.07,Low,Millennials
28392,7.8,2.1,8.0,3.2,4.5,2.61,Moderate,Millennials
28393,5.7,2.4,7.9,1.7,3.9,2.72,Moderate,Millennials
28394,3.2,1.0,8.5,2.3,3.1,2.71,Low,Millennials
28395,5.1,1.0,8.4,1.4,1.1,3.1,Moderate,Millennials
28396,6.1,2.2,7.2,3.2,1.6,2.54,Moderate,Millennials
28397,4.1,3.7,8.5,1.0,3.6,2.84,Low,Millennials
28398,6.3,1.3,6.7,0.8,0.7,2.66,Low,Millennials
28399,4.6,1.7,7.5,2.0,5.1,2.92,Moderate,Millennials
28400,5.3,4.5,7.7,2.2,3.9,3.0,Moderate,Millennials
28401,5.8,0.8,8.5,1.6,2.6,3.05,High,Millennials
28402,6.5,1.0,8.6,2.3,4.8,2.53,Low,Millennials
28403,4.0,2.1,8.9,3.5,5.0,3.12,Moderate,Millennials
28404,4.9,1.6,8.8,2.9,5.0,2.69,Moderate,Millennials
28405,5.0,1.9,7.4,2.0,6.7,3.12,Moderate,Millennials
28406,6.7,2.2,7.5,3.1,4.8,3.5,Moderate,Millennials
28407,6.2,1.4,7.8,2.7,3.9,2.36,Moderate,Millennials
28408,6.4,1.7,7.4,0.0,5.5,2.97,Low,Millennials
28409,7.0,2.3,7.3,1.9,3.7,2.62,Low,Millennials
28410,4.5,3.4,7.6,4.4,4.9,2.98,Moderate,Millennials
28411,5.7,1.6,9.1,2.8,5.8,2.36,Low,Millennials
28412,5.8,3.6,7.7,2.5,1.7,2.81,Moderate,Millennials
28413,3.7,2.8,8.7,2.7,2.3,3.18,Moderate,Millennials
28414,4.9,4.1,7.3,1.5,4.5,3.33,Moderate,Millennials
28415,4.3,0.8,8.1,1.8,4.7,2.75,Moderate,Millennials
28416,5.1,2.3,7.6,3.5,5.6,2.99,Moderate,Millennials
28417,4.6,1.7,8.0,1.2,2.0,3.06,Low,Millennials
28418,5.8,3.5,7.1,1.9,4.1,2.34,Moderate,Millennials
28419,4.6,2.4,8.4,1.4,2.3,2.84,Moderate,Millennials
28420,5.3,2.1,7.0,1.7,3.4,2.64,Moderate,Millennials
28421,5.9,3.5,8.7,2.5,4.9,2.81,Moderate,Millennials
28422,5.0,2.8,8.1,3.8,5.8,3.44,Moderate,Millennials
28423,6.9,1.8,7.2,3.3,2.2,3.15,Moderate,Millennials
28424,6.0,2.3,9.1,1.5,4.2,2.9,Low,Millennials
28425,6.3,2.9,7.0,1.6,3.3,2.74,High,Millennials
28426,6.2,4.4,7.3,3.7,4.0,2.73,Low,Millennials
28427,5.2,0.7,9.1,2.0,2.6,2.54,Moderate,Millennials
28428,6.6,1.5,7.4,2.9,7.1,3.31,Low,Millennials
28429,7.3,0.7,7.2,3.1,2.3,2.75,Moderate,Millennials
28430,7.2,3.9,8.6,0.7,6.7,3.73,Moderate,Millennials
28431,5.6,2.3,7.7,2.9,5.3,2.9,High,Millennials
28432,6.7,3.9,8.9,1.9,4.5,3.25,Low,Millennials
28433,5.9,1.1,7.8,1.7,2.2,2.9,Moderate,Millennials
28434,7.1,2.5,7.2,1.4,5.8,2.54,Moderate,Millennials
28435,5.1,2.5,8.2,0.4,4.2,3.36,Moderate,Millennials
28436,8.3,2.8,7.1,2.6,3.6,3.22,Moderate,Millennials
28437,8.4,3.6,9.3,3.8,2.5,2.85,Low,Millennials
28438,3.7,3.4,8.4,1.4,5.1,3.31,Moderate,Millennials
28439,5.1,3.1,7.7,4.2,6.0,2.88,Moderate,Millennials
28440,6.8,2.3,7.6,3.3,4.7,2.92,Moderate,Millennials
28441,8.1,3.5,9.2,2.8,3.0,3.03,Low,Millennials
28442,2.6,2.0,6.4,0.3,2.2,3.05,High,Millennials
28443,8.5,1.3,9.7,1.4,3.1,2.54,Moderate,Millennials
28444,3.3,3.0,6.9,4.0,6.0,2.66,Low,Millennials
28445,5.7,2.2,8.0,1.9,0.5,2.45,Moderate,Millennials
28446,6.4,3.1,7.3,2.3,5.7,2.53,Moderate,Millennials
28447,6.5,1.9,7.4,2.5,3.6,3.1,Moderate,Millennials
28448,6.3,1.8,7.7,2.5,4.3,2.46,Moderate,Millennials
28449,6.6,0.0,7.2,1.6,4.6,2.99,Moderate,Millennials
28450,6.1,1.3,7.6,2.1,3.4,3.1,Low,Millennials
28451,5.3,2.2,7.7,2.5,2.0,3.22,Low,Millennials
28452,6.0,2.2,7.6,1.8,3.9,2.95,Moderate,Millennials
28453,6.2,1.5,7.0,1.1,3.6,2.78,Moderate,Millennials
28454,5.3,0.6,7.7,0.7,5.2,3.03,Moderate,Millennials
28455,5.2,4.0,8.0,0.5,5.3,3.3,Low,Millennials
28456,6.9,1.7,6.7,3.5,7.2,2.91,Moderate,Millennials
28457,6.3,2.7,9.1,0.9,2.2,3.08,Low,Millennials
28458,4.5,2.4,6.6,0.3,6.5,3.2,Low,Millennials
28459,6.7,1.5,7.9,1.4,3.1,3.04,Low,Millennials
28460,3.4,4.3,9.0,1.1,5.9,3.14,Low,Millennials
28461,4.6,2.2,8.1,3.3,3.9,2.75,Moderate,Millennials
28462,6.4,2.4,6.2,0.5,1.2,2.89,High,Millennials
28463,4.8,1.8,7.5,1.1,3.6,2.79,Moderate,Millennials
28464,4.3,2.4,9.2,1.2,3.4,3.1,Moderate,Millennials
28465,3.7,2.4,8.2,1.6,4.5,2.94,Moderate,Millennials
28466,5.1,1.9,9.1,0.8,7.6,2.66,Low,Millennials
28467,7.6,1.0,7.9,2.1,6.0,3.16,Moderate,Millennials
28468,5.8,2.1,7.2,1.5,6.0,2.41,High,Millennials
28469,6.0,2.9,6.6,2.3,4.0,2.75,Moderate,Millennials
28470,7.7,3.0,6.6,2.3,2.9,3.04,High,Millennials
28471,7.1,2.5,8.1,3.3,6.6,2.93,Moderate,Millennials
28472,5.4,2.5,6.9,2.5,5.0,3.12,Moderate,Millennials
28473,7.6,3.4,8.2,1.9,1.6,3.52,Moderate,Millennials
28474,7.3,1.0,7.7,3.4,5.3,2.53,Low,Millennials
28475,5.8,2.3,8.6,1.2,4.9,3.01,Low,Millennials
28476,5.3,0.6,7.3,4.0,6.1,2.64,High,Millennials
28477,5.6,2.3,8.0,2.1,3.3,3.24,Moderate,Millennials
28478,7.5,0.0,6.3,0.0,2.0,3.36,Moderate,Millennials
28479,5.5,2.9,6.9,0.6,3.9,3.04,Moderate,Millennials
28480,6.5,0.0,8.5,1.7,1.8,3.0,Moderate,Millennials
28481,4.5,2.3,8.0,1.7,3.6,3.36,High,Millennials
28482,5.1,3.0,7.8,3.1,5.2,2.77,High,Millennials
28483,5.0,3.3,8.3,3.3,4.8,3.31,Moderate,Millennials
28484,5.3,1.5,9.4,1.6,5.5,3.05,Low,Millennials
28485,4.5,2.6,7.0,2.1,4.3,2.68,Low,Millennials
28486,4.4,2.2,7.5,0.7,8.0,2.9,Moderate,Millennials
28487,4.6,0.8,8.7,2.0,5.6,3.34,Moderate,Millennials
28488,8.3,1.1,7.7,3.5,6.7,2.89,Low,Millennials
28489,7.2,2.1,6.5,1.8,4.2,2.95,Low,Millennials
28490,6.3,2.1,7.3,3.0,4.4,3.09,Low,Millennials
28491,6.4,3.2,7.6,4.0,3.0,2.66,Moderate,Millennials
28492,6.2,4.0,8.3,1.5,5.7,2.88,Low,Millennials
28493,6.6,1.9,8.1,3.5,5.8,3.43,Low,Millennials
28494,3.9,1.2,8.3,2.7,4.8,3.21,Moderate,Millennials
28495,5.0,2.5,7.6,0.8,3.2,2.85,High,Millennials
28496,5.6,0.9,9.2,1.8,4.9,2.78,Moderate,Millennials
28497,5.0,2.3,8.7,3.2,2.2,2.92,Low,Millennials
28498,5.1,3.5,8.5,1.8,5.5,3.06,Moderate,Millennials
28499,6.1,1.8,8.5,3.2,4.1,3.47,Low,Millennials
28500,4.2,2.8,6.9,3.6,6.3,2.74,Moderate,Millennials
28501,6.2,2.1,6.6,1.6,4.0,3.09,Moderate,Millennials
28502,5.6,3.4,8.9,3.5,4.8,3.33,High,Millennials
28503,4.0,2.0,9.2,2.3,4.7,2.54,Moderate,Millennials
28504,4.6,2.7,7.3,1.6,6.1,2.98,Low,Millennials
28505,4.4,3.5,9.2,2.6,5.5,2.19,Moderate,Millennials
28506,4.1,3.6,6.1,2.7,3.3,3.45,Moderate,Millennials
28507,4.8,2.1,8.9,0.9,5.9,2.72,Moderate,Millennials
28508,7.0,1.4,5.3,1.0,2.8,2.94,Moderate,Millennials
28509,7.5,1.9,8.4,0.0,6.0,3.76,Moderate,Millennials
28510,5.2,0.3,6.4,0.9,4.0,2.41,Moderate,Millennials
28511,6.4,0.8,7.1,2.7,4.7,3.55,Low,Millennials
28512,4.4,1.6,5.8,3.6,3.2,2.69,Low,Millennials
28513,7.8,4.5,6.7,2.2,4.6,3.22,Low,Millennials
28514,6.1,2.1,7.4,0.4,4.9,2.84,Low,Millennials
28515,6.5,1.6,6.5,2.7,4.3,2.41,Moderate,Millennials
28516,8.6,0.7,8.2,0.0,4.6,2.81,Low,Millennials
28517,4.6,2.4,8.4,1.9,4.1,2.77,Moderate,Millennials
28518,4.1,1.6,6.1,1.7,6.7,2.81,Low,Millennials
28519,6.2,2.3,8.2,0.7,3.7,3.03,Low,Millennials
28520,5.0,2.9,8.5,2.5,2.8,2.7,Low,Millennials
28521,4.1,4.4,7.0,3.0,4.1,3.25,Moderate,Millennials
28522,6.5,2.9,7.5,3.1,6.1,3.23,High,Millennials
28523,6.5,1.4,6.6,3.1,5.8,3.15,Moderate,Millennials
28524,5.8,1.3,9.2,1.7,2.4,2.86,Moderate,Millennials
28525,6.3,1.2,8.3,0.6,3.9,2.38,High,Millennials
28526,7.1,1.3,9.0,2.9,3.7,2.97,Moderate,Millennials
28527,5.2,3.6,7.8,2.1,5.4,3.18,Low,Millennials
28528,7.0,1.3,9.1,1.1,4.8,2.77,Moderate,Millennials
28529,6.1,3.6,8.0,2.0,5.1,2.82,Low,Millennials
28530,5.5,1.8,8.9,1.7,3.8,3.0,Low,Millennials
28531,5.2,2.1,6.7,2.5,3.4,2.93,Low,Millennials
28532,3.3,1.8,8.9,2.7,2.6,3.1,High,Millennials
28533,6.8,2.5,7.9,1.9,4.6,3.3,High,Millennials
28534,6.4,1.7,8.5,3.6,6.0,3.59,Low,Millennials
28535,6.1,1.2,7.9,2.1,3.5,2.79,Low,Millennials
28536,5.5,1.7,6.7,2.0,1.3,2.69,Low,Millennials
28537,5.8,1.6,9.1,2.0,4.3,2.63,Low,Millennials
28538,8.5,1.6,8.3,1.4,5.4,2.87,High,Millennials
28539,5.7,1.1,5.0,1.4,4.7,3.0,Low,Millennials
28540,5.1,1.0,6.5,0.0,4.0,2.86,High,Millennials
28541,6.5,3.9,9.6,1.3,3.9,3.0,Moderate,Millennials
28542,7.8,1.4,8.1,0.8,4.7,2.87,Moderate,Millennials
28543,7.0,1.8,8.5,2.9,4.1,3.09,Moderate,Millennials
28544,7.1,2.2,9.5,1.8,3.4,2.91,Low,Millennials
28545,6.6,4.1,6.1,2.5,2.6,2.98,Moderate,Millennials
28546,6.6,1.7,8.6,1.3,4.7,2.51,Moderate,Millennials
28547,8.7,2.2,8.0,1.4,5.4,3.01,Moderate,Millennials
28548,6.6,2.9,8.4,2.2,5.0,2.46,Low,Millennials
28549,3.9,1.1,8.1,2.4,3.0,2.97,Moderate,Millennials
28550,6.6,0.0,8.4,2.0,4.8,2.95,Moderate,Millennials
28551,5.9,0.1,7.6,1.2,7.1,2.83,Low,Millennials
28552,7.6,1.7,6.7,1.1,6.5,3.08,Moderate,Millennials
28553,7.1,0.0,7.6,2.0,4.8,3.26,Low,Millennials
28554,6.1,3.7,5.9,1.7,5.2,2.98,Low,Millennials
28555,7.1,2.7,6.9,2.8,4.1,3.11,Low,Millennials
28556,5.5,1.4,7.0,2.8,6.1,3.12,Low,Millennials
28557,5.2,2.1,8.1,2.6,5.2,3.2,High,Millennials
28558,5.6,3.4,8.3,0.1,3.9,2.59,Moderate,Millennials
28559,6.9,2.7,8.0,2.7,5.1,3.73,Low,Millennials
28560,4.7,2.3,7.8,2.2,4.5,2.65,High,Millennials
28561,7.1,1.3,8.0,1.6,0.8,2.98,Moderate,Millennials
28562,7.1,3.9,7.2,4.7,2.2,3.19,Moderate,Millennials
28563,4.0,0.6,9.5,0.0,7.7,3.0,Low,Millennials
28564,6.5,1.7,7.9,2.1,4.2,2.75,Low,Millennials
28565,6.1,2.2,6.4,0.9,5.4,2.98,Moderate,Millennials
28566,7.2,2.6,8.2,1.1,7.6,3.11,Low,Millennials
28567,6.3,2.2,8.4,3.3,5.1,2.9,Moderate,Millennials
28568,4.1,3.9,8.2,1.2,3.4,3.17,Moderate,Millennials
28569,5.6,3.1,8.6,3.8,6.0,2.95,Moderate,Millennials
28570,6.5,3.0,7.3,3.4,0.8,3.06,Low,Millennials
28571,5.9,2.9,8.5,0.4,3.8,3.03,Moderate,Millennials
28572,5.4,0.4,7.7,2.3,4.5,2.76,Moderate,Millennials
28573,7.9,3.0,9.7,1.5,4.8,2.82,Moderate,Millennials
28574,6.0,0.3,8.6,2.3,4.7,3.11,Low,Millennials
28575,6.8,1.9,7.6,2.2,3.0,2.77,Moderate,Millennials
28576,7.1,0.3,8.6,2.4,4.8,2.62,Low,Millennials
28577,7.4,3.4,7.0,3.6,2.8,2.77,Low,Millennials
28578,6.0,1.9,7.3,1.8,6.1,2.62,Low,Millennials
28579,7.1,2.1,5.7,3.1,3.8,2.64,Moderate,Millennials
28580,4.1,2.8,9.1,2.5,3.1,3.07,Moderate,Millennials
28581,6.8,1.7,7.1,3.1,5.0,2.91,High,Millennials
28582,6.5,1.0,8.5,1.9,3.1,3.17,Moderate,Millennials
28583,5.8,1.9,7.8,1.5,4.7,2.91,Low,Millennials
28584,5.0,3.4,8.4,3.6,7.0,2.47,Moderate,Millennials
28585,5.9,0.6,7.3,3.6,2.1,2.78,Low,Millennials
28586,5.2,2.4,7.8,1.5,4.2,2.86,Moderate,Millennials
28587,4.8,2.6,7.2,3.4,3.1,2.97,Low,Millennials
28588,3.9,1.9,8.3,3.8,4.2,2.29,Moderate,Millennials
28589,6.0,4.3,7.2,3.1,4.1,2.59,Low,Millennials
28590,4.8,1.5,8.7,0.2,1.5,2.83,Low,Millennials
28591,5.1,1.7,7.8,2.7,4.9,2.93,High,Millennials
28592,5.8,3.2,6.8,2.4,6.3,2.86,Moderate,Millennials
28593,3.2,3.0,9.2,2.2,1.7,2.86,Moderate,Millennials
28594,7.3,2.0,7.9,2.6,6.6,3.28,Moderate,Millennials
28595,6.3,3.2,8.8,1.7,4.7,3.04,Low,Millennials
28596,5.3,0.5,8.5,2.2,4.3,3.52,Low,Millennials
28597,5.7,2.4,8.4,0.6,2.5,2.8,High,Millennials
28598,5.1,0.3,8.1,4.2,2.2,2.54,Moderate,Millennials
28599,2.7,1.1,6.8,3.3,3.4,2.94,Low,Millennials
28600,5.3,3.0,8.7,1.6,5.1,2.89,Low,Millennials
28601,4.8,0.9,8.4,3.8,4.0,3.62,High,Millennials
28602,6.2,1.9,8.7,2.0,1.6,2.98,Low,Millennials
28603,4.3,3.7,6.0,1.4,4.9,3.02,Moderate,Millennials
28604,5.0,1.1,8.4,2.8,4.3,3.44,Moderate,Millennials
28605,5.8,0.0,7.0,2.4,4.8,2.85,Low,Millennials
28606,3.1,3.0,6.2,0.7,4.8,3.24,Low,Millennials
28607,5.1,4.4,8.5,0.0,5.5,2.89,Moderate,Millennials
28608,4.9,3.0,7.8,1.4,4.7,2.72,Moderate,Millennials
28609,7.8,1.1,7.5,2.7,2.3,2.84,Moderate,Millennials
28610,5.6,0.9,7.2,3.5,2.8,2.92,Moderate,Millennials
28611,4.9,2.3,7.6,2.1,5.6,2.94,Moderate,Millennials
28612,5.8,3.7,7.7,2.1,6.2,3.12,Moderate,Millennials
28613,6.7,1.5,6.3,2.7,2.4,3.13,Moderate,Millennials
28614,5.1,0.7,8.7,0.2,4.6,2.84,Moderate,Millennials
28615,6.7,1.1,8.0,1.7,3.3,3.14,Moderate,Millennials
28616,6.7,1.7,7.9,1.2,4.0,2.87,Low,Millennials
28617,4.8,2.2,6.7,2.6,2.1,3.12,Low,Millennials
28618,7.2,1.7,8.7,3.0,5.8,3.22,Moderate,Millennials
28619,5.4,4.5,7.1,1.0,6.2,3.75,High,Millennials
28620,6.5,1.8,7.7,2.6,5.4,3.23,Low,Millennials
28621,5.2,1.8,8.1,2.4,6.5,2.94,Moderate,Millennials
28622,6.2,1.8,7.5,2.0,1.3,3.13,Moderate,Millennials
28623,6.1,1.9,8.9,1.0,6.2,3.03,Low,Millennials
28624,3.9,3.2,6.4,1.0,1.2,2.92,Moderate,Millennials
28625,6.3,2.1,6.6,2.7,4.7,2.23,Low,Millennials
28626,6.7,3.6,9.0,4.2,4.2,3.65,Low,Millennials
28627,8.8,2.0,8.1,0.1,2.9,3.19,Low,Millennials
28628,5.4,1.9,8.0,3.0,3.9,2.58,Moderate,Millennials
28629,5.2,3.2,8.5,1.3,3.9,2.56,High,Millennials
28630,4.7,0.9,8.4,1.6,3.8,2.3,Low,Millennials
28631,5.8,0.6,7.7,3.3,4.9,2.88,Moderate,Millennials
28632,6.9,0.9,8.1,1.6,8.0,3.19,Moderate,Millennials
28633,6.8,2.1,8.3,3.3,3.7,3.32,Low,Millennials
28634,5.0,1.8,6.6,1.6,1.0,3.33,Moderate,Millennials
28635,5.0,1.1,6.6,2.7,2.0,3.36,Moderate,Millennials
28636,4.7,2.4,6.8,2.2,4.8,3.12,Moderate,Millennials
28637,5.7,2.5,7.6,1.7,5.8,3.19,Moderate,Millennials
28638,7.3,2.4,10.0,2.8,4.5,2.71,Low,Millennials
28639,6.3,2.1,7.6,1.7,6.8,2.72,Moderate,Millennials
28640,6.0,1.3,7.2,3.6,4.5,3.1,Low,Millennials
28641,5.1,2.2,8.5,1.4,3.7,3.6,Low,Millennials
28642,7.0,2.8,6.5,2.4,5.1,2.9,Moderate,Millennials
28643,5.7,2.4,9.3,1.4,5.1,2.9,Moderate,Millennials
28644,7.1,1.3,8.6,1.9,5.2,2.99,Moderate,Millennials
28645,3.3,1.4,7.8,2.6,5.2,3.18,Moderate,Millennials
28646,6.0,0.8,7.5,2.0,3.4,2.54,High,Millennials
28647,4.0,2.5,8.6,1.7,4.1,2.92,High,Millennials
28648,7.8,2.7,9.5,3.0,3.4,2.63,Low,Millennials
28649,6.5,2.4,6.5,1.7,4.7,2.96,Low,Millennials
28650,5.3,2.7,8.5,2.4,1.5,3.21,Moderate,Millennials
28651,4.0,1.5,5.7,1.9,6.7,3.21,Moderate,Millennials
28652,5.4,1.7,6.9,3.1,2.3,2.74,High,Millennials
28653,8.2,3.3,7.8,1.2,6.0,3.13,Moderate,Millennials
28654,6.6,1.0,8.6,0.9,3.8,3.54,Low,Millennials
28655,5.6,2.7,6.7,0.5,4.7,2.76,Low,Millennials
28656,5.7,0.9,9.0,3.5,3.3,2.8,Moderate,Millennials
28657,4.1,0.3,6.4,3.3,5.7,3.17,Low,Millennials
28658,6.6,0.0,7.2,3.8,2.5,3.36,Moderate,Millennials
28659,5.9,0.8,9.0,4.1,4.5,2.83,Low,Millennials
28660,4.6,4.6,6.8,1.9,3.0,2.92,Moderate,Millennials
28661,6.8,3.1,8.3,1.4,3.3,3.01,High,Millennials
28662,3.3,3.4,8.5,3.0,4.6,3.04,Moderate,Millennials
28663,4.7,4.1,8.9,4.1,5.6,2.96,Moderate,Millennials
28664,5.4,1.1,8.9,1.4,2.9,3.07,Moderate,Millennials
28665,4.1,0.7,6.3,2.3,3.2,2.95,Low,Millennials
28666,6.2,1.2,6.6,3.6,4.6,2.97,Low,Millennials
28667,6.2,2.8,6.4,1.1,4.5,2.64,Moderate,Millennials
28668,6.3,3.1,7.3,2.6,3.3,3.3,Moderate,Millennials
28669,4.9,2.7,6.5,3.6,3.7,3.05,Moderate,Millennials
28670,6.0,3.0,5.1,2.8,3.3,3.5,Moderate,Millennials
28671,6.7,1.6,7.9,0.7,1.7,3.21,Low,Millennials
28672,6.1,0.9,8.2,0.6,4.7,2.6,Moderate,Millennials
28673,5.9,3.0,7.6,4.1,3.2,2.86,Low,Millennials
28674,4.0,3.4,6.9,2.2,3.1,3.65,Moderate,Millennials
28675,5.6,2.3,7.0,1.8,3.3,3.29,Moderate,Millennials
28676,5.7,0.7,8.8,1.9,6.6,3.01,Low,Millennials
28677,6.0,2.5,8.8,3.6,3.5,3.09,High,Millennials
28678,4.6,3.8,6.9,2.6,2.5,3.2,Moderate,Millennials
28679,5.8,3.4,7.5,2.9,7.0,3.32,Low,Millennials
28680,5.4,2.9,7.8,2.2,3.5,2.73,High,Millennials
28681,5.0,3.9,6.4,1.1,5.3,3.21,Low,Millennials
28682,6.1,1.5,8.2,2.2,5.8,2.85,High,Millennials
28683,4.8,3.4,7.0,1.9,3.9,3.1,Low,Millennials
28684,6.5,2.9,8.4,1.6,3.5,3.14,Moderate,Millennials
28685,5.0,2.8,9.5,1.5,1.8,2.75,Low,Millennials
28686,7.8,3.2,9.7,2.7,4.4,3.05,Moderate,Millennials
28687,5.6,1.9,7.4,3.3,4.3,3.61,Moderate,Millennials
28688,8.2,3.0,6.6,2.9,3.8,2.8,Low,Millennials
28689,4.5,3.1,8.2,1.6,3.1,2.52,High,Millennials
28690,5.7,0.4,7.8,1.0,3.3,2.83,Moderate,Millennials
28691,5.9,3.6,8.7,0.4,5.4,3.14,Low,Millennials
28692,5.2,2.4,7.3,2.1,4.0,2.99,Moderate,Millennials
28693,5.1,1.6,7.9,2.3,4.9,2.91,Low,Millennials
28694,3.9,2.2,8.5,2.3,2.9,3.08,Moderate,Millennials
28695,4.2,2.0,6.4,3.3,2.9,2.61,Low,Millennials
28696,6.6,3.3,7.2,3.8,3.1,2.89,High,Millennials
28697,5.0,0.9,8.2,3.8,6.6,3.21,Low,Millennials
28698,6.5,4.2,8.8,3.1,5.2,3.07,Moderate,Millennials
28699,6.0,0.7,8.3,1.7,5.8,2.37,Low,Millennials
28700,5.9,2.5,10.0,2.5,1.7,2.66,Low,Millennials
28701,6.1,2.6,7.0,1.4,5.8,2.9,Moderate,Millennials
28702,5.8,3.2,7.6,2.1,2.4,2.94,Moderate,Millennials
28703,4.8,2.8,7.3,3.6,3.9,2.73,Moderate,Millennials
28704,6.2,2.4,6.7,1.3,3.3,2.84,Moderate,Millennials
28705,4.7,4.3,7.0,2.6,2.0,2.9,Low,Millennials
28706,4.8,2.4,5.2,0.0,7.2,3.01,Low,Millennials
28707,5.7,1.7,8.9,0.4,5.4,3.16,Moderate,Millennials
28708,5.7,2.1,5.9,2.1,3.7,2.86,Low,Millennials
28709,5.5,3.0,9.7,3.4,0.9,3.06,Low,Millennials
28710,7.0,0.8,7.9,3.1,2.3,2.65,Low,Millennials
28711,3.5,2.8,7.9,1.7,2.7,3.08,Low,Millennials
28712,4.7,0.7,7.9,3.0,4.9,3.06,Moderate,Millennials
28713,6.7,2.7,7.3,1.8,6.9,3.13,Moderate,Millennials
28714,7.4,1.8,9.8,3.0,4.0,2.52,Low,Millennials
28715,7.7,1.8,7.6,1.0,2.5,3.21,Moderate,Millennials
28716,6.8,3.8,6.8,1.9,6.4,3.45,Moderate,Millennials
28717,5.6,2.3,8.3,1.4,2.6,3.33,Moderate,Millennials
28718,6.1,2.2,7.5,0.3,5.0,3.18,Low,Millennials
28719,5.8,1.9,9.0,2.2,4.8,3.69,Moderate,Millennials
28720,5.5,0.2,6.1,2.3,4.6,3.18,Moderate,Millennials
28721,6.3,2.5,6.1,1.1,5.1,2.98,Moderate,Millennials
28722,5.6,3.8,7.4,0.8,3.9,2.69,Low,Millennials
28723,5.2,1.4,7.6,2.1,3.6,3.17,Moderate,Millennials
28724,8.0,2.6,6.7,2.3,3.5,2.47,Low,Millennials
28725,9.1,3.1,8.7,3.8,1.2,2.84,Low,Millennials
28726,4.8,3.4,6.9,2.3,4.0,2.84,Moderate,Millennials
28727,5.1,3.4,7.3,2.8,5.6,3.04,Low,Millennials
28728,5.8,0.7,9.7,1.5,4.9,3.32,Low,Millennials
28729,7.4,3.6,5.8,2.5,5.5,3.31,High,Millennials
28730,8.4,3.9,7.9,2.2,3.0,3.57,Low,Millennials
28731,7.9,2.3,6.7,1.8,3.1,2.94,High,Millennials
28732,6.9,2.8,7.1,2.8,2.9,2.9,Low,Millennials
28733,7.0,3.1,7.5,2.2,3.8,3.09,Moderate,Millennials
28734,6.5,2.7,7.7,3.3,1.4,2.58,High,Millennials
28735,6.7,1.6,8.5,2.4,3.1,3.17,Moderate,Millennials
28736,7.0,0.7,8.0,0.5,4.5,2.51,Moderate,Millennials
28737,6.9,3.0,8.6,1.8,4.6,2.96,Low,Millennials
28738,7.6,3.9,9.3,1.1,5.1,3.6,Moderate,Millennials
28739,5.8,4.0,7.8,4.0,3.6,2.81,Moderate,Millennials
28740,4.2,0.8,8.0,1.9,3.5,2.96,Moderate,Millennials
28741,6.1,1.6,7.8,0.6,5.1,3.4,High,Millennials
28742,3.5,2.8,8.7,3.5,4.8,2.45,Moderate,Millennials
28743,5.5,1.5,7.1,0.2,5.7,3.35,Moderate,Millennials
28744,5.4,2.3,8.2,0.0,4.3,3.04,Low,Millennials
28745,7.7,2.8,8.6,0.0,2.6,3.29,Moderate,Millennials
28746,5.4,2.1,8.0,3.0,2.2,3.19,Low,Millennials
28747,7.0,3.2,8.0,1.9,3.8,3.68,Low,Millennials
28748,6.1,2.6,9.2,1.8,3.7,3.21,Moderate,Millennials
28749,4.9,1.0,7.7,3.5,3.2,3.47,Moderate,Millennials
28750,6.0,2.2,7.4,2.4,4.7,3.2,Moderate,Millennials
28751,5.8,3.1,6.9,2.7,7.3,3.39,Low,Millennials
28752,5.3,2.0,7.3,2.1,3.3,2.87,Moderate,Millennials
28753,4.9,2.4,7.5,4.1,2.9,3.1,Moderate,Millennials
28754,5.2,2.7,7.1,3.0,5.8,3.03,Moderate,Millennials
28755,7.2,2.7,9.5,3.1,5.8,2.96,Low,Millennials
28756,5.0,0.8,6.4,0.6,5.0,3.21,Moderate,Millennials
28757,8.4,3.6,7.3,3.1,3.3,3.33,Moderate,Millennials
28758,6.2,0.6,7.7,0.7,4.5,2.88,Moderate,Millennials
28759,6.8,3.9,8.3,1.8,0.9,3.07,Low,Millennials
28760,6.9,3.8,8.0,1.1,4.7,3.17,Low,Millennials
28761,5.4,2.9,8.5,2.9,4.6,3.21,Moderate,Millennials
28762,6.3,1.5,8.2,2.6,4.8,3.08,Moderate,Millennials
28763,6.9,0.7,8.3,0.0,2.1,3.36,Low,Millennials
28764,5.5,3.5,7.7,0.9,4.8,3.28,Moderate,Millennials
28765,2.8,4.3,9.5,1.3,4.8,2.67,High,Millennials
28766,7.4,2.5,9.0,3.0,2.8,3.28,Low,Millennials
28767,7.4,3.5,7.9,3.0,7.4,2.86,Low,Millennials
28768,6.5,2.4,7.5,0.0,5.3,2.89,Moderate,Millennials
28769,5.0,2.7,8.3,3.2,4.3,2.79,Moderate,Millennials
28770,5.3,1.5,7.6,2.1,7.3,3.06,Moderate,Millennials
28771,3.9,2.5,9.0,3.8,4.7,2.41,Low,Millennials
28772,4.4,4.4,7.2,1.5,8.0,2.67,Moderate,Millennials
28773,5.6,2.6,9.0,0.9,6.7,3.66,Moderate,Millennials
28774,6.2,0.0,7.7,1.4,6.3,3.02,High,Millennials
28775,6.3,0.0,6.0,3.8,3.1,2.91,Moderate,Millennials
28776,6.0,1.6,6.6,2.6,6.8,3.43,Moderate,Millennials
28777,6.6,1.4,6.8,3.1,5.0,2.75,Low,Millennials
28778,4.7,1.8,8.9,3.7,3.8,3.0,High,Millennials
28779,5.6,2.5,6.9,1.6,5.0,2.86,Low,Millennials
28780,5.9,2.5,8.5,1.9,4.8,2.47,Low,Millennials
28781,6.9,1.5,7.8,1.5,4.3,3.21,High,Millennials
28782,5.0,2.6,7.1,1.3,4.7,2.93,Moderate,Millennials
28783,7.0,0.0,7.0,3.0,4.6,2.9,Moderate,Millennials
28784,5.5,2.7,8.6,2.8,6.5,3.29,Low,Millennials
28785,7.5,2.5,6.0,0.2,5.0,3.2,Low,Millennials
28786,8.8,4.2,6.6,4.0,3.7,3.1,Moderate,Millennials
28787,6.2,1.1,5.6,1.4,5.7,3.52,High,Millennials
28788,5.1,3.7,9.1,3.7,5.7,2.87,Moderate,Millennials
28789,6.6,0.4,7.9,0.5,4.1,2.9,Low,Millennials
28790,4.5,0.0,7.3,2.0,1.1,3.38,High,Millennials
28791,6.5,3.9,8.0,2.8,4.2,2.94,High,Millennials
28792,8.9,4.6,7.9,1.6,6.0,3.06,Low,Millennials
28793,6.4,2.7,7.8,1.0,5.2,2.78,High,Millennials
28794,5.7,2.2,7.4,3.5,0.8,3.21,Low,Millennials
28795,4.5,1.3,8.2,2.9,2.6,3.02,Moderate,Millennials
28796,3.4,1.7,6.6,0.8,2.9,2.88,Moderate,Millennials
28797,5.7,1.1,9.1,2.0,4.6,3.29,Moderate,Millennials
28798,5.1,2.6,6.8,1.3,7.5,3.1,Moderate,Millennials
28799,6.8,0.0,8.6,1.7,2.9,3.28,Low,Millennials
28800,5.1,1.0,6.1,3.2,3.3,3.24,High,Millennials
28801,4.2,3.0,8.1,3.4,1.4,3.33,Moderate,Millennials
28802,5.8,1.3,7.2,2.2,3.8,2.95,Moderate,Millennials
28803,7.4,3.6,8.8,2.0,2.5,2.89,High,Millennials
28804,5.1,1.7,6.6,3.3,6.2,3.13,Low,Millennials
28805,5.0,1.3,6.5,1.5,6.4,3.0,Low,Millennials
28806,6.2,3.0,7.7,2.3,3.6,3.06,Moderate,Millennials
28807,4.6,3.9,7.0,3.2,3.9,2.62,Moderate,Millennials
28808,7.0,2.9,7.7,2.1,5.1,3.18,Moderate,Millennials
28809,3.6,2.3,8.0,2.1,5.0,2.61,Moderate,Millennials
28810,7.7,1.2,6.9,1.0,4.6,2.71,Low,Millennials
28811,4.0,2.1,9.1,3.9,4.4,2.65,Moderate,Millennials
28812,6.8,0.6,8.2,3.5,1.9,2.54,High,Millennials
28813,6.1,1.4,7.4,2.3,5.7,2.81,High,Millennials
28814,6.2,2.3,7.2,2.9,4.0,3.57,Low,Millennials
28815,7.1,1.3,8.4,3.2,4.6,2.74,Low,Millennials
28816,5.9,2.2,7.7,2.3,4.7,2.9,High,Millennials
28817,7.1,0.9,7.4,2.9,5.5,3.11,Low,Millennials
28818,5.9,4.0,6.3,2.4,3.3,3.1,Moderate,Millennials
28819,6.1,1.6,7.1,3.6,1.7,2.97,Moderate,Millennials
28820,6.4,2.7,6.2,0.9,5.7,3.38,Moderate,Millennials
28821,4.8,2.7,8.2,2.2,3.7,3.08,High,Millennials
28822,8.1,1.9,7.9,0.8,6.7,3.23,Low,Millennials
28823,3.0,2.7,6.4,2.0,3.4,3.17,Low,Millennials
28824,5.8,1.1,8.8,2.0,5.4,2.56,Moderate,Millennials
28825,5.0,1.8,8.2,0.0,3.8,2.74,Moderate,Millennials
28826,4.8,2.7,8.8,0.5,7.8,2.66,Low,Millennials
28827,7.1,2.8,7.5,1.9,5.4,2.98,High,Millennials
28828,7.0,1.7,8.8,3.1,2.0,2.51,Low,Millennials
28829,6.2,1.3,8.0,1.7,4.8,3.3,Moderate,Millennials
28830,6.3,1.2,8.3,3.5,2.3,3.13,Moderate,Millennials
28831,6.4,0.5,9.3,3.7,2.9,3.34,Moderate,Millennials
28832,6.0,1.1,8.0,1.5,2.9,3.47,Moderate,Millennials
28833,6.3,0.7,6.6,3.2,5.0,2.55,Low,Millennials
28834,5.2,2.5,9.6,3.5,4.1,3.39,Moderate,Millennials
28835,5.6,1.2,6.8,0.5,3.0,3.89,Low,Millennials
28836,5.3,2.1,7.6,0.7,5.4,3.05,Moderate,Millennials
28837,4.8,2.3,8.1,0.9,1.9,3.3,Moderate,Millennials
28838,4.8,2.4,6.9,1.8,3.9,2.95,Moderate,Millennials
28839,7.1,3.9,8.0,2.2,2.8,2.74,Moderate,Millennials
28840,7.2,2.8,8.7,1.9,3.7,3.83,Low,Millennials
28841,3.7,0.0,5.1,1.3,6.2,2.99,High,Millennials
28842,5.5,3.4,7.4,3.1,5.3,3.05,Low,Millennials
28843,6.1,3.0,7.7,3.1,3.5,3.67,Moderate,Millennials
28844,7.5,0.0,9.1,3.8,6.6,3.06,Low,Millennials
28845,6.1,0.7,7.4,3.7,4.6,2.96,Low,Millennials
28846,4.6,2.4,7.9,1.2,4.4,2.88,Low,Millennials
28847,3.9,3.8,7.0,2.3,3.1,3.39,Low,Millennials
28848,5.0,2.3,9.2,2.2,4.4,3.33,Moderate,Millennials
28849,4.7,5.3,8.2,2.0,5.9,2.96,Moderate,Millennials
28850,5.2,0.0,7.8,2.6,2.9,3.24,Moderate,Millennials
28851,6.8,2.3,7.5,1.9,2.9,3.29,Low,Millennials
28852,7.0,0.7,6.4,3.3,3.9,3.1,Moderate,Millennials
28853,4.4,1.3,7.8,1.9,5.2,3.4,Moderate,Millennials
28854,5.5,2.3,7.1,2.0,5.5,2.8,Moderate,Millennials
28855,7.1,2.7,8.6,2.0,3.8,3.19,Moderate,Millennials
28856,6.6,1.9,7.2,2.3,5.0,3.57,Low,Millennials
28857,7.9,3.1,8.3,1.7,5.4,3.0,Moderate,Millennials
28858,7.5,2.7,7.8,1.8,3.8,2.64,Moderate,Millennials
28859,3.8,1.1,8.1,2.4,4.6,2.52,Moderate,Millennials
28860,5.4,1.9,7.5,1.1,6.8,3.09,High,Millennials
28861,5.9,1.6,8.6,1.3,3.0,2.81,Moderate,Millennials
28862,5.9,3.3,8.9,4.6,6.9,3.36,Low,Millennials
28863,6.1,2.3,7.6,1.4,3.5,3.11,Moderate,Millennials
28864,5.5,2.1,7.8,1.8,1.8,2.9,Low,Millennials
28865,6.9,1.3,7.4,2.1,2.1,3.22,Low,Millennials
28866,7.5,2.8,7.7,3.1,6.4,3.67,Moderate,Millennials
28867,4.9,3.1,7.2,2.2,7.2,2.81,High,Millennials
28868,5.1,2.6,8.0,2.3,3.4,2.54,Low,Millennials
28869,8.6,0.6,6.2,2.5,5.6,3.05,High,Millennials
28870,4.4,0.6,8.5,2.0,6.1,3.04,Moderate,Millennials
28871,6.3,3.5,8.1,2.1,3.7,2.38,Low,Millennials
28872,5.6,4.8,8.2,2.5,3.6,2.87,Low,Millennials
28873,6.7,1.9,7.8,0.1,4.6,2.63,Moderate,Millennials
28874,5.2,2.3,7.7,0.7,3.7,2.9,Moderate,Millennials
28875,6.8,0.0,7.6,2.0,4.5,2.57,Low,Millennials
28876,4.7,1.6,7.1,0.7,5.1,3.4,Low,Millennials
28877,6.3,0.3,7.2,1.2,5.3,2.59,Moderate,Millennials
28878,6.6,1.5,7.0,1.4,2.6,2.65,Low,Millennials
28879,6.8,0.2,8.4,1.6,4.6,3.34,Moderate,Millennials
28880,6.8,1.2,9.7,0.1,3.0,3.15,Moderate,Millennials
28881,5.4,2.3,7.6,1.8,4.5,2.58,Moderate,Millennials
28882,4.2,2.7,7.0,1.7,4.0,3.06,Moderate,Millennials
28883,6.4,3.8,7.9,3.5,6.2,3.02,Moderate,Millennials
28884,5.7,1.5,8.3,2.4,5.4,2.79,Low,Millennials
28885,5.6,1.3,6.6,2.2,5.7,3.8,Low,Millennials
28886,4.6,0.9,7.5,1.7,4.0,3.58,Low,Millennials
28887,6.2,2.4,7.3,0.6,5.0,2.7,Moderate,Millennials
28888,6.1,1.3,7.8,3.1,3.8,2.88,Low,Millennials
28889,6.5,2.6,7.8,2.2,4.8,2.84,Moderate,Millennials
28890,5.9,3.5,8.3,2.5,3.3,3.04,Moderate,Millennials
28891,8.2,2.2,8.1,3.6,5.9,2.97,Moderate,Millennials
28892,5.5,3.3,7.1,2.0,3.0,3.18,Moderate,Millennials
28893,7.6,2.1,7.2,3.0,5.3,3.17,Moderate,Millennials
28894,4.3,1.7,6.5,1.7,2.1,3.15,Moderate,Millennials
28895,3.3,1.2,7.7,1.0,3.8,3.19,Moderate,Millennials
28896,6.7,2.3,8.8,2.9,6.3,3.2,Low,Millennials
28897,5.1,0.5,7.5,1.7,6.5,3.22,Moderate,Millennials
28898,7.7,2.5,6.6,0.8,5.8,2.92,Moderate,Millennials
28899,5.3,0.5,8.3,3.0,5.3,2.94,Moderate,Millennials
28900,7.4,3.8,7.5,1.7,5.0,3.17,High,Millennials
28901,4.7,2.7,8.1,1.0,3.1,2.96,Moderate,Millennials
28902,3.9,1.8,9.5,1.1,6.0,3.15,Moderate,Millennials
28903,7.2,1.6,8.1,1.4,5.9,2.96,Moderate,Millennials
28904,7.1,0.7,6.7,2.3,4.4,2.9,Moderate,Millennials
28905,7.1,0.0,7.1,2.4,4.9,3.02,Low,Millennials
28906,6.3,2.2,7.3,1.6,7.1,2.96,Moderate,Millennials
28907,6.4,3.0,5.8,4.1,4.0,3.32,Low,Millennials
28908,6.8,0.7,7.5,2.1,8.0,2.7,High,Millennials
28909,5.9,1.1,6.5,3.8,5.4,3.01,Low,Millennials
28910,5.4,2.3,7.4,3.0,5.3,3.19,Moderate,Millennials
28911,5.3,0.8,8.9,3.4,4.6,2.79,Moderate,Millennials
28912,3.9,1.8,9.5,1.9,2.7,2.68,Low,Millennials
28913,6.7,0.8,8.4,1.9,3.8,2.7,Moderate,Millennials
28914,4.8,0.6,7.9,2.5,4.2,3.06,Low,Millennials
28915,5.9,2.3,9.0,1.6,4.5,3.43,High,Millennials
28916,5.8,1.0,7.7,1.8,5.5,2.92,Moderate,Millennials
28917,5.2,1.1,8.5,0.6,0.6,3.51,High,Millennials
28918,6.8,3.8,6.2,2.2,5.6,2.71,Moderate,Millennials
28919,4.5,0.3,7.9,2.5,6.1,2.86,Moderate,Millennials
28920,4.5,3.1,9.2,2.2,3.0,2.65,Moderate,Millennials
28921,8.3,1.2,6.7,1.7,4.6,3.12,Moderate,Millennials
28922,6.4,1.4,8.1,2.3,3.6,3.4,Moderate,Millennials
28923,6.9,0.8,6.8,3.0,2.0,3.19,Moderate,Millennials
28924,7.2,2.8,8.2,3.2,4.0,2.93,Moderate,Millennials
28925,6.9,2.4,8.2,2.8,3.0,3.03,Low,Millennials
28926,3.3,2.5,8.9,1.6,4.9,2.91,Moderate,Millennials
28927,5.4,1.9,8.6,1.0,4.7,2.06,Moderate,Millennials
28928,6.4,3.5,7.4,1.5,5.4,3.16,Moderate,Millennials
28929,5.4,2.3,8.0,0.8,3.1,2.72,Moderate,Millennials
28930,6.5,2.7,8.5,2.6,6.9,2.87,Moderate,Millennials
28931,5.9,2.8,8.8,3.1,6.1,2.77,High,Millennials
28932,7.2,2.1,8.6,3.0,4.6,3.15,High,Millennials
28933,8.1,1.1,6.9,1.8,5.8,2.96,Moderate,Millennials
28934,6.7,1.1,6.4,1.3,5.5,3.05,High,Millennials
28935,4.6,1.7,5.4,2.8,4.0,2.79,Moderate,Millennials
28936,4.5,2.7,7.3,3.0,4.0,2.97,Low,Millennials
28937,4.3,2.0,9.2,3.0,3.5,3.5,Moderate,Millennials
28938,6.1,1.5,8.4,2.3,6.5,3.04,Low,Millennials
28939,5.6,3.3,6.9,2.4,3.5,2.81,High,Millennials
28940,6.1,3.1,8.2,1.8,4.6,2.4,Low,Millennials
28941,3.7,0.4,8.7,2.2,5.6,3.06,High,Millennials
28942,5.5,1.9,7.8,0.0,7.8,3.29,Moderate,Millennials
28943,5.4,2.0,6.5,2.9,3.3,2.86,High,Millennials
28944,5.0,2.8,7.3,0.8,5.5,2.55,Moderate,Millennials
28945,4.0,0.0,7.8,3.0,4.5,3.2,Moderate,Millennials
28946,2.9,4.2,6.8,1.7,6.1,3.47,Moderate,Millennials
28947,6.3,1.5,7.5,0.9,5.8,2.81,Low,Millennials
28948,6.7,0.5,8.4,3.8,4.9,2.8,Moderate,Millennials
28949,5.3,1.5,9.3,3.8,4.9,3.12,Low,Millennials
28950,4.0,2.3,7.8,2.7,4.5,2.54,Moderate,Millennials
28951,6.1,0.4,7.8,1.1,4.2,2.74,Moderate,Millennials
28952,6.1,1.0,8.0,2.2,5.1,3.4,Moderate,Millennials
28953,5.4,1.1,7.4,0.3,2.8,3.44,Moderate,Millennials
28954,7.2,4.5,7.1,2.1,3.9,3.13,Low,Millennials
28955,6.6,0.8,9.4,2.5,3.6,3.26,Moderate,Millennials
28956,6.1,2.4,7.5,1.9,2.4,2.91,Moderate,Millennials
28957,7.7,4.0,8.4,2.2,3.1,3.34,Moderate,Millennials
28958,9.6,2.0,7.9,2.6,4.8,3.03,Moderate,Millennials
28959,6.5,2.1,6.3,0.5,4.2,2.64,Moderate,Millennials
28960,6.1,3.0,7.9,3.0,4.5,2.72,High,Millennials
28961,3.9,4.0,9.0,1.2,6.1,3.25,Moderate,Millennials
28962,7.7,0.3,8.0,2.1,4.3,3.09,Low,Millennials
28963,6.4,3.3,7.5,2.5,4.9,3.15,Moderate,Millennials
28964,7.6,1.4,8.0,2.0,2.8,3.3,Moderate,Millennials
28965,5.7,3.3,7.6,3.0,7.2,3.5,Moderate,Millennials
28966,8.4,2.3,6.2,1.5,4.6,2.9,Moderate,Millennials
28967,6.8,4.0,8.1,2.9,3.9,2.51,Low,Millennials
28968,6.5,1.8,8.3,1.9,6.4,2.85,Low,Millennials
28969,5.7,3.9,8.6,1.4,3.5,3.12,Moderate,Millennials
28970,6.1,2.3,8.8,3.2,5.6,2.87,Moderate,Millennials
28971,6.7,0.7,7.8,2.8,6.4,2.86,Moderate,Millennials
28972,6.0,2.0,7.8,2.1,2.5,3.27,High,Millennials
28973,4.9,3.1,6.5,2.2,2.9,2.8,High,Millennials
28974,7.7,2.9,8.9,0.7,4.8,3.3,Moderate,Millennials
28975,6.2,2.6,7.8,1.2,3.2,3.03,Moderate,Millennials
28976,4.7,0.2,6.6,1.7,4.0,3.21,Low,Millennials
28977,6.1,2.4,8.8,1.5,4.4,2.95,High,Millennials
28978,6.3,3.6,6.9,0.9,4.5,2.76,High,Millennials
28979,5.9,3.2,7.6,2.4,2.0,3.4,High,Millennials
28980,5.2,3.4,7.0,1.8,5.5,2.89,Low,Millennials
28981,5.7,1.5,7.8,2.9,3.8,2.96,High,Millennials
28982,7.3,1.0,7.8,1.9,2.6,2.82,Low,Millennials
28983,5.6,2.2,7.1,2.3,2.8,3.66,Low,Millennials
28984,4.2,2.6,8.5,3.6,5.6,3.22,Moderate,Millennials
28985,5.3,0.5,9.9,2.2,4.3,2.91,Moderate,Millennials
28986,6.1,0.6,8.3,2.4,3.4,2.74,Moderate,Millennials
28987,4.2,1.2,6.9,0.0,1.4,2.99,Moderate,Millennials
28988,6.9,1.5,7.2,1.4,4.1,3.1,Moderate,Millennials
28989,5.0,5.0,7.4,2.1,4.2,2.43,Low,Millennials
28990,5.3,0.7,6.2,1.2,6.9,2.77,Moderate,Millennials
28991,7.3,1.2,7.5,1.9,3.1,2.87,Low,Millennials
28992,6.8,3.5,8.5,2.9,2.4,3.09,Low,Millennials
28993,3.6,2.7,7.1,2.1,3.5,2.9,High,Millennials
28994,5.1,1.6,9.3,1.9,4.5,3.28,Moderate,Millennials
28995,5.9,4.7,8.3,1.3,6.7,3.34,Moderate,Millennials
28996,6.2,3.3,6.9,1.7,6.4,2.97,Moderate,Millennials
28997,7.8,3.2,7.5,1.8,4.0,3.0,Moderate,Millennials
28998,7.7,2.4,7.0,3.1,6.8,3.21,Moderate,Millennials
28999,5.1,1.1,7.7,1.8,5.0,3.15,Moderate,Millennials
29000,8.1,2.4,6.6,4.0,3.5,2.81,Moderate,Millennials
29001,7.6,3.6,9.3,2.6,3.1,2.57,Moderate,Millennials
29002,6.4,1.7,7.1,1.7,4.6,3.03,Low,Millennials
29003,5.0,2.9,7.9,2.1,2.5,2.87,Low,Millennials
29004,6.4,4.3,7.9,2.8,2.0,3.35,Low,Millennials
29005,6.8,3.2,8.3,2.1,4.6,2.84,Low,Millennials
29006,6.5,1.0,8.5,2.8,3.3,2.79,Low,Millennials
29007,4.8,0.5,8.8,1.0,5.3,2.8,Moderate,Millennials
29008,8.0,2.8,8.7,3.0,4.8,3.54,Moderate,Millennials
29009,3.0,1.2,5.9,1.8,3.5,2.69,Moderate,Millennials
29010,5.8,3.5,8.5,1.1,7.2,3.16,Moderate,Millennials
29011,5.5,0.2,8.1,1.4,6.1,3.23,Low,Millennials
29012,5.2,1.8,8.4,2.1,4.0,2.85,Low,Millennials
29013,4.2,2.2,9.7,1.4,4.9,3.1,Moderate,Millennials
29014,4.8,3.0,9.8,2.7,4.0,2.44,Low,Millennials
29015,7.6,1.7,8.0,3.2,2.4,3.11,Moderate,Millennials
29016,5.9,0.3,7.0,0.2,3.9,2.6,Moderate,Millennials
29017,6.0,1.4,7.7,1.7,2.4,2.92,Low,Millennials
29018,5.4,2.0,6.6,3.8,6.4,2.47,Low,Millennials
29019,5.8,1.0,8.5,0.4,4.7,3.53,Low,Millennials
29020,5.3,4.0,6.1,2.0,5.5,3.05,Moderate,Millennials
29021,7.6,1.5,8.7,0.6,3.2,3.06,Moderate,Millennials
29022,4.2,0.4,8.0,2.4,5.8,2.83,Low,Millennials
29023,7.6,2.1,6.9,3.0,5.7,3.0,Moderate,Millennials
29024,5.2,2.6,6.9,2.7,5.1,3.03,Low,Millennials
29025,4.5,0.2,6.6,2.1,4.0,2.67,Moderate,Millennials
29026,6.5,0.5,7.6,0.9,3.6,3.04,Moderate,Millennials
29027,5.1,2.7,9.4,1.2,3.9,3.19,Moderate,Millennials
29028,5.5,3.2,7.7,1.7,2.8,3.65,Moderate,Millennials
29029,8.0,4.7,8.1,2.0,2.6,3.38,Low,Millennials
29030,4.8,2.8,7.2,3.2,1.8,3.01,High,Millennials
29031,7.9,2.0,8.8,1.6,1.9,2.95,Low,Millennials
29032,2.2,0.6,7.8,2.1,4.6,2.56,Moderate,Millennials
29033,5.5,1.6,8.5,2.0,1.9,2.56,Low,Millennials
29034,4.2,2.0,8.4,2.1,2.1,2.61,Moderate,Millennials
29035,6.3,4.1,7.7,1.3,3.6,3.13,Moderate,Millennials
29036,8.3,1.8,7.1,1.7,5.8,2.76,Moderate,Millennials
29037,5.9,2.1,6.7,3.2,3.2,2.54,Low,Millennials
29038,6.4,2.7,9.1,2.0,8.0,2.71,Low,Millennials
29039,6.4,4.2,7.9,1.9,2.9,2.65,Moderate,Millennials
29040,6.0,3.6,7.1,3.2,3.5,2.7,Low,Millennials
29041,5.1,3.2,5.4,2.9,5.3,2.57,High,Millennials
29042,6.7,2.7,7.9,2.7,4.3,3.39,Low,Millennials
29043,4.7,0.5,7.4,2.0,3.3,2.96,Low,Millennials
29044,6.5,1.5,7.4,2.6,5.0,2.97,Low,Millennials
29045,5.8,1.3,7.7,2.2,4.4,3.44,Moderate,Millennials
29046,6.8,2.9,8.4,3.3,4.5,2.77,High,Millennials
29047,6.4,2.9,7.3,1.0,2.3,3.19,High,Millennials
29048,6.8,1.8,8.0,2.8,5.3,2.74,Moderate,Millennials
29049,7.1,2.2,8.0,3.4,5.4,2.58,Low,Millennials
29050,6.3,1.7,7.8,0.7,4.6,3.25,Low,Millennials
29051,5.2,2.9,9.6,3.5,3.0,2.98,Moderate,Millennials
29052,4.9,2.2,7.1,1.1,2.2,2.33,Moderate,Millennials
29053,4.3,3.5,8.4,0.1,5.7,2.95,High,Millennials
29054,5.4,2.3,7.4,3.4,3.3,2.74,Moderate,Millennials
29055,6.6,0.8,9.0,2.4,6.1,3.03,Moderate,Millennials
29056,8.8,1.3,8.5,1.8,6.6,3.14,Moderate,Millennials
29057,6.4,0.7,8.3,1.6,7.7,2.68,High,Millennials
29058,6.8,0.6,7.8,1.3,6.8,3.46,Low,Millennials
29059,7.1,1.4,5.9,2.7,4.9,3.05,Low,Millennials
29060,6.5,2.6,6.6,3.4,4.9,3.37,Moderate,Millennials
29061,5.4,2.4,8.3,3.3,3.7,3.47,Low,Millennials
29062,7.4,4.2,7.4,3.2,4.9,2.85,Low,Millennials
29063,5.2,2.3,8.1,3.8,3.5,3.36,Low,Millennials
29064,3.1,2.6,9.2,1.1,5.0,3.25,Low,Millennials
29065,7.2,2.5,7.6,2.0,5.5,2.54,Moderate,Millennials
29066,5.4,1.6,9.6,1.7,6.2,2.93,Moderate,Millennials
29067,7.6,2.0,7.7,3.0,6.4,3.21,Low,Millennials
29068,7.2,3.4,8.3,2.7,4.1,2.83,Low,Millennials
29069,7.2,1.9,8.2,1.0,3.7,2.52,Moderate,Millennials
29070,5.2,2.0,7.1,2.1,3.6,3.18,Moderate,Millennials
29071,7.3,4.5,7.1,1.3,3.7,2.74,Low,Millennials
29072,4.8,0.8,7.0,1.6,3.3,2.69,Moderate,Millennials
29073,5.3,1.0,7.9,2.2,4.3,2.63,Low,Millennials
29074,4.1,1.7,8.5,1.8,3.2,3.22,Moderate,Millennials
29075,2.8,2.7,8.6,2.5,3.5,3.03,Low,Millennials
29076,3.7,3.1,8.7,1.9,5.0,3.05,High,Millennials
29077,6.0,3.6,8.5,2.2,5.0,2.77,Moderate,Millennials
29078,3.3,1.1,7.4,2.6,6.1,2.65,Low,Millennials
29079,8.5,0.4,7.4,1.8,3.1,2.95,Low,Millennials
29080,7.7,4.5,7.6,1.7,6.7,2.78,Low,Millennials
29081,6.6,3.4,7.0,2.7,4.6,3.18,Low,Millennials
29082,6.9,4.2,8.4,2.6,4.9,3.1,Moderate,Millennials
29083,5.1,1.3,7.6,3.2,4.8,2.78,Moderate,Millennials
29084,5.7,1.8,8.8,3.5,5.1,2.82,Low,Millennials
29085,7.6,0.7,8.0,3.3,5.0,3.04,Low,Millennials
29086,7.1,3.3,7.9,3.9,4.9,3.37,Moderate,Millennials
29087,6.5,2.0,8.9,3.6,3.3,3.29,Moderate,Millennials
29088,6.1,0.7,8.7,1.6,3.1,3.06,Moderate,Millennials
29089,3.1,3.8,7.2,1.1,4.5,3.5,Moderate,Millennials
29090,3.3,3.7,7.0,3.4,7.4,3.25,Moderate,Millennials
29091,4.9,0.0,8.4,2.3,5.7,3.11,Moderate,Millennials
29092,4.6,3.7,7.2,1.8,4.7,3.11,Moderate,Millennials
29093,6.1,1.8,8.3,2.2,5.5,2.83,Low,Millennials
29094,4.6,2.6,7.7,3.2,5.7,3.3,High,Millennials
29095,8.7,2.0,7.1,4.9,6.2,3.34,Low,Millennials
29096,6.7,2.4,7.5,2.4,4.5,2.83,Low,Millennials
29097,6.5,3.1,7.5,2.2,2.2,2.61,Low,Millennials
29098,6.9,3.1,9.2,2.7,5.6,3.06,Moderate,Millennials
29099,5.6,0.7,8.0,2.9,5.9,3.27,Moderate,Millennials
29100,4.7,0.7,7.8,1.9,3.2,2.96,Low,Millennials
29101,4.7,3.2,8.1,3.4,3.6,3.17,Moderate,Millennials
29102,4.1,1.2,8.5,1.8,3.9,3.35,Low,Millennials
29103,5.2,2.3,7.9,2.5,4.8,2.61,Moderate,Millennials
29104,5.9,2.7,7.6,2.8,4.7,3.23,High,Millennials
29105,4.3,1.0,6.8,2.5,6.0,2.81,Moderate,Millennials
29106,7.7,3.2,8.5,3.8,5.5,2.98,Moderate,Millennials
29107,6.0,1.1,8.2,2.6,2.7,3.41,Moderate,Millennials
29108,6.7,4.7,7.8,5.0,4.1,3.0,Moderate,Millennials
29109,8.2,2.7,6.7,2.5,3.2,2.98,Moderate,Millennials
29110,7.0,1.3,7.3,1.2,5.3,2.64,Low,Millennials
29111,3.4,1.5,7.5,3.2,3.2,2.92,Moderate,Millennials
29112,6.0,2.8,6.6,1.0,5.3,2.6,Moderate,Millennials
29113,4.4,3.4,6.7,2.2,4.9,2.65,Moderate,Millennials
29114,5.2,2.4,6.5,1.6,5.8,3.37,Low,Millennials
29115,5.0,1.8,8.9,1.4,3.5,2.86,Low,Millennials
29116,5.7,2.3,6.1,3.0,2.0,3.37,Low,Millennials
29117,7.5,1.7,7.9,3.7,5.2,3.03,Moderate,Millennials
29118,6.1,1.5,8.4,0.2,1.3,3.23,Moderate,Millennials
29119,7.7,1.7,9.0,1.3,5.2,3.69,Moderate,Millennials
29120,6.6,0.8,9.1,3.0,3.5,2.67,Low,Millennials
29121,3.7,2.7,8.3,3.1,3.2,3.2,Moderate,Millennials
29122,6.2,2.2,7.2,3.5,1.6,2.69,Low,Millennials
29123,6.9,0.0,10.0,2.5,4.3,2.76,Moderate,Millennials
29124,3.1,2.8,8.6,1.5,3.9,3.03,Moderate,Millennials
29125,7.5,0.8,8.3,2.4,5.6,2.93,Low,Millennials
29126,6.1,2.2,8.1,3.1,2.4,2.78,Moderate,Millennials
29127,6.1,1.7,8.9,0.7,3.7,3.33,Low,Millennials
29128,5.3,0.6,7.6,1.4,4.5,3.07,High,Millennials
29129,5.3,1.4,8.1,2.8,3.3,2.95,Low,Millennials
29130,6.9,0.1,6.9,0.0,3.3,2.34,Moderate,Millennials
29131,6.4,2.1,7.6,1.4,1.4,3.15,Low,Millennials
29132,6.4,2.1,8.3,2.1,5.3,2.56,Moderate,Millennials
29133,6.0,2.4,7.5,3.2,6.9,3.24,High,Millennials
29134,6.1,3.1,7.0,1.4,3.5,2.34,Moderate,Millennials
29135,4.0,0.7,7.4,2.0,5.4,3.21,Moderate,Millennials
29136,7.1,3.1,7.1,3.3,5.0,3.09,Moderate,Millennials
29137,6.1,3.0,8.9,0.9,4.3,3.28,Moderate,Millennials
29138,6.0,2.2,8.2,2.3,5.7,3.39,Moderate,Millennials
29139,5.3,3.3,8.5,2.5,4.9,3.22,Low,Millennials
29140,5.3,2.6,7.1,2.8,0.7,2.97,Low,Millennials
29141,3.2,0.9,8.0,1.4,5.9,2.71,Moderate,Millennials
29142,5.6,2.3,7.0,0.4,3.4,3.52,Low,Millennials
29143,5.5,1.6,7.8,3.3,4.1,2.83,Low,Millennials
29144,4.2,3.5,8.1,1.3,3.8,2.88,Moderate,Millennials
29145,4.2,2.3,7.4,1.5,2.5,3.28,Low,Millennials
29146,5.5,2.1,9.0,0.9,4.9,2.92,Moderate,Millennials
29147,6.6,4.4,7.9,1.9,3.3,2.73,Moderate,Millennials
29148,6.4,1.1,7.2,3.7,6.1,2.4,High,Millennials
29149,6.9,2.8,7.6,3.0,4.4,2.95,Moderate,Millennials
29150,5.6,3.2,7.0,1.9,4.9,3.81,Moderate,Millennials
29151,6.5,2.3,7.4,3.3,3.4,3.0,Low,Millennials
29152,4.9,1.7,8.3,3.5,3.4,3.17,Low,Millennials
29153,7.2,1.1,10.0,4.5,6.5,3.02,Low,Millennials
29154,6.2,2.9,9.0,0.8,2.4,2.61,Low,Millennials
29155,4.9,3.6,8.6,2.6,5.0,2.84,Moderate,Millennials
29156,5.8,0.0,9.1,4.0,4.4,3.12,Low,Millennials
29157,3.3,0.8,8.8,2.0,1.5,2.85,Low,Millennials
29158,4.9,1.4,6.6,2.5,4.2,3.05,Moderate,Millennials
29159,6.6,2.5,8.4,0.3,4.9,2.71,Low,Millennials
29160,5.1,4.0,8.6,0.8,4.4,2.54,Moderate,Millennials
29161,4.6,1.9,7.3,3.7,3.6,3.27,Low,Millennials
29162,6.7,2.4,9.3,0.0,2.9,3.26,Moderate,Millennials
29163,4.8,1.6,8.3,1.2,7.0,3.03,Moderate,Millennials
29164,5.9,2.4,7.1,2.2,2.0,3.03,Low,Millennials
29165,5.0,1.2,7.9,2.1,3.9,2.4,Low,Millennials
29166,5.5,3.2,5.5,3.0,4.9,2.98,Low,Millennials
29167,6.7,4.4,7.1,3.6,3.5,3.19,Moderate,Millennials
29168,6.1,2.9,7.0,2.3,5.3,3.32,Moderate,Millennials
29169,5.6,2.4,7.8,2.1,3.7,2.96,Low,Millennials
29170,7.6,3.5,8.3,3.0,6.2,2.83,Low,Millennials
29171,4.0,3.2,7.7,3.6,4.3,3.16,Moderate,Millennials
29172,6.2,0.0,8.0,2.5,3.5,2.15,Low,Millennials
29173,6.1,4.1,8.5,3.1,5.2,2.91,Low,Millennials
29174,5.4,2.5,6.6,2.1,3.9,3.0,High,Millennials
29175,6.3,2.9,9.5,1.8,5.7,2.66,Moderate,Millennials
29176,4.5,1.2,7.3,1.3,4.0,3.17,Moderate,Millennials
29177,2.9,3.0,8.4,2.3,5.7,2.55,Moderate,Millennials
29178,6.4,2.3,9.8,2.4,3.8,3.13,Low,Millennials
29179,3.9,0.4,9.3,0.0,3.5,2.95,High,Millennials
29180,7.9,1.7,8.0,2.7,5.6,3.33,Low,Millennials
29181,5.9,1.6,7.9,3.0,4.2,2.54,Moderate,Millennials
29182,5.3,0.7,8.6,0.6,2.5,3.3,Low,Millennials
29183,7.5,1.2,6.2,1.3,2.0,2.77,Moderate,Millennials
29184,5.4,0.0,7.7,0.4,4.5,3.37,Moderate,Millennials
29185,5.9,1.2,9.4,1.6,4.2,3.21,Moderate,Millennials
29186,8.1,3.9,8.1,3.5,3.9,3.28,Moderate,Millennials
29187,3.7,3.9,7.0,1.8,4.0,3.24,Moderate,Millennials
29188,6.0,2.1,8.6,2.2,3.7,2.78,Moderate,Millennials
29189,6.1,3.2,8.0,4.0,3.2,2.92,Moderate,Millennials
29190,5.8,0.8,9.1,0.0,1.7,2.68,Moderate,Millennials
29191,7.1,3.1,9.0,3.3,1.8,3.07,High,Millennials
29192,7.4,0.9,7.2,1.1,3.9,2.59,High,Millennials
29193,3.4,2.9,8.6,2.1,3.7,2.82,Moderate,Millennials
29194,6.0,1.7,8.6,2.6,3.8,3.01,Moderate,Millennials
29195,6.4,4.1,7.4,3.5,2.0,2.96,High,Millennials
29196,6.3,3.9,7.4,2.2,3.0,3.2,High,Millennials
29197,4.2,1.1,9.1,3.9,4.2,2.52,Low,Millennials
29198,6.0,1.5,7.6,1.3,5.0,3.07,Moderate,Millennials
29199,6.5,4.1,7.0,2.2,5.0,2.03,Low,Millennials
29200,4.6,3.6,6.3,1.8,5.7,3.35,High,Millennials
29201,6.1,3.2,6.1,3.4,2.8,3.3,High,Millennials
29202,8.0,1.0,8.4,2.3,6.5,2.84,Moderate,Millennials
29203,6.0,3.7,7.8,1.8,5.1,3.27,Low,Millennials
29204,5.1,2.3,8.4,2.2,3.6,3.02,Low,Millennials
29205,5.0,1.4,7.5,1.2,3.3,2.71,Low,Millennials
29206,5.9,3.7,6.7,3.1,3.6,3.28,Low,Millennials
29207,6.4,3.0,8.5,1.7,3.6,3.09,High,Millennials
29208,4.7,3.2,6.9,3.2,2.9,3.04,Moderate,Millennials
29209,6.2,0.3,7.9,1.1,3.6,3.05,Moderate,Millennials
29210,6.8,2.7,7.3,2.7,4.5,2.66,Moderate,Millennials
29211,7.6,3.0,6.7,1.7,1.6,2.72,Moderate,Millennials
29212,2.8,2.8,7.5,3.1,3.9,3.11,Moderate,Millennials
29213,6.8,2.3,8.3,1.2,3.8,3.03,Moderate,Millennials
29214,5.7,2.5,7.4,0.5,5.4,3.88,Moderate,Millennials
29215,5.1,4.8,8.0,2.3,3.4,2.96,High,Millennials
29216,4.6,1.9,7.2,2.3,4.2,2.48,Moderate,Millennials
29217,4.4,1.5,8.1,2.3,6.3,3.01,Moderate,Millennials
29218,5.2,2.6,6.8,4.0,5.6,2.97,Low,Millennials
29219,6.1,4.3,7.7,3.8,3.7,3.0,High,Millennials
29220,3.6,3.1,7.7,2.2,6.1,3.44,Low,Millennials
29221,3.7,2.9,7.5,1.4,6.1,3.02,Moderate,Millennials
29222,7.4,2.6,7.2,3.3,4.1,3.25,Low,Millennials
29223,7.1,3.1,8.0,2.3,3.5,3.37,High,Millennials
29224,6.0,2.3,8.1,1.9,3.9,2.94,Moderate,Millennials
29225,7.0,1.1,7.8,3.8,6.2,2.87,Moderate,Millennials
29226,6.9,3.1,8.8,0.4,5.5,2.64,Moderate,Millennials
29227,4.5,1.7,6.7,4.0,6.6,3.2,Low,Millennials
29228,5.5,3.2,7.9,3.0,3.2,2.89,Moderate,Millennials
29229,5.3,2.5,8.1,3.0,6.2,3.09,Low,Millennials
29230,5.1,2.2,8.5,2.5,5.1,3.1,Low,Millennials
29231,7.2,0.0,9.3,1.6,5.3,3.16,Moderate,Millennials
29232,6.4,2.4,6.7,1.3,4.7,3.0,Moderate,Millennials
29233,6.0,2.9,6.5,1.5,2.5,3.03,Moderate,Millennials
29234,5.1,2.3,8.8,0.4,4.4,2.79,Low,Millennials
29235,4.2,0.8,6.8,0.9,4.2,3.61,Low,Millennials
29236,5.3,4.5,7.5,1.6,6.3,2.79,Low,Millennials
29237,6.4,1.7,9.0,2.1,6.6,2.9,Moderate,Millennials
29238,4.6,0.6,7.1,2.0,3.6,2.92,Moderate,Millennials
29239,6.9,2.4,8.9,2.2,5.1,3.29,Moderate,Millennials
29240,6.3,2.3,7.2,2.6,3.4,2.71,Moderate,Millennials
29241,3.7,2.1,6.7,0.0,6.9,3.34,Low,Millennials
29242,6.4,2.5,6.5,0.4,3.8,2.96,Moderate,Millennials
29243,7.3,2.4,8.0,3.4,6.5,2.81,Moderate,Millennials
29244,6.5,1.9,6.9,1.5,6.1,2.94,Low,Millennials
29245,6.9,1.0,7.8,0.0,5.2,3.16,Low,Millennials
29246,6.1,1.4,9.5,4.2,5.4,3.46,High,Millennials
29247,5.5,4.0,8.2,0.5,4.6,2.56,Moderate,Millennials
29248,7.6,3.5,9.9,2.2,7.3,2.68,Low,Millennials
29249,5.0,2.0,9.2,1.6,4.4,3.05,Moderate,Millennials
29250,8.2,2.6,7.3,2.0,3.6,3.06,Moderate,Millennials
29251,5.5,3.7,6.6,3.1,3.3,3.03,Moderate,Millennials
29252,5.7,2.2,7.7,0.3,6.2,2.76,Moderate,Millennials
29253,7.9,3.8,6.1,0.0,5.5,2.97,Moderate,Millennials
29254,4.6,2.3,8.1,2.7,5.0,3.22,Moderate,Millennials
29255,5.6,1.9,8.3,1.7,3.2,2.48,Moderate,Millennials
29256,8.3,0.5,6.6,0.7,4.9,2.66,Moderate,Millennials
29257,7.8,3.4,8.4,1.9,6.7,3.14,Low,Millennials
29258,6.1,1.9,10.0,2.7,2.7,2.62,Moderate,Millennials
29259,6.7,2.5,8.7,1.0,4.9,3.21,Moderate,Millennials
29260,3.0,1.9,8.6,2.6,4.2,3.18,Low,Millennials
29261,8.7,2.3,7.9,1.6,0.0,2.57,Moderate,Millennials
29262,5.8,1.7,8.2,0.0,4.4,3.02,Low,Millennials
29263,6.7,0.7,7.2,3.0,5.7,2.93,Moderate,Millennials
29264,6.5,2.2,7.3,0.7,4.3,2.9,Moderate,Millennials
29265,5.7,0.0,7.4,2.0,4.0,2.58,Moderate,Millennials
29266,3.8,0.9,8.6,2.9,4.1,2.27,Low,Millennials
29267,3.4,0.8,9.3,1.5,3.1,2.77,Moderate,Millennials
29268,6.8,2.0,7.4,1.0,3.3,2.77,Moderate,Millennials
29269,5.1,2.6,9.9,2.3,4.7,2.95,Low,Millennials
29270,5.1,1.1,7.6,2.3,6.4,3.0,High,Millennials
29271,7.4,2.2,8.3,2.0,6.0,2.97,Moderate,Millennials
29272,6.1,2.4,10.0,3.4,4.4,3.03,Moderate,Millennials
29273,4.8,3.2,6.4,4.6,4.8,3.22,Moderate,Millennials
29274,6.5,3.8,6.1,0.3,3.5,3.15,Moderate,Millennials
29275,6.7,2.0,8.4,2.4,4.3,2.98,High,Millennials
29276,5.6,1.7,5.3,0.4,3.4,3.1,Moderate,Millennials
29277,5.7,2.6,7.8,1.1,7.2,2.76,Low,Millennials
29278,6.2,1.9,6.6,2.5,5.2,2.62,Low,Millennials
29279,3.4,4.6,8.1,1.9,5.4,2.88,Moderate,Millennials
29280,6.2,3.1,7.9,1.4,2.6,3.46,Low,Millennials
29281,4.1,3.3,8.4,0.9,6.7,2.51,Low,Millennials
29282,7.4,1.9,9.6,3.4,4.3,3.4,Moderate,Millennials
29283,6.3,2.4,6.8,1.1,5.4,3.02,Low,Millennials
29284,5.3,0.9,8.2,3.9,4.2,3.35,High,Millennials
29285,7.4,2.0,8.8,1.5,5.6,3.43,Moderate,Millennials
29286,6.5,2.2,9.0,0.2,6.2,3.6,Moderate,Millennials
29287,6.6,1.8,8.5,2.0,4.3,3.13,Moderate,Millennials
29288,6.9,1.8,8.1,1.1,4.9,3.1,Moderate,Millennials
29289,5.2,1.6,8.0,1.1,4.0,2.82,Moderate,Millennials
29290,6.4,2.7,6.4,1.0,3.0,2.8,Low,Millennials
29291,5.0,3.2,7.1,2.7,4.9,2.97,Moderate,Millennials
29292,4.6,0.8,7.6,2.9,5.9,3.02,Moderate,Millennials
29293,4.7,3.3,7.2,2.4,6.5,2.99,Moderate,Millennials
29294,6.8,3.5,7.6,2.3,4.5,3.13,Moderate,Millennials
29295,6.4,1.3,7.6,1.2,2.9,2.65,Low,Millennials
29296,5.6,4.5,9.4,2.4,5.1,3.22,Moderate,Millennials
29297,6.9,2.2,7.5,1.5,3.3,3.07,Low,Millennials
29298,6.1,3.3,7.8,1.3,2.5,3.08,Moderate,Millennials
29299,4.4,4.1,8.8,1.8,3.5,3.75,Low,Millennials
29300,5.1,0.9,7.1,3.2,3.9,3.35,Moderate,Millennials
29301,3.6,1.2,8.2,2.7,2.4,3.15,High,Millennials
29302,7.9,2.4,5.7,1.9,4.6,3.44,Moderate,Millennials
29303,7.2,2.6,8.0,0.4,6.6,2.87,Moderate,Millennials
29304,4.7,2.8,8.3,3.3,4.6,2.82,High,Millennials
29305,7.9,0.2,8.4,2.3,3.8,3.2,Moderate,Millennials
29306,6.0,3.7,8.1,0.5,5.2,2.86,Moderate,Millennials
29307,4.6,2.3,9.1,2.6,3.5,3.18,Moderate,Millennials
29308,6.8,3.9,6.4,1.2,2.8,3.01,Low,Millennials
29309,7.5,2.1,7.2,0.1,5.1,2.85,Moderate,Millennials
29310,7.4,0.3,7.0,0.5,5.0,3.09,Low,Millennials
29311,4.2,0.8,6.8,1.4,3.1,2.73,Low,Millennials
29312,4.6,3.0,5.5,2.4,4.6,2.91,High,Millennials
29313,4.1,3.7,7.5,2.1,3.7,3.4,Low,Millennials
29314,7.0,0.8,8.5,0.9,3.7,3.09,Moderate,Millennials
29315,5.7,2.3,6.9,2.4,4.1,2.56,Low,Millennials
29316,5.5,2.3,6.5,2.6,3.1,3.19,Moderate,Millennials
29317,4.9,3.6,8.3,1.0,1.4,3.38,High,Millennials
29318,6.7,1.6,8.4,1.9,5.6,3.15,Moderate,Millennials
29319,4.7,4.0,7.8,2.0,3.4,3.34,Moderate,Millennials
29320,8.5,3.1,5.9,0.6,3.1,2.56,High,Millennials
29321,6.6,3.0,6.8,1.8,5.1,3.02,Moderate,Millennials
29322,4.2,1.7,6.5,1.4,2.2,3.3,Low,Millennials
29323,4.1,1.8,8.6,3.6,2.1,2.89,Moderate,Millennials
29324,5.4,1.5,7.0,1.0,3.6,2.57,Moderate,Millennials
29325,5.4,2.1,8.1,1.3,3.2,3.41,Moderate,Millennials
29326,6.3,3.3,7.0,3.1,5.0,3.26,Moderate,Millennials
29327,5.5,2.0,8.7,2.8,2.8,3.03,High,Millennials
29328,5.3,1.7,8.4,0.6,4.1,2.57,Low,Millennials
29329,5.0,3.3,8.7,3.1,5.6,3.03,Moderate,Millennials
29330,6.0,1.6,6.5,2.1,4.8,3.16,High,Millennials
29331,8.1,2.0,8.1,2.2,3.1,2.89,Low,Millennials
29332,5.2,3.4,7.3,1.6,4.5,3.36,Low,Millennials
29333,6.1,0.9,7.7,2.0,5.4,2.84,Moderate,Millennials
29334,4.3,1.8,7.5,3.0,4.8,2.31,Low,Millennials
29335,6.6,1.5,7.9,2.1,1.8,2.46,High,Millennials
29336,3.7,2.6,6.8,4.3,7.3,2.99,High,Millennials
29337,5.8,2.3,6.9,2.8,2.7,2.98,Low,Millennials
29338,6.4,3.1,7.8,1.8,6.4,2.65,Low,Millennials
29339,4.9,0.7,8.2,2.6,5.0,3.02,Moderate,Millennials
29340,4.8,1.7,6.8,3.2,4.0,3.1,Low,Millennials
29341,6.4,2.7,7.9,0.3,2.9,2.84,Low,Millennials
29342,5.2,0.0,7.2,2.1,4.1,3.07,High,Millennials
29343,5.2,1.7,6.6,2.4,4.8,3.18,Low,Millennials
29344,6.8,0.6,7.0,3.1,6.9,3.13,Low,Millennials
29345,6.0,0.0,6.5,0.9,4.7,3.16,Low,Millennials
29346,3.3,2.2,9.0,3.5,7.1,3.47,High,Millennials
29347,5.7,4.3,7.4,0.8,3.9,2.14,Low,Millennials
29348,6.0,2.9,7.9,2.8,5.1,2.9,Low,Millennials
29349,5.0,0.9,8.1,1.9,4.5,3.42,High,Millennials
29350,5.8,2.8,8.0,1.1,5.8,2.39,Low,Millennials
29351,5.6,1.1,8.0,3.0,5.1,2.93,High,Millennials
29352,5.8,2.7,6.6,1.6,4.9,3.33,Moderate,Millennials
29353,6.9,1.9,7.2,0.0,2.0,2.84,Moderate,Millennials
29354,6.8,2.5,7.8,2.1,4.9,3.04,Low,Millennials
29355,5.8,3.3,8.1,2.9,3.9,3.29,Low,Millennials
29356,7.2,1.7,7.7,3.2,5.4,3.11,Moderate,Millennials
29357,7.3,1.2,6.0,1.3,4.4,2.9,High,Millennials
29358,3.5,1.8,8.6,3.4,6.4,2.72,High,Millennials
29359,6.4,2.2,7.5,3.0,4.9,2.68,Moderate,Millennials
29360,5.6,2.0,8.3,3.1,1.6,3.57,Moderate,Millennials
29361,5.0,2.2,7.5,0.5,3.2,2.7,Moderate,Millennials
29362,4.8,2.2,7.0,0.9,4.4,3.24,Moderate,Millennials
29363,5.2,3.9,8.3,2.5,3.7,3.35,Low,Millennials
29364,6.2,2.2,7.0,1.2,5.5,2.95,Low,Millennials
29365,6.1,0.4,6.3,2.9,6.3,2.85,High,Millennials
29366,5.4,3.4,8.3,4.0,4.2,3.06,Low,Millennials
29367,5.9,2.5,9.1,1.4,3.5,3.04,Low,Millennials
29368,6.2,1.7,8.1,2.2,5.0,3.37,Low,Millennials
29369,7.3,1.6,9.5,4.2,5.5,3.06,Moderate,Millennials
29370,6.8,2.2,8.0,1.4,6.0,3.24,Low,Millennials
29371,5.9,1.2,6.3,2.5,3.2,2.83,Moderate,Millennials
29372,4.9,1.4,6.9,2.5,6.0,3.13,Moderate,Millennials
29373,4.2,3.1,6.2,0.1,4.7,2.93,Low,Millennials
29374,6.6,3.0,7.5,3.3,1.9,3.22,Moderate,Millennials
29375,2.8,4.0,7.7,0.2,1.1,3.37,High,Millennials
29376,5.1,0.8,7.2,3.1,5.5,2.94,Moderate,Millennials
29377,6.3,3.0,8.4,1.4,2.6,2.66,Moderate,Millennials
29378,5.1,2.4,8.4,2.8,4.1,2.89,Low,Millennials
29379,6.6,2.6,8.0,3.6,2.3,2.97,Low,Millennials
29380,7.6,1.7,8.8,3.4,2.8,2.96,Moderate,Millennials
29381,4.7,2.4,9.5,1.5,7.8,3.01,Moderate,Millennials
29382,4.6,1.7,7.0,3.8,2.2,3.06,Low,Millennials
29383,5.7,2.4,10.0,1.8,4.5,3.25,High,Millennials
29384,6.1,3.2,7.4,2.4,4.9,2.94,Moderate,Millennials
29385,6.7,1.3,7.6,2.0,5.7,3.27,Moderate,Millennials
29386,5.1,2.2,8.2,1.7,4.1,2.8,Low,Millennials
29387,8.1,5.0,8.7,1.4,4.4,3.34,Moderate,Millennials
29388,4.2,2.2,8.6,2.3,4.7,3.18,Moderate,Millennials
29389,6.5,3.0,7.5,3.5,3.2,2.5,Low,Millennials
29390,4.4,2.9,7.0,1.3,4.1,3.09,Moderate,Millennials
29391,3.4,2.6,9.8,3.0,3.9,2.64,High,Millennials
29392,7.4,2.1,9.7,1.8,1.5,3.33,Low,Millennials
29393,3.6,2.0,7.8,3.2,4.3,3.12,Moderate,Millennials
29394,3.9,1.2,8.8,2.4,5.9,2.37,Moderate,Millennials
29395,7.1,2.1,8.0,2.0,4.2,3.08,Moderate,Millennials
29396,5.2,2.0,7.8,1.4,2.7,3.21,Moderate,Millennials
29397,5.8,4.6,7.9,1.6,6.2,2.68,Low,Millennials
29398,5.0,2.8,7.9,0.4,5.9,2.84,Low,Millennials
29399,4.0,2.9,6.8,1.9,6.2,3.1,Moderate,Millennials
29400,7.7,0.7,6.5,3.4,3.4,3.24,Low,Millennials
29401,4.9,2.9,9.1,3.9,3.7,2.71,Moderate,Millennials
29402,6.7,1.7,7.9,1.3,5.2,3.44,Moderate,Millennials
29403,5.8,3.4,7.2,1.0,4.8,2.3,Moderate,Millennials
29404,7.9,1.4,8.6,4.0,3.8,2.94,Moderate,Millennials
29405,6.8,2.5,8.4,3.7,4.7,2.87,Moderate,Millennials
29406,5.0,3.2,8.8,3.1,7.0,3.52,Moderate,Millennials
29407,3.8,2.9,7.7,0.6,5.4,2.63,Moderate,Millennials
29408,6.2,3.1,7.4,3.6,4.4,2.73,Low,Millennials
29409,4.7,1.8,8.6,2.1,3.4,3.03,Low,Millennials
29410,4.1,2.4,6.5,1.6,5.9,3.39,High,Millennials
29411,6.2,2.7,7.0,1.0,5.4,3.42,Low,Millennials
29412,8.1,1.9,8.1,0.8,2.5,2.59,Moderate,Millennials
29413,6.2,4.0,7.4,4.7,2.6,3.07,Moderate,Millennials
29414,7.2,4.5,8.7,2.9,2.0,2.8,Low,Millennials
29415,4.8,2.8,8.0,0.9,3.5,2.45,High,Millennials
29416,6.1,2.4,7.1,0.9,2.9,2.95,Low,Millennials
29417,4.4,0.5,7.4,1.7,4.9,2.73,Moderate,Millennials
29418,6.9,1.8,8.4,1.7,3.3,3.71,Low,Millennials
29419,10.0,4.6,8.1,1.1,3.6,3.12,Moderate,Millennials
29420,5.2,0.3,8.5,2.3,6.3,3.3,Low,Millennials
29421,6.3,2.4,8.6,2.2,4.6,3.49,Moderate,Millennials
29422,6.6,1.7,9.9,0.7,6.3,2.24,Moderate,Millennials
29423,6.6,2.7,6.7,0.8,4.9,2.73,Moderate,Millennials
29424,5.4,3.2,7.5,2.5,2.2,2.8,Moderate,Millennials
29425,7.7,1.7,6.1,2.0,2.5,3.19,Moderate,Millennials
29426,9.1,3.3,7.7,3.6,6.0,2.79,Moderate,Millennials
29427,4.5,1.5,8.4,3.9,5.2,2.89,Low,Millennials
29428,7.3,3.1,6.6,3.5,4.5,2.49,Moderate,Millennials
29429,5.6,2.0,8.0,1.8,6.2,2.77,Low,Millennials
29430,8.1,1.5,7.8,3.6,4.7,2.62,Moderate,Millennials
29431,8.3,2.4,5.4,2.6,3.0,3.59,Low,Millennials
29432,3.2,2.8,8.2,1.8,6.5,2.58,Low,Millennials
29433,4.5,3.2,6.8,0.1,4.5,2.86,Low,Millennials
29434,4.1,0.9,7.6,3.4,5.6,2.61,High,Millennials
29435,3.1,2.1,8.1,2.5,3.9,2.68,Moderate,Millennials
29436,5.5,1.9,8.5,1.7,3.4,3.26,Low,Millennials
29437,7.1,1.7,7.9,1.5,3.3,3.41,Moderate,Millennials
29438,6.3,1.5,8.3,2.4,5.8,3.13,Moderate,Millennials
29439,3.8,4.6,5.9,1.1,4.5,2.73,Low,Millennials
29440,8.9,0.5,9.1,2.9,2.9,3.08,Low,Millennials
29441,6.8,1.9,7.6,3.6,1.2,3.12,Low,Millennials
29442,7.6,1.7,7.5,4.7,4.3,3.27,High,Millennials
29443,6.4,3.3,7.4,0.6,4.9,2.83,High,Millennials
29444,5.4,3.5,7.5,2.3,5.0,3.17,Moderate,Millennials
29445,3.5,2.5,7.1,1.5,5.8,2.95,Low,Millennials
29446,4.3,4.8,9.8,1.8,3.4,3.43,Moderate,Millennials
29447,4.1,0.8,7.6,3.3,2.1,2.92,Moderate,Millennials
29448,9.0,1.9,8.7,2.7,2.3,3.19,Moderate,Millennials
29449,5.1,0.0,8.7,1.0,4.2,2.58,Low,Millennials
29450,6.6,1.0,8.3,1.6,4.7,2.98,Low,Millennials
29451,6.9,1.0,6.6,2.8,3.5,3.33,Moderate,Millennials
29452,4.1,2.4,8.2,3.1,4.6,3.68,Moderate,Millennials
29453,4.8,2.4,7.9,2.0,4.9,3.04,Low,Millennials
29454,6.3,0.2,7.7,1.1,3.1,3.09,Low,Millennials
29455,7.7,2.4,7.2,1.8,3.5,2.88,Low,Millennials
29456,3.7,2.5,8.4,3.8,3.6,2.93,Moderate,Millennials
29457,5.9,3.0,8.7,1.7,3.8,3.3,Low,Millennials
29458,6.9,2.5,7.5,1.5,3.3,3.2,Moderate,Millennials
29459,5.7,1.2,8.8,3.2,5.6,2.92,Moderate,Millennials
29460,8.3,2.1,7.7,1.7,3.9,3.46,High,Millennials
29461,5.3,4.8,6.8,1.4,3.4,2.8,Moderate,Millennials
29462,4.4,1.6,7.3,0.0,5.4,3.34,Moderate,Millennials
29463,4.3,2.2,8.7,0.7,5.7,2.89,High,Millennials
29464,5.5,2.4,6.8,1.6,3.3,3.19,Moderate,Millennials
29465,5.1,3.1,7.7,2.0,2.6,3.48,Moderate,Millennials
29466,4.8,3.0,8.9,0.0,4.3,2.93,Moderate,Millennials
29467,7.2,0.0,6.7,1.9,4.9,3.38,Low,Millennials
29468,5.6,3.4,7.2,3.8,6.4,3.18,Moderate,Millennials
29469,7.8,0.7,7.8,2.4,3.2,3.02,Moderate,Millennials
29470,6.3,4.7,8.9,1.1,3.6,3.2,Low,Millennials
29471,5.4,3.0,8.3,2.9,5.7,3.03,Low,Millennials
29472,4.3,2.5,7.4,3.9,6.1,2.99,High,Millennials
29473,5.5,0.4,8.0,2.6,5.0,3.28,Low,Millennials
29474,4.9,1.9,6.6,1.1,2.4,3.39,Moderate,Millennials
29475,4.8,1.7,7.2,2.3,4.1,2.58,Low,Millennials
29476,7.6,3.8,7.6,1.4,2.7,3.0,Low,Millennials
29477,4.8,2.3,6.3,1.4,4.1,2.59,Moderate,Millennials
29478,3.4,2.4,9.0,2.0,4.6,3.39,Moderate,Millennials
29479,5.2,1.0,8.2,3.2,5.1,2.73,Moderate,Millennials
29480,4.6,2.8,8.3,2.8,7.5,2.95,High,Millennials
29481,3.2,2.7,6.9,2.8,4.0,2.69,Low,Millennials
29482,4.6,3.6,7.6,3.6,2.5,3.44,Moderate,Millennials
29483,7.9,1.3,8.5,1.2,5.1,3.01,Low,Millennials
29484,6.1,1.9,5.2,1.0,4.7,3.09,Low,Millennials
29485,6.5,1.6,5.9,2.5,7.9,3.03,Moderate,Millennials
29486,8.5,1.6,9.1,3.3,4.5,3.14,Low,Millennials
29487,5.7,1.5,8.1,1.9,3.5,3.13,Moderate,Millennials
29488,5.7,2.1,7.8,2.4,0.1,3.58,Low,Millennials
29489,5.8,1.7,7.7,1.6,4.1,3.24,Moderate,Millennials
29490,7.0,0.7,7.9,2.6,3.0,3.01,Moderate,Millennials
29491,7.1,2.1,8.9,0.7,5.7,3.31,Moderate,Millennials
29492,7.6,1.9,6.9,3.0,2.5,2.55,Low,Millennials
29493,4.1,1.4,8.0,2.5,6.1,3.12,Moderate,Millennials
29494,5.3,2.8,7.6,3.3,2.4,2.81,Low,Millennials
29495,5.1,1.3,7.3,4.0,6.6,2.67,Low,Millennials
29496,4.9,3.6,6.6,5.0,2.3,3.22,Moderate,Millennials
29497,8.0,4.2,8.4,1.2,5.6,2.98,Moderate,Millennials
29498,6.8,1.5,6.8,2.3,4.1,3.56,Moderate,Millennials
29499,4.3,0.9,8.0,3.8,4.8,3.29,Moderate,Millennials
29500,5.5,2.3,7.4,2.7,2.9,3.13,Moderate,Millennials
29501,5.9,1.2,9.1,1.7,6.5,2.5,Moderate,Millennials
29502,6.7,2.8,7.6,2.0,6.8,3.04,Low,Millennials
29503,8.5,2.4,7.1,2.1,4.6,3.08,Moderate,Millennials
29504,6.7,2.4,8.5,3.2,2.7,2.78,Moderate,Millennials
29505,5.4,0.6,5.5,1.6,3.6,3.38,Moderate,Millennials
29506,5.5,1.9,8.5,1.0,1.9,3.54,Low,Millennials
29507,6.3,4.0,7.7,1.0,2.5,3.01,High,Millennials
29508,7.9,2.9,7.3,1.8,3.7,3.12,Moderate,Millennials
29509,7.5,2.3,9.4,2.9,4.7,3.02,Moderate,Millennials
29510,8.6,2.4,8.3,3.4,6.9,3.31,Moderate,Millennials
29511,6.3,2.7,8.0,3.7,3.2,3.17,Moderate,Millennials
29512,6.3,3.1,7.1,2.5,4.1,2.97,Moderate,Millennials
29513,4.6,1.3,8.3,4.4,2.8,3.42,Moderate,Millennials
29514,5.5,2.4,8.9,3.5,6.4,3.05,Low,Millennials
29515,6.9,2.3,8.4,2.0,4.7,2.78,Low,Millennials
29516,5.1,3.1,8.2,2.4,5.9,3.14,Moderate,Millennials
29517,5.4,1.4,8.0,2.3,5.4,2.91,Moderate,Millennials
29518,5.3,2.6,7.9,1.9,3.9,3.03,Low,Millennials
29519,5.9,4.4,7.3,2.7,1.8,2.66,Moderate,Millennials
29520,5.8,2.8,7.4,3.7,4.1,3.39,Low,Millennials
29521,6.8,0.8,7.8,4.7,3.5,2.82,Low,Millennials
29522,3.3,4.0,6.8,0.0,8.0,2.9,Moderate,Millennials
29523,6.7,1.1,7.0,2.3,5.2,3.23,High,Millennials
29524,7.2,2.3,6.7,1.1,6.2,2.89,Moderate,Millennials
29525,4.8,2.3,8.4,0.0,4.3,3.08,High,Millennials
29526,5.4,2.2,9.1,2.6,4.0,3.02,Moderate,Millennials
29527,5.5,3.9,8.1,2.1,3.6,2.86,High,Millennials
29528,5.6,0.8,7.9,3.0,5.3,2.59,Moderate,Millennials
29529,7.3,2.1,7.5,1.0,8.0,2.65,Moderate,Millennials
29530,6.8,2.3,7.6,2.7,3.5,2.82,Low,Millennials
29531,5.1,3.6,7.4,4.6,4.3,2.65,Moderate,Millennials
29532,6.3,1.0,6.3,2.4,4.3,2.38,Moderate,Millennials
29533,5.3,2.3,8.0,0.7,6.0,2.9,Low,Millennials
29534,6.8,4.0,8.2,2.0,3.5,3.2,Low,Millennials
29535,7.1,3.8,6.6,1.2,3.4,2.62,Moderate,Millennials
29536,5.2,2.3,8.1,3.5,3.3,2.87,Low,Millennials
29537,3.9,0.7,7.7,0.1,3.6,3.16,Moderate,Millennials
29538,5.5,4.4,8.7,0.6,3.9,2.56,Low,Millennials
29539,3.0,2.0,7.6,2.6,4.2,3.11,Moderate,Millennials
29540,5.5,2.5,8.8,2.4,6.1,3.2,Moderate,Millennials
29541,3.6,1.4,8.0,1.8,6.3,2.44,Moderate,Millennials
29542,5.4,0.1,9.0,0.9,3.0,2.45,High,Millennials
29543,5.3,2.9,5.7,2.9,4.6,2.71,Moderate,Millennials
29544,4.4,1.2,8.0,2.9,5.7,2.93,High,Millennials
29545,5.7,2.9,8.0,1.8,4.0,3.19,Moderate,Millennials
29546,5.9,0.7,7.9,0.0,2.9,2.89,Moderate,Millennials
29547,8.0,1.5,6.4,2.8,4.8,3.24,Low,Millennials
29548,5.9,3.8,7.6,1.4,2.0,3.09,Moderate,Millennials
29549,4.2,0.3,7.2,1.2,6.9,2.95,Low,Millennials
29550,6.9,1.3,7.0,2.4,3.7,3.19,Moderate,Millennials
29551,6.0,0.0,9.3,0.8,3.1,2.78,High,Millennials
29552,5.5,2.6,8.8,4.6,3.2,3.3,Low,Millennials
29553,7.0,1.4,6.0,2.2,4.4,3.01,Moderate,Millennials
29554,7.5,2.2,6.9,1.7,4.6,2.93,Low,Millennials
29555,4.8,0.9,7.2,1.8,4.9,2.79,Moderate,Millennials
29556,6.0,0.2,7.7,3.7,4.1,3.36,High,Millennials
29557,4.9,0.4,8.5,3.2,4.7,3.56,High,Millennials
29558,5.2,2.2,7.4,0.2,2.3,2.85,Moderate,Millennials
29559,8.0,3.2,8.3,1.5,3.1,2.94,Moderate,Millennials
29560,6.9,1.3,6.7,4.8,5.2,2.39,Moderate,Millennials
29561,7.1,1.9,7.7,4.5,3.6,3.24,Low,Millennials
29562,5.2,1.5,7.3,1.8,3.6,3.1,High,Millennials
29563,7.0,1.7,8.1,2.6,5.7,2.91,Moderate,Millennials
29564,7.0,3.4,7.7,1.9,4.6,2.52,Moderate,Millennials
29565,5.0,2.4,8.1,0.0,6.4,3.33,Moderate,Millennials
29566,7.2,3.8,7.2,2.8,6.8,3.55,Moderate,Millennials
29567,6.0,2.3,8.5,2.3,3.1,2.99,High,Millennials
29568,5.3,1.7,8.9,2.5,4.4,3.12,Moderate,Millennials
29569,5.6,3.2,7.4,2.4,3.4,2.36,High,Millennials
29570,6.5,3.0,7.5,1.4,1.2,3.49,Moderate,Millennials
29571,5.5,1.7,6.7,2.8,4.5,3.55,Moderate,Millennials
29572,5.8,3.8,7.1,1.9,4.3,3.25,Low,Millennials
29573,9.3,2.0,6.3,2.5,4.8,3.19,High,Millennials
29574,6.0,2.4,8.5,1.6,4.7,3.46,Moderate,Millennials
29575,7.8,3.7,8.6,1.1,4.9,2.68,Low,Millennials
29576,6.6,3.0,6.8,3.6,7.0,2.74,Moderate,Millennials
29577,7.0,2.7,8.0,1.7,4.1,3.24,Low,Millennials
29578,4.5,1.6,7.6,2.1,5.4,3.2,Moderate,Millennials
29579,6.7,1.2,7.7,1.8,5.8,1.97,High,Millennials
29580,8.8,0.9,7.9,4.3,3.3,3.22,Low,Millennials
29581,4.1,0.8,8.8,3.9,1.8,3.14,Moderate,Millennials
29582,6.1,2.6,9.9,1.1,3.4,2.63,Low,Millennials
29583,7.7,0.6,6.6,1.6,3.0,3.15,High,Millennials
29584,4.6,3.0,8.9,1.7,3.2,3.07,Low,Millennials
29585,5.2,2.1,8.4,2.6,4.0,3.62,High,Millennials
29586,6.1,2.1,7.2,1.3,6.5,2.54,High,Millennials
29587,6.2,2.3,9.2,2.0,5.4,3.6,Moderate,Millennials
29588,5.8,3.6,7.5,2.6,5.0,3.1,High,Millennials
29589,6.3,1.3,9.3,1.3,4.6,2.84,Moderate,Millennials
29590,6.5,0.0,7.8,2.2,4.4,2.8,Moderate,Millennials
29591,5.6,1.7,6.3,1.8,7.7,2.72,Low,Millennials
29592,5.6,3.9,9.1,3.7,6.3,2.9,High,Millennials
29593,3.7,2.2,8.4,1.4,5.5,3.04,Low,Millennials
29594,9.5,0.5,8.3,3.7,5.4,2.76,Moderate,Millennials
29595,6.3,2.4,8.6,0.7,5.5,3.04,Moderate,Millennials
29596,3.5,3.8,8.5,1.3,3.9,2.91,Low,Millennials
29597,4.5,3.0,8.5,2.0,4.0,3.03,Moderate,Millennials
29598,6.3,1.8,6.9,2.1,1.9,2.98,Low,Millennials
29599,7.9,3.5,9.4,0.0,5.1,3.11,Moderate,Millennials
29600,4.1,3.4,7.7,1.8,5.9,2.92,Moderate,Millennials
29601,6.1,1.2,7.3,0.5,3.9,2.78,Moderate,Millennials
29602,5.6,1.3,7.9,1.3,2.5,2.86,Low,Millennials
29603,7.0,3.4,7.7,2.4,3.6,3.14,Moderate,Millennials
29604,4.8,2.5,9.1,3.6,6.8,2.8,Low,Millennials
29605,6.9,3.5,8.0,2.2,5.3,3.04,Moderate,Millennials
29606,6.8,2.0,9.0,3.6,3.3,2.51,Moderate,Millennials
29607,6.0,0.6,8.4,1.3,4.4,3.6,Low,Millennials
29608,5.2,1.8,7.6,4.9,3.0,3.42,Moderate,Millennials
29609,7.1,2.2,7.0,2.1,4.3,2.83,Low,Millennials
29610,6.5,3.3,7.2,1.8,3.9,2.62,Low,Millennials
29611,2.4,3.4,8.3,1.7,1.1,3.02,Low,Millennials
29612,6.2,4.8,8.8,1.1,4.0,2.9,Moderate,Millennials
29613,6.6,1.2,8.7,4.0,4.4,2.9,Moderate,Millennials
29614,7.4,4.0,9.2,1.1,0.8,2.81,Low,Millennials
29615,5.0,1.6,8.7,2.4,2.5,3.06,Moderate,Millennials
29616,6.0,2.4,9.5,1.8,6.4,2.81,High,Millennials
29617,6.4,2.1,8.4,1.2,5.0,2.88,Moderate,Millennials
29618,6.0,1.8,6.8,2.7,5.8,2.8,Low,Millennials
29619,4.5,2.2,9.1,2.4,5.2,3.4,Low,Millennials
29620,6.4,1.6,6.7,2.8,2.5,3.08,Low,Millennials
29621,6.4,2.2,7.3,0.0,4.7,3.04,Low,Millennials
29622,7.3,2.2,7.2,0.7,4.7,2.87,Low,Millennials
29623,4.5,2.7,8.9,3.6,4.9,3.55,Low,Millennials
29624,5.8,2.6,7.2,0.7,3.8,2.69,Moderate,Millennials
29625,5.2,1.4,6.3,0.9,3.3,2.87,Low,Millennials
29626,5.1,2.5,8.0,1.3,2.3,2.91,Moderate,Millennials
29627,4.6,0.5,7.8,2.4,4.7,3.48,Low,Millennials
29628,4.7,1.3,8.4,2.8,4.6,2.54,Moderate,Millennials
29629,6.4,1.7,8.9,2.0,5.3,3.2,Moderate,Millennials
29630,8.4,3.0,10.0,1.2,6.0,2.8,Moderate,Millennials
29631,6.8,2.3,8.7,1.2,4.0,3.53,Moderate,Millennials
29632,5.6,3.0,6.9,1.4,7.6,3.21,Moderate,Millennials
29633,7.5,2.4,8.4,1.2,3.2,3.46,Low,Millennials
29634,6.5,2.7,7.7,3.7,4.6,3.26,Low,Millennials
29635,8.5,1.8,7.1,2.2,3.9,3.08,Moderate,Millennials
29636,4.9,2.5,8.1,1.1,5.3,2.72,High,Millennials
29637,6.0,2.1,8.0,3.8,3.2,3.17,Moderate,Millennials
29638,5.7,1.6,8.4,1.6,4.5,2.95,Moderate,Millennials
29639,6.1,2.5,6.7,3.3,3.5,2.94,Moderate,Millennials
29640,4.5,2.5,8.4,3.2,3.5,3.0,Moderate,Millennials
29641,6.3,3.0,7.8,0.8,2.6,2.91,Low,Millennials
29642,5.8,5.7,7.4,1.3,2.6,3.46,Moderate,Millennials
29643,6.7,3.7,7.1,2.6,5.8,3.35,High,Millennials
29644,5.7,2.0,7.2,0.9,6.4,3.33,Low,Millennials
29645,3.0,2.2,7.8,0.3,2.4,2.97,Moderate,Millennials
29646,4.8,4.0,9.0,3.5,4.1,3.03,Moderate,Millennials
29647,6.7,1.7,8.1,3.6,8.0,3.33,Moderate,Millennials
29648,5.5,2.2,6.6,2.4,3.3,2.98,Moderate,Millennials
29649,4.7,0.0,8.0,4.9,4.0,3.26,Moderate,Millennials
29650,5.4,3.8,8.2,2.2,4.0,2.99,Moderate,Millennials
29651,6.4,2.6,7.8,1.4,6.2,3.56,High,Millennials
29652,7.2,0.5,7.3,2.9,4.0,2.56,Low,Millennials
29653,6.8,3.1,8.4,1.3,5.3,2.82,Moderate,Millennials
29654,5.4,3.0,7.6,2.3,6.9,2.66,Low,Millennials
29655,5.3,0.2,7.7,2.7,1.8,2.85,Low,Millennials
29656,6.3,4.1,7.2,3.4,5.8,2.92,Moderate,Millennials
29657,7.8,2.0,7.6,0.8,4.3,3.13,High,Millennials
29658,5.9,1.4,10.0,0.2,6.8,2.42,Low,Millennials
29659,5.8,2.3,7.7,3.3,5.9,2.75,Low,Millennials
29660,6.9,1.9,8.1,0.1,4.2,2.83,Low,Millennials
29661,4.6,0.9,6.5,2.6,2.8,2.7,Moderate,Millennials
29662,5.1,5.1,6.0,2.5,6.2,3.32,Moderate,Millennials
29663,6.2,1.0,9.2,3.7,4.9,3.24,Low,Millennials
29664,6.1,3.6,9.2,2.0,2.9,3.16,Low,Millennials
29665,5.0,1.7,7.1,3.8,4.1,3.27,Moderate,Millennials
29666,7.0,2.9,8.6,3.8,4.3,2.96,Moderate,Millennials
29667,7.2,1.7,8.9,2.0,3.3,3.17,Moderate,Millennials
29668,6.1,2.2,7.4,3.0,1.9,3.38,Moderate,Millennials
29669,7.8,4.1,8.0,1.6,3.1,3.01,Low,Millennials
29670,6.6,3.7,7.6,2.0,4.2,3.27,Moderate,Millennials
29671,4.7,2.5,7.6,3.7,6.6,2.8,Low,Millennials
29672,7.0,2.7,7.1,3.4,4.5,2.92,Moderate,Millennials
29673,7.6,1.5,8.1,3.1,5.1,2.62,Moderate,Millennials
29674,6.4,1.2,9.3,1.6,6.3,3.13,Low,Millennials
29675,5.2,1.9,7.2,2.2,2.6,2.51,Low,Millennials
29676,7.2,2.7,8.8,3.7,3.1,3.07,Low,Millennials
29677,5.8,1.5,7.9,0.8,5.0,2.81,Moderate,Millennials
29678,5.1,1.6,7.9,1.0,6.2,3.19,High,Millennials
29679,6.2,4.6,5.6,1.4,3.7,2.95,Moderate,Millennials
29680,5.4,0.9,8.5,3.0,5.0,2.27,Moderate,Millennials
29681,4.3,1.8,8.0,2.2,5.1,3.59,Moderate,Millennials
29682,5.8,2.9,8.1,1.8,5.2,2.74,Moderate,Millennials
29683,4.7,2.5,6.1,1.0,3.6,2.73,High,Millennials
29684,5.3,2.5,6.5,1.6,7.0,3.37,Moderate,Millennials
29685,5.1,4.2,8.7,1.9,7.8,2.98,Moderate,Millennials
29686,4.5,1.0,7.3,0.7,5.5,2.47,Low,Millennials
29687,5.7,3.3,7.9,1.3,7.0,3.01,Low,Millennials
29688,5.7,2.1,7.1,1.5,2.0,3.4,Moderate,Millennials
29689,4.1,3.1,7.6,1.4,5.6,2.71,Moderate,Millennials
29690,4.1,4.5,8.4,2.2,3.1,3.32,High,Millennials
29691,5.3,1.2,8.0,2.8,8.0,3.33,High,Millennials
29692,7.3,2.3,7.7,2.3,4.4,3.05,Moderate,Millennials
29693,3.0,2.9,8.7,1.4,4.5,2.72,High,Millennials
29694,8.3,2.9,8.0,0.0,3.5,2.56,Low,Millennials
29695,5.0,1.7,9.0,1.2,3.7,2.02,Low,Millennials
29696,7.3,1.9,8.2,4.3,3.9,3.4,High,Millennials
29697,4.1,0.9,8.6,2.8,3.7,2.53,Moderate,Millennials
29698,4.0,1.8,6.8,2.1,5.0,3.25,High,Millennials
29699,3.8,1.4,7.4,2.3,7.5,2.88,Low,Millennials
29700,5.1,4.1,8.2,1.4,2.8,3.38,Moderate,Millennials
29701,5.2,3.1,7.0,3.9,2.5,2.83,High,Millennials
29702,5.4,3.1,6.5,2.6,2.9,2.82,Low,Millennials
29703,6.1,3.0,6.5,1.1,5.1,3.23,Moderate,Millennials
29704,5.0,1.9,8.5,2.1,4.0,2.9,High,Millennials
29705,2.4,3.3,7.5,1.6,1.8,2.8,Moderate,Millennials
29706,7.1,1.4,8.6,3.5,5.0,3.06,Low,Millennials
29707,4.8,2.9,8.1,2.6,2.0,3.19,High,Millennials
29708,3.2,3.4,8.2,1.5,4.5,2.67,High,Millennials
29709,6.8,2.6,7.3,2.8,5.8,2.39,Low,Millennials
29710,6.8,2.2,8.2,2.9,4.4,3.26,Low,Millennials
29711,6.5,4.1,7.4,2.8,3.5,2.65,Moderate,Millennials
29712,6.3,1.5,6.8,2.7,2.6,2.77,Moderate,Millennials
29713,2.5,2.5,6.2,3.7,1.7,3.51,Moderate,Millennials
29714,3.3,2.7,9.2,0.0,2.3,3.1,Moderate,Millennials
29715,6.9,2.3,6.3,2.7,6.8,3.06,High,Millennials
29716,5.6,0.0,9.9,0.9,5.4,2.48,High,Millennials
29717,4.2,4.1,7.2,2.2,3.1,2.18,Moderate,Millennials
29718,2.8,2.6,9.8,2.2,4.2,2.72,Low,Millennials
29719,5.0,1.9,8.3,1.0,5.2,3.1,Moderate,Millennials
29720,5.2,1.7,9.6,1.9,2.0,2.88,Low,Millennials
29721,6.6,1.0,10.0,2.7,3.9,3.73,High,Millennials
29722,5.3,3.4,7.0,3.7,3.8,2.89,Low,Millennials
29723,6.0,1.8,7.1,5.1,5.5,2.83,Low,Millennials
29724,6.1,2.8,8.8,0.3,5.0,3.34,Moderate,Millennials
29725,4.9,3.6,8.2,2.7,4.5,2.62,Moderate,Millennials
29726,6.7,0.7,9.1,1.2,5.4,3.02,Moderate,Millennials
29727,8.4,1.0,8.2,0.1,3.5,2.7,Low,Millennials
29728,4.7,0.4,5.3,3.6,5.6,3.14,High,Millennials
29729,6.9,1.3,9.7,1.3,4.1,3.56,High,Millennials
29730,7.8,2.5,6.4,1.2,4.5,3.04,Moderate,Millennials
29731,6.0,1.9,8.4,1.8,4.2,3.21,Low,Millennials
29732,6.3,1.9,8.7,1.0,3.3,3.41,High,Millennials
29733,5.9,1.7,6.2,2.4,4.3,2.72,Low,Millennials
29734,5.9,3.0,10.0,1.3,5.1,2.6,Moderate,Millennials
29735,5.4,1.8,8.3,2.8,5.6,2.9,Low,Millennials
29736,6.9,2.4,8.5,3.1,3.9,2.76,High,Millennials
29737,5.4,2.4,7.7,1.6,5.5,3.33,Low,Millennials
29738,5.0,0.0,9.2,1.0,5.5,2.6,Moderate,Millennials
29739,3.9,1.0,7.5,1.6,3.8,2.81,High,Millennials
29740,5.4,1.3,8.6,1.5,5.5,3.26,High,Millennials
29741,3.6,2.4,8.4,1.0,5.2,2.71,High,Millennials
29742,7.4,1.5,5.8,0.9,4.4,3.12,High,Millennials
29743,3.5,2.5,7.8,2.7,7.7,3.06,Low,Millennials
29744,5.2,1.2,8.3,0.2,4.0,3.19,Low,Millennials
29745,4.9,2.7,7.8,2.0,5.4,3.14,Moderate,Millennials
29746,6.3,4.4,8.5,2.3,1.8,3.09,Moderate,Millennials
29747,3.4,2.7,7.5,2.7,8.0,3.31,Moderate,Millennials
29748,6.6,3.4,10.0,2.7,3.7,3.27,Low,Millennials
29749,7.3,3.2,7.5,3.1,5.6,2.77,Low,Millennials
29750,5.9,0.8,7.3,1.7,6.4,2.88,Low,Millennials
29751,3.9,0.6,5.9,2.6,5.2,2.94,Moderate,Millennials
29752,4.5,2.7,6.6,0.0,3.5,2.94,Low,Millennials
29753,5.3,2.8,7.7,0.6,4.2,3.25,Low,Millennials
29754,6.3,1.8,6.1,1.3,2.7,3.16,Low,Millennials
29755,4.7,2.0,7.5,1.9,3.4,3.29,Moderate,Millennials
29756,5.6,2.0,9.1,1.6,4.7,3.01,Low,Millennials
29757,6.2,0.0,6.8,2.8,4.7,2.71,Moderate,Millennials
29758,4.9,2.0,7.8,1.9,1.8,3.24,Low,Millennials
29759,7.3,2.0,8.6,1.0,5.2,3.43,Low,Millennials
29760,7.5,2.3,6.2,2.9,4.3,2.68,Low,Millennials
29761,7.0,2.8,7.2,1.6,4.3,3.1,Low,Millennials
29762,6.0,0.9,9.2,1.0,4.5,3.3,Moderate,Millennials
29763,5.6,2.9,6.4,0.5,2.2,3.46,High,Millennials
29764,4.8,2.9,6.7,1.5,4.8,2.7,Moderate,Millennials
29765,8.6,0.7,8.4,1.4,3.8,3.37,Low,Millennials
29766,4.5,1.1,7.9,3.8,5.2,3.14,Low,Millennials
29767,6.2,4.1,7.9,4.0,2.8,3.12,Moderate,Millennials
29768,7.9,3.0,7.1,2.8,5.1,3.22,Moderate,Millennials
29769,5.1,3.0,6.5,2.2,0.0,2.56,Low,Millennials
29770,6.7,2.3,7.8,1.9,5.0,2.7,Low,Millennials
29771,7.5,2.7,8.3,0.0,6.8,3.08,Moderate,Millennials
29772,4.6,3.9,8.9,1.9,6.2,2.71,Moderate,Millennials
29773,6.0,3.8,7.3,1.5,3.7,2.9,Moderate,Millennials
29774,6.1,3.6,7.2,2.0,4.6,3.38,Low,Millennials
29775,5.2,0.7,7.3,1.0,3.8,2.39,High,Millennials
29776,6.5,2.5,7.7,1.5,3.2,2.77,Low,Millennials
29777,7.5,4.2,7.2,0.1,3.8,2.55,Low,Millennials
29778,5.8,2.6,8.1,2.0,6.5,2.95,High,Millennials
29779,5.6,3.2,7.9,3.9,4.6,2.91,Low,Millennials
29780,6.3,2.2,8.3,4.1,2.6,2.95,High,Millennials
29781,4.0,3.9,6.5,2.9,4.1,3.12,Low,Millennials
29782,6.3,3.1,9.1,3.0,4.6,3.72,Moderate,Millennials
29783,2.6,2.9,7.5,4.0,5.1,3.04,Moderate,Millennials
29784,6.6,2.5,7.3,0.8,5.0,2.68,Low,Millennials
29785,5.4,3.6,9.2,2.0,4.1,3.1,Low,Millennials
29786,7.9,0.6,6.5,3.3,4.0,3.2,Low,Millennials
29787,5.9,1.7,7.8,2.6,3.0,3.3,High,Millennials
29788,6.1,1.0,8.8,1.6,2.2,3.0,Low,Millennials
29789,7.0,2.5,7.6,3.7,5.6,2.32,Moderate,Millennials
29790,7.7,3.3,9.7,0.0,3.8,2.91,Low,Millennials
29791,5.0,1.7,6.9,0.0,3.9,3.12,Moderate,Millennials
29792,4.5,2.9,7.1,0.8,2.3,3.63,High,Millennials
29793,8.8,2.6,8.9,3.6,4.8,2.48,Moderate,Millennials
29794,4.3,1.7,9.5,3.3,5.3,3.1,Moderate,Millennials
29795,6.6,3.2,8.5,2.5,3.7,3.0,High,Millennials
29796,6.9,1.1,8.6,2.3,6.3,3.22,Moderate,Millennials
29797,5.6,2.6,6.4,2.0,6.0,3.21,Moderate,Millennials
29798,5.6,3.5,6.2,0.7,6.1,3.08,High,Millennials
29799,6.2,3.2,7.4,0.4,4.8,3.25,Moderate,Millennials
29800,5.2,3.0,10.0,1.5,5.2,3.03,Low,Millennials
29801,5.5,2.1,8.5,2.7,2.3,3.18,Low,Millennials
29802,4.3,2.0,7.4,1.8,5.2,2.77,Low,Millennials
29803,6.2,1.4,7.3,2.9,4.3,2.66,Moderate,Millennials
29804,6.4,1.9,6.3,0.9,3.7,3.18,Moderate,Millennials
29805,7.5,2.7,8.1,2.1,6.2,2.62,High,Millennials
29806,4.2,3.1,6.2,1.9,5.5,2.8,Moderate,Millennials
29807,5.9,1.5,6.8,2.1,4.9,3.0,High,Millennials
29808,6.4,3.0,7.3,3.4,7.0,3.1,Moderate,Millennials
29809,5.3,0.6,7.4,1.8,2.6,3.03,Moderate,Millennials
29810,5.4,0.5,8.3,3.0,5.0,3.31,Moderate,Millennials
29811,5.2,3.5,7.8,2.3,2.9,3.12,Moderate,Millennials
29812,7.3,2.6,7.6,2.6,3.4,3.55,Low,Millennials
29813,3.8,3.0,8.8,2.7,5.8,2.69,Moderate,Millennials
29814,4.6,2.9,7.0,1.1,2.2,2.86,Moderate,Millennials
29815,7.3,0.3,8.9,2.8,3.3,2.65,High,Millennials
29816,4.8,1.7,9.7,0.4,4.7,3.51,Moderate,Millennials
29817,4.8,2.2,7.5,2.2,4.2,3.15,Moderate,Millennials
29818,10.0,0.7,7.7,2.0,3.0,2.9,Moderate,Millennials
29819,8.1,4.7,10.0,2.3,5.9,3.01,Low,Millennials
29820,6.8,1.5,6.3,1.9,3.6,3.43,Moderate,Millennials
29821,6.0,1.4,9.4,3.2,4.6,3.52,Moderate,Millennials
29822,5.1,3.3,9.6,1.9,3.1,2.97,Low,Millennials
29823,5.7,2.7,8.8,2.4,6.8,3.12,High,Millennials
29824,6.1,2.3,6.0,1.3,3.3,2.69,Low,Millennials
29825,5.1,2.4,8.9,3.7,4.1,3.08,Low,Millennials
29826,5.1,2.5,7.7,2.9,1.5,2.84,Low,Millennials
29827,5.3,1.8,7.5,1.9,4.9,3.48,Low,Millennials
29828,7.2,2.2,7.7,2.7,4.3,2.84,High,Millennials
29829,4.5,3.5,8.3,1.8,4.1,2.92,Moderate,Millennials
29830,5.7,1.4,8.1,1.4,5.2,2.58,Moderate,Millennials
29831,6.3,0.0,8.2,2.1,4.2,2.83,Moderate,Millennials
29832,4.3,2.5,7.7,1.0,2.3,3.02,Low,Millennials
29833,5.6,3.0,7.8,0.7,5.2,2.86,High,Millennials
29834,7.2,3.4,9.5,0.7,4.1,2.64,Moderate,Millennials
29835,4.8,2.4,9.0,4.2,5.0,3.5,High,Millennials
29836,4.6,1.4,7.6,2.4,4.6,3.23,Low,Millennials
29837,6.1,1.7,8.1,0.1,7.0,2.89,Moderate,Millennials
29838,6.8,2.9,8.9,1.7,1.7,2.81,High,Millennials
29839,5.3,3.1,6.8,4.3,4.6,3.14,Moderate,Millennials
29840,4.4,1.9,8.7,2.7,4.1,3.12,Low,Millennials
29841,6.9,2.2,9.2,3.7,6.8,3.3,Low,Millennials
29842,6.9,1.3,9.4,1.3,4.8,2.43,High,Millennials
29843,6.9,2.9,8.4,4.7,4.5,2.59,High,Millennials
29844,7.0,1.3,7.4,2.8,4.6,2.8,Low,Millennials
29845,3.3,2.9,7.7,2.1,4.9,3.46,High,Millennials
29846,6.3,2.1,8.3,0.7,2.8,2.97,Low,Millennials
29847,5.6,2.6,6.3,3.7,3.3,2.81,Moderate,Millennials
29848,6.3,0.7,7.0,1.9,4.3,2.64,High,Millennials
29849,6.0,0.0,8.2,2.7,4.4,3.15,High,Millennials
29850,7.8,4.6,7.5,1.4,5.9,2.67,Moderate,Millennials
29851,4.7,1.7,7.9,1.3,3.4,2.32,Low,Millennials
29852,6.7,1.2,9.2,3.9,2.2,2.96,Low,Millennials
29853,7.1,2.3,9.3,2.1,5.9,2.92,Moderate,Millennials
29854,5.8,1.8,7.2,2.4,5.7,3.09,High,Millennials
29855,5.2,3.4,7.1,1.4,3.4,2.61,Low,Millennials
29856,6.1,3.5,8.3,1.3,6.4,3.0,Low,Millennials
29857,4.3,1.4,9.1,3.0,5.0,3.06,Moderate,Millennials
29858,4.7,2.6,7.0,3.5,3.9,3.07,Moderate,Millennials
29859,4.0,2.3,7.7,0.5,5.8,3.46,Moderate,Millennials
29860,7.1,3.5,8.9,2.9,4.7,2.79,Low,Millennials
29861,5.9,1.7,7.8,0.0,5.5,3.13,Moderate,Millennials
29862,5.0,2.9,8.0,1.6,4.6,2.96,Low,Millennials
29863,7.8,3.9,8.8,2.3,4.4,3.14,High,Millennials
29864,7.9,1.5,8.3,2.3,3.7,2.92,Moderate,Millennials
29865,5.5,0.0,7.9,4.6,4.9,2.95,Moderate,Millennials
29866,4.6,1.8,8.0,3.9,3.2,2.95,Moderate,Millennials
29867,5.8,0.6,8.5,1.7,4.6,2.9,Moderate,Millennials
29868,7.2,2.0,7.1,3.5,4.7,3.11,Moderate,Millennials
29869,4.8,2.8,7.6,0.9,5.1,2.64,Moderate,Millennials
29870,4.9,0.1,6.4,0.5,4.8,2.56,Low,Millennials
29871,6.3,1.6,8.6,0.0,3.9,2.9,Moderate,Millennials
29872,5.0,1.9,8.9,4.1,3.9,3.29,High,Millennials
29873,6.7,3.6,7.0,2.0,4.9,2.91,Low,Millennials
29874,6.4,0.5,9.0,1.6,5.3,3.07,Low,Millennials
29875,7.3,1.4,7.3,2.9,5.2,3.26,Moderate,Millennials
29876,2.6,4.0,8.4,1.8,2.7,2.83,Moderate,Millennials
29877,6.1,3.4,6.8,2.3,3.2,3.15,Low,Millennials
29878,7.7,3.2,8.5,2.4,3.9,3.02,Moderate,Millennials
29879,6.7,3.9,7.6,2.6,8.0,2.84,Moderate,Millennials
29880,6.5,3.7,8.2,1.8,7.3,2.43,Moderate,Millennials
29881,5.6,1.2,6.0,0.3,6.4,3.26,Moderate,Millennials
29882,5.3,0.3,6.4,4.6,7.3,2.71,Moderate,Millennials
29883,4.8,2.3,9.0,1.3,2.7,3.78,Moderate,Millennials
29884,5.3,2.1,7.7,0.8,5.1,2.74,Moderate,Millennials
29885,5.0,2.9,8.7,1.7,5.9,2.5,Low,Millennials
29886,6.3,2.3,7.6,0.0,7.7,3.37,Moderate,Millennials
29887,7.3,4.1,9.0,1.6,5.0,3.13,Moderate,Millennials
29888,7.1,3.0,7.8,1.4,4.4,3.36,Moderate,Millennials
29889,6.0,1.5,7.5,2.6,4.1,2.98,Low,Millennials
29890,5.4,2.5,7.7,2.4,3.8,3.24,Low,Millennials
29891,6.6,1.3,7.2,3.7,4.1,2.84,Moderate,Millennials
29892,6.1,1.8,7.2,2.1,7.8,2.98,Moderate,Millennials
29893,5.3,1.4,8.0,0.7,3.7,3.08,Moderate,Millennials
29894,6.9,1.2,8.7,3.5,3.3,3.22,Moderate,Millennials
29895,4.9,2.1,6.0,2.2,3.4,3.19,Moderate,Millennials
29896,4.7,2.7,6.4,2.4,2.5,2.74,Low,Millennials
29897,3.1,2.2,8.5,0.0,5.6,2.73,Low,Millennials
29898,4.9,2.3,7.8,2.1,4.1,3.12,Low,Millennials
29899,4.0,3.6,7.0,0.9,4.5,2.84,Moderate,Millennials
29900,7.0,1.7,7.9,1.5,3.3,2.68,Low,Millennials
29901,6.1,2.5,8.3,3.3,5.9,2.41,Low,Millennials
29902,7.1,0.3,7.0,2.7,3.6,2.86,Low,Millennials
29903,8.4,2.3,9.7,3.2,3.4,2.56,Low,Millennials
29904,3.8,4.5,7.2,1.0,3.1,3.43,Moderate,Millennials
29905,4.9,1.4,8.1,0.9,2.2,2.86,Moderate,Millennials
29906,6.6,0.8,6.2,3.5,5.0,3.26,Low,Millennials
29907,5.1,2.0,8.3,2.3,4.5,3.14,Moderate,Millennials
29908,6.2,2.1,8.9,0.1,4.6,2.84,Moderate,Millennials
29909,5.2,1.5,8.2,1.8,4.8,2.98,Moderate,Millennials
29910,5.0,3.2,7.6,1.9,6.5,2.75,High,Millennials
29911,4.2,1.7,8.2,2.5,2.8,3.41,Low,Millennials
29912,3.4,0.9,7.9,2.1,3.7,2.14,Moderate,Millennials
29913,4.3,0.5,9.5,2.4,3.3,2.83,Low,Millennials
29914,2.2,3.2,9.1,0.6,3.7,3.13,Low,Millennials
29915,5.8,3.8,7.1,2.9,3.9,3.55,Moderate,Millennials
29916,5.5,1.2,7.5,1.6,6.2,3.78,Moderate,Millennials
29917,5.9,2.9,6.6,2.2,3.0,3.09,Moderate,Millennials
29918,5.6,2.7,6.4,1.7,5.4,2.98,Low,Millennials
29919,4.6,2.7,8.5,1.6,5.2,2.52,Low,Millennials
29920,6.6,1.9,6.4,1.4,3.1,2.98,Moderate,Millennials
29921,5.3,2.3,9.6,0.0,4.4,3.07,Moderate,Millennials
29922,6.4,3.5,6.3,2.0,3.1,2.5,Moderate,Millennials
29923,5.5,0.8,6.8,2.4,2.3,3.11,Low,Millennials
29924,6.4,0.0,7.4,2.0,5.6,3.36,Low,Millennials
29925,6.4,2.9,6.2,2.8,4.1,2.95,Moderate,Millennials
29926,6.0,3.3,6.7,3.2,2.1,3.04,Low,Millennials
29927,9.5,2.1,8.1,3.6,4.6,3.32,High,Millennials
29928,5.6,3.5,7.9,0.1,6.1,2.99,High,Millennials
29929,6.3,2.0,5.9,2.1,6.4,3.03,Low,Millennials
29930,5.5,3.1,7.1,4.0,5.9,3.16,Low,Millennials
29931,5.6,3.1,7.3,0.2,3.9,3.31,Moderate,Millennials
29932,5.7,3.0,6.6,0.8,5.8,3.08,High,Millennials
29933,5.0,3.4,8.2,2.6,5.8,2.78,Moderate,Millennials
29934,6.3,3.6,8.6,1.8,6.2,3.37,High,Millennials
29935,6.7,2.5,8.2,1.9,3.8,3.12,High,Millennials
29936,7.4,4.0,7.6,3.7,3.9,2.79,High,Millennials
29937,6.9,1.1,6.8,1.5,5.6,3.33,High,Millennials
29938,4.7,0.9,8.1,2.0,5.1,3.49,Moderate,Millennials
29939,5.9,3.2,8.1,0.0,5.4,3.34,Moderate,Millennials
29940,4.8,4.0,8.3,2.3,3.4,3.21,Low,Millennials
29941,4.2,3.0,7.4,1.4,4.9,3.4,Low,Millennials
29942,8.0,1.3,7.6,1.9,5.5,3.6,High,Millennials
29943,7.4,2.2,8.0,2.5,3.8,3.85,Moderate,Millennials
29944,6.5,2.2,7.7,3.1,5.2,3.17,Moderate,Millennials
29945,6.8,0.4,7.1,1.1,2.1,2.62,High,Millennials
29946,6.1,1.1,6.2,0.0,5.3,2.87,Moderate,Millennials
29947,6.5,2.1,7.9,3.2,3.4,3.64,Moderate,Millennials
29948,3.6,3.3,7.6,2.2,1.8,2.83,Moderate,Millennials
29949,4.1,2.2,8.7,1.8,4.3,2.66,Moderate,Millennials
29950,6.2,1.3,7.8,3.6,3.0,2.87,Moderate,Millennials
29951,5.0,0.7,7.2,1.9,5.9,3.23,Low,Millennials
29952,7.1,1.6,8.1,5.8,1.5,2.73,High,Millennials
29953,6.1,2.4,7.8,1.8,4.3,3.11,Low,Millennials
29954,5.1,1.4,9.5,3.5,5.5,2.86,Moderate,Millennials
29955,7.5,2.8,7.2,2.2,5.1,2.62,Low,Millennials
29956,5.4,0.7,6.8,1.6,5.7,3.18,Moderate,Millennials
29957,5.1,0.6,8.3,3.3,3.7,3.41,High,Millennials
29958,7.8,2.6,6.8,2.2,5.6,2.39,Moderate,Millennials
29959,7.4,1.9,7.1,2.5,3.9,3.6,High,Millennials
29960,6.7,1.5,7.4,2.1,7.3,2.69,Low,Millennials
29961,6.3,2.3,8.2,2.8,4.7,2.78,Moderate,Millennials
29962,8.2,1.2,7.6,3.2,5.1,3.49,Moderate,Millennials
29963,5.6,2.7,7.9,2.7,3.8,2.79,Moderate,Millennials
29964,5.8,2.8,8.2,2.1,4.3,3.46,Moderate,Millennials
29965,5.6,1.8,7.0,2.0,5.2,3.5,High,Millennials
29966,6.1,1.0,9.7,3.1,5.7,3.08,Low,Millennials
29967,5.1,1.6,7.1,3.6,5.4,3.42,Moderate,Millennials
29968,3.5,0.6,7.6,0.0,3.5,2.97,Low,Millennials
29969,6.8,2.1,7.4,2.0,2.7,3.09,Low,Millennials
29970,6.6,2.0,6.4,1.2,3.9,3.15,Low,Millennials
29971,6.1,0.9,7.9,1.5,4.6,3.38,Low,Millennials
29972,4.0,0.0,8.4,0.8,3.9,2.75,Moderate,Millennials
29973,5.9,0.0,8.3,1.4,4.4,3.14,Low,Millennials
29974,6.8,1.8,7.2,1.7,3.8,3.07,Moderate,Millennials
29975,5.3,5.4,7.4,3.4,2.2,3.0,Low,Millennials
29976,6.4,2.2,6.7,2.2,4.2,2.75,High,Millennials
29977,3.7,1.3,8.5,2.2,4.0,2.71,Moderate,Millennials
29978,8.1,2.5,9.0,3.4,5.0,2.8,Low,Millennials
29979,5.1,4.2,6.7,2.0,4.0,2.83,Low,Millennials
29980,7.0,0.8,7.4,4.0,4.1,2.77,Low,Millennials
29981,7.9,3.0,6.4,2.6,4.6,2.98,Moderate,Millennials
29982,5.5,2.4,9.0,1.8,4.1,3.55,Low,Millennials
29983,6.5,2.5,7.0,1.0,6.0,2.97,Moderate,Millennials
29984,6.8,2.4,7.8,3.1,3.8,3.45,Moderate,Millennials
29985,5.6,3.3,6.7,2.9,4.8,3.08,Moderate,Millennials
29986,5.0,0.7,7.2,1.8,3.7,2.98,Moderate,Millennials
29987,8.0,3.1,9.8,0.6,1.9,2.76,Moderate,Millennials
29988,5.2,0.8,8.7,1.4,7.5,2.92,Moderate,Millennials
29989,6.4,1.7,9.2,0.5,5.8,3.45,Moderate,Millennials
29990,7.3,2.3,7.5,1.5,3.6,3.16,High,Millennials
29991,5.2,2.4,8.5,0.6,4.3,3.12,Low,Millennials
29992,7.8,2.3,5.9,2.4,6.1,2.61,Moderate,Millennials
29993,5.3,2.1,6.8,2.5,5.8,2.82,High,Millennials
29994,6.4,3.9,8.1,1.4,4.4,2.97,Moderate,Millennials
29995,7.0,3.1,7.4,2.6,2.2,2.99,Moderate,Millennials
29996,6.6,3.7,7.4,2.4,4.6,2.94,Low,Millennials
29997,3.6,2.1,8.7,1.7,6.0,3.01,Moderate,Millennials
29998,7.7,3.4,8.0,1.1,6.2,3.28,Low,Millennials
29999,4.7,4.1,7.0,0.5,3.9,2.66,Low,Millennials
30000,5.8,3.0,5.9,2.1,3.3,3.22,Moderate,Millennials
30001,6.5,2.6,6.8,1.3,3.9,2.86,Moderate,Millennials
30002,8.2,0.7,8.6,2.4,6.1,3.22,Moderate,Millennials
30003,6.3,2.2,8.1,2.0,4.2,3.0,Low,Millennials
30004,6.7,0.0,7.9,1.7,4.2,3.19,Moderate,Millennials
30005,7.1,3.3,6.1,1.1,4.4,3.41,Moderate,Millennials
30006,7.1,0.5,8.2,4.5,7.0,3.29,Low,Millennials
30007,4.7,1.5,7.7,2.5,1.8,2.81,Moderate,Millennials
30008,6.6,2.3,6.6,1.3,4.4,3.11,Moderate,Millennials
30009,6.5,4.4,7.5,2.4,3.8,2.85,Moderate,Millennials
30010,5.1,0.5,7.5,3.5,5.4,3.09,Moderate,Millennials
30011,6.9,3.6,8.4,3.2,3.2,2.97,Moderate,Millennials
30012,7.7,2.9,8.5,2.7,3.9,3.07,Moderate,Millennials
30013,3.7,2.9,8.4,3.1,3.9,2.66,Low,Millennials
30014,5.2,0.4,6.7,2.7,4.1,3.32,Moderate,Millennials
30015,6.5,1.7,9.4,2.8,4.6,2.76,Moderate,Millennials
30016,5.7,2.6,7.3,1.6,2.1,2.91,Low,Millennials
30017,2.9,2.7,10.0,0.2,2.4,3.21,Moderate,Millennials
30018,5.7,2.5,7.8,2.3,4.9,3.13,Moderate,Millennials
30019,5.1,2.7,8.8,2.3,4.8,3.09,Moderate,Millennials
30020,4.6,1.2,7.3,3.7,5.4,2.47,High,Millennials
30021,7.9,2.0,8.1,2.0,3.6,3.11,High,Millennials
30022,5.2,0.0,8.7,2.5,5.4,3.35,Low,Millennials
30023,7.0,1.9,7.8,2.9,6.1,3.17,Moderate,Millennials
30024,6.8,2.8,7.7,2.5,3.4,2.77,Low,Millennials
30025,5.7,1.3,6.5,3.2,3.3,2.66,Moderate,Millennials
30026,5.7,1.2,7.4,0.1,2.6,2.93,Low,Millennials
30027,3.8,2.1,7.5,1.6,3.9,2.46,Moderate,Millennials
30028,5.2,2.4,8.5,2.5,3.5,2.92,Low,Millennials
30029,7.3,3.3,6.8,3.2,4.2,2.85,Low,Millennials
30030,7.9,2.1,7.9,2.5,5.4,2.01,Moderate,Millennials
30031,5.6,1.1,7.5,2.2,5.5,3.24,Moderate,Millennials
30032,6.9,2.2,7.7,2.3,4.8,2.83,Low,Millennials
30033,5.0,2.6,7.2,1.6,1.2,3.03,Moderate,Millennials
30034,5.5,2.4,8.6,1.8,1.8,3.66,Low,Millennials
30035,7.7,1.1,7.1,3.5,3.6,3.25,Moderate,Millennials
30036,6.2,3.6,8.4,2.6,5.8,3.06,Moderate,Millennials
30037,5.0,2.3,6.2,3.4,3.6,3.41,High,Millennials
30038,6.4,1.6,8.0,1.7,4.5,3.14,High,Millennials
30039,2.9,3.7,6.0,1.4,5.7,3.09,Low,Millennials
30040,3.6,0.0,7.3,0.8,4.8,3.02,Moderate,Millennials
30041,8.4,4.3,9.4,1.6,3.4,2.96,Moderate,Millennials
30042,4.1,1.9,7.1,2.0,4.5,3.17,Moderate,Millennials
30043,6.0,4.3,7.0,1.8,5.1,3.19,Moderate,Millennials
30044,6.2,0.4,6.4,3.0,2.8,3.38,Moderate,Millennials
30045,4.0,2.0,9.3,2.3,2.1,3.02,High,Millennials
30046,6.6,1.8,7.2,1.3,4.7,3.08,Moderate,Millennials
30047,7.9,2.3,7.8,2.0,4.2,3.05,Moderate,Millennials
30048,6.5,4.1,7.4,0.0,3.5,3.45,Moderate,Millennials
30049,6.8,3.8,7.7,1.4,6.1,3.15,Moderate,Millennials
30050,4.7,3.7,7.6,1.7,4.9,2.72,Moderate,Millennials
30051,5.2,0.6,9.8,2.6,5.0,2.52,Moderate,Millennials
30052,7.0,1.2,7.1,2.0,2.4,2.66,Moderate,Millennials
30053,8.3,1.3,7.5,2.2,5.2,3.0,Low,Millennials
30054,7.9,3.7,7.3,2.8,4.0,3.26,Moderate,Millennials
30055,6.9,3.7,9.7,3.7,1.5,2.97,Moderate,Millennials
30056,5.3,3.0,7.2,2.8,3.0,3.06,Moderate,Millennials
30057,5.9,2.6,7.2,2.1,2.6,2.65,Moderate,Millennials
30058,5.6,1.5,7.0,4.7,4.9,3.18,Moderate,Millennials
30059,6.6,3.1,7.7,1.4,5.5,2.5,Moderate,Millennials
30060,7.3,3.3,8.6,4.5,5.9,2.99,Moderate,Millennials
30061,5.7,1.2,7.4,1.9,3.5,2.76,Low,Millennials
30062,7.9,2.7,8.7,1.7,4.4,3.09,Moderate,Millennials
30063,6.6,2.6,5.9,1.8,4.0,2.82,High,Millennials
30064,4.5,1.6,8.4,0.0,2.5,2.86,Low,Millennials
30065,5.3,3.3,7.9,3.3,5.7,3.6,Moderate,Millennials
30066,8.3,4.0,8.0,3.2,5.5,3.23,Moderate,Millennials
30067,7.2,2.5,8.6,3.1,6.5,3.61,High,Millennials
30068,5.5,3.1,9.2,2.5,0.4,2.9,Low,Millennials
30069,7.4,3.8,6.3,1.4,3.0,2.83,Moderate,Millennials
30070,5.5,4.9,6.7,3.6,3.0,2.93,Moderate,Millennials
30071,6.1,0.0,9.1,0.6,4.4,2.94,Moderate,Millennials
30072,2.9,0.3,8.0,1.0,2.8,3.12,Moderate,Millennials
30073,6.8,1.0,8.0,1.9,6.1,2.99,Low,Millennials
30074,6.9,3.0,7.1,2.7,4.4,3.24,Low,Millennials
30075,4.9,2.8,7.3,1.8,4.5,2.9,Low,Millennials
30076,4.1,0.0,6.4,3.1,2.1,3.62,Low,Millennials
30077,4.7,3.3,6.3,1.2,6.0,3.2,Low,Millennials
30078,4.9,2.9,7.3,1.7,1.5,2.82,Moderate,Millennials
30079,4.8,2.3,9.4,2.2,2.4,3.27,Low,Millennials
30080,5.9,1.6,7.3,2.6,4.0,3.19,Moderate,Millennials
30081,3.7,2.4,6.5,2.8,4.6,2.85,Moderate,Millennials
30082,2.1,2.7,8.4,4.0,5.2,3.17,Moderate,Millennials
30083,6.3,2.4,7.4,2.7,4.8,2.72,Moderate,Millennials
30084,5.3,4.9,7.7,2.5,5.3,3.7,Moderate,Millennials
30085,6.3,1.7,7.0,2.6,5.0,3.07,Low,Millennials
30086,5.8,2.5,7.5,0.3,7.4,3.17,Moderate,Millennials
30087,5.0,3.1,8.2,0.0,4.7,3.07,Low,Millennials
30088,4.3,1.9,6.6,4.0,4.1,2.56,Moderate,Millennials
30089,6.1,0.9,7.7,0.3,4.2,3.53,Low,Millennials
30090,2.8,2.0,7.0,2.0,4.0,2.94,Low,Millennials
30091,4.6,1.6,9.2,0.8,3.7,3.34,High,Millennials
30092,6.6,2.1,6.7,2.3,4.8,2.83,Low,Millennials
30093,5.3,1.2,6.9,0.0,3.9,3.12,High,Millennials
30094,5.3,3.8,7.4,1.9,4.3,3.15,Low,Millennials
30095,5.7,2.4,7.8,3.9,2.4,2.77,High,Millennials
30096,5.6,2.0,8.3,2.4,5.4,3.56,Low,Millennials
30097,6.0,2.6,7.2,2.5,7.0,3.0,Moderate,Millennials
30098,5.9,1.0,9.1,3.0,4.6,2.35,High,Millennials
30099,5.9,2.7,9.2,2.5,3.6,2.94,High,Millennials
30100,4.9,0.8,7.4,1.0,1.9,2.65,Low,Millennials
30101,6.7,0.4,7.1,2.5,4.6,3.17,Moderate,Millennials
30102,7.9,4.2,7.3,3.1,4.9,2.99,Low,Millennials
30103,7.2,2.4,7.4,2.8,3.7,3.56,Moderate,Millennials
30104,5.4,1.0,8.4,1.4,2.9,3.49,Low,Millennials
30105,4.7,1.0,7.1,1.0,3.7,3.06,Moderate,Millennials
30106,6.0,4.4,7.8,2.1,5.4,2.78,High,Millennials
30107,4.4,0.5,9.0,1.7,2.5,2.91,Moderate,Millennials
30108,6.1,2.4,8.6,0.0,4.5,3.16,Low,Millennials
30109,6.2,2.7,6.7,1.7,5.3,2.99,Moderate,Millennials
30110,6.3,2.6,5.9,2.5,4.1,3.12,Moderate,Millennials
30111,5.7,2.9,5.3,1.9,5.6,2.83,Moderate,Millennials
30112,4.3,2.3,7.7,3.1,3.4,3.01,Moderate,Millennials
30113,7.0,3.8,8.0,0.9,3.7,2.46,Low,Millennials
30114,6.3,1.3,8.5,3.9,3.5,2.63,Low,Millennials
30115,5.6,1.9,8.1,2.5,4.1,3.02,Moderate,Millennials
30116,7.2,0.8,6.7,1.8,5.0,2.38,Low,Millennials
30117,5.0,1.9,7.7,1.5,4.1,3.03,High,Millennials
30118,6.8,1.5,7.0,2.0,5.5,3.11,Moderate,Millennials
30119,5.5,3.4,8.5,2.1,4.6,2.79,High,Millennials
30120,6.1,3.0,6.8,2.5,3.7,3.34,Moderate,Millennials
30121,5.6,3.9,7.2,0.9,4.4,3.03,High,Millennials
30122,4.1,4.3,9.2,3.3,3.4,2.77,Moderate,Millennials
30123,6.7,0.1,7.4,1.4,5.5,3.37,Low,Millennials
30124,5.4,0.2,7.7,1.8,5.1,3.63,Moderate,Millennials
30125,6.5,1.6,8.4,2.5,3.6,2.8,Low,Millennials
30126,6.2,3.4,6.9,1.0,4.2,3.56,Low,Millennials
30127,6.0,3.3,7.1,1.8,3.8,3.12,Moderate,Millennials
30128,5.9,1.1,8.1,0.4,5.5,3.49,Moderate,Millennials
30129,6.6,2.3,7.2,3.0,6.2,3.37,High,Millennials
30130,6.8,2.8,10.0,1.9,4.2,3.2,Moderate,Millennials
30131,2.7,3.9,7.7,3.0,3.2,2.76,Moderate,Millennials
30132,6.8,2.5,8.3,1.0,4.8,2.97,High,Millennials
30133,5.5,3.2,6.8,2.4,5.8,3.41,Moderate,Millennials
30134,5.0,3.9,7.6,0.9,5.3,3.3,Low,Millennials
30135,6.1,2.4,7.6,1.8,3.9,2.63,High,Millennials
30136,5.3,2.1,6.9,2.4,7.5,3.02,Moderate,Millennials
30137,9.2,2.1,6.4,2.4,4.3,3.11,High,Millennials
30138,5.5,2.4,8.8,1.8,4.8,3.33,Low,Millennials
30139,6.6,1.8,9.2,1.8,2.7,2.85,Low,Millennials
30140,5.0,4.6,8.6,1.3,3.3,3.29,Moderate,Millennials
30141,3.9,2.1,7.9,2.1,2.0,3.02,Moderate,Millennials
30142,6.8,1.8,7.7,1.7,2.8,3.23,Moderate,Millennials
30143,6.6,2.1,7.6,0.4,4.7,2.92,Moderate,Millennials
30144,7.3,2.9,7.6,3.1,6.3,2.88,Moderate,Millennials
30145,4.9,2.0,8.5,2.3,3.0,2.65,Moderate,Millennials
30146,7.2,4.0,8.2,1.8,5.3,3.13,Moderate,Millennials
30147,5.1,3.7,8.4,0.3,3.6,2.45,Low,Millennials
30148,6.0,2.5,9.3,1.4,5.5,2.42,Moderate,Millennials
30149,6.9,3.6,6.2,1.5,3.5,3.12,High,Millennials
30150,6.1,1.4,7.4,1.4,5.0,3.07,Low,Millennials
30151,7.2,1.5,8.4,5.0,5.9,3.1,Moderate,Millennials
30152,4.8,1.2,8.2,3.2,2.7,3.57,Moderate,Millennials
30153,5.7,2.7,9.6,0.2,4.4,3.78,Moderate,Millennials
30154,4.8,0.3,7.4,2.4,3.8,3.02,Low,Millennials
30155,5.8,2.7,7.8,1.5,4.7,2.9,Moderate,Millennials
30156,5.5,1.3,9.2,3.9,4.4,3.05,Moderate,Millennials
30157,3.8,2.6,6.6,1.9,4.8,2.95,Low,Millennials
30158,6.2,3.2,10.0,0.0,2.8,3.24,Moderate,Millennials
30159,4.0,4.5,8.8,1.0,3.8,2.71,Moderate,Millennials
30160,4.7,3.6,8.3,1.7,4.8,3.42,Moderate,Millennials
30161,7.3,0.4,10.0,2.5,5.1,3.62,Low,Millennials
30162,3.9,2.3,7.4,1.7,4.1,3.15,Moderate,Millennials
30163,5.1,2.4,7.7,1.8,4.7,3.33,Moderate,Millennials
30164,4.9,2.3,7.3,2.3,2.1,3.42,Moderate,Millennials
30165,4.1,3.7,7.9,2.9,2.5,2.69,Moderate,Millennials
30166,4.2,1.4,7.0,1.8,3.7,2.71,Moderate,Millennials
30167,6.3,3.1,7.4,2.0,4.5,3.15,Moderate,Millennials
30168,5.0,3.1,8.8,2.9,4.1,3.31,High,Millennials
30169,5.4,5.1,8.5,4.6,4.3,3.19,High,Millennials
30170,5.9,1.6,8.7,2.1,5.5,2.83,High,Millennials
30171,6.0,3.6,6.5,1.4,2.3,2.8,Low,Millennials
30172,5.6,3.3,6.8,1.6,5.2,3.14,Moderate,Millennials
30173,9.0,1.7,8.2,1.3,4.3,3.23,Low,Millennials
30174,4.6,3.0,8.9,1.8,5.0,2.91,Low,Millennials
30175,5.0,2.1,8.8,0.7,3.4,3.19,Moderate,Millennials
30176,8.1,2.5,7.1,0.8,3.6,3.34,Moderate,Millennials
30177,6.5,1.9,7.6,1.8,4.8,3.11,Low,Millennials
30178,5.4,2.8,8.7,2.7,5.8,3.06,Moderate,Millennials
30179,5.3,2.0,8.2,2.6,3.1,3.08,Moderate,Millennials
30180,7.4,1.1,8.7,2.0,4.7,2.88,High,Millennials
30181,6.4,2.9,8.6,2.5,1.9,2.76,Moderate,Millennials
30182,5.9,3.5,9.2,1.9,3.4,2.64,Moderate,Millennials
30183,7.0,2.1,6.9,2.6,7.4,2.99,Low,Millennials
30184,7.1,2.7,8.5,1.7,4.2,3.44,Moderate,Millennials
30185,5.6,0.4,8.1,0.9,3.9,3.02,Moderate,Millennials
30186,5.9,2.1,6.2,3.1,4.2,2.95,Low,Millennials
30187,5.4,4.3,7.5,2.4,3.0,3.83,High,Millennials
30188,7.1,4.2,7.5,3.0,4.6,2.8,High,Millennials
30189,5.0,2.5,8.6,1.3,5.7,2.79,High,Millennials
30190,2.8,4.1,8.2,1.7,6.1,3.31,High,Millennials
30191,5.7,2.8,8.4,2.2,4.9,3.43,Moderate,Millennials
30192,6.1,1.4,6.8,3.7,5.3,2.9,Moderate,Millennials
30193,4.0,3.3,8.7,3.6,3.1,3.14,Moderate,Millennials
30194,5.3,3.5,7.6,2.1,4.9,3.1,Moderate,Millennials
30195,6.1,0.0,8.1,0.3,1.8,2.87,Moderate,Millennials
30196,5.0,1.6,7.4,0.4,4.3,3.38,Low,Millennials
30197,6.2,3.3,6.8,3.1,4.0,2.92,Moderate,Millennials
30198,6.0,0.8,6.6,3.4,5.6,2.77,Low,Millennials
30199,5.7,1.3,8.1,2.9,5.1,3.39,Low,Millennials
30200,6.7,1.3,7.3,1.7,5.9,2.64,Low,Millennials
30201,4.8,3.8,8.6,2.7,1.9,3.12,Low,Millennials
30202,6.2,2.6,7.3,2.4,3.5,2.76,Moderate,Millennials
30203,7.1,2.7,9.2,2.0,4.3,3.4,Moderate,Millennials
30204,4.1,2.0,6.6,4.1,6.0,3.43,Moderate,Millennials
30205,5.4,2.5,7.1,1.0,4.3,3.09,Low,Millennials
30206,5.0,4.0,7.4,2.1,5.2,2.74,Moderate,Millennials
30207,2.9,2.9,7.8,1.5,5.0,3.25,Low,Millennials
30208,9.1,2.1,8.0,0.2,4.9,3.22,Low,Millennials
30209,7.4,0.3,6.6,1.4,5.6,3.04,Low,Millennials
30210,6.5,1.6,5.8,0.8,5.5,2.87,Moderate,Millennials
30211,7.6,0.6,7.3,1.2,5.5,2.66,Low,Millennials
30212,5.0,2.8,7.8,5.1,2.0,2.99,Moderate,Millennials
30213,6.0,3.0,7.9,3.8,1.9,3.25,Low,Millennials
30214,6.8,2.7,7.8,2.9,4.1,3.49,Moderate,Millennials
30215,5.8,0.1,7.2,2.4,7.9,2.84,High,Millennials
30216,5.1,2.2,7.3,2.2,2.8,3.04,Low,Millennials
30217,5.0,2.0,7.5,4.3,4.2,3.17,High,Millennials
30218,7.3,3.7,6.6,3.3,4.3,3.11,Moderate,Millennials
30219,5.6,3.4,7.9,1.5,2.6,2.94,Moderate,Millennials
30220,6.5,3.2,9.4,2.2,5.3,2.65,Moderate,Millennials
30221,6.0,2.2,5.7,1.6,4.9,3.03,Moderate,Millennials
30222,3.9,2.9,8.4,0.8,4.9,2.5,Low,Millennials
30223,5.8,2.8,7.8,0.0,4.6,2.63,Moderate,Millennials
30224,6.4,5.6,6.6,2.0,2.9,3.07,Moderate,Millennials
30225,6.0,2.8,7.8,3.3,5.8,3.08,High,Millennials
30226,3.7,2.8,8.6,3.0,3.8,2.94,Moderate,Millennials
30227,5.7,2.1,6.4,0.6,5.2,3.82,Moderate,Millennials
30228,5.2,1.4,6.2,2.8,4.1,2.84,Low,Millennials
30229,6.9,3.5,9.0,1.9,5.4,3.27,High,Millennials
30230,6.5,2.2,7.9,1.2,5.6,3.03,Moderate,Millennials
30231,6.5,1.0,6.8,3.0,3.9,2.91,Low,Millennials
30232,6.8,2.3,7.7,1.4,4.7,2.79,Low,Millennials
30233,8.9,3.5,7.1,0.8,6.3,3.22,Moderate,Millennials
30234,5.8,1.9,7.2,1.9,2.6,2.88,Low,Millennials
30235,6.4,1.7,8.6,2.4,5.5,3.03,Moderate,Millennials
30236,7.1,1.4,7.2,2.8,4.7,2.87,Low,Millennials
30237,5.0,1.9,7.7,1.3,3.2,2.68,Low,Millennials
30238,5.9,1.7,8.7,2.9,4.5,3.23,Moderate,Millennials
30239,6.5,2.3,6.3,0.8,3.6,2.96,Low,Millennials
30240,6.8,2.1,7.2,3.1,5.9,2.83,Low,Millennials
30241,5.6,2.3,7.3,2.9,3.6,3.01,High,Millennials
30242,5.3,1.6,9.3,3.8,3.9,2.65,Low,Millennials
30243,7.3,2.9,7.2,0.4,5.5,2.9,Low,Millennials
30244,6.4,2.9,7.9,1.4,4.1,3.74,Low,Millennials
30245,9.4,3.4,8.0,0.9,4.6,2.83,Low,Millennials
30246,6.9,2.9,7.7,2.5,5.5,2.49,Moderate,Millennials
30247,4.7,1.2,5.3,2.9,5.5,3.36,Low,Millennials
30248,7.2,2.9,7.3,3.4,4.5,2.88,High,Millennials
30249,4.2,2.4,7.2,2.1,4.4,3.42,Moderate,Millennials
30250,6.9,2.6,9.8,1.2,6.8,3.53,Moderate,Millennials
30251,5.8,3.2,6.8,0.5,6.7,2.74,Moderate,Millennials
30252,5.7,3.5,9.0,1.5,4.6,2.86,Moderate,Millennials
30253,5.5,2.6,8.2,0.5,4.7,3.18,High,Millennials
30254,5.8,2.7,8.2,0.0,4.1,3.33,Moderate,Millennials
30255,2.3,1.4,7.6,2.2,3.0,3.35,Low,Millennials
30256,5.8,1.0,9.0,3.1,3.9,2.62,Moderate,Millennials
30257,5.7,0.6,9.7,2.3,5.1,3.14,Moderate,Millennials
30258,5.3,2.5,8.4,1.7,4.0,3.18,Low,Millennials
30259,3.8,2.5,7.3,3.7,3.7,3.04,Low,Millennials
30260,3.7,0.1,7.4,2.8,3.9,3.24,Low,Millennials
30261,5.0,2.6,8.7,1.9,2.9,2.61,Moderate,Millennials
30262,2.8,2.0,8.3,0.2,2.5,2.93,Moderate,Millennials
30263,4.5,2.8,7.8,0.9,3.5,2.67,Moderate,Millennials
30264,6.8,3.1,8.3,2.6,5.1,3.03,Moderate,Millennials
30265,7.6,2.1,7.2,1.4,4.7,2.21,Moderate,Millennials
30266,6.6,2.0,8.7,1.1,4.7,2.94,Low,Millennials
30267,5.9,0.6,7.6,0.6,3.1,2.8,Moderate,Millennials
30268,6.9,1.7,9.0,2.5,1.8,2.96,Low,Millennials
30269,6.6,3.1,8.8,2.3,4.4,2.48,Moderate,Millennials
30270,4.5,1.9,8.2,0.8,4.2,2.63,Moderate,Millennials
30271,5.5,2.5,10.0,3.5,3.8,3.28,Moderate,Millennials
30272,6.6,2.2,8.0,2.4,2.1,2.62,High,Millennials
30273,4.3,1.8,7.0,2.3,5.3,3.29,Low,Millennials
30274,4.9,4.9,9.0,1.1,2.5,2.95,Moderate,Millennials
30275,6.7,2.9,7.1,3.2,4.8,3.01,Low,Millennials
30276,6.7,1.9,6.9,2.0,4.7,2.97,Moderate,Millennials
30277,7.7,3.3,7.4,2.2,2.3,3.3,Moderate,Millennials
30278,8.6,1.9,8.5,1.8,3.3,2.85,Low,Millennials
30279,5.5,2.5,5.0,1.9,7.6,3.01,Moderate,Millennials
30280,6.7,1.1,8.2,2.7,7.4,2.23,Low,Millennials
30281,6.1,1.2,7.7,0.3,4.3,2.6,Moderate,Millennials
30282,4.8,2.9,8.4,2.3,2.8,2.91,High,Millennials
30283,1.7,3.7,6.8,0.7,6.3,2.12,High,Millennials
30284,5.3,1.3,7.9,3.5,1.7,2.78,Moderate,Millennials
30285,4.8,0.5,6.4,3.8,5.2,2.77,Low,Millennials
30286,5.0,1.5,8.3,0.2,4.4,3.08,High,Millennials
30287,8.5,2.7,8.2,2.2,3.7,3.17,Moderate,Millennials
30288,6.2,1.5,7.2,2.7,2.9,3.03,Moderate,Millennials
30289,6.0,2.1,5.3,2.5,5.5,3.78,Moderate,Millennials
30290,5.3,2.7,7.9,1.5,5.1,2.74,Low,Millennials
30291,8.1,3.6,7.3,2.4,6.9,3.25,High,Millennials
30292,6.9,2.7,7.6,1.0,3.9,2.77,Moderate,Millennials
30293,4.2,1.2,8.2,3.2,4.4,3.23,Low,Millennials
30294,6.6,2.3,6.9,1.4,4.1,3.07,Moderate,Millennials
30295,5.2,3.7,6.9,2.9,5.2,3.07,High,Millennials
30296,6.4,1.7,9.2,2.0,4.0,2.41,Moderate,Millennials
30297,5.5,3.2,7.4,0.9,4.2,3.05,Moderate,Millennials
30298,7.8,0.0,8.9,3.1,5.0,2.76,Moderate,Millennials
30299,5.5,3.1,8.1,3.3,6.0,3.66,Moderate,Millennials
30300,5.4,3.2,6.7,1.0,1.8,3.01,Low,Millennials
30301,7.7,1.7,9.2,2.6,4.9,2.76,Low,Millennials
30302,5.0,1.3,9.5,0.8,3.8,2.85,Low,Millennials
30303,6.1,2.2,7.6,0.9,5.6,2.74,Moderate,Millennials
30304,7.9,3.3,8.0,3.4,4.1,3.54,Low,Millennials
30305,6.3,0.8,8.4,2.0,2.1,3.0,Low,Millennials
30306,6.4,2.5,8.9,2.6,6.3,3.18,Low,Millennials
30307,2.2,2.8,8.1,1.7,3.6,3.61,Moderate,Millennials
30308,7.1,2.9,8.1,2.1,4.2,3.0,High,Millennials
30309,5.3,2.2,7.9,3.8,7.5,2.64,Low,Millennials
30310,6.3,0.6,7.7,0.5,3.6,3.09,Low,Millennials
30311,5.2,4.1,8.0,2.8,3.6,3.17,Low,Millennials
30312,4.8,3.9,7.4,1.7,7.6,3.1,Low,Millennials
30313,5.4,2.2,7.4,0.0,5.9,2.97,Moderate,Millennials
30314,4.6,3.8,7.0,1.7,6.4,3.31,Moderate,Millennials
30315,5.1,1.9,8.7,0.9,2.7,2.94,Moderate,Millennials
30316,8.5,3.2,6.2,2.5,6.3,3.0,Moderate,Millennials
30317,6.2,2.0,7.1,1.1,3.0,3.14,Moderate,Millennials
30318,4.6,3.3,9.4,2.6,2.8,3.34,Moderate,Millennials
30319,4.2,3.0,7.7,2.5,3.5,3.16,Moderate,Millennials
30320,5.6,3.2,8.9,1.5,2.6,3.4,Moderate,Millennials
30321,5.7,2.5,8.1,0.4,5.3,3.34,High,Millennials
30322,5.2,4.6,7.2,1.8,3.1,3.1,Moderate,Millennials
30323,5.0,4.1,6.2,1.6,6.0,2.58,Moderate,Millennials
30324,5.1,1.2,5.9,2.5,4.8,2.98,Low,Millennials
30325,7.6,0.7,6.6,1.7,2.3,3.21,High,Millennials
30326,7.5,4.2,7.7,3.1,3.8,2.85,Moderate,Millennials
30327,8.0,2.0,7.3,2.0,7.1,2.95,Moderate,Millennials
30328,2.0,2.2,7.8,3.6,2.5,2.84,High,Millennials
30329,4.8,3.4,8.4,1.6,6.2,3.47,Moderate,Millennials
30330,5.6,1.4,8.0,1.1,6.2,2.97,Moderate,Millennials
30331,5.3,2.0,7.0,1.5,3.2,3.42,Low,Millennials
30332,6.0,0.5,7.6,1.2,4.6,2.71,Moderate,Millennials
30333,4.6,3.5,8.4,1.7,2.5,3.15,Low,Millennials
30334,7.5,0.6,7.5,1.9,5.0,2.79,Moderate,Millennials
30335,5.5,1.5,7.5,3.6,5.9,2.75,Low,Millennials
30336,6.6,2.3,7.8,4.1,3.5,2.86,Moderate,Millennials
30337,5.3,2.4,8.3,4.1,3.5,3.29,Low,Millennials
30338,7.4,1.4,8.4,1.3,4.3,3.24,High,Millennials
30339,4.2,1.4,9.1,1.1,2.7,2.76,Low,Millennials
30340,7.4,2.0,7.5,1.9,2.8,3.0,Low,Millennials
30341,5.8,1.9,9.2,4.7,6.7,3.25,Low,Millennials
30342,5.8,3.7,9.5,2.1,3.3,2.89,Low,Millennials
30343,5.4,2.2,7.8,0.6,1.5,3.67,Moderate,Millennials
30344,6.1,2.1,9.6,1.0,4.1,2.93,Moderate,Millennials
30345,6.7,3.0,7.6,3.3,1.2,3.35,High,Millennials
30346,4.5,0.0,7.5,2.8,5.7,3.46,Moderate,Millennials
30347,7.0,1.5,8.8,1.9,5.3,2.9,Moderate,Millennials
30348,5.7,2.5,8.3,2.9,2.5,3.1,Moderate,Millennials
30349,5.8,2.7,8.3,1.4,0.5,2.98,Low,Millennials
30350,7.9,2.7,7.6,3.0,4.2,2.84,Moderate,Millennials
30351,6.6,2.4,6.7,2.3,4.0,2.75,Low,Millennials
30352,8.5,2.1,6.2,1.8,5.1,3.13,Moderate,Millennials
30353,3.8,1.4,7.4,2.3,5.2,3.11,Low,Millennials
30354,4.3,2.2,7.3,3.2,4.7,2.75,Low,Millennials
30355,4.1,0.0,10.0,3.4,4.8,3.55,Low,Millennials
30356,3.9,1.8,8.1,1.1,1.7,3.09,Moderate,Millennials
30357,5.5,2.6,10.0,4.6,2.9,3.39,Moderate,Millennials
30358,5.3,0.4,7.4,2.4,3.4,2.64,Moderate,Millennials
30359,5.6,0.9,7.0,2.4,3.8,3.03,Moderate,Millennials
30360,2.2,2.7,9.2,2.6,5.3,2.78,Moderate,Millennials
30361,5.0,3.4,7.6,3.2,2.7,2.7,Low,Millennials
30362,5.4,2.3,7.8,3.4,4.5,2.98,Moderate,Millennials
30363,7.4,2.0,7.4,2.4,3.7,3.1,Moderate,Millennials
30364,4.6,2.7,8.0,1.8,4.9,2.55,High,Millennials
30365,6.5,1.9,6.2,0.4,3.2,2.44,Moderate,Millennials
30366,5.9,2.4,7.4,1.4,5.0,2.9,Moderate,Millennials
30367,6.5,2.9,9.2,1.1,4.2,2.91,Low,Millennials
30368,7.9,2.4,7.1,2.3,4.3,2.64,Moderate,Millennials
30369,6.0,1.0,9.6,1.9,3.3,2.67,Low,Millennials
30370,4.6,0.7,7.2,1.4,6.1,3.09,High,Millennials
30371,4.5,1.0,8.3,3.6,6.0,2.96,Moderate,Millennials
30372,5.0,1.9,8.9,1.6,3.0,3.11,Moderate,Millennials
30373,4.9,1.1,8.7,3.7,4.3,2.46,Moderate,Millennials
30374,6.5,1.0,10.0,1.9,3.9,2.9,Moderate,Millennials
30375,8.6,0.2,7.2,1.0,2.7,3.24,Moderate,Millennials
30376,5.4,2.8,7.6,1.4,2.5,3.44,Moderate,Millennials
30377,6.6,0.0,8.6,1.5,5.1,3.18,Low,Millennials
30378,5.5,2.3,6.2,0.9,3.5,2.71,Moderate,Millennials
30379,6.4,4.4,7.2,2.0,3.6,2.84,Low,Millennials
30380,6.3,2.0,8.1,3.5,2.7,3.63,Low,Millennials
30381,8.3,4.7,9.1,2.1,3.0,3.11,Moderate,Millennials
30382,6.6,1.4,7.9,3.0,6.1,3.01,Moderate,Millennials
30383,6.9,3.2,10.0,3.2,2.3,2.79,High,Millennials
30384,6.7,2.6,7.9,2.0,4.6,3.24,Low,Millennials
30385,6.8,3.5,8.1,3.4,2.8,3.04,Moderate,Millennials
30386,4.8,3.3,8.9,1.4,5.7,3.35,Low,Millennials
30387,4.7,1.1,8.5,2.1,4.9,3.24,Low,Millennials
30388,5.6,0.2,7.9,0.3,4.6,3.06,Moderate,Millennials
30389,8.7,1.6,7.1,0.3,5.6,3.02,Moderate,Millennials
30390,2.8,3.0,7.2,1.9,3.3,2.81,Moderate,Millennials
30391,6.1,0.9,6.5,3.5,1.6,2.66,Moderate,Millennials
30392,5.1,0.9,8.5,2.4,4.5,2.65,Moderate,Millennials
30393,4.8,2.6,7.6,4.2,6.5,2.88,Moderate,Millennials
30394,4.6,1.4,8.5,2.2,3.8,3.21,High,Millennials
30395,6.0,1.1,8.1,3.3,3.7,3.3,Moderate,Millennials
30396,6.5,1.4,7.1,3.0,5.0,3.63,High,Millennials
30397,6.6,3.3,8.8,3.9,3.8,3.02,Low,Millennials
30398,8.4,3.2,8.5,3.6,6.5,2.9,Low,Millennials
30399,5.0,1.9,7.7,2.5,4.0,2.65,Low,Millennials
30400,5.5,4.5,8.0,3.5,5.8,2.31,Moderate,Millennials
30401,5.1,2.0,8.5,1.6,5.2,3.06,Moderate,Millennials
30402,6.7,3.0,8.0,1.5,5.8,2.91,Moderate,Millennials
30403,8.2,2.7,7.7,1.7,5.2,2.95,High,Millennials
30404,4.5,2.2,6.6,0.0,4.9,2.65,High,Millennials
30405,4.8,2.2,9.4,1.0,4.9,3.74,Low,Millennials
30406,5.8,0.0,7.3,1.7,1.2,2.66,Low,Millennials
30407,5.5,2.0,6.4,4.2,3.8,3.04,Low,Millennials
30408,6.3,3.0,9.6,2.3,4.7,3.02,Moderate,Millennials
30409,9.0,1.3,8.1,3.6,2.6,2.81,Low,Millennials
30410,6.7,3.2,6.4,0.6,3.8,3.18,Low,Millennials
30411,6.4,0.9,7.3,0.0,4.2,2.94,Low,Millennials
30412,4.6,1.7,7.6,2.3,5.8,3.15,Low,Millennials
30413,5.9,2.7,8.1,2.2,2.5,2.81,Moderate,Millennials
30414,4.5,1.1,8.7,2.4,3.8,3.29,Moderate,Millennials
30415,6.4,3.0,8.9,1.9,4.9,2.85,Low,Millennials
30416,3.8,1.9,7.2,2.5,1.8,2.99,Low,Millennials
30417,5.9,1.2,7.5,3.0,4.5,3.38,Moderate,Millennials
30418,5.9,2.3,7.7,2.1,3.5,3.41,Moderate,Millennials
30419,5.8,2.1,7.7,1.8,4.8,2.85,High,Millennials
30420,7.2,1.8,7.6,0.7,5.8,2.51,Moderate,Millennials
30421,5.2,2.2,7.6,3.2,6.1,3.38,High,Millennials
30422,5.5,2.8,8.4,1.5,4.5,3.37,Moderate,Millennials
30423,3.7,1.3,8.0,4.2,3.9,2.91,Moderate,Millennials
30424,8.2,1.5,7.7,2.6,4.8,2.99,Moderate,Millennials
30425,3.8,3.5,8.1,0.4,6.7,2.78,Low,Millennials
30426,6.5,1.0,8.7,1.6,5.0,2.45,Moderate,Millennials
30427,3.5,2.6,8.4,2.3,5.6,2.38,Moderate,Millennials
30428,6.3,1.6,7.7,2.5,3.4,3.17,Moderate,Millennials
30429,4.9,1.4,7.6,2.1,3.6,2.6,High,Millennials
30430,7.7,1.5,7.7,1.4,6.7,2.71,Moderate,Millennials
30431,6.2,1.1,8.3,3.4,7.3,3.09,Moderate,Millennials
30432,6.2,2.4,8.3,2.1,2.2,2.91,Moderate,Millennials
30433,6.9,4.1,6.9,1.4,5.1,2.8,High,Millennials
30434,4.7,1.0,7.2,0.0,4.2,3.11,High,Millennials
30435,5.4,2.0,7.5,2.2,5.9,3.5,Moderate,Millennials
30436,5.7,1.5,8.7,2.1,6.8,3.58,Moderate,Millennials
30437,4.6,0.4,7.0,3.1,6.2,3.1,Low,Millennials
30438,7.2,0.2,6.7,2.2,3.1,3.49,Low,Millennials
30439,8.5,2.4,7.9,2.4,3.6,3.35,Moderate,Millennials
30440,5.9,2.4,6.8,2.9,6.1,3.44,Moderate,Millennials
30441,5.7,2.4,8.1,2.2,6.5,2.64,Low,Millennials
30442,5.3,1.0,7.0,1.0,4.8,2.68,Moderate,Millennials
30443,6.8,1.3,5.7,1.9,2.4,3.1,Low,Millennials
30444,5.6,1.3,7.4,2.7,4.1,3.06,Moderate,Millennials
30445,6.6,1.5,7.7,2.5,2.9,3.6,Low,Millennials
30446,5.3,2.1,6.9,2.2,5.0,2.85,Low,Millennials
30447,6.3,2.3,8.0,2.1,2.5,2.36,Moderate,Millennials
30448,8.3,2.2,9.8,3.1,5.2,2.92,Moderate,Millennials
30449,6.2,1.2,7.2,2.8,3.5,3.51,Low,Millennials
30450,4.3,1.7,7.7,2.2,5.5,2.91,High,Millennials
30451,6.2,2.7,5.6,1.4,4.1,3.41,Moderate,Millennials
30452,6.3,4.0,7.9,2.0,3.5,2.84,High,Millennials
30453,6.6,2.8,8.2,2.4,5.7,3.0,Low,Millennials
30454,4.0,1.7,7.5,4.3,4.2,3.13,Low,Millennials
30455,5.7,3.0,8.1,0.7,5.5,2.69,Low,Millennials
30456,6.7,1.7,9.5,2.8,6.8,2.85,Low,Millennials
30457,7.9,2.1,7.9,2.1,3.6,3.09,Low,Millennials
30458,5.4,1.4,8.5,4.5,2.6,2.93,Moderate,Millennials
30459,6.7,2.5,7.7,1.2,6.0,2.81,Low,Millennials
30460,4.1,3.3,7.0,2.3,2.3,3.42,Moderate,Millennials
30461,5.2,1.9,7.2,3.2,4.0,3.06,Moderate,Millennials
30462,2.7,3.3,7.3,1.3,2.0,3.23,High,Millennials
30463,6.6,3.6,6.8,0.8,4.2,3.08,High,Millennials
30464,5.1,2.9,8.4,0.6,4.6,2.97,Low,Millennials
30465,6.7,2.5,6.5,2.3,2.9,2.5,Low,Millennials
30466,7.1,2.1,6.7,1.4,3.6,2.58,Moderate,Millennials
30467,5.7,1.2,7.1,1.0,4.1,2.86,Low,Millennials
30468,5.9,0.0,9.3,2.2,4.4,2.85,Moderate,Millennials
30469,6.1,0.8,7.5,2.2,4.3,3.06,Moderate,Millennials
30470,5.6,1.2,7.4,2.9,4.1,3.26,Low,Millennials
30471,6.9,2.7,7.5,2.6,3.9,2.96,Low,Millennials
30472,6.8,2.3,10.0,2.5,6.3,3.21,Moderate,Millennials
30473,4.7,3.2,8.9,1.7,3.0,3.08,Moderate,Millennials
30474,6.0,1.0,6.5,2.3,4.6,3.59,Low,Millennials
30475,4.1,2.4,6.1,2.0,4.7,2.65,Moderate,Millennials
30476,3.5,1.6,8.3,3.9,2.2,3.48,Moderate,Millennials
30477,7.0,2.2,7.3,1.6,3.1,2.72,Low,Millennials
30478,6.0,2.4,7.4,3.1,2.8,2.47,Moderate,Millennials
30479,4.5,2.9,6.9,0.4,4.9,3.06,High,Millennials
30480,5.1,3.0,7.1,2.9,3.9,3.23,Moderate,Millennials
30481,4.6,0.4,6.8,1.3,3.9,3.01,Moderate,Millennials
30482,3.7,1.5,7.7,1.4,1.8,3.29,Low,Millennials
30483,5.9,1.6,7.6,2.6,4.4,3.05,Low,Millennials
30484,4.6,3.1,8.0,0.9,4.2,3.36,Moderate,Millennials
30485,4.9,2.4,7.6,3.8,2.9,3.13,Low,Millennials
30486,6.5,3.3,7.1,3.2,2.9,2.96,Moderate,Millennials
30487,6.4,3.5,8.4,1.9,3.0,2.48,Moderate,Millennials
30488,4.0,2.9,7.4,2.9,5.9,3.17,Moderate,Millennials
30489,6.5,0.9,7.8,1.8,3.3,3.34,Moderate,Millennials
30490,5.9,2.4,8.2,2.9,4.8,3.11,Moderate,Millennials
30491,6.0,2.8,8.1,1.0,4.1,3.14,Moderate,Millennials
30492,5.0,2.8,7.8,1.6,3.8,3.16,Moderate,Millennials
30493,6.9,0.7,8.0,2.1,6.0,3.04,Low,Millennials
30494,5.2,1.1,7.7,3.1,3.5,3.02,Moderate,Millennials
30495,3.7,1.7,6.9,2.6,3.6,2.7,High,Millennials
30496,5.4,4.0,8.0,3.1,4.5,3.52,Moderate,Millennials
30497,5.8,1.6,8.1,2.7,5.9,2.78,Low,Millennials
30498,5.6,2.5,8.0,1.3,3.1,2.73,Low,Millennials
30499,5.9,0.7,8.5,3.8,4.2,3.02,Low,Millennials
30500,7.0,1.5,7.8,2.9,3.3,3.03,High,Millennials
30501,6.7,2.4,7.1,1.4,3.5,2.75,Moderate,Millennials
30502,9.9,1.8,9.0,1.9,2.3,3.0,Low,Millennials
30503,3.9,4.2,8.2,1.6,4.8,2.83,Moderate,Millennials
30504,5.4,2.4,9.4,3.1,5.6,3.18,High,Millennials
30505,4.8,0.6,7.4,1.9,6.1,3.04,Moderate,Millennials
30506,2.8,4.1,8.1,3.4,6.4,3.38,Low,Millennials
30507,6.7,2.7,7.0,3.7,5.7,3.22,Low,Millennials
30508,8.0,2.6,7.3,2.7,4.1,3.39,High,Millennials
30509,5.9,2.9,6.9,2.9,2.6,3.68,Moderate,Millennials
30510,5.1,2.9,8.0,1.2,5.1,2.77,Moderate,Millennials
30511,4.1,2.2,7.4,2.6,3.8,3.48,High,Millennials
30512,5.7,2.5,8.1,1.0,1.6,3.71,Low,Millennials
30513,5.5,3.4,7.3,2.4,3.9,3.23,Moderate,Millennials
30514,6.8,2.6,7.6,2.2,4.7,3.14,Moderate,Millennials
30515,5.4,3.0,7.4,1.9,3.1,2.85,Moderate,Millennials
30516,6.8,2.3,7.5,3.6,2.6,3.02,High,Millennials
30517,7.4,1.4,7.5,4.5,6.5,2.75,High,Millennials
30518,7.0,3.0,7.4,3.4,6.1,3.29,Moderate,Millennials
30519,6.5,2.9,7.7,0.7,3.5,2.93,Low,Millennials
30520,8.0,2.0,7.9,3.5,4.1,2.43,Moderate,Millennials
30521,6.5,2.2,7.5,1.5,5.3,3.53,Moderate,Millennials
30522,4.1,2.8,7.3,2.2,3.8,3.16,Moderate,Millennials
30523,8.1,2.0,6.8,1.8,3.2,2.94,Low,Millennials
30524,3.1,0.0,7.3,2.8,3.5,2.36,Low,Millennials
30525,6.5,5.3,6.8,0.7,2.6,3.0,Moderate,Millennials
30526,5.9,3.7,7.3,2.2,4.7,3.13,Low,Millennials
30527,7.3,1.8,7.8,4.6,5.5,3.6,Low,Millennials
30528,3.9,1.4,8.3,3.5,5.0,3.23,Moderate,Millennials
30529,6.0,1.8,7.1,2.7,3.4,3.71,Moderate,Millennials
30530,6.7,2.9,7.1,0.7,1.5,2.6,Moderate,Millennials
30531,6.5,3.3,6.4,1.7,4.2,3.12,High,Millennials
30532,7.3,2.6,7.3,3.2,3.2,3.01,Moderate,Millennials
30533,5.5,2.8,7.9,2.0,6.6,2.85,Low,Millennials
30534,5.4,1.3,6.2,2.9,2.5,2.98,Low,Millennials
30535,5.2,1.8,7.0,1.5,4.9,2.45,Moderate,Millennials
30536,5.8,2.6,6.1,1.9,5.2,3.2,High,Millennials
30537,5.0,3.0,9.1,3.1,6.1,2.75,Low,Millennials
30538,6.8,1.7,8.5,0.8,2.1,3.67,Moderate,Millennials
30539,5.3,4.9,7.8,5.4,4.9,3.19,High,Millennials
30540,4.9,2.9,7.7,1.7,3.8,2.59,Moderate,Millennials
30541,7.1,1.9,6.7,0.8,3.9,2.65,High,Millennials
30542,4.6,2.6,7.1,2.8,3.5,2.75,Low,Millennials
30543,4.5,1.5,8.2,3.4,4.4,3.31,Low,Millennials
30544,4.4,1.6,8.4,0.2,3.5,2.9,Low,Millennials
30545,5.3,2.6,6.7,3.9,3.5,3.07,Moderate,Millennials
30546,5.1,3.3,8.0,2.5,4.9,3.31,High,Millennials
30547,5.1,0.0,8.3,2.1,3.6,2.91,High,Millennials
30548,5.0,3.7,7.7,4.4,4.9,3.18,Low,Millennials
30549,5.3,1.6,7.3,2.2,4.3,2.93,Low,Millennials
30550,6.8,1.9,9.6,2.5,2.1,2.84,High,Millennials
30551,4.0,4.2,8.6,0.0,3.6,2.9,Low,Millennials
30552,8.9,3.7,8.6,2.6,4.9,3.01,Moderate,Millennials
30553,6.2,1.7,8.3,3.0,4.0,2.38,Low,Millennials
30554,5.0,1.3,6.6,1.9,5.4,3.17,Moderate,Millennials
30555,5.4,4.0,7.1,4.2,4.0,2.61,Low,Millennials
30556,3.6,2.3,8.8,2.4,3.2,2.87,Moderate,Millennials
30557,5.5,1.3,6.4,0.7,6.8,2.26,Moderate,Millennials
30558,6.5,0.2,7.5,1.9,4.8,2.98,Moderate,Millennials
30559,7.4,3.2,8.4,2.1,3.9,2.69,Moderate,Millennials
30560,6.4,0.4,7.3,3.4,5.1,2.67,Moderate,Millennials
30561,6.0,3.0,7.2,2.7,1.5,3.07,Moderate,Millennials
30562,6.3,2.2,9.0,2.8,5.8,2.86,Low,Millennials
30563,6.4,3.1,6.8,3.7,4.2,2.7,Moderate,Millennials
30564,8.0,1.7,7.6,1.1,3.9,2.93,Moderate,Millennials
30565,6.2,1.2,8.2,3.6,2.9,3.41,Low,Millennials
30566,5.3,1.8,9.4,1.9,5.4,2.89,High,Millennials
30567,8.9,3.0,7.2,2.4,3.7,2.89,High,Millennials
30568,6.8,2.2,5.8,2.9,5.1,3.57,Moderate,Millennials
30569,5.0,1.3,8.7,2.5,3.6,3.34,Moderate,Millennials
30570,4.9,3.3,7.0,2.5,4.0,2.82,Moderate,Millennials
30571,5.6,1.8,8.5,1.6,6.1,3.19,Moderate,Millennials
30572,6.0,0.0,8.4,2.1,6.2,2.91,High,Millennials
30573,4.0,3.0,7.5,1.7,5.8,3.02,Low,Millennials
30574,6.6,2.9,7.8,4.0,3.4,3.53,Moderate,Millennials
30575,9.8,3.1,8.1,2.9,3.1,2.86,Moderate,Millennials
30576,6.5,1.2,8.3,1.4,2.9,2.44,Low,Millennials
30577,7.4,0.4,8.5,0.8,3.2,3.09,Low,Millennials
30578,6.0,1.9,6.8,2.5,1.8,2.64,Moderate,Millennials
30579,6.8,3.3,7.9,4.0,1.8,2.34,Moderate,Millennials
30580,5.1,2.1,5.3,2.8,5.1,3.03,Moderate,Millennials
30581,6.8,0.0,8.1,2.6,5.0,2.37,Moderate,Millennials
30582,5.1,2.1,6.2,4.3,3.9,3.06,High,Millennials
30583,6.2,0.6,8.0,1.8,6.6,3.19,Low,Millennials
30584,7.7,2.0,8.2,0.7,6.6,2.72,Low,Millennials
30585,4.6,1.2,7.9,1.3,5.3,3.51,High,Millennials
30586,5.2,0.7,7.1,0.6,4.6,2.75,Moderate,Millennials
30587,6.1,1.3,6.9,3.0,4.0,2.63,Low,Millennials
30588,5.4,2.7,7.5,2.5,3.7,2.76,High,Millennials
30589,6.7,2.2,6.8,2.0,6.4,2.91,Moderate,Millennials
30590,4.3,1.7,6.7,2.0,2.9,3.32,Moderate,Millennials
30591,4.8,2.7,8.0,4.7,4.5,3.65,Low,Millennials
30592,6.9,1.2,9.6,1.8,5.1,3.09,Moderate,Millennials
30593,7.2,3.3,8.3,1.0,3.4,2.98,Moderate,Millennials
30594,6.2,2.1,6.9,0.9,4.2,3.11,High,Millennials
30595,5.5,2.4,9.5,2.9,3.5,3.33,Moderate,Millennials
30596,6.7,4.3,8.1,1.9,3.8,2.6,Moderate,Millennials
30597,7.4,2.2,8.3,4.0,3.6,2.65,High,Millennials
30598,6.7,2.8,9.4,1.8,4.4,3.04,Moderate,Millennials
30599,5.6,4.4,8.0,1.1,3.6,2.55,Moderate,Millennials
30600,5.1,0.6,8.1,3.1,1.6,2.94,Low,Millennials
30601,8.3,5.2,7.5,1.2,5.6,3.0,Moderate,Millennials
30602,7.3,2.8,9.0,1.3,2.1,3.06,Low,Millennials
30603,6.4,1.6,7.9,1.9,2.3,3.18,Moderate,Millennials
30604,6.9,0.2,7.2,1.8,2.5,3.34,High,Millennials
30605,4.8,4.3,7.5,1.7,4.5,3.2,Moderate,Millennials
30606,5.7,1.7,8.2,1.3,8.0,3.01,Low,Millennials
30607,5.1,3.0,9.0,3.2,4.1,3.43,Low,Millennials
30608,5.3,0.6,8.0,1.8,5.3,3.2,Low,Millennials
30609,4.1,2.0,10.0,2.5,1.9,2.93,Moderate,Millennials
30610,4.9,1.9,8.1,0.6,5.4,3.33,Moderate,Millennials
30611,5.0,4.2,7.3,0.0,4.0,3.12,Low,Millennials
30612,5.6,1.8,8.3,3.2,3.1,2.64,Low,Millennials
30613,3.1,1.9,6.9,0.9,3.8,3.4,Moderate,Millennials
30614,4.3,2.7,7.1,1.5,4.9,3.05,High,Millennials
30615,3.5,3.8,8.8,1.0,3.8,2.55,Low,Millennials
30616,5.8,3.2,8.3,1.2,4.3,3.17,Moderate,Millennials
30617,2.2,0.8,7.1,0.4,3.5,2.68,Low,Millennials
30618,5.1,2.2,9.0,2.4,3.5,2.87,Moderate,Millennials
30619,5.3,2.6,9.0,1.4,4.2,3.11,Moderate,Millennials
30620,6.6,2.0,6.9,2.1,4.7,3.04,Moderate,Millennials
30621,7.1,1.5,9.0,2.2,3.5,3.09,High,Millennials
30622,7.1,3.6,8.5,2.6,4.4,3.01,Moderate,Millennials
30623,5.6,1.9,8.7,0.2,4.0,3.11,Moderate,Millennials
30624,3.5,5.0,6.2,1.5,4.9,2.9,Moderate,Millennials
30625,6.0,2.6,7.0,4.7,3.9,3.43,Moderate,Millennials
30626,5.5,1.5,7.7,1.7,4.6,3.12,Moderate,Millennials
30627,7.5,1.9,8.1,1.4,4.8,2.84,Moderate,Millennials
30628,4.9,2.8,8.4,3.5,2.7,3.11,Moderate,Millennials
30629,5.3,2.1,6.7,2.6,3.4,2.66,Low,Millennials
30630,7.1,3.3,8.0,2.1,2.6,3.25,Moderate,Millennials
30631,6.5,2.5,7.9,4.3,5.0,3.36,Moderate,Millennials
30632,6.3,1.6,6.2,3.9,3.9,2.34,High,Millennials
30633,5.9,2.2,9.1,2.3,4.7,3.02,Moderate,Millennials
30634,6.9,4.0,7.2,0.1,5.9,3.16,Low,Millennials
30635,8.4,1.4,9.0,2.4,3.5,3.48,Moderate,Millennials
30636,6.4,2.1,8.1,2.3,2.6,2.95,Moderate,Millennials
30637,7.5,2.0,7.1,1.1,4.5,2.81,Moderate,Millennials
30638,4.8,2.9,9.5,3.2,3.5,2.85,Moderate,Millennials
30639,6.8,0.9,5.6,1.8,3.6,3.65,Low,Millennials
30640,4.0,2.8,6.5,1.6,3.8,2.77,Moderate,Millennials
30641,5.9,4.1,8.8,2.2,2.4,2.57,Moderate,Millennials
30642,7.1,0.6,6.2,1.4,6.2,2.71,High,Millennials
30643,4.4,2.0,8.8,1.2,4.1,2.93,Moderate,Millennials
30644,7.2,3.7,8.8,3.1,5.2,2.85,High,Millennials
30645,4.2,1.4,7.6,1.3,4.4,3.36,Low,Millennials
30646,5.8,0.9,7.0,2.0,2.8,2.79,High,Millennials
30647,7.3,2.4,8.6,3.3,4.5,3.3,Moderate,Millennials
30648,5.0,2.4,8.9,2.5,5.5,3.02,Moderate,Millennials
30649,4.1,3.1,8.5,3.0,1.4,3.27,High,Millennials
30650,6.5,3.2,8.6,3.8,3.6,2.95,Moderate,Millennials
30651,7.3,2.1,8.6,3.2,4.3,3.04,Moderate,Millennials
30652,6.0,3.4,7.3,1.1,4.9,3.34,High,Millennials
30653,4.0,0.9,7.6,1.6,5.3,2.37,High,Millennials
30654,4.5,1.3,9.3,0.0,5.3,2.76,Moderate,Millennials
30655,6.4,1.8,8.0,2.9,2.6,3.33,Low,Millennials
30656,7.0,2.2,7.6,2.9,0.8,3.59,Moderate,Millennials
30657,5.9,4.2,9.1,0.9,2.3,3.41,High,Millennials
30658,7.5,2.8,8.9,2.1,1.8,2.28,Moderate,Millennials
30659,7.4,1.7,9.1,0.0,3.5,2.72,Moderate,Millennials
30660,7.4,3.2,7.9,2.5,3.3,2.85,Moderate,Millennials
30661,6.2,2.7,7.2,1.6,4.1,3.01,Low,Millennials
30662,8.5,2.5,7.1,2.4,3.9,2.95,Low,Millennials
30663,4.3,2.4,7.1,2.2,3.5,3.05,Low,Millennials
30664,5.5,2.7,7.3,2.3,3.0,2.79,Moderate,Millennials
30665,4.2,4.1,8.9,3.4,4.4,2.83,Low,Millennials
30666,7.5,2.9,8.3,1.7,3.5,2.85,Moderate,Millennials
30667,2.8,1.0,7.1,1.4,4.4,2.69,High,Millennials
30668,6.9,0.5,8.4,2.2,2.6,2.88,Moderate,Millennials
30669,5.1,2.2,7.8,2.2,2.9,2.3,Low,Millennials
30670,7.3,3.5,6.3,3.0,3.7,3.1,High,Millennials
30671,7.9,2.3,6.3,0.9,3.9,2.52,Low,Millennials
30672,6.2,3.6,9.1,1.2,3.9,3.0,Low,Millennials
30673,4.8,1.5,8.9,1.4,3.2,3.18,Low,Millennials
30674,7.8,2.2,6.2,1.5,4.0,2.32,Moderate,Millennials
30675,4.6,0.7,8.2,1.8,3.5,2.4,Moderate,Millennials
30676,3.8,2.2,9.7,2.0,3.3,2.6,Low,Millennials
30677,5.1,1.4,8.6,1.3,4.1,3.07,Moderate,Millennials
30678,6.4,1.5,7.5,3.0,4.3,3.56,Moderate,Millennials
30679,6.6,1.4,8.2,2.5,5.9,3.26,Low,Millennials
30680,5.2,2.3,8.2,0.0,4.5,2.89,Low,Millennials
30681,4.3,2.7,7.6,1.4,7.1,3.34,Moderate,Millennials
30682,5.8,2.8,8.1,0.1,4.8,3.32,Moderate,Millennials
30683,7.4,2.1,8.7,0.1,5.9,2.74,Moderate,Millennials
30684,4.7,1.9,8.0,2.6,5.4,3.26,Moderate,Millennials
30685,3.4,2.2,7.2,1.2,2.2,2.93,High,Millennials
30686,5.6,2.3,7.4,3.5,5.0,3.15,Moderate,Millennials
30687,5.8,1.6,9.2,1.9,2.1,3.04,Moderate,Millennials
30688,3.4,2.1,6.4,2.7,4.3,3.14,Low,Millennials
30689,7.5,1.8,7.5,3.6,3.7,2.6,Moderate,Millennials
30690,6.1,2.7,6.5,3.5,5.5,3.55,Moderate,Millennials
30691,6.9,2.7,9.6,1.6,7.0,3.04,Low,Millennials
30692,6.3,1.7,6.2,2.3,4.8,2.51,Low,Millennials
30693,5.8,2.6,8.6,0.0,4.7,2.94,Moderate,Millennials
30694,6.6,2.8,8.1,2.3,6.3,2.98,Low,Millennials
30695,6.2,1.9,9.5,2.1,3.6,3.16,Moderate,Millennials
30696,3.9,4.2,9.3,3.6,4.6,2.93,Low,Millennials
30697,4.9,3.0,6.1,0.6,3.2,2.98,Moderate,Millennials
30698,7.1,2.9,7.7,2.8,4.6,3.4,Moderate,Millennials
30699,5.4,3.7,8.3,3.3,3.6,3.6,Moderate,Millennials
30700,6.8,3.5,9.9,3.4,5.4,3.1,Moderate,Millennials
30701,4.4,1.2,9.3,2.0,4.4,3.21,Moderate,Millennials
30702,7.5,4.9,5.9,1.6,4.5,3.59,High,Millennials
30703,4.9,3.3,7.6,2.7,6.9,2.87,High,Millennials
30704,6.9,3.5,7.9,4.1,3.4,3.05,High,Millennials
30705,5.4,3.0,9.1,3.8,3.3,3.0,Low,Millennials
30706,5.7,2.9,7.7,2.3,6.0,3.12,Low,Millennials
30707,6.0,2.0,7.9,1.8,3.2,2.75,Low,Millennials
30708,3.5,2.0,7.9,0.9,4.4,3.11,Moderate,Millennials
30709,5.4,1.1,7.9,0.0,1.8,3.08,High,Millennials
30710,4.5,0.3,7.8,2.0,4.8,3.11,Moderate,Millennials
30711,6.8,4.4,7.7,1.3,5.0,2.67,High,Millennials
30712,7.5,1.5,8.1,2.1,2.9,3.01,Low,Millennials
30713,5.6,3.1,7.7,3.5,4.3,2.61,High,Millennials
30714,6.3,2.7,8.4,1.2,3.7,2.4,High,Millennials
30715,5.4,0.0,10.0,0.6,6.4,2.53,Low,Millennials
30716,5.3,2.2,8.2,4.4,2.5,3.39,Low,Millennials
30717,5.4,2.2,6.1,2.9,1.6,2.81,Moderate,Millennials
30718,4.7,4.8,7.3,3.3,7.5,2.68,Low,Millennials
30719,7.4,3.7,7.7,2.1,2.6,2.85,High,Millennials
30720,5.8,0.7,6.3,2.7,4.6,2.43,Moderate,Millennials
30721,7.8,1.9,8.3,1.8,4.1,2.13,Moderate,Millennials
30722,6.8,2.9,8.9,0.9,5.3,3.21,Moderate,Millennials
30723,8.0,1.9,8.9,0.3,5.0,2.88,Moderate,Millennials
30724,5.7,2.4,6.7,1.8,3.9,3.2,Moderate,Millennials
30725,3.4,0.5,7.0,1.7,3.6,3.09,Moderate,Millennials
30726,4.3,2.6,8.8,2.9,3.9,3.18,Low,Millennials
30727,7.4,2.3,8.9,2.8,4.0,3.09,Moderate,Millennials
30728,6.9,2.5,6.8,2.1,5.1,2.76,Moderate,Millennials
30729,6.3,1.8,7.9,2.6,2.7,2.9,Low,Millennials
30730,6.6,1.8,8.1,3.3,4.6,2.85,Low,Millennials
30731,6.5,0.0,8.7,2.3,2.2,2.83,Low,Millennials
30732,7.9,2.5,8.0,2.5,5.3,3.29,Moderate,Millennials
30733,5.3,3.6,6.8,2.4,5.2,3.69,Low,Millennials
30734,5.1,0.0,6.7,1.5,4.1,3.18,Low,Millennials
30735,7.7,2.7,7.5,1.5,3.9,3.44,Low,Millennials
30736,4.3,2.4,7.7,2.4,4.1,3.17,Low,Millennials
30737,7.0,3.1,8.0,0.8,7.1,2.98,Moderate,Millennials
30738,7.5,1.4,7.3,3.1,5.4,2.72,Moderate,Millennials
30739,5.6,3.1,8.3,1.3,4.1,3.0,High,Millennials
30740,6.2,0.1,6.0,1.8,2.0,2.68,High,Millennials
30741,6.8,1.6,7.9,2.1,4.4,3.39,Moderate,Millennials
30742,6.8,3.7,8.4,2.7,1.4,3.0,Low,Millennials
30743,5.7,2.7,8.7,2.1,6.3,2.92,Low,Millennials
30744,5.8,2.7,8.2,3.5,3.1,2.66,Moderate,Millennials
30745,4.2,2.4,7.4,2.5,4.4,2.95,Low,Millennials
30746,6.6,0.8,8.7,1.9,4.3,2.72,Moderate,Millennials
30747,6.3,0.8,6.7,2.3,4.2,3.26,Moderate,Millennials
30748,5.2,1.6,7.4,0.6,3.9,2.61,Low,Millennials
30749,5.5,0.9,7.7,3.9,4.1,2.77,High,Millennials
30750,6.5,2.5,8.8,1.6,5.2,2.92,Moderate,Millennials
30751,3.9,4.6,6.7,3.1,4.9,3.1,High,Millennials
30752,4.7,2.2,9.0,2.5,3.6,2.92,Moderate,Millennials
30753,7.3,4.4,8.8,3.0,7.0,2.62,Low,Millennials
30754,8.2,1.4,5.7,3.8,4.5,3.26,Moderate,Millennials
30755,6.2,5.8,8.0,1.4,6.2,3.03,High,Millennials
30756,5.6,2.7,6.5,2.3,3.7,3.04,Low,Millennials
30757,6.9,2.2,8.7,2.4,3.4,2.82,Moderate,Millennials
30758,5.0,1.3,8.6,3.1,3.8,3.21,Moderate,Millennials
30759,7.3,0.7,6.9,3.0,4.5,3.03,Moderate,Millennials
30760,5.8,2.5,9.1,0.5,6.7,3.02,Moderate,Millennials
30761,6.6,4.1,7.9,1.7,4.8,3.06,Low,Millennials
30762,8.3,2.3,8.4,3.0,3.1,2.95,High,Millennials
30763,7.2,1.6,9.3,2.1,5.8,3.2,Moderate,Millennials
30764,7.8,1.9,7.2,1.4,2.9,3.39,Moderate,Millennials
30765,3.8,2.6,9.0,0.5,6.7,3.23,Moderate,Millennials
30766,6.1,3.1,6.5,0.2,4.4,3.66,Low,Millennials
30767,5.7,1.8,7.3,2.1,3.8,2.81,Moderate,Millennials
30768,4.9,2.3,9.0,2.3,5.2,3.33,Moderate,Millennials
30769,4.7,3.5,8.0,0.0,5.9,2.94,Moderate,Millennials
30770,5.8,2.3,7.7,0.1,3.0,3.51,Low,Millennials
30771,7.0,0.5,6.3,0.0,4.1,3.0,Low,Millennials
30772,6.7,3.5,7.9,1.1,6.7,2.99,Moderate,Millennials
30773,4.4,2.5,7.5,2.8,6.1,2.7,Moderate,Millennials
30774,5.7,3.6,7.7,2.0,4.4,2.62,Moderate,Millennials
30775,7.2,1.0,7.1,1.0,3.3,2.52,Moderate,Millennials
30776,7.8,4.3,7.4,3.2,3.7,2.7,Low,Millennials
30777,6.3,2.3,8.6,0.0,5.5,3.08,Moderate,Millennials
30778,6.0,3.8,7.7,0.8,5.1,2.97,Low,Millennials
30779,3.5,1.4,8.5,3.1,6.8,2.81,Low,Millennials
30780,7.4,2.1,7.5,3.1,6.2,2.8,Moderate,Millennials
30781,3.8,1.5,7.4,1.5,3.4,2.76,Low,Millennials
30782,5.4,3.7,7.1,2.9,5.3,2.82,Low,Millennials
30783,5.2,1.7,8.1,3.2,3.4,3.17,High,Millennials
30784,6.0,2.4,6.8,2.7,4.7,2.86,Moderate,Millennials
30785,8.5,3.1,9.6,2.6,3.1,2.93,Moderate,Millennials
30786,4.9,2.9,7.7,3.1,5.6,2.7,Low,Millennials
30787,4.3,2.5,7.4,1.9,2.9,2.68,High,Millennials
30788,5.6,2.6,7.5,2.3,3.3,3.21,Moderate,Millennials
30789,5.0,1.9,7.3,2.3,4.1,2.36,High,Millennials
30790,6.8,1.0,7.4,2.4,7.7,2.71,Low,Millennials
30791,4.3,2.3,8.1,0.3,7.0,2.81,High,Millennials
30792,5.0,2.1,8.1,2.5,5.3,3.16,Moderate,Millennials
30793,4.8,0.8,6.6,1.7,4.5,2.96,High,Millennials
30794,5.9,1.9,7.0,1.6,7.5,2.68,Moderate,Millennials
30795,9.7,1.4,9.3,2.2,4.2,3.17,Low,Millennials
30796,4.9,2.5,6.5,3.0,4.2,3.27,Low,Millennials
30797,4.1,0.6,6.6,0.6,4.3,2.8,Moderate,Millennials
30798,7.4,3.1,8.6,2.8,5.1,2.96,Moderate,Millennials
30799,4.0,2.3,7.3,1.4,4.5,2.79,Low,Millennials
30800,3.2,3.7,6.9,2.5,5.6,2.99,Low,Millennials
30801,7.9,1.7,7.7,3.4,4.1,3.31,Moderate,Millennials
30802,7.9,2.5,7.7,2.0,6.8,3.22,Moderate,Millennials
30803,4.3,2.2,7.7,1.3,3.9,2.6,Moderate,Millennials
30804,5.5,1.5,8.1,3.5,4.1,2.94,Low,Millennials
30805,6.3,2.5,8.4,1.4,4.4,3.33,Moderate,Millennials
30806,8.7,2.0,7.4,2.8,2.9,2.78,Low,Millennials
30807,8.2,2.7,8.6,1.3,4.6,3.0,Moderate,Millennials
30808,4.3,2.0,8.9,1.1,4.1,3.2,Moderate,Millennials
30809,6.3,2.7,7.0,0.2,4.0,3.39,Moderate,Millennials
30810,7.0,2.7,7.6,2.5,2.5,2.96,High,Millennials
30811,5.3,2.2,8.1,0.0,5.5,3.69,Low,Millennials
30812,6.0,3.2,7.0,2.0,3.8,3.23,High,Millennials
30813,4.5,1.9,8.5,1.8,3.3,3.36,Moderate,Millennials
30814,4.9,2.0,8.8,1.4,4.1,3.38,High,Millennials
30815,5.4,3.7,8.3,2.4,4.7,3.22,Low,Millennials
30816,5.7,0.5,8.1,3.3,2.4,3.21,High,Millennials
30817,6.2,2.2,8.3,3.4,4.1,2.9,Moderate,Millennials
30818,5.8,1.3,9.1,2.3,3.0,3.2,Moderate,Millennials
30819,6.2,2.1,7.1,2.1,4.9,3.1,Moderate,Millennials
30820,6.4,4.4,9.0,2.8,4.0,2.23,Moderate,Millennials
30821,6.8,2.0,9.3,3.6,5.0,2.61,Moderate,Millennials
30822,5.0,4.0,9.4,2.4,6.4,2.62,Moderate,Millennials
30823,6.4,2.1,7.2,1.5,5.1,2.84,Moderate,Millennials
30824,6.8,1.7,7.6,0.1,3.8,2.92,Low,Millennials
30825,6.2,2.7,6.6,4.9,4.9,3.41,Moderate,Millennials
30826,6.2,2.8,6.6,2.9,4.7,2.77,High,Millennials
30827,6.6,0.4,8.3,3.5,5.6,2.32,Low,Millennials
30828,5.2,2.1,7.7,3.2,4.9,2.68,Low,Millennials
30829,6.3,1.9,8.8,1.7,2.8,2.85,High,Millennials
30830,6.8,3.1,7.9,5.0,4.4,3.16,Moderate,Millennials
30831,4.7,1.3,8.5,1.3,3.7,2.57,Low,Millennials
30832,3.5,2.5,8.3,1.4,3.7,3.16,Moderate,Millennials
30833,4.2,2.1,7.0,1.3,3.6,3.17,Moderate,Millennials
30834,6.2,2.7,8.5,3.5,2.0,3.42,Low,Millennials
30835,6.6,3.2,8.5,3.8,3.7,3.47,Low,Millennials
30836,6.3,4.5,7.2,1.9,2.6,2.75,Low,Millennials
30837,5.6,2.6,8.3,2.3,2.8,2.72,Moderate,Millennials
30838,5.6,3.2,6.1,0.4,5.7,3.05,Moderate,Millennials
30839,7.3,3.3,7.6,2.7,2.4,2.95,High,Millennials
30840,6.3,2.4,7.7,2.5,5.2,3.38,Low,Millennials
30841,5.6,3.0,7.7,1.4,2.6,3.43,Low,Millennials
30842,6.9,3.3,7.1,1.6,6.4,2.64,High,Millennials
30843,2.6,2.9,8.2,1.1,5.1,3.21,Low,Millennials
30844,7.1,1.6,6.3,1.3,5.4,3.16,Low,Millennials
30845,7.9,0.4,7.3,2.9,3.8,2.71,Moderate,Millennials
30846,5.9,1.7,7.6,0.3,4.3,2.42,Low,Millennials
30847,5.6,1.0,6.4,3.6,4.7,2.91,Low,Millennials
30848,6.0,2.6,8.2,1.5,5.3,3.4,Moderate,Millennials
30849,5.9,2.3,7.3,3.3,3.4,2.39,Low,Millennials
30850,5.4,2.6,8.0,4.0,4.2,3.07,Moderate,Millennials
30851,4.2,3.0,10.0,2.8,5.7,2.78,Low,Millennials
30852,6.4,2.6,7.4,2.4,6.6,2.61,High,Millennials
30853,8.2,1.0,8.3,0.0,4.7,3.23,Low,Millennials
30854,4.6,2.8,8.4,2.1,4.1,2.88,High,Millennials
30855,4.8,0.2,9.7,0.4,3.8,3.18,Low,Millennials
30856,5.4,2.5,8.5,1.0,3.2,2.67,High,Millennials
30857,4.0,1.0,7.7,1.0,6.9,2.87,High,Millennials
30858,5.6,1.0,5.7,3.1,3.6,3.32,Moderate,Millennials
30859,5.9,2.0,8.2,2.3,8.0,3.46,Moderate,Millennials
30860,3.8,2.7,6.7,4.8,5.9,3.54,Moderate,Millennials
30861,5.4,2.2,8.0,2.8,4.8,3.57,Moderate,Millennials
30862,2.9,0.7,7.3,2.6,6.3,2.53,Low,Millennials
30863,7.3,2.4,8.8,1.2,5.5,2.65,Moderate,Millennials
30864,5.0,0.7,9.2,0.9,3.3,3.18,Moderate,Millennials
30865,3.6,3.2,6.7,1.7,3.6,3.26,Moderate,Millennials
30866,7.4,3.2,8.2,0.0,4.9,3.06,Moderate,Millennials
30867,7.7,2.5,7.0,2.9,3.9,3.32,Moderate,Millennials
30868,6.2,4.1,6.8,1.4,4.7,2.6,High,Millennials
30869,4.1,2.7,6.5,3.5,6.2,3.2,Low,Millennials
30870,9.1,2.2,9.1,3.4,5.1,3.11,Moderate,Millennials
30871,7.3,1.3,7.9,2.2,5.8,2.31,Moderate,Millennials
30872,6.8,1.8,7.4,1.3,2.9,3.09,Moderate,Millennials
30873,5.1,1.0,7.8,3.0,5.7,3.62,Low,Millennials
30874,8.7,1.4,8.3,2.9,6.0,3.02,Low,Millennials
30875,6.8,1.3,8.0,1.6,2.8,3.44,High,Millennials
30876,5.1,1.5,8.6,1.5,4.7,2.81,Moderate,Millennials
30877,6.3,2.4,6.7,3.6,1.7,2.63,Low,Millennials
30878,5.7,2.2,7.9,1.0,4.9,3.08,Low,Millennials
30879,5.0,1.2,7.0,0.9,3.8,2.69,Low,Millennials
30880,7.4,0.6,7.2,2.7,1.2,3.1,Moderate,Millennials
30881,7.4,1.5,7.4,1.0,5.0,3.49,Moderate,Millennials
30882,3.3,3.2,8.9,2.0,3.5,3.37,Moderate,Millennials
30883,6.5,3.0,7.1,2.4,5.5,2.6,Low,Millennials
30884,5.4,0.0,7.3,2.7,5.1,2.82,Moderate,Millennials
30885,3.2,3.6,7.0,2.9,6.1,2.73,Low,Millennials
30886,4.8,2.9,7.9,1.4,4.0,3.29,Low,Millennials
30887,7.5,0.2,8.0,1.7,3.9,3.38,Low,Millennials
30888,5.9,2.2,7.5,1.0,4.5,3.09,Moderate,Millennials
30889,4.7,2.4,7.7,2.5,3.1,2.84,Moderate,Millennials
30890,6.3,2.1,7.5,2.0,4.3,2.88,Moderate,Millennials
30891,5.4,1.4,6.7,3.0,2.3,3.3,Moderate,Millennials
30892,3.6,3.5,8.4,1.7,5.0,2.54,Low,Millennials
30893,5.4,1.9,8.5,0.0,3.5,2.85,Low,Millennials
30894,5.0,3.0,5.7,4.1,3.3,3.1,Low,Millennials
30895,6.2,3.2,7.7,2.4,3.7,3.03,Low,Millennials
30896,7.0,3.7,7.0,1.9,5.9,2.75,Moderate,Millennials
30897,4.9,3.1,7.2,1.3,3.2,3.63,Moderate,Millennials
30898,5.6,1.8,7.2,2.7,5.8,3.09,Moderate,Millennials
30899,3.8,3.3,9.3,2.2,2.9,2.25,Moderate,Millennials
30900,7.1,5.3,6.8,2.8,4.7,3.03,Moderate,Millennials
30901,6.6,0.7,7.3,2.6,0.9,3.05,Low,Millennials
30902,5.9,1.6,8.9,3.7,4.6,3.16,Low,Millennials
30903,6.7,0.0,6.6,0.0,3.7,3.15,Moderate,Millennials
30904,7.9,2.9,8.6,3.2,5.6,2.81,Moderate,Millennials
30905,4.9,3.8,8.1,3.8,2.7,2.61,Moderate,Millennials
30906,4.7,3.5,8.0,4.0,4.1,2.94,Low,Millennials
30907,6.0,4.6,8.0,0.6,6.0,2.72,High,Millennials
30908,4.6,0.5,9.0,0.0,5.0,2.85,Moderate,Millennials
30909,5.1,2.8,8.0,3.7,1.8,3.53,Moderate,Millennials
30910,4.0,1.3,8.9,0.1,8.0,2.63,Moderate,Millennials
30911,3.2,2.2,8.0,2.4,3.6,3.57,Moderate,Millennials
30912,5.1,5.4,7.1,1.5,3.6,2.89,Moderate,Millennials
30913,8.2,1.9,8.1,2.5,2.5,3.12,Low,Millennials
30914,5.3,1.8,8.6,2.5,6.5,2.92,Moderate,Millennials
30915,5.9,0.0,7.8,1.6,3.8,3.37,High,Millennials
30916,4.8,3.8,5.6,2.7,4.9,3.03,Low,Millennials
30917,6.0,3.2,6.6,2.8,4.8,3.52,Moderate,Millennials
30918,4.8,1.7,7.2,3.6,6.3,3.32,Low,Millennials
30919,4.4,0.7,7.9,2.6,2.3,2.79,High,Millennials
30920,5.9,4.1,8.2,2.6,3.7,3.63,Moderate,Millennials
30921,6.7,0.5,7.5,4.2,5.3,2.89,Moderate,Millennials
30922,5.6,0.6,7.0,3.5,4.2,2.95,Low,Millennials
30923,3.7,4.1,7.2,1.4,5.3,2.73,Low,Millennials
30924,6.1,4.4,9.2,3.7,3.8,2.78,Moderate,Millennials
30925,4.6,2.7,8.9,2.2,3.7,3.4,Moderate,Millennials
30926,4.3,2.8,6.7,2.1,6.8,2.76,High,Millennials
30927,5.8,1.2,9.2,0.6,2.8,3.13,Moderate,Millennials
30928,3.9,1.6,6.8,2.3,4.0,3.19,High,Millennials
30929,7.8,3.2,7.5,3.9,6.5,3.43,Moderate,Millennials
30930,7.1,2.8,6.9,3.5,2.7,3.03,Moderate,Millennials
30931,8.0,2.3,7.8,1.4,4.9,2.88,Moderate,Millennials
30932,7.3,2.7,6.9,1.1,6.2,2.82,High,Millennials
30933,5.9,2.9,7.6,3.1,5.4,3.12,Low,Millennials
30934,5.7,2.1,9.1,2.1,5.5,2.18,Low,Millennials
30935,6.2,1.6,7.1,0.7,4.7,2.3,Moderate,Millennials
30936,5.8,1.6,8.0,1.3,5.0,2.72,High,Millennials
30937,4.5,2.6,7.7,3.4,5.5,2.81,Moderate,Millennials
30938,6.7,0.0,8.1,0.4,4.5,3.09,Low,Millennials
30939,2.4,1.6,8.3,2.7,5.6,3.39,Moderate,Millennials
30940,4.0,4.1,8.9,2.6,5.2,2.82,Low,Millennials
30941,6.2,1.4,9.1,4.6,3.7,3.16,Low,Millennials
30942,6.8,1.1,8.6,3.6,6.1,2.89,Moderate,Millennials
30943,6.1,4.2,8.2,3.4,4.8,2.91,Moderate,Millennials
30944,5.1,3.6,8.1,3.1,3.1,3.1,Low,Millennials
30945,6.9,1.1,8.2,3.0,4.3,2.95,Low,Millennials
30946,5.6,3.5,8.5,1.1,3.6,3.33,Moderate,Millennials
30947,6.4,1.4,6.7,2.1,4.4,3.03,Moderate,Millennials
30948,9.2,3.2,8.9,3.1,4.2,3.01,Moderate,Millennials
30949,4.5,2.1,8.3,2.4,6.1,3.21,Moderate,Millennials
30950,4.5,3.1,8.9,0.9,5.3,2.85,Moderate,Millennials
30951,4.3,3.3,7.1,2.5,2.8,2.74,Moderate,Millennials
30952,4.4,1.6,8.6,0.4,5.9,3.2,Low,Millennials
30953,8.7,1.8,8.1,2.3,3.9,2.84,High,Millennials
30954,4.7,4.1,8.3,2.4,5.6,2.75,Moderate,Millennials
30955,4.1,1.5,7.9,2.0,4.6,2.48,Moderate,Millennials
30956,6.0,0.7,9.0,2.6,4.3,3.02,Low,Millennials
30957,6.4,2.2,8.5,0.9,3.6,2.58,Low,Millennials
30958,3.7,1.2,6.8,1.5,4.0,2.81,Low,Millennials
30959,6.7,1.3,8.4,0.8,5.7,3.25,Moderate,Millennials
30960,7.9,2.3,7.3,3.0,3.1,2.59,Moderate,Millennials
30961,7.0,4.5,8.3,2.8,2.3,2.18,Low,Millennials
30962,5.7,0.6,6.7,2.4,3.5,3.02,Low,Millennials
30963,7.2,1.9,6.9,1.2,4.3,3.16,High,Millennials
30964,7.2,1.2,7.5,2.5,4.0,3.18,High,Millennials
30965,6.9,3.1,7.8,2.7,2.7,3.16,Moderate,Millennials
30966,5.8,0.5,8.2,4.3,5.4,3.37,Moderate,Millennials
30967,5.2,1.3,7.3,2.4,1.0,3.08,Moderate,Millennials
30968,8.7,2.6,8.0,2.7,4.9,3.3,Low,Millennials
30969,6.4,0.5,7.9,2.8,1.8,3.05,Moderate,Millennials
30970,4.5,1.4,8.2,2.0,3.4,3.15,Moderate,Millennials
30971,3.9,2.9,7.9,1.9,1.9,2.82,Low,Millennials
30972,4.5,2.4,8.0,1.5,3.7,3.49,Moderate,Millennials
30973,4.5,3.3,7.9,1.8,5.0,2.78,High,Millennials
30974,8.4,3.0,8.2,1.3,5.5,2.74,Moderate,Millennials
30975,5.8,2.6,8.9,1.9,3.3,2.92,Moderate,Millennials
30976,6.3,0.5,8.2,1.3,2.4,2.95,Low,Millennials
30977,5.4,1.6,8.5,1.0,3.3,3.25,High,Millennials
30978,6.0,2.2,7.9,3.5,5.4,2.89,Low,Millennials
30979,5.6,2.4,7.7,3.1,4.0,2.79,Moderate,Millennials
30980,6.2,2.8,7.0,3.0,4.7,3.2,Low,Millennials
30981,5.6,3.5,7.0,1.4,4.0,2.61,Moderate,Millennials
30982,6.6,3.6,9.1,1.7,6.5,2.89,Moderate,Millennials
30983,6.1,3.0,8.4,1.7,4.0,2.75,Low,Millennials
30984,8.1,3.5,7.4,2.2,2.6,2.65,High,Millennials
30985,5.7,3.1,7.6,2.3,5.5,2.73,Moderate,Millennials
30986,3.7,3.4,9.1,1.3,4.5,2.66,Low,Millennials
30987,4.4,1.1,6.1,1.3,3.3,2.62,Moderate,Millennials
30988,6.6,2.0,7.7,2.0,2.3,2.79,Moderate,Millennials
30989,6.7,0.6,7.5,4.1,4.6,2.98,Low,Millennials
30990,5.0,3.3,8.4,0.2,3.2,3.64,Low,Millennials
30991,4.4,0.4,7.7,0.8,8.0,3.04,Low,Millennials
30992,5.8,2.9,8.2,0.6,2.7,3.03,Moderate,Millennials
30993,8.0,3.3,7.3,2.0,4.6,2.62,Moderate,Millennials
30994,3.6,2.8,8.1,2.0,5.2,3.39,Moderate,Millennials
30995,5.2,2.6,7.3,1.8,4.2,3.41,Low,Millennials
30996,6.3,2.5,8.4,2.3,3.4,3.34,Low,Millennials
30997,5.9,4.1,6.9,0.2,3.1,2.88,Moderate,Millennials
30998,5.9,3.0,9.1,2.9,2.6,2.92,High,Millennials
30999,3.9,3.3,8.3,3.7,2.3,2.93,Moderate,Millennials
31000,7.2,4.0,8.1,1.6,6.5,2.58,Low,Millennials
31001,7.7,0.0,6.5,1.9,6.5,3.21,Low,Millennials
31002,4.9,3.4,8.3,2.1,3.0,2.78,Moderate,Millennials
31003,5.8,4.8,7.5,2.3,5.6,3.26,Moderate,Millennials
31004,4.9,1.8,6.4,2.8,6.4,2.65,Moderate,Millennials
31005,4.6,0.0,8.0,1.7,3.9,2.85,High,Millennials
31006,6.1,1.9,7.1,1.9,4.5,3.18,Moderate,Millennials
31007,6.7,3.1,7.3,3.5,4.1,2.87,Moderate,Millennials
31008,3.9,1.3,7.7,2.5,4.7,3.07,Moderate,Millennials
31009,7.0,3.0,7.4,1.4,3.9,3.39,High,Millennials
31010,5.6,1.3,6.3,2.9,5.4,3.4,Moderate,Millennials
31011,6.3,2.9,8.8,3.3,4.7,2.9,Low,Millennials
31012,7.2,2.3,9.2,0.0,4.9,2.91,Moderate,Millennials
31013,5.0,2.1,7.3,2.7,4.3,2.86,Moderate,Millennials
31014,4.5,2.6,8.1,1.3,1.6,3.27,Low,Millennials
31015,5.9,1.9,7.4,2.5,5.7,3.05,Low,Millennials
31016,7.6,2.7,9.0,2.7,3.9,3.47,High,Millennials
31017,7.1,1.9,8.1,1.6,7.5,3.09,Moderate,Millennials
31018,6.5,2.3,8.0,0.5,4.3,3.08,Moderate,Millennials
31019,4.7,2.1,9.2,1.2,3.3,3.29,Low,Millennials
31020,6.4,2.7,9.4,4.1,3.2,3.23,Moderate,Millennials
31021,5.4,3.0,6.8,3.6,3.8,2.67,Moderate,Millennials
31022,4.3,1.6,9.2,0.0,3.4,3.12,Moderate,Millennials
31023,3.8,1.3,7.8,2.0,3.1,3.15,Moderate,Millennials
31024,6.3,1.4,8.4,0.6,3.1,2.82,Low,Millennials
31025,5.0,2.8,8.5,0.3,5.7,3.12,Moderate,Millennials
31026,4.5,2.3,7.9,2.8,4.0,2.72,Moderate,Millennials
31027,5.0,1.8,7.1,3.3,4.3,2.89,Moderate,Millennials
31028,4.5,1.3,9.0,2.1,5.4,2.96,Low,Millennials
31029,6.1,3.1,7.3,3.4,2.7,3.04,High,Millennials
31030,4.8,2.3,6.5,2.6,4.6,2.35,High,Millennials
31031,8.2,2.3,6.2,1.5,3.1,2.38,High,Millennials
31032,7.7,1.3,9.1,2.8,0.0,3.34,Moderate,Millennials
31033,4.2,3.7,7.3,1.1,4.9,2.66,Moderate,Millennials
31034,6.1,0.5,7.5,1.4,5.3,2.74,Moderate,Millennials
31035,4.4,2.0,5.7,2.7,3.3,3.08,Moderate,Millennials
31036,5.8,2.8,7.7,1.4,4.8,3.2,Low,Millennials
31037,5.9,3.4,6.9,2.3,3.1,3.13,Low,Millennials
31038,6.3,3.6,7.9,3.1,5.9,3.61,Moderate,Millennials
31039,5.4,2.6,8.4,1.1,5.0,3.07,Moderate,Millennials
31040,6.7,2.8,6.6,2.3,5.6,2.87,Moderate,Millennials
31041,5.5,4.1,7.2,0.5,3.3,2.15,Low,Millennials
31042,5.5,1.6,7.6,2.0,6.1,2.97,Low,Millennials
31043,5.3,2.2,7.9,1.4,4.2,2.84,Moderate,Millennials
31044,3.4,4.0,7.5,2.0,6.3,2.65,Moderate,Millennials
31045,5.1,2.2,6.1,1.8,5.0,2.64,Moderate,Millennials
31046,7.0,0.5,6.0,2.0,3.1,3.16,Moderate,Millennials
31047,5.1,2.8,8.2,2.3,5.1,3.49,Moderate,Millennials
31048,4.3,1.5,6.7,2.4,4.4,3.02,Moderate,Millennials
31049,3.6,3.0,8.0,1.4,1.9,3.5,High,Millennials
31050,6.1,1.6,7.5,2.6,4.3,3.13,Low,Millennials
31051,4.8,4.3,7.0,3.4,0.6,2.69,Low,Millennials
31052,5.8,0.5,9.1,2.8,4.9,3.2,Moderate,Millennials
31053,3.5,1.6,9.6,2.0,4.0,3.2,High,Millennials
31054,4.2,1.2,6.4,2.2,5.0,2.66,Moderate,Millennials
31055,4.6,1.4,7.6,1.5,4.2,3.31,High,Millennials
31056,7.7,2.5,8.7,1.4,4.0,3.01,High,Millennials
31057,7.5,1.9,7.1,1.2,2.1,3.15,Moderate,Millennials
31058,5.2,1.0,7.4,0.4,5.1,3.5,Moderate,Millennials
31059,3.2,0.8,8.5,1.9,4.3,3.56,Moderate,Millennials
31060,4.6,1.1,7.5,3.3,3.8,3.08,Moderate,Millennials
31061,6.1,1.4,8.6,3.1,4.7,3.18,Moderate,Millennials
31062,4.8,1.1,7.4,2.8,4.3,3.0,Low,Millennials
31063,5.7,2.8,8.0,2.2,6.0,3.39,Low,Millennials
31064,4.6,3.1,7.1,2.0,4.2,2.88,Low,Millennials
31065,4.0,0.8,6.8,1.6,6.6,3.23,High,Millennials
31066,5.8,2.3,8.5,1.1,3.3,3.34,Moderate,Millennials
31067,6.3,1.4,8.8,1.7,2.9,2.5,Low,Millennials
31068,4.2,0.1,7.7,2.1,6.5,3.5,Moderate,Millennials
31069,7.9,2.1,7.2,1.8,1.4,3.31,Moderate,Millennials
31070,5.0,1.5,8.4,3.0,0.1,2.73,High,Millennials
31071,7.3,1.4,9.6,2.2,5.9,3.46,Moderate,Millennials
31072,6.6,0.8,7.1,3.6,5.2,3.61,Moderate,Millennials
31073,6.2,0.6,9.2,1.6,2.1,2.85,Moderate,Millennials
31074,5.6,1.9,7.3,1.8,5.6,2.65,Moderate,Millennials
31075,3.7,2.7,8.3,2.0,4.9,3.84,Low,Millennials
31076,6.3,0.4,8.7,0.4,4.4,2.48,Moderate,Millennials
31077,5.1,1.1,7.0,0.9,2.4,2.38,Moderate,Millennials
31078,7.2,2.1,8.4,1.8,2.2,3.16,Moderate,Millennials
31079,6.3,1.1,7.3,4.0,3.1,3.1,Moderate,Millennials
31080,5.5,2.5,7.3,2.6,5.3,3.22,Moderate,Millennials
31081,6.8,3.2,7.5,3.1,3.4,3.82,Low,Millennials
31082,3.9,1.7,5.6,2.1,4.6,3.59,Moderate,Millennials
31083,6.7,1.9,6.0,1.4,4.4,2.76,Low,Millennials
31084,5.5,3.4,7.7,1.6,3.5,2.54,Low,Millennials
31085,4.7,4.2,7.9,1.1,5.9,3.3,Moderate,Millennials
31086,5.8,2.9,7.7,3.5,4.3,2.78,Moderate,Millennials
31087,5.6,1.7,7.5,2.1,4.7,2.76,Low,Millennials
31088,5.7,2.1,6.8,1.6,2.8,2.96,Moderate,Millennials
31089,7.5,2.3,8.4,1.4,4.7,2.76,Moderate,Millennials
31090,4.8,2.8,7.5,2.7,1.7,3.3,Moderate,Millennials
31091,6.1,1.7,8.9,2.9,4.4,3.11,Moderate,Millennials
31092,8.2,1.7,7.5,2.5,5.1,2.52,Moderate,Millennials
31093,7.0,2.4,6.9,0.3,3.2,2.97,Low,Millennials
31094,7.0,2.9,7.6,3.3,4.8,3.33,Moderate,Millennials
31095,8.2,1.3,7.4,2.2,5.4,3.27,Moderate,Millennials
31096,6.6,2.8,6.5,2.3,6.5,3.19,Moderate,Millennials
31097,5.1,2.4,10.0,1.8,4.0,2.96,Low,Millennials
31098,5.8,1.4,9.3,0.7,6.7,3.21,Low,Millennials
31099,7.0,2.7,7.6,2.6,4.1,2.99,Low,Millennials
31100,6.0,2.2,6.6,2.6,4.0,2.52,Low,Millennials
31101,8.3,2.3,7.7,2.6,0.8,3.05,Moderate,Millennials
31102,6.6,2.3,9.1,2.3,2.6,3.25,Moderate,Millennials
31103,7.2,3.4,7.7,2.7,3.5,2.54,High,Millennials
31104,6.0,1.7,7.7,1.4,2.2,3.2,Low,Millennials
31105,5.4,2.4,8.3,1.1,4.3,3.29,Moderate,Millennials
31106,4.2,2.3,7.8,3.6,3.8,3.22,Moderate,Millennials
31107,5.3,2.0,7.1,2.5,5.6,3.16,Low,Millennials
31108,5.0,1.0,8.8,1.9,5.9,2.83,Moderate,Millennials
31109,6.1,0.9,8.4,0.0,8.0,2.85,High,Millennials
31110,4.6,3.3,8.6,1.8,4.0,2.66,High,Millennials
31111,6.0,3.3,8.9,4.7,3.6,2.92,Moderate,Millennials
31112,7.7,3.9,7.6,1.5,3.8,2.71,Moderate,Millennials
31113,4.7,0.0,8.3,2.2,5.1,2.5,Low,Millennials
31114,5.0,3.1,7.0,1.4,6.6,2.67,Low,Millennials
31115,6.1,1.1,7.9,3.3,5.6,3.39,Moderate,Millennials
31116,6.9,1.3,8.2,0.8,2.3,3.16,High,Millennials
31117,5.7,0.0,8.2,0.7,3.2,3.55,Moderate,Millennials
31118,7.2,2.1,7.6,0.6,5.0,3.09,High,Millennials
31119,7.6,1.4,8.1,1.9,5.3,3.21,Low,Millennials
31120,6.6,0.0,8.5,2.7,2.9,2.89,Moderate,Millennials
31121,4.8,2.7,9.8,3.1,3.4,2.53,Moderate,Millennials
31122,4.1,3.0,7.7,2.4,5.1,2.92,Moderate,Millennials
31123,4.1,1.3,8.4,2.9,4.5,3.47,Low,Millennials
31124,5.8,2.6,8.2,0.0,2.1,2.77,Low,Millennials
31125,7.8,1.3,6.2,2.6,4.2,3.09,Low,Millennials
31126,6.3,0.0,7.9,0.5,4.2,2.49,Low,Millennials
31127,5.7,3.7,8.4,4.2,2.2,2.51,Moderate,Millennials
31128,5.6,3.5,7.7,1.7,4.7,2.78,High,Millennials
31129,6.2,0.1,9.7,2.2,3.8,2.59,Low,Millennials
31130,4.2,2.7,9.3,2.7,3.4,3.23,Low,Millennials
31131,7.8,2.0,8.3,2.3,6.7,2.75,Low,Millennials
31132,3.6,2.4,8.4,1.5,3.5,3.34,Low,Millennials
31133,8.5,1.0,6.2,3.0,2.5,3.83,High,Millennials
31134,3.2,4.4,8.0,2.8,4.6,3.11,High,Millennials
31135,4.5,2.5,8.6,3.4,5.1,3.36,Low,Millennials
31136,5.6,1.9,6.0,2.1,2.2,2.53,Low,Millennials
31137,5.2,2.9,8.0,2.7,5.1,2.79,Moderate,Millennials
31138,4.3,4.0,8.1,4.0,5.6,2.93,Moderate,Millennials
31139,6.9,2.5,5.9,1.8,2.7,2.97,Moderate,Millennials
31140,4.0,1.4,7.6,3.5,3.0,3.26,Moderate,Millennials
31141,5.8,2.1,6.5,1.4,3.8,3.02,Moderate,Millennials
31142,5.5,4.1,7.0,2.7,4.4,2.7,Moderate,Millennials
31143,6.3,1.7,6.6,0.6,6.3,3.0,Moderate,Millennials
31144,4.8,2.7,8.1,0.5,5.8,3.15,Moderate,Millennials
31145,5.9,4.1,7.5,0.8,2.7,3.04,Low,Millennials
31146,8.9,2.6,7.5,3.6,3.7,3.4,Low,Millennials
31147,5.9,1.8,9.0,2.3,6.2,2.93,Moderate,Millennials
31148,5.3,2.2,7.5,0.7,4.8,2.73,Low,Millennials
31149,5.6,2.2,7.8,2.3,2.3,2.42,Moderate,Millennials
31150,4.1,1.6,7.9,2.5,4.4,2.59,High,Millennials
31151,9.6,2.2,6.9,2.0,4.5,3.11,Moderate,Millennials
31152,5.7,3.0,7.9,1.6,4.9,3.32,Moderate,Millennials
31153,6.4,1.8,6.8,3.7,5.5,2.79,Moderate,Millennials
31154,3.1,0.6,9.3,1.2,6.6,3.46,Moderate,Millennials
31155,5.9,2.5,8.1,0.9,3.9,3.25,Low,Millennials
31156,3.5,2.8,6.7,1.8,4.7,2.85,Low,Millennials
31157,7.7,1.5,6.9,1.5,5.3,2.62,Low,Millennials
31158,7.4,1.1,7.9,3.5,6.6,2.78,High,Millennials
31159,7.6,0.2,7.0,2.7,6.1,3.5,Low,Millennials
31160,5.2,1.6,9.4,0.2,4.1,2.81,Moderate,Millennials
31161,5.2,1.9,8.7,3.2,2.6,3.5,Moderate,Millennials
31162,6.0,0.9,7.7,1.0,6.0,2.72,Low,Millennials
31163,6.0,3.6,6.6,1.3,4.3,3.01,Moderate,Millennials
31164,6.1,0.5,7.5,2.6,2.2,3.5,Low,Millennials
31165,6.1,1.4,8.0,0.6,3.5,2.69,Moderate,Millennials
31166,7.6,2.2,8.7,3.7,5.6,3.11,Moderate,Millennials
31167,4.9,2.1,9.2,2.8,4.5,2.47,Moderate,Millennials
31168,6.4,0.0,8.0,3.0,5.5,2.32,Moderate,Millennials
31169,6.7,1.5,7.7,1.6,2.7,2.57,High,Millennials
31170,4.5,0.1,8.1,1.8,6.7,3.49,High,Millennials
31171,5.6,2.5,7.9,2.8,6.0,2.67,Moderate,Millennials
31172,7.4,2.8,6.6,1.3,3.7,3.27,Low,Millennials
31173,4.6,3.2,9.1,1.2,5.1,2.88,Low,Millennials
31174,4.5,2.3,6.5,2.1,5.1,2.86,Moderate,Millennials
31175,4.2,2.3,7.6,2.6,4.9,2.95,Moderate,Millennials
31176,5.2,3.3,7.4,3.3,0.6,3.21,Moderate,Millennials
31177,7.8,1.9,7.9,2.5,5.8,2.54,Low,Millennials
31178,3.5,2.3,7.8,0.0,2.8,3.39,Moderate,Millennials
31179,7.8,2.0,7.5,3.8,2.6,2.89,Low,Millennials
31180,5.0,4.0,8.0,2.8,6.8,3.54,Moderate,Millennials
31181,9.0,0.7,8.9,0.6,4.9,3.07,Low,Millennials
31182,3.4,1.6,8.8,2.0,3.0,2.82,Moderate,Millennials
31183,7.9,1.9,7.5,2.6,2.9,2.96,Low,Millennials
31184,6.0,1.5,7.4,2.4,3.2,2.64,Low,Millennials
31185,6.9,2.4,9.2,2.0,2.9,2.93,Moderate,Millennials
31186,6.0,1.1,8.7,2.6,2.4,2.82,Low,Millennials
31187,7.9,1.9,8.4,2.4,3.6,3.06,Low,Millennials
31188,4.9,3.5,8.6,0.3,7.9,3.04,Moderate,Millennials
31189,6.8,1.8,9.2,2.1,4.2,3.18,Low,Millennials
31190,6.4,3.7,7.3,2.2,4.4,3.72,Moderate,Millennials
31191,5.5,2.1,7.6,3.4,5.6,3.12,Moderate,Millennials
31192,8.6,2.6,7.7,1.2,4.0,2.88,Low,Millennials
31193,8.6,1.3,8.4,0.2,5.3,3.23,High,Millennials
31194,6.7,3.1,9.1,2.3,4.2,2.96,Moderate,Millennials
31195,7.5,1.6,9.0,4.9,4.7,2.77,High,Millennials
31196,5.1,2.8,7.9,0.3,4.1,2.36,Low,Millennials
31197,5.9,1.9,8.7,3.2,5.0,3.4,Low,Millennials
31198,5.4,1.4,7.7,1.7,0.3,3.09,High,Millennials
31199,6.6,1.2,6.9,2.2,2.7,2.47,Moderate,Millennials
31200,5.2,2.3,8.1,2.9,4.9,2.72,Low,Millennials
31201,5.8,1.0,8.6,3.0,6.3,2.85,Low,Millennials
31202,6.9,2.7,7.4,2.9,7.7,3.44,Low,Millennials
31203,3.9,2.2,8.8,1.2,3.0,3.2,Moderate,Millennials
31204,6.0,0.3,7.6,2.6,5.0,3.35,Low,Millennials
31205,5.9,3.6,8.2,2.7,3.4,2.84,Moderate,Millennials
31206,3.9,0.7,8.6,0.0,4.8,3.5,Moderate,Millennials
31207,3.8,0.9,7.0,2.5,4.0,2.95,Moderate,Millennials
31208,5.1,3.3,8.7,4.0,5.5,3.46,Moderate,Millennials
31209,8.3,1.7,7.9,2.0,4.3,2.83,Moderate,Millennials
31210,7.1,0.4,8.6,2.2,3.8,3.06,Moderate,Millennials
31211,7.2,3.0,7.8,1.0,3.1,3.12,Moderate,Millennials
31212,5.0,3.6,8.2,2.3,5.5,3.07,Low,Millennials
31213,7.4,0.3,9.1,1.4,4.8,3.58,Moderate,Millennials
31214,6.1,1.9,8.2,3.1,3.1,2.19,Low,Millennials
31215,6.8,2.5,7.5,4.1,7.2,3.22,Low,Millennials
31216,5.3,0.9,7.8,1.2,3.4,3.23,Low,Millennials
31217,4.5,2.6,9.1,4.1,3.3,2.99,Low,Millennials
31218,7.3,1.3,9.3,1.9,6.4,3.47,Moderate,Millennials
31219,5.9,1.4,8.0,2.5,2.5,3.18,Moderate,Millennials
31220,4.9,0.7,7.2,1.9,5.4,2.72,Moderate,Millennials
31221,9.0,2.8,5.8,2.1,2.7,3.44,Low,Millennials
31222,5.2,3.9,7.0,2.1,2.2,2.52,Moderate,Millennials
31223,5.3,2.7,7.1,1.9,4.8,2.71,Moderate,Millennials
31224,6.2,0.0,8.4,3.7,2.4,3.14,Moderate,Millennials
31225,7.0,2.8,7.5,3.2,4.8,2.68,Moderate,Millennials
31226,5.5,1.5,7.0,1.5,3.9,2.86,Moderate,Millennials
31227,5.3,0.4,7.4,1.5,3.1,3.31,Low,Millennials
31228,5.6,5.5,8.2,3.9,2.4,2.84,High,Millennials
31229,6.0,2.5,8.1,1.3,6.8,3.0,Moderate,Millennials
31230,4.1,1.9,8.0,1.1,1.8,3.18,Low,Millennials
31231,3.3,0.3,8.2,1.9,4.2,3.46,Moderate,Millennials
31232,4.8,2.6,8.2,0.9,1.8,2.86,Moderate,Millennials
31233,6.0,5.4,6.2,1.2,3.4,2.54,High,Millennials
31234,6.3,1.0,8.9,3.1,3.9,3.16,Low,Millennials
31235,2.9,4.1,7.2,2.2,4.6,2.69,Moderate,Millennials
31236,5.2,2.5,8.3,1.7,5.8,2.73,Moderate,Millennials
31237,4.2,0.0,6.6,0.0,4.0,3.14,High,Millennials
31238,5.2,1.7,6.3,1.5,4.7,3.08,Moderate,Millennials
31239,4.6,1.8,8.3,3.1,2.3,3.14,Moderate,Millennials
31240,7.6,2.8,7.9,2.1,4.8,3.42,Moderate,Millennials
31241,5.0,2.3,9.0,1.5,3.0,2.22,High,Millennials
31242,4.9,1.9,7.6,0.5,6.0,2.95,Moderate,Millennials
31243,5.5,3.2,8.2,2.9,4.0,3.17,Moderate,Millennials
31244,4.1,2.7,8.4,3.4,6.1,3.19,Moderate,Millennials
31245,5.9,4.0,8.9,2.2,5.4,2.19,Low,Millennials
31246,6.2,4.2,7.7,0.0,4.3,3.22,Moderate,Millennials
31247,3.8,2.2,9.0,5.0,3.3,2.84,Low,Millennials
31248,6.3,2.7,6.0,0.5,3.8,2.75,Low,Millennials
31249,9.2,2.6,9.0,1.4,3.3,3.07,Moderate,Millennials
31250,6.8,1.7,7.3,2.9,3.8,2.79,High,Millennials
31251,5.9,3.5,6.8,0.8,5.8,2.71,High,Millennials
31252,4.8,3.4,8.9,3.2,5.5,3.07,Low,Millennials
31253,4.6,2.1,10.0,1.6,6.3,3.38,Moderate,Millennials
31254,5.0,2.7,8.9,1.0,4.3,3.18,Moderate,Millennials
31255,4.2,1.4,7.9,2.4,5.2,2.83,Low,Millennials
31256,6.1,1.4,7.6,2.0,5.2,2.71,Moderate,Millennials
31257,8.7,2.2,8.2,1.7,1.1,3.54,Moderate,Millennials
31258,4.3,3.1,7.2,1.0,4.5,3.0,High,Millennials
31259,6.4,0.0,8.3,2.6,1.8,3.66,Moderate,Millennials
31260,6.2,2.6,8.1,1.4,2.0,3.15,Moderate,Millennials
31261,5.1,0.7,7.0,2.3,4.8,3.56,Moderate,Millennials
31262,5.7,2.0,7.8,1.6,5.8,3.08,High,Millennials
31263,7.1,0.2,7.7,2.1,2.8,2.7,Low,Millennials
31264,5.5,3.8,7.6,2.7,4.4,2.74,Moderate,Millennials
31265,5.9,2.0,7.7,2.4,4.6,2.58,Moderate,Millennials
31266,4.2,0.6,7.1,2.4,7.6,2.88,Low,Millennials
31267,7.5,2.1,8.7,2.8,3.8,3.08,High,Millennials
31268,7.6,2.0,9.6,2.1,4.6,3.11,Low,Millennials
31269,5.7,2.1,7.7,2.5,7.0,2.84,Moderate,Millennials
31270,4.4,1.8,8.5,3.4,4.3,3.55,High,Millennials
31271,5.8,2.7,7.4,1.6,2.6,3.11,High,Millennials
31272,5.4,1.8,8.4,0.4,1.7,2.84,Moderate,Millennials
31273,3.9,1.8,7.8,2.3,5.0,2.53,Moderate,Millennials
31274,3.9,3.1,7.2,2.4,5.8,2.71,High,Millennials
31275,7.3,3.1,7.0,2.0,3.5,3.39,Moderate,Millennials
31276,6.6,1.9,7.9,2.1,4.8,3.08,Moderate,Millennials
31277,5.2,3.8,7.1,2.8,2.7,2.43,Low,Millennials
31278,5.2,3.3,9.2,2.2,3.8,2.55,Moderate,Millennials
31279,7.5,2.9,8.1,2.4,4.1,3.23,High,Millennials
31280,4.0,2.0,8.4,0.0,4.5,2.89,Low,Millennials
31281,6.2,2.1,7.5,2.7,5.9,3.27,Moderate,Millennials
31282,7.6,0.4,8.9,1.9,3.1,3.38,Low,Millennials
31283,4.6,0.2,7.9,3.4,1.3,3.35,Moderate,Millennials
31284,4.9,1.5,8.1,2.3,3.9,2.98,Low,Millennials
31285,4.1,2.6,6.9,1.8,5.0,2.85,Low,Millennials
31286,5.1,3.1,9.9,1.2,4.7,2.84,High,Millennials
31287,5.0,2.2,7.8,2.2,3.4,3.09,Moderate,Millennials
31288,4.8,1.2,9.2,1.8,5.0,3.13,High,Millennials
31289,6.4,4.0,7.1,4.0,4.0,2.85,Low,Millennials
31290,6.6,2.7,7.6,3.0,4.2,2.54,Low,Millennials
31291,5.7,2.9,8.5,2.0,6.5,3.21,Low,Millennials
31292,4.3,0.8,8.5,1.0,5.7,3.37,High,Millennials
31293,8.2,2.9,7.3,2.0,3.7,2.93,Moderate,Millennials
31294,2.3,0.0,8.1,1.0,4.3,3.09,Low,Millennials
31295,4.3,2.9,7.2,1.4,4.2,3.08,Low,Millennials
31296,6.3,1.1,8.1,0.7,5.6,3.5,Moderate,Millennials
31297,6.0,3.6,8.8,2.3,5.7,2.98,High,Millennials
31298,6.0,0.7,7.7,1.1,6.2,3.35,Moderate,Millennials
31299,5.8,3.1,7.7,1.7,4.9,3.21,Low,Millennials
31300,7.4,1.5,8.2,1.1,4.8,2.15,Low,Millennials
31301,7.0,1.4,8.7,4.5,6.6,2.64,Moderate,Millennials
31302,5.8,3.0,9.3,2.1,1.4,2.8,Moderate,Millennials
31303,6.3,2.5,7.7,1.6,4.1,2.96,Low,Millennials
31304,7.4,3.7,7.4,3.1,4.4,3.08,Moderate,Millennials
31305,7.3,2.4,8.1,1.8,4.7,3.07,Moderate,Millennials
31306,6.4,2.4,8.4,1.8,4.0,2.98,Moderate,Millennials
31307,6.9,2.5,6.5,3.2,3.7,2.88,High,Millennials
31308,5.2,3.0,7.7,0.5,2.5,2.71,Moderate,Millennials
31309,6.8,2.1,7.2,3.0,4.5,3.1,Low,Millennials
31310,4.9,2.9,7.3,2.7,1.3,2.53,High,Millennials
31311,5.9,2.5,7.7,2.5,6.0,2.83,Moderate,Millennials
31312,3.9,0.4,7.3,2.5,5.8,3.23,High,Millennials
31313,6.8,2.3,7.3,1.1,3.3,3.3,Low,Millennials
31314,4.5,1.8,7.2,4.8,2.7,3.21,Low,Millennials
31315,6.2,2.2,6.8,1.7,3.8,3.08,Moderate,Millennials
31316,6.2,3.4,9.0,2.6,3.0,3.36,High,Millennials
31317,5.7,1.5,7.6,3.6,4.4,3.36,High,Millennials
31318,7.9,2.7,6.9,1.7,4.6,3.27,Moderate,Millennials
31319,5.4,2.4,6.8,0.6,2.4,2.56,High,Millennials
31320,6.0,3.5,8.7,2.9,4.0,2.98,Moderate,Millennials
31321,4.4,3.6,7.7,3.6,4.3,3.43,Moderate,Millennials
31322,4.0,1.4,7.1,1.6,1.6,3.1,Moderate,Millennials
31323,4.3,1.0,7.4,2.0,1.0,3.32,Low,Millennials
31324,7.3,2.1,8.8,1.0,4.4,3.07,Moderate,Millennials
31325,4.4,2.3,8.1,2.3,2.6,3.49,Low,Millennials
31326,6.9,0.9,6.9,0.9,4.7,3.28,Low,Millennials
31327,7.8,1.3,8.3,2.7,3.6,3.21,Moderate,Millennials
31328,3.6,2.4,7.8,2.1,3.0,3.42,Moderate,Millennials
31329,4.4,4.0,6.6,2.4,4.5,3.28,High,Millennials
31330,5.7,3.4,7.8,2.1,3.7,2.78,Low,Millennials
31331,4.8,2.4,6.5,1.5,3.2,2.99,Low,Millennials
31332,5.8,3.4,8.0,1.5,5.5,2.39,Moderate,Millennials
31333,4.3,4.7,7.3,2.0,5.4,3.25,Low,Millennials
31334,6.7,1.3,7.7,2.2,4.3,3.47,High,Millennials
31335,5.9,1.4,7.4,1.3,4.5,3.5,Low,Millennials
31336,5.1,1.5,8.8,2.0,5.8,2.96,Moderate,Millennials
31337,4.8,2.6,7.8,1.7,5.9,3.12,Low,Millennials
31338,4.8,3.8,8.0,1.3,4.2,3.25,Low,Millennials
31339,7.1,1.6,7.0,0.6,2.6,3.08,Low,Millennials
31340,4.9,3.1,6.9,0.7,4.2,3.45,Moderate,Millennials
31341,4.8,2.6,6.2,1.6,4.3,2.94,Moderate,Millennials
31342,6.1,3.1,6.9,1.6,3.3,3.35,Moderate,Millennials
31343,7.7,4.3,7.1,1.0,7.4,2.9,High,Millennials
31344,6.5,3.3,8.1,1.7,4.5,3.23,High,Millennials
31345,7.2,0.4,9.1,2.6,3.6,2.46,Moderate,Millennials
31346,4.0,3.1,7.1,1.2,3.5,2.66,Moderate,Millennials
31347,7.5,2.8,6.7,1.0,3.8,3.52,High,Millennials
31348,5.8,1.7,9.0,1.7,3.4,2.81,Moderate,Millennials
31349,6.7,2.5,7.7,0.3,5.8,2.82,High,Millennials
31350,4.5,0.0,7.9,3.5,5.1,2.77,Moderate,Millennials
31351,8.1,1.7,8.8,0.3,4.9,2.8,Moderate,Millennials
31352,6.2,3.6,7.7,1.7,5.3,3.19,Moderate,Millennials
31353,6.4,2.2,7.5,1.1,1.2,3.08,Low,Millennials
31354,4.2,1.8,6.9,2.7,2.6,2.97,High,Millennials
31355,6.2,0.6,8.1,3.7,3.0,2.78,Moderate,Millennials
31356,5.0,2.3,7.3,1.6,5.9,2.65,Low,Millennials
31357,6.9,4.3,7.6,0.6,3.7,2.83,Moderate,Millennials
31358,6.7,2.3,7.7,1.3,5.5,2.88,Low,Millennials
31359,5.6,2.4,8.2,0.1,3.8,3.39,Low,Millennials
31360,5.1,3.4,6.9,3.4,6.3,3.09,Low,Millennials
31361,6.1,2.0,8.4,1.6,4.0,3.6,High,Millennials
31362,5.3,1.3,6.2,4.4,6.0,3.45,Moderate,Millennials
31363,5.6,3.0,6.6,1.5,3.4,2.57,Moderate,Millennials
31364,6.9,1.9,8.3,2.9,6.0,3.32,High,Millennials
31365,8.5,2.5,8.3,1.5,3.2,3.0,Moderate,Millennials
31366,3.7,3.4,6.8,4.5,6.9,3.29,Moderate,Millennials
31367,6.0,3.5,7.3,0.1,3.5,2.86,Moderate,Millennials
31368,7.6,0.8,7.6,0.0,3.8,2.79,High,Millennials
31369,6.2,1.6,7.8,1.2,4.5,3.02,Moderate,Millennials
31370,5.1,2.0,7.2,2.0,5.2,3.77,Moderate,Millennials
31371,3.8,2.1,8.1,2.5,6.3,3.33,High,Millennials
31372,7.2,1.7,8.0,0.6,4.8,2.64,Moderate,Millennials
31373,6.4,2.0,6.9,2.3,6.9,3.28,Low,Millennials
31374,6.7,2.4,8.0,1.7,4.6,3.3,Moderate,Millennials
31375,5.7,1.9,7.8,0.6,4.4,2.59,Moderate,Millennials
31376,7.8,1.1,7.4,1.1,4.9,2.59,High,Millennials
31377,5.1,5.2,8.2,1.5,4.3,3.06,Moderate,Millennials
31378,5.5,1.6,8.6,0.4,3.2,3.06,Moderate,Millennials
31379,5.0,4.2,9.1,0.0,6.1,2.94,Moderate,Millennials
31380,6.0,2.2,7.2,1.6,3.9,3.64,Moderate,Millennials
31381,6.3,3.2,7.5,3.3,5.3,3.16,High,Millennials
31382,7.3,3.6,6.3,0.9,3.2,3.11,Moderate,Millennials
31383,6.0,3.6,7.9,0.9,3.5,2.94,Moderate,Millennials
31384,4.8,3.1,7.2,1.5,3.9,3.13,Low,Millennials
31385,5.7,2.4,6.7,1.6,4.4,2.91,Low,Millennials
31386,3.2,3.2,8.9,4.7,4.2,3.54,Low,Millennials
31387,6.5,3.3,6.5,1.7,4.3,3.45,High,Millennials
31388,7.3,2.1,7.7,1.3,5.4,3.32,Moderate,Millennials
31389,6.6,3.4,8.4,1.7,2.7,3.03,Low,Millennials
31390,4.3,2.9,8.6,3.0,5.2,3.24,Low,Millennials
31391,5.9,1.1,5.6,2.6,4.1,3.16,Moderate,Millennials
31392,5.2,0.8,8.5,0.0,6.1,2.53,Moderate,Millennials
31393,4.7,3.6,8.7,1.2,1.2,3.23,Low,Millennials
31394,7.7,1.4,7.4,3.1,6.2,2.96,Low,Millennials
31395,6.3,1.3,6.2,0.7,6.5,3.4,Low,Millennials
31396,6.3,0.0,8.0,1.7,4.3,2.58,Moderate,Millennials
31397,4.3,3.5,7.8,2.8,3.5,2.83,Low,Millennials
31398,6.8,2.7,7.5,3.1,3.4,2.73,Moderate,Millennials
31399,3.4,1.9,8.8,2.8,4.5,2.78,Moderate,Millennials
31400,5.3,3.3,7.7,1.7,5.3,2.93,High,Millennials
31401,7.2,2.3,7.7,1.4,4.6,3.14,Moderate,Millennials
31402,7.5,1.8,6.4,2.3,4.4,3.82,High,Millennials
31403,4.4,2.4,8.8,0.5,2.6,3.19,Moderate,Millennials
31404,5.8,1.3,8.2,3.3,3.1,2.83,Moderate,Millennials
31405,4.0,2.3,7.8,3.4,4.0,2.66,Moderate,Millennials
31406,5.4,2.6,7.8,2.4,4.1,3.32,Low,Millennials
31407,9.3,0.9,6.9,3.1,4.8,2.95,Low,Millennials
31408,4.7,3.9,8.0,2.2,6.0,2.94,Moderate,Millennials
31409,4.6,1.5,6.1,2.1,3.3,3.16,Moderate,Millennials
31410,7.0,4.3,6.7,3.5,3.9,2.74,Moderate,Millennials
31411,6.5,1.9,9.1,2.8,3.9,3.33,Low,Millennials
31412,6.5,0.5,7.6,3.0,5.9,2.49,Moderate,Millennials
31413,4.7,2.7,6.9,2.5,5.0,3.06,Low,Millennials
31414,4.4,2.5,6.9,3.2,0.7,2.59,High,Millennials
31415,4.4,1.5,8.0,3.3,4.0,3.11,Moderate,Millennials
31416,4.6,0.5,9.6,2.1,2.9,2.98,Moderate,Millennials
31417,6.5,0.0,8.3,3.0,5.2,2.78,Moderate,Millennials
31418,3.7,0.0,7.8,2.8,4.7,3.0,Low,Millennials
31419,4.7,2.0,6.9,3.1,6.6,2.38,Low,Millennials
31420,5.2,2.5,7.1,2.5,3.3,3.39,Moderate,Millennials
31421,4.8,2.7,7.5,1.1,5.5,2.46,Moderate,Millennials
31422,4.1,2.7,9.1,4.3,5.2,2.89,Moderate,Millennials
31423,5.5,0.9,9.1,1.5,5.0,3.17,Low,Millennials
31424,3.6,1.2,7.3,4.6,6.5,3.35,Moderate,Millennials
31425,5.1,1.9,7.1,4.0,5.5,3.14,Moderate,Millennials
31426,5.3,4.3,8.0,0.2,4.6,2.82,Low,Millennials
31427,3.3,1.7,9.4,0.9,3.9,3.1,Moderate,Millennials
31428,4.4,0.8,7.6,1.2,4.5,2.57,High,Millennials
31429,7.1,1.9,7.7,1.3,2.5,2.91,Moderate,Millennials
31430,6.2,2.7,8.4,0.0,2.8,2.8,High,Millennials
31431,7.6,0.8,7.4,4.0,4.2,2.44,Moderate,Millennials
31432,3.9,2.9,5.3,1.8,6.0,3.25,Low,Millennials
31433,5.6,2.2,8.2,4.1,2.9,2.76,Moderate,Millennials
31434,5.9,2.6,8.1,2.1,4.3,2.68,Low,Millennials
31435,7.2,2.0,7.6,0.6,3.8,3.0,Moderate,Millennials
31436,5.4,1.1,8.7,2.5,5.0,3.36,Moderate,Millennials
31437,5.3,2.0,9.0,3.7,2.8,2.7,Moderate,Millennials
31438,8.0,3.0,5.3,1.1,1.7,2.87,Moderate,Millennials
31439,5.5,2.6,7.0,3.1,5.2,2.92,Moderate,Millennials
31440,5.8,5.0,7.5,2.8,2.3,3.08,Moderate,Millennials
31441,5.2,2.8,6.6,3.9,5.6,2.97,Moderate,Millennials
31442,6.7,0.6,7.1,3.1,5.7,3.21,Moderate,Millennials
31443,8.7,1.0,7.4,3.2,6.5,3.26,Moderate,Millennials
31444,7.3,1.8,7.3,2.7,5.4,2.61,Moderate,Millennials
31445,6.3,0.2,7.8,2.4,4.4,3.51,Low,Millennials
31446,7.3,2.6,7.4,1.4,5.6,3.1,High,Millennials
31447,5.2,3.0,9.3,3.3,3.8,2.52,Moderate,Millennials
31448,6.3,0.0,7.8,2.9,5.0,2.48,Moderate,Millennials
31449,4.5,2.2,7.9,3.1,2.6,2.37,Low,Millennials
31450,4.7,2.1,9.9,0.3,3.9,3.02,Moderate,Millennials
31451,7.7,1.6,8.3,2.7,3.9,3.57,Moderate,Millennials
31452,5.6,2.4,7.5,1.5,5.4,2.18,Moderate,Millennials
31453,5.7,2.6,8.3,2.4,2.6,2.66,High,Millennials
31454,6.6,3.1,7.8,2.7,4.6,2.62,Low,Millennials
31455,5.2,2.0,7.8,2.6,4.0,3.05,Moderate,Millennials
31456,6.6,1.1,7.2,2.6,6.5,2.82,High,Millennials
31457,5.0,2.1,8.8,2.7,4.5,3.66,Low,Millennials
31458,5.7,2.6,7.5,0.0,3.1,3.14,Low,Millennials
31459,5.0,0.0,8.9,1.5,1.4,3.07,Moderate,Millennials
31460,6.0,2.9,7.6,3.6,1.5,2.77,Low,Millennials
31461,3.0,1.1,6.9,1.7,5.1,2.42,Low,Millennials
31462,5.9,2.1,8.7,0.8,3.3,3.55,High,Millennials
31463,3.5,2.0,6.9,3.1,5.3,2.68,Moderate,Millennials
31464,6.8,3.8,7.5,1.5,5.8,3.08,Moderate,Millennials
31465,6.6,1.4,9.8,3.1,3.6,3.09,Moderate,Millennials
31466,6.1,1.6,8.2,3.0,5.6,2.93,Moderate,Millennials
31467,7.0,1.3,7.2,0.6,4.5,2.88,Moderate,Millennials
31468,6.8,2.2,6.0,5.1,5.5,3.36,Low,Millennials
31469,7.1,1.7,8.1,2.0,6.5,3.38,Low,Millennials
31470,7.4,1.4,8.0,2.1,3.0,2.65,High,Millennials
31471,5.3,1.2,8.1,3.6,3.8,3.14,Low,Millennials
31472,6.6,1.7,8.2,3.1,6.1,2.82,Moderate,Millennials
31473,4.6,2.1,9.9,1.9,4.4,2.93,Low,Millennials
31474,7.1,2.3,7.7,1.1,6.9,3.37,Moderate,Millennials
31475,7.3,1.2,7.8,2.5,6.0,2.68,High,Millennials
31476,5.3,2.8,7.4,3.5,4.3,2.67,Low,Millennials
31477,6.6,3.1,8.6,2.3,5.5,2.77,Low,Millennials
31478,4.5,3.7,8.3,3.6,3.6,2.68,Moderate,Millennials
31479,6.4,2.7,8.0,2.4,3.5,3.09,Moderate,Millennials
31480,6.8,2.2,7.1,1.9,1.5,3.19,Low,Millennials
31481,6.1,2.3,6.9,2.5,5.6,2.42,Moderate,Millennials
31482,6.8,1.7,9.3,3.5,4.1,2.99,Low,Millennials
31483,6.3,2.2,5.1,2.1,4.0,3.17,Moderate,Millennials
31484,5.2,0.5,9.0,3.4,1.0,3.03,High,Millennials
31485,4.7,2.5,7.7,3.3,5.3,3.12,High,Millennials
31486,5.4,4.3,8.2,3.1,6.3,2.67,Low,Millennials
31487,5.4,1.9,8.1,3.6,5.2,2.9,Moderate,Millennials
31488,8.4,2.0,8.8,3.9,5.3,2.73,Moderate,Millennials
31489,6.6,3.9,7.3,1.1,4.1,3.19,Moderate,Millennials
31490,5.6,0.0,6.9,3.2,5.1,3.12,Low,Millennials
31491,7.1,2.2,8.7,1.3,3.7,2.98,Moderate,Millennials
31492,7.8,2.6,7.5,1.3,6.2,3.13,High,Millennials
31493,5.7,2.2,8.0,2.8,4.1,2.91,Low,Millennials
31494,7.2,0.7,9.0,1.7,3.6,3.3,High,Millennials
31495,5.9,2.1,6.7,2.2,6.7,2.76,Low,Millennials
31496,5.0,1.3,7.2,3.5,3.5,3.25,Moderate,Millennials
31497,7.0,1.3,8.1,1.7,3.4,3.34,Low,Millennials
31498,8.0,4.6,6.9,3.5,2.6,3.15,Moderate,Millennials
31499,5.7,2.4,7.6,2.9,4.3,2.69,Low,Millennials
31500,5.2,0.8,7.8,4.8,5.2,3.2,High,Millennials
31501,4.2,1.7,9.7,4.1,1.8,3.44,Moderate,Millennials
31502,4.5,3.6,6.8,2.4,5.1,2.92,Moderate,Millennials
31503,8.7,3.7,6.3,1.7,4.6,2.92,Low,Millennials
31504,7.3,2.1,9.0,2.6,6.2,2.08,Moderate,Millennials
31505,5.1,2.5,7.7,1.2,4.3,3.07,Moderate,Millennials
31506,6.0,2.8,8.2,1.5,2.3,3.33,Moderate,Millennials
31507,8.0,3.2,8.2,0.9,6.4,3.03,Low,Millennials
31508,5.8,1.9,7.2,2.9,3.4,3.08,High,Millennials
31509,5.4,2.8,6.1,1.4,4.5,3.12,Moderate,Millennials
31510,4.0,1.6,7.8,2.7,5.9,2.53,High,Millennials
31511,6.0,2.6,6.1,2.4,6.2,3.27,Low,Millennials
31512,6.0,2.6,8.3,4.0,4.7,2.73,Moderate,Millennials
31513,5.7,1.1,7.1,2.3,3.8,2.6,Moderate,Millennials
31514,6.1,4.6,7.6,1.8,3.9,3.6,Low,Millennials
31515,6.0,2.5,8.6,0.0,3.7,3.05,Moderate,Millennials
31516,4.5,1.0,7.6,1.4,6.3,3.28,High,Millennials
31517,4.1,0.9,7.3,2.9,5.4,3.03,Low,Millennials
31518,5.9,1.6,7.9,0.5,1.7,2.95,Moderate,Millennials
31519,5.4,0.2,7.7,1.5,5.2,2.9,High,Millennials
31520,9.4,0.0,7.3,3.1,6.4,3.52,Low,Millennials
31521,6.5,2.4,6.9,2.0,2.1,2.52,Moderate,Millennials
31522,6.4,2.6,7.0,1.1,1.8,2.79,Moderate,Millennials
31523,8.7,2.2,8.8,4.0,4.7,2.94,Moderate,Millennials
31524,3.5,3.3,8.6,2.8,4.7,3.32,Moderate,Millennials
31525,4.7,1.8,8.3,1.5,4.1,2.71,Moderate,Millennials
31526,6.7,0.0,8.6,1.1,5.1,3.03,Moderate,Millennials
31527,5.4,3.0,8.1,1.6,2.8,3.19,High,Millennials
31528,3.7,0.4,6.8,2.1,3.6,2.74,Moderate,Millennials
31529,6.3,2.5,7.6,3.3,5.2,2.83,Moderate,Millennials
31530,6.7,2.1,5.8,2.0,4.8,2.54,High,Millennials
31531,4.9,3.4,10.0,1.2,2.8,3.01,Low,Millennials
31532,5.0,1.8,7.9,1.5,4.7,3.37,Low,Millennials
31533,5.4,3.3,8.2,2.2,5.7,2.91,Low,Millennials
31534,3.4,1.7,8.7,1.7,3.4,3.53,Moderate,Millennials
31535,5.8,3.0,6.8,2.0,3.5,3.19,Low,Millennials
31536,6.8,0.2,8.8,2.7,2.2,2.63,Low,Millennials
31537,4.3,0.8,8.0,0.8,5.6,3.17,High,Millennials
31538,4.4,3.6,8.2,3.4,3.8,3.1,High,Millennials
31539,4.5,2.4,7.4,3.1,3.1,3.03,Low,Millennials
31540,6.0,2.6,8.9,3.9,3.1,2.66,High,Millennials
31541,4.1,3.3,7.6,1.4,4.6,2.81,Low,Millennials
31542,5.6,1.5,7.2,3.9,5.4,3.07,Moderate,Millennials
31543,5.8,1.7,7.7,1.0,7.0,2.89,Low,Millennials
31544,6.3,2.9,7.2,3.0,3.0,2.78,Moderate,Millennials
31545,5.3,1.2,8.5,2.8,3.9,3.01,Low,Millennials
31546,3.7,3.5,7.5,2.6,4.3,2.71,Moderate,Millennials
31547,4.4,0.0,7.6,2.0,5.6,2.37,High,Millennials
31548,7.1,1.6,7.6,2.6,5.7,3.17,Low,Millennials
31549,6.2,2.4,7.9,1.5,1.8,3.74,High,Millennials
31550,4.4,2.0,7.4,2.4,3.3,3.16,Low,Millennials
31551,5.3,1.6,6.9,1.7,4.2,2.84,Low,Millennials
31552,6.0,1.7,8.1,2.4,1.4,3.05,Moderate,Millennials
31553,4.9,0.8,6.8,2.4,6.1,3.09,Moderate,Millennials
31554,5.7,2.8,6.2,0.6,6.3,2.76,Low,Millennials
31555,5.1,0.0,7.6,1.7,6.1,3.56,Moderate,Millennials
31556,5.0,3.8,7.6,1.5,2.7,2.79,Low,Millennials
31557,6.5,0.5,8.7,2.8,3.3,2.7,Moderate,Millennials
31558,4.4,2.8,8.9,1.7,3.8,3.35,Low,Millennials
31559,4.5,3.3,7.8,1.8,6.1,3.08,Low,Millennials
31560,4.8,0.0,8.3,0.0,5.4,2.72,Low,Millennials
31561,5.1,1.2,8.6,2.1,5.9,2.03,High,Millennials
31562,8.3,2.9,9.7,1.9,2.3,3.28,Moderate,Millennials
31563,5.9,2.4,7.0,2.3,3.9,3.54,Moderate,Millennials
31564,3.9,2.0,7.2,2.6,2.6,2.93,Low,Millennials
31565,4.3,3.0,7.2,2.6,6.6,3.4,Moderate,Millennials
31566,6.0,2.2,8.1,2.2,4.5,3.0,Low,Millennials
31567,5.3,2.4,8.7,0.9,4.2,3.47,Moderate,Millennials
31568,6.9,3.0,7.1,1.6,5.2,3.07,Low,Millennials
31569,5.2,0.4,6.9,2.4,3.8,3.03,Moderate,Millennials
31570,4.8,2.5,8.8,1.7,6.1,2.58,Moderate,Millennials
31571,7.5,3.5,7.3,3.9,5.4,3.01,Moderate,Millennials
31572,6.8,1.1,9.4,2.6,5.0,3.06,Moderate,Millennials
31573,5.5,1.9,7.6,3.2,6.9,3.1,Moderate,Millennials
31574,4.2,2.5,6.0,2.5,3.7,3.3,Moderate,Millennials
31575,5.2,0.2,8.1,1.4,6.5,3.06,Low,Millennials
31576,5.1,2.0,6.4,3.5,2.0,4.0,Low,Millennials
31577,7.2,3.7,7.6,4.3,4.2,3.1,Low,Millennials
31578,5.5,2.1,7.9,3.5,2.8,3.58,Moderate,Millennials
31579,5.5,0.4,6.5,0.0,3.3,3.31,High,Millennials
31580,9.2,1.5,8.2,2.9,5.7,2.51,Moderate,Millennials
31581,5.7,1.4,8.6,1.6,2.8,2.68,Moderate,Millennials
31582,5.6,3.6,7.6,1.9,4.8,2.93,Moderate,Millennials
31583,5.3,4.0,6.1,1.8,5.5,2.65,Moderate,Millennials
31584,4.2,2.4,9.2,2.8,6.5,2.19,Moderate,Millennials
31585,6.4,3.0,8.1,1.7,2.6,3.11,High,Millennials
31586,4.5,0.9,8.7,2.6,5.2,3.26,Moderate,Millennials
31587,6.1,0.9,8.9,1.2,6.7,3.03,High,Millennials
31588,7.6,2.3,6.7,2.0,3.9,2.4,Low,Millennials
31589,8.2,1.1,6.0,1.7,2.4,3.8,Moderate,Millennials
31590,8.7,1.3,8.1,3.2,5.7,2.98,High,Millennials
31591,4.4,3.3,8.6,2.6,2.9,2.85,Moderate,Millennials
31592,6.8,1.9,5.7,2.4,5.0,2.58,High,Millennials
31593,6.9,1.4,7.0,2.4,2.6,2.82,High,Millennials
31594,5.1,4.1,8.0,2.6,4.7,2.98,Moderate,Millennials
31595,7.6,1.1,7.9,3.0,4.8,2.93,Low,Millennials
31596,7.0,1.8,7.3,3.6,5.9,2.99,High,Millennials
31597,7.5,1.7,7.2,3.1,4.3,3.19,Moderate,Millennials
31598,7.6,3.7,6.4,1.0,3.6,3.58,Low,Millennials
31599,6.2,1.5,6.8,1.4,8.0,2.41,Low,Millennials
31600,6.8,1.2,7.6,2.3,5.2,3.13,Moderate,Millennials
31601,5.2,0.9,9.2,2.2,5.9,2.36,Low,Millennials
31602,5.3,2.7,7.7,3.1,3.8,3.2,Low,Millennials
31603,5.1,1.7,7.1,2.0,3.0,3.0,Moderate,Millennials
31604,5.0,2.1,8.0,3.3,5.7,2.94,Low,Millennials
31605,7.6,0.1,8.3,1.0,3.4,3.34,Low,Millennials
31606,5.4,1.6,6.8,2.0,4.3,3.25,Low,Millennials
31607,5.7,1.6,7.4,4.0,1.6,2.49,Low,Millennials
31608,5.7,4.0,7.0,0.5,4.9,2.95,Moderate,Millennials
31609,7.5,0.2,8.3,1.5,4.4,3.38,Moderate,Millennials
31610,4.3,0.0,8.8,1.3,5.7,3.06,Moderate,Millennials
31611,5.3,3.8,7.9,1.7,4.8,2.85,Moderate,Millennials
31612,7.4,2.0,8.1,0.2,6.7,3.17,Low,Millennials
31613,4.4,2.0,7.0,2.1,6.6,2.95,High,Millennials
31614,5.3,1.4,9.2,1.9,1.9,3.19,Moderate,Millennials
31615,8.2,1.3,8.3,0.3,3.8,2.88,High,Millennials
31616,3.8,2.7,7.2,2.5,7.2,3.04,Moderate,Millennials
31617,5.9,2.8,7.9,0.0,3.5,2.82,Moderate,Millennials
31618,5.8,1.7,8.4,0.0,2.2,3.33,Moderate,Millennials
31619,6.6,1.8,7.7,2.7,2.2,2.45,Moderate,Millennials
31620,4.2,1.0,7.2,1.1,4.3,3.08,Low,Millennials
31621,5.9,0.9,8.1,3.3,4.2,3.17,Low,Millennials
31622,4.9,0.2,8.2,1.8,5.1,2.89,Low,Millennials
31623,6.0,1.9,7.8,2.4,2.4,3.12,Low,Millennials
31624,4.1,2.2,7.0,1.6,3.7,2.49,High,Millennials
31625,7.1,0.9,7.2,2.0,2.0,3.0,Moderate,Millennials
31626,6.0,1.9,7.8,3.8,2.9,3.09,Moderate,Millennials
31627,7.0,2.7,8.0,2.4,2.0,3.06,High,Millennials
31628,5.3,2.7,7.0,2.0,5.3,3.2,Moderate,Millennials
31629,4.7,2.3,9.1,1.9,3.3,3.13,Low,Millennials
31630,3.5,2.4,8.7,2.7,2.7,3.23,Low,Millennials
31631,5.5,1.9,7.9,3.5,3.1,2.31,Moderate,Millennials
31632,4.7,4.0,7.9,1.3,4.8,3.0,Moderate,Millennials
31633,4.6,2.6,8.3,1.6,2.9,3.06,Low,Millennials
31634,7.2,1.4,7.5,2.2,4.1,3.09,High,Millennials
31635,3.6,1.6,9.1,1.3,3.9,3.16,Low,Millennials
31636,6.4,0.2,8.3,2.7,2.1,2.74,Low,Millennials
31637,3.9,2.5,6.6,2.4,4.4,3.43,Low,Millennials
31638,6.8,2.3,8.0,0.5,4.6,2.75,Moderate,Millennials
31639,5.1,2.0,7.2,1.1,4.5,3.05,Moderate,Millennials
31640,4.0,1.6,7.0,3.0,3.9,3.01,Moderate,Millennials
31641,6.1,2.0,8.3,2.5,5.5,2.98,Low,Millennials
31642,6.8,3.1,7.7,3.1,5.3,2.67,Moderate,Millennials
31643,7.3,1.5,7.6,0.6,5.2,2.99,Moderate,Millennials
31644,7.4,1.1,7.8,0.2,2.6,3.52,High,Millennials
31645,4.1,2.1,7.4,0.8,5.3,3.04,Low,Millennials
31646,6.0,1.9,8.1,3.5,4.9,3.1,Low,Millennials
31647,5.7,2.3,8.2,1.1,3.5,3.09,Moderate,Millennials
31648,7.5,3.0,7.2,1.0,4.3,3.13,Low,Millennials
31649,6.4,0.4,9.2,1.8,4.0,3.14,Moderate,Millennials
31650,5.1,1.5,5.6,3.7,5.0,3.4,Moderate,Millennials
31651,6.2,1.9,9.5,2.4,5.3,3.5,Moderate,Millennials
31652,3.1,3.3,7.5,2.8,6.6,2.74,Low,Millennials
31653,7.0,1.7,7.3,0.5,6.5,3.16,Moderate,Millennials
31654,4.6,0.3,7.7,2.3,4.2,3.11,Moderate,Millennials
31655,7.2,1.8,8.5,2.2,5.3,3.15,Low,Millennials
31656,6.4,2.2,7.6,5.1,5.7,3.01,Moderate,Millennials
31657,6.9,0.5,7.2,2.4,4.0,2.62,Moderate,Millennials
31658,7.4,3.0,8.0,3.5,2.9,2.94,Low,Millennials
31659,5.9,3.3,8.2,2.7,5.0,2.97,Low,Millennials
31660,6.6,0.0,9.3,1.5,6.2,3.15,Low,Millennials
31661,4.6,3.4,7.9,2.0,5.5,3.11,High,Millennials
31662,4.7,4.0,6.7,3.4,3.3,3.36,Low,Millennials
31663,5.5,2.4,8.1,2.4,4.6,2.99,Low,Millennials
31664,3.4,2.1,9.5,2.6,3.7,2.58,Low,Millennials
31665,4.6,1.1,7.3,1.9,3.0,3.46,Moderate,Millennials
31666,6.2,3.6,6.4,1.3,4.0,2.91,High,Millennials
31667,4.6,1.9,7.9,3.2,2.9,3.56,Low,Millennials
31668,4.4,2.0,7.8,2.7,3.5,2.85,Moderate,Millennials
31669,6.5,1.1,8.1,1.5,3.9,2.57,Moderate,Millennials
31670,4.1,0.0,8.0,2.8,5.2,2.87,High,Millennials
31671,7.2,0.5,7.2,2.7,2.4,3.09,High,Millennials
31672,6.8,1.8,7.8,2.2,4.4,3.14,Moderate,Millennials
31673,6.1,1.2,9.1,3.0,3.6,3.02,Moderate,Millennials
31674,5.3,2.4,9.7,0.0,4.4,3.49,Moderate,Millennials
31675,4.7,4.1,7.8,1.1,3.4,2.96,Low,Millennials
31676,2.5,2.3,7.4,5.2,3.5,3.05,High,Millennials
31677,7.1,3.9,8.1,1.3,3.0,3.21,Moderate,Millennials
31678,3.4,2.5,8.4,2.5,3.9,3.33,Low,Millennials
31679,4.7,2.8,7.0,0.0,3.3,3.31,Moderate,Millennials
31680,6.9,2.9,8.5,1.5,4.4,2.84,Moderate,Millennials
31681,5.0,2.2,7.2,3.3,4.8,3.04,High,Millennials
31682,6.0,1.1,8.3,1.0,5.1,2.63,Moderate,Millennials
31683,5.8,2.2,8.6,2.4,5.9,2.65,Moderate,Millennials
31684,6.1,2.5,9.0,1.4,2.7,2.73,High,Millennials
31685,8.0,3.4,9.3,2.9,2.9,2.79,Low,Millennials
31686,5.9,0.8,6.6,2.5,4.9,2.97,Moderate,Millennials
31687,7.1,0.0,7.5,4.2,5.2,2.92,Moderate,Millennials
31688,5.1,2.4,8.0,2.0,1.5,2.97,Moderate,Millennials
31689,6.1,2.3,8.6,4.8,1.8,2.95,Moderate,Millennials
31690,5.7,2.3,8.0,0.8,5.0,2.6,Low,Millennials
31691,5.3,1.6,8.5,2.2,3.5,3.11,Low,Millennials
31692,7.8,2.4,9.2,1.4,5.3,2.57,Moderate,Millennials
31693,3.8,2.5,6.9,2.7,3.5,2.91,Low,Millennials
31694,5.6,1.5,8.1,2.8,5.3,3.03,Moderate,Millennials
31695,5.8,0.4,8.3,0.7,3.3,2.4,High,Millennials
31696,7.3,1.2,8.6,1.9,2.5,2.5,Moderate,Millennials
31697,6.5,2.6,9.0,1.2,3.4,2.63,High,Millennials
31698,6.1,2.5,8.6,1.5,5.3,3.36,Moderate,Millennials
31699,7.1,2.2,8.4,3.3,4.9,3.24,Low,Millennials
31700,6.4,2.0,8.5,2.0,6.7,3.11,Moderate,Millennials
31701,6.8,2.0,8.5,1.2,2.8,3.06,Moderate,Millennials
31702,7.0,1.6,6.9,0.1,4.4,2.95,Low,Millennials
31703,4.2,1.4,7.6,4.1,3.2,3.0,Low,Millennials
31704,5.3,4.3,7.1,3.0,5.8,2.69,Low,Millennials
31705,3.7,3.9,8.0,3.3,4.2,3.33,Moderate,Millennials
31706,6.4,2.8,9.0,1.5,4.2,3.18,High,Millennials
31707,6.4,2.4,8.3,3.2,3.8,3.35,Moderate,Millennials
31708,5.3,1.0,8.5,2.3,6.6,2.88,Moderate,Millennials
31709,5.9,2.2,7.3,1.0,5.2,3.14,Moderate,Millennials
31710,3.6,3.4,7.5,1.7,2.2,3.18,Moderate,Millennials
31711,6.0,2.2,6.3,3.3,4.7,2.64,Low,Millennials
31712,7.4,2.8,7.1,3.3,4.3,3.3,Low,Millennials
31713,5.0,4.5,7.2,2.1,5.1,3.28,Moderate,Millennials
31714,6.6,2.1,7.1,2.6,5.1,3.49,Low,Millennials
31715,7.6,0.9,10.0,1.1,4.4,2.91,Low,Millennials
31716,7.5,1.3,7.1,2.2,5.8,2.47,Low,Millennials
31717,5.1,1.6,7.7,2.1,5.1,3.11,Moderate,Millennials
31718,5.2,2.2,7.0,2.3,3.7,3.12,Moderate,Millennials
31719,5.1,1.8,6.6,4.2,6.3,3.06,Moderate,Millennials
31720,5.9,1.0,7.1,3.4,6.0,2.83,Moderate,Millennials
31721,7.0,2.0,8.4,2.5,6.4,2.65,Low,Millennials
31722,6.4,0.0,6.4,4.2,6.6,2.41,Low,Millennials
31723,5.1,3.8,8.7,2.0,4.9,3.27,Low,Millennials
31724,5.6,1.4,7.6,3.4,4.0,3.22,Low,Millennials
31725,4.9,0.7,7.6,0.0,3.8,3.36,Low,Millennials
31726,4.6,0.6,7.4,1.6,4.2,2.85,High,Millennials
31727,6.3,0.9,6.8,3.9,4.6,3.54,Moderate,Millennials
31728,5.9,3.6,6.6,3.8,6.4,3.44,Low,Millennials
31729,7.5,1.4,8.3,1.4,5.0,3.06,Low,Millennials
31730,6.5,2.7,8.2,3.6,4.4,2.85,Low,Millennials
31731,5.1,2.7,6.2,2.4,4.1,2.93,Low,Millennials
31732,5.7,3.3,7.4,0.4,3.7,2.72,Low,Millennials
31733,3.8,1.7,10.0,2.7,7.9,3.15,Low,Millennials
31734,4.1,2.6,7.0,0.9,3.5,3.23,Moderate,Millennials
31735,6.6,1.9,8.6,1.4,2.8,3.24,Low,Millennials
31736,3.0,2.3,7.2,0.8,6.3,3.03,High,Millennials
31737,5.5,3.0,7.3,2.5,2.1,3.43,Moderate,Millennials
31738,5.1,1.5,9.2,0.8,2.3,2.99,Moderate,Millennials
31739,9.2,1.2,6.8,2.7,2.6,2.82,Moderate,Millennials
31740,6.5,3.4,7.2,2.8,6.3,2.56,Moderate,Millennials
31741,4.7,1.7,7.3,2.1,1.2,3.14,Moderate,Millennials
31742,6.3,2.6,8.4,2.0,4.8,3.24,Moderate,Millennials
31743,5.4,3.0,7.1,0.6,5.8,3.08,Moderate,Millennials
31744,3.4,2.1,7.6,3.5,5.7,2.99,Moderate,Millennials
31745,4.8,2.1,7.3,2.1,5.9,3.03,Moderate,Millennials
31746,4.6,0.0,8.4,1.2,5.0,3.67,Moderate,Millennials
31747,5.9,4.6,7.3,3.1,4.0,3.03,Moderate,Millennials
31748,6.7,1.6,6.4,3.3,4.5,2.62,High,Millennials
31749,6.4,2.5,8.6,2.4,2.8,2.76,Moderate,Millennials
31750,6.2,0.7,8.2,3.2,1.8,2.98,Low,Millennials
31751,8.4,2.2,8.9,1.8,2.2,3.26,Moderate,Millennials
31752,5.7,1.0,7.7,2.9,2.2,3.5,Moderate,Millennials
31753,5.2,1.9,7.1,0.9,3.0,3.21,Moderate,Millennials
31754,6.8,2.5,7.5,4.4,3.0,3.18,High,Millennials
31755,6.0,3.3,7.2,2.6,2.7,3.24,High,Millennials
31756,4.8,1.4,7.5,1.8,5.3,2.79,Moderate,Millennials
31757,6.3,3.9,8.4,1.5,4.0,2.51,Low,Millennials
31758,5.1,3.9,7.2,0.6,4.7,3.2,Moderate,Millennials
31759,6.8,2.9,9.1,0.2,4.0,2.98,Low,Millennials
31760,6.3,0.4,6.1,1.7,5.0,2.56,Low,Millennials
31761,4.0,0.2,7.3,0.0,4.6,2.62,Low,Millennials
31762,7.0,2.6,9.2,4.0,5.7,2.99,Low,Millennials
31763,6.6,3.0,8.5,1.1,6.1,2.86,Low,Millennials
31764,3.6,0.0,7.2,1.9,4.6,2.9,Moderate,Millennials
31765,4.1,1.6,8.7,2.9,5.0,3.03,Moderate,Millennials
31766,6.2,1.5,7.3,2.3,3.2,2.98,Low,Millennials
31767,4.5,3.4,9.0,2.0,6.0,3.42,Low,Millennials
31768,6.4,1.8,6.3,0.0,3.9,2.71,Moderate,Millennials
31769,6.5,3.3,7.6,1.6,4.9,3.23,Moderate,Millennials
31770,7.4,3.3,7.4,1.6,4.6,3.39,Moderate,Millennials
31771,7.7,1.7,6.6,3.1,3.6,3.39,Moderate,Millennials
31772,6.1,0.3,8.1,0.8,2.3,3.44,Low,Millennials
31773,4.9,3.1,7.9,2.9,4.6,3.24,Moderate,Millennials
31774,4.4,0.8,9.2,0.9,6.2,3.21,Low,Millennials
31775,8.8,3.2,7.4,2.6,7.6,3.02,Moderate,Millennials
31776,4.9,1.8,7.2,2.2,6.1,3.02,Low,Millennials
31777,6.0,4.3,8.2,3.5,4.8,2.56,Moderate,Millennials
31778,5.7,3.0,7.2,0.8,4.3,3.52,Low,Millennials
31779,6.2,1.3,7.1,3.5,4.9,3.15,Moderate,Millennials
31780,4.8,1.3,8.8,3.7,2.5,2.88,High,Millennials
31781,5.4,3.5,7.7,3.3,2.4,3.22,Low,Millennials
31782,5.6,1.5,9.2,1.2,5.7,2.8,High,Millennials
31783,6.4,1.1,8.3,1.7,4.0,3.03,Moderate,Millennials
31784,5.1,2.5,8.5,1.0,1.6,3.2,Low,Millennials
31785,6.6,2.6,8.0,2.5,4.7,2.65,Moderate,Millennials
31786,6.5,0.9,7.1,0.0,5.1,2.64,Low,Millennials
31787,6.3,2.6,8.3,2.5,3.7,3.5,Moderate,Millennials
31788,5.6,3.3,7.1,1.9,1.5,3.02,Moderate,Millennials
31789,6.2,1.9,7.8,2.1,4.1,3.13,Low,Millennials
31790,4.0,3.1,7.9,3.0,4.4,2.82,High,Millennials
31791,3.2,2.4,8.2,1.7,2.2,3.29,Low,Millennials
31792,3.1,2.0,8.4,2.8,3.2,3.46,Moderate,Millennials
31793,4.7,1.7,7.7,0.8,3.8,3.05,Moderate,Millennials
31794,6.5,2.3,8.9,2.0,5.5,3.0,Moderate,Millennials
31795,4.4,3.5,6.0,1.1,4.8,3.1,Moderate,Millennials
31796,5.1,3.1,6.5,2.2,2.1,2.97,Moderate,Millennials
31797,5.6,3.7,7.1,2.1,2.4,2.79,Low,Millennials
31798,4.4,3.9,7.2,2.0,6.8,2.96,Moderate,Millennials
31799,5.2,4.6,7.3,0.9,5.8,2.74,Low,Millennials
31800,6.4,1.9,7.7,2.9,3.7,3.16,Moderate,Millennials
31801,4.2,1.9,7.6,0.7,2.7,2.72,Moderate,Millennials
31802,5.9,2.5,8.1,4.1,3.4,2.89,Moderate,Millennials
31803,6.3,2.9,7.2,1.1,4.2,3.36,Moderate,Millennials
31804,4.2,5.1,7.3,2.1,5.7,3.31,High,Millennials
31805,5.7,1.5,8.1,1.9,4.4,2.84,Low,Millennials
31806,6.2,1.6,7.0,3.3,3.5,2.95,Moderate,Millennials
31807,5.9,1.6,8.3,2.7,5.0,2.88,Moderate,Millennials
31808,5.7,0.6,7.9,0.1,4.2,2.78,Moderate,Millennials
31809,4.0,0.0,8.6,1.9,5.2,2.46,Low,Millennials
31810,6.1,2.0,8.8,0.7,7.3,3.06,Moderate,Millennials
31811,4.7,2.7,9.4,1.7,3.1,2.83,Low,Millennials
31812,7.0,1.9,7.5,0.0,2.1,2.61,Moderate,Millennials
31813,6.8,1.5,9.0,0.4,6.1,3.36,Moderate,Millennials
31814,5.1,2.4,6.9,0.0,3.6,2.52,Moderate,Millennials
31815,5.5,3.9,9.1,3.4,4.1,3.2,Low,Millennials
31816,6.4,1.8,7.5,0.0,5.9,2.89,Moderate,Millennials
31817,7.4,1.9,7.7,3.1,5.0,2.89,Moderate,Millennials
31818,5.7,3.0,8.4,2.6,2.1,3.17,Moderate,Millennials
31819,8.7,3.7,8.7,0.8,4.2,2.83,Low,Millennials
31820,3.8,2.0,8.1,2.8,5.3,2.45,High,Millennials
31821,6.6,2.3,10.0,2.3,4.8,2.71,Low,Millennials
31822,3.1,2.7,8.0,3.2,5.5,2.09,Moderate,Millennials
31823,5.2,3.1,8.1,3.4,2.5,2.58,Moderate,Millennials
31824,4.1,1.1,8.1,3.0,5.0,2.74,Low,Millennials
31825,6.3,1.7,8.3,2.3,3.0,2.56,Moderate,Millennials
31826,6.2,0.6,7.9,2.6,4.4,3.46,Moderate,Millennials
31827,6.0,3.7,7.2,2.7,1.7,2.87,Low,Millennials
31828,4.1,0.0,8.3,3.3,4.8,2.73,Moderate,Millennials
31829,4.9,3.2,8.9,0.8,4.4,3.26,Moderate,Millennials
31830,4.3,1.7,7.5,3.0,7.7,3.42,Moderate,Millennials
31831,6.7,1.4,8.3,0.9,4.2,2.79,Moderate,Millennials
31832,6.4,1.1,8.7,1.9,4.4,2.61,Moderate,Millennials
31833,5.3,3.6,8.9,2.3,3.5,2.92,Moderate,Millennials
31834,5.1,2.2,7.7,2.1,4.7,3.35,Low,Millennials
31835,4.7,3.5,7.4,2.3,4.9,2.84,Moderate,Millennials
31836,5.8,2.1,7.9,2.9,5.3,3.31,Moderate,Millennials
31837,6.7,2.1,8.5,1.8,3.4,2.78,Low,Millennials
31838,4.9,2.2,7.8,1.5,4.3,2.79,High,Millennials
31839,5.6,2.8,7.6,3.5,2.0,3.03,Moderate,Millennials
31840,6.7,0.6,7.9,0.0,6.1,2.9,Moderate,Millennials
31841,5.3,2.3,7.5,0.5,1.4,3.26,Moderate,Millennials
31842,4.6,2.2,7.6,3.0,5.1,2.89,High,Millennials
31843,4.1,1.4,8.3,1.5,4.3,3.36,Low,Millennials
31844,5.0,1.3,8.3,1.2,2.8,2.96,Moderate,Millennials
31845,4.7,0.9,7.1,1.0,4.9,2.32,Low,Millennials
31846,7.1,3.9,6.9,3.2,4.3,2.63,High,Millennials
31847,8.3,3.0,6.2,1.7,5.4,2.81,Low,Millennials
31848,5.5,0.9,8.0,2.7,4.4,3.08,Moderate,Millennials
31849,6.2,1.1,8.8,1.3,5.5,2.63,Moderate,Millennials
31850,6.4,2.0,7.9,2.0,5.7,2.86,High,Millennials
31851,6.8,2.0,7.5,3.7,3.6,2.74,High,Millennials
31852,5.4,1.2,9.1,2.5,3.9,3.48,High,Millennials
31853,6.3,2.0,7.2,2.7,4.3,2.83,Low,Millennials
31854,6.3,1.6,7.6,2.8,2.3,3.05,Moderate,Millennials
31855,5.2,2.4,8.0,2.4,3.8,2.8,Low,Millennials
31856,8.4,2.5,9.3,2.4,5.2,3.15,Moderate,Millennials
31857,5.3,1.1,7.7,2.0,2.8,2.65,Moderate,Millennials
31858,7.4,2.5,7.7,0.0,3.7,2.45,Low,Millennials
31859,8.0,1.3,8.3,2.9,4.7,3.04,Low,Millennials
31860,5.6,2.2,6.8,0.8,2.5,2.87,Low,Millennials
31861,7.5,2.5,6.9,1.1,3.8,2.81,Low,Millennials
31862,5.6,2.2,6.6,2.5,3.5,2.6,High,Millennials
31863,4.0,1.3,8.9,0.0,4.0,3.06,High,Millennials
31864,5.7,2.6,6.6,1.2,6.2,3.58,Moderate,Millennials
31865,6.1,2.0,8.1,1.2,5.8,2.68,Low,Millennials
31866,6.7,0.4,6.4,4.1,2.4,2.76,Moderate,Millennials
31867,6.9,3.4,8.6,0.0,3.6,2.74,Moderate,Millennials
31868,6.1,1.5,6.3,4.0,3.7,3.12,Moderate,Millennials
31869,3.7,1.9,8.1,2.6,4.2,2.74,Moderate,Millennials
31870,4.6,0.6,7.9,3.3,6.0,3.19,Moderate,Millennials
31871,6.3,1.1,7.1,0.8,4.0,2.86,Moderate,Millennials
31872,6.9,4.3,7.6,1.2,4.2,2.91,Moderate,Millennials
31873,7.1,2.9,6.6,2.9,5.5,3.42,Moderate,Millennials
31874,8.0,3.2,5.7,3.2,5.3,3.16,Moderate,Millennials
31875,6.8,0.8,8.2,1.0,2.4,3.26,Moderate,Millennials
31876,7.1,2.9,8.5,0.8,4.8,3.11,Low,Millennials
31877,5.4,3.7,6.5,2.3,4.2,2.89,Moderate,Millennials
31878,5.8,1.8,7.4,2.4,7.6,2.81,Moderate,Millennials
31879,6.4,0.1,8.0,1.1,3.7,2.74,Low,Millennials
31880,6.5,2.7,8.1,1.6,5.4,2.67,Moderate,Millennials
31881,8.4,1.9,8.7,3.1,7.0,3.05,Moderate,Millennials
31882,5.1,1.8,8.2,3.8,5.5,2.71,Moderate,Millennials
31883,6.5,3.3,7.7,2.9,2.6,3.48,Moderate,Millennials
31884,6.0,2.3,8.4,2.1,3.6,3.04,Moderate,Millennials
31885,2.5,0.0,8.1,2.7,5.9,3.14,Low,Millennials
31886,7.8,1.7,9.2,4.5,3.5,3.28,Moderate,Millennials
31887,5.0,2.3,9.2,2.5,4.3,3.03,Moderate,Millennials
31888,6.0,3.3,7.0,3.1,4.0,3.03,Low,Millennials
31889,7.9,2.1,7.5,1.0,1.1,2.64,Low,Millennials
31890,4.9,2.0,7.4,2.8,5.9,2.38,Low,Millennials
31891,2.5,2.7,7.2,0.0,2.7,2.84,Low,Millennials
31892,6.9,2.6,8.4,0.0,4.5,2.66,Low,Millennials
31893,6.1,2.5,8.5,0.0,3.4,3.32,Low,Millennials
31894,6.1,1.4,8.2,2.5,2.5,2.59,Low,Millennials
31895,6.0,1.5,8.0,1.2,6.1,3.35,High,Millennials
31896,5.5,1.3,7.9,3.2,3.7,3.2,Low,Millennials
31897,5.2,1.8,7.8,1.2,2.0,3.01,Low,Millennials
31898,7.4,2.4,9.0,3.4,5.1,2.54,Moderate,Millennials
31899,7.9,2.1,7.0,1.7,4.1,2.97,Moderate,Millennials
31900,4.0,1.6,8.9,1.9,2.2,2.85,Low,Millennials
31901,5.9,2.2,7.1,2.7,4.7,2.93,Moderate,Millennials
31902,6.1,2.1,7.2,1.6,3.3,3.2,Low,Millennials
31903,6.2,2.3,8.2,1.9,6.8,2.42,Moderate,Millennials
31904,5.4,0.2,9.1,3.0,5.1,3.4,Moderate,Millennials
31905,5.3,3.6,8.6,1.4,3.9,3.06,Low,Millennials
31906,4.9,2.5,7.2,2.9,6.1,2.61,Moderate,Millennials
31907,6.4,1.7,8.7,1.1,5.9,3.21,Moderate,Millennials
31908,2.9,1.5,6.6,2.3,4.1,2.72,Moderate,Millennials
31909,7.6,4.6,5.6,1.6,4.5,3.31,Low,Millennials
31910,9.6,3.4,7.9,1.4,6.4,3.19,Moderate,Millennials
31911,3.5,0.7,8.6,3.4,3.4,2.48,Moderate,Millennials
31912,5.7,3.4,7.3,2.0,3.8,3.19,Moderate,Millennials
31913,5.5,2.8,8.0,1.5,2.0,3.52,High,Millennials
31914,5.2,3.5,7.7,1.7,3.8,3.07,Moderate,Millennials
31915,5.0,2.1,7.7,2.0,3.9,2.87,Low,Millennials
31916,3.4,1.8,6.7,1.2,5.2,3.12,Low,Millennials
31917,6.3,1.9,7.1,3.4,5.2,3.56,Moderate,Millennials
31918,5.5,1.9,6.6,3.0,4.7,2.96,Moderate,Millennials
31919,7.1,2.0,6.5,0.5,3.2,3.19,High,Millennials
31920,6.1,2.7,7.1,2.4,5.2,2.98,Moderate,Millennials
31921,5.3,2.5,9.2,1.5,6.4,3.14,Moderate,Millennials
31922,7.0,2.3,6.4,2.0,2.8,2.54,High,Millennials
31923,5.7,2.0,9.2,2.0,5.7,3.33,Low,Millennials
31924,4.4,0.9,7.6,2.0,3.5,3.15,High,Millennials
31925,3.2,1.4,7.9,4.8,6.2,3.53,Moderate,Millennials
31926,6.0,2.2,7.8,3.8,4.9,2.92,Low,Millennials
31927,3.7,1.5,7.9,3.2,6.0,3.17,Moderate,Millennials
31928,6.5,2.5,8.7,1.7,3.4,3.31,Low,Millennials
31929,6.5,2.0,8.9,1.6,7.3,3.29,Low,Millennials
31930,6.7,0.0,7.0,3.3,2.8,3.18,High,Millennials
31931,4.6,2.5,9.0,4.8,5.4,3.57,High,Millennials
31932,5.7,3.5,8.8,1.1,2.8,2.65,Low,Millennials
31933,6.7,3.5,7.4,1.9,5.0,3.13,Moderate,Millennials
31934,6.1,4.4,9.0,1.7,3.7,2.58,Moderate,Millennials
31935,8.4,2.4,6.3,0.7,2.2,2.95,Moderate,Millennials
31936,5.4,0.7,8.2,2.7,6.4,3.18,Moderate,Millennials
31937,7.6,4.8,7.1,1.5,3.0,2.65,Low,Millennials
31938,4.0,1.8,7.9,3.3,6.6,3.39,Low,Millennials
31939,4.7,1.7,6.1,3.2,5.8,2.61,Moderate,Millennials
31940,4.9,1.4,8.1,2.1,1.9,3.5,Moderate,Millennials
31941,6.1,4.0,7.4,1.8,4.5,3.51,Low,Millennials
31942,4.7,1.7,8.0,0.7,6.1,2.79,Low,Millennials
31943,6.5,2.6,8.3,2.2,3.7,2.58,Moderate,Millennials
31944,6.9,0.7,7.4,2.5,6.5,2.88,Low,Millennials
31945,3.9,1.0,7.5,2.3,5.7,2.65,Low,Millennials
31946,4.9,2.1,8.1,2.8,2.7,2.77,Moderate,Millennials
31947,5.8,3.7,8.2,2.2,4.3,3.32,Low,Millennials
31948,6.0,0.8,10.0,3.6,5.0,2.93,Moderate,Millennials
31949,6.3,0.6,7.4,1.8,3.3,3.04,Low,Millennials
31950,7.6,1.6,7.1,2.7,3.6,2.9,High,Millennials
31951,6.0,2.0,7.6,1.0,2.7,3.39,Moderate,Millennials
31952,5.4,2.0,8.4,2.6,5.7,2.75,Moderate,Millennials
31953,6.2,1.8,8.0,1.7,7.6,3.28,High,Millennials
31954,4.2,1.5,8.1,3.1,2.9,3.07,High,Millennials
31955,7.3,0.9,8.2,1.6,4.2,2.78,Low,Millennials
31956,6.5,2.2,7.3,2.6,4.8,2.26,Low,Millennials
31957,7.5,1.2,6.4,4.2,4.3,2.92,High,Millennials
31958,7.2,1.2,7.6,3.6,3.8,3.02,Low,Millennials
31959,6.8,0.7,7.6,3.9,4.4,2.75,Moderate,Millennials
31960,6.3,1.6,8.1,1.8,6.7,2.88,Low,Millennials
31961,5.8,1.6,7.1,1.6,3.1,2.99,Low,Millennials
31962,6.6,2.1,7.2,2.3,6.0,3.15,Low,Millennials
31963,6.4,2.2,6.7,1.6,3.8,3.16,Moderate,Millennials
31964,5.2,1.1,8.6,4.4,2.3,3.51,Low,Millennials
31965,2.9,1.1,9.7,2.6,2.0,3.49,High,Millennials
31966,7.0,0.7,6.7,0.0,3.0,2.91,Low,Millennials
31967,7.8,2.5,9.5,0.8,4.4,2.61,Low,Millennials
31968,5.7,3.8,8.8,2.4,3.1,2.94,Moderate,Millennials
31969,4.9,1.4,7.5,3.1,2.9,3.48,Moderate,Millennials
31970,8.3,3.5,7.9,0.2,4.8,3.07,Low,Millennials
31971,4.2,2.9,8.1,1.1,5.3,3.04,High,Millennials
31972,6.3,1.5,8.0,2.8,3.2,2.93,Low,Millennials
31973,7.5,1.9,8.0,3.0,5.2,3.11,Moderate,Millennials
31974,8.6,1.8,7.3,1.4,4.1,2.89,Low,Millennials
31975,7.4,3.2,9.6,2.7,1.5,2.95,Low,Millennials
31976,6.9,2.5,7.4,0.9,6.2,3.01,Moderate,Millennials
31977,4.7,1.5,8.0,0.9,2.8,2.63,Moderate,Millennials
31978,6.4,0.9,7.1,2.6,4.3,2.82,Moderate,Millennials
31979,7.2,4.3,7.6,3.9,4.1,3.09,Moderate,Millennials
31980,5.8,1.5,7.5,3.9,3.5,2.56,Moderate,Millennials
31981,6.5,1.4,7.5,2.0,4.8,3.44,Low,Millennials
31982,4.7,2.5,7.9,2.0,4.7,2.18,Moderate,Millennials
31983,5.7,0.6,7.4,0.1,3.8,3.3,Moderate,Millennials
31984,5.1,3.8,8.5,1.2,5.8,3.11,Moderate,Millennials
31985,4.5,1.1,7.4,2.9,5.3,2.97,Moderate,Millennials
31986,6.5,2.8,8.2,1.3,2.5,3.26,Moderate,Millennials
31987,5.6,0.3,6.9,3.0,6.9,2.93,Low,Millennials
31988,5.5,2.9,8.3,3.6,0.8,3.09,Low,Millennials
31989,3.6,0.9,8.3,3.0,6.0,3.09,Moderate,Millennials
31990,6.6,0.4,7.7,2.3,4.9,2.87,Moderate,Millennials
31991,5.6,2.9,8.7,2.0,4.9,3.14,Moderate,Millennials
31992,7.1,4.2,7.0,0.5,1.6,2.91,Moderate,Millennials
31993,3.9,2.9,7.8,1.7,4.5,3.42,Low,Millennials
31994,3.3,0.1,8.1,0.1,4.5,3.3,Moderate,Millennials
31995,7.1,2.1,7.6,0.1,5.0,3.3,Moderate,Millennials
31996,6.4,3.7,7.5,2.7,1.3,3.08,High,Millennials
31997,7.9,1.0,7.6,2.1,5.1,3.1,Moderate,Millennials
31998,3.4,0.0,8.0,2.1,2.6,3.28,Low,Millennials
31999,6.7,1.3,8.0,2.3,4.9,2.73,High,Millennials
32000,7.6,1.2,7.4,1.8,4.4,2.83,Low,Millennials
32001,7.8,2.5,7.4,2.5,2.6,2.58,Low,Millennials
32002,5.2,3.3,10.0,0.9,2.5,2.49,Moderate,Millennials
32003,5.2,3.0,7.9,3.7,3.3,2.9,Moderate,Millennials
32004,2.4,1.2,8.4,0.0,5.2,3.2,Moderate,Millennials
32005,4.5,3.0,7.9,1.2,4.5,2.99,Low,Millennials
32006,5.6,4.0,8.5,3.7,5.0,2.64,Low,Millennials
32007,7.7,1.0,7.4,2.0,4.2,3.15,Low,Millennials
32008,5.8,1.3,7.1,2.0,4.0,2.45,Moderate,Millennials
32009,7.1,1.3,8.1,1.0,7.5,3.06,Moderate,Millennials
32010,4.5,0.5,6.6,2.7,6.2,2.65,Moderate,Millennials
32011,5.7,1.8,8.7,3.4,4.1,2.39,Moderate,Millennials
32012,4.9,0.6,7.0,1.9,4.5,3.66,High,Millennials
32013,6.5,3.1,7.7,1.3,6.9,3.14,Moderate,Millennials
32014,6.9,4.3,8.6,1.4,5.6,3.28,Moderate,Millennials
32015,6.2,0.5,6.0,1.7,1.5,2.84,High,Millennials
32016,8.1,2.7,6.9,0.8,4.6,3.04,High,Millennials
32017,7.4,0.3,7.0,1.9,4.3,3.05,Moderate,Millennials
32018,7.3,4.1,9.2,3.6,6.1,2.99,Moderate,Millennials
32019,8.0,2.7,8.2,0.5,7.0,3.14,High,Millennials
32020,6.3,2.5,8.1,1.9,4.2,3.14,Low,Millennials
32021,7.4,2.3,7.3,3.1,5.6,2.83,High,Millennials
32022,6.1,1.7,6.8,1.9,3.8,2.61,Moderate,Millennials
32023,5.2,2.3,7.7,0.5,5.7,2.75,Moderate,Millennials
32024,6.7,1.7,9.2,2.9,3.5,3.42,Moderate,Millennials
32025,5.6,0.7,7.2,0.4,5.5,2.84,Moderate,Millennials
32026,8.2,0.0,7.8,2.5,4.4,2.99,High,Millennials
32027,5.4,3.5,8.7,1.6,5.8,3.07,Moderate,Millennials
32028,4.0,2.0,7.8,0.5,4.4,3.23,Moderate,Millennials
32029,6.8,2.3,8.8,2.1,4.0,2.79,Moderate,Millennials
32030,5.7,1.7,7.8,3.6,2.6,3.11,Low,Millennials
32031,6.3,2.1,7.8,0.5,4.9,3.27,Low,Millennials
32032,3.2,2.6,6.4,2.9,4.2,3.03,Moderate,Millennials
32033,2.1,1.5,6.9,3.6,4.1,3.12,Moderate,Millennials
32034,5.1,3.1,7.6,1.7,4.7,3.22,Moderate,Millennials
32035,8.0,3.1,7.3,2.7,6.3,3.31,High,Millennials
32036,6.0,2.2,7.3,3.5,3.6,3.14,Low,Millennials
32037,4.7,2.1,7.1,2.4,3.3,3.4,Moderate,Millennials
32038,5.7,3.4,7.3,3.7,1.9,3.11,High,Millennials
32039,8.2,2.4,9.7,1.3,4.9,3.67,Moderate,Millennials
32040,3.6,2.3,8.4,1.6,2.0,3.35,Low,Millennials
32041,6.4,0.9,7.7,2.8,2.6,3.19,Moderate,Millennials
32042,7.5,2.3,6.4,0.7,5.4,3.24,Low,Millennials
32043,3.0,1.9,7.8,2.1,3.5,2.31,Moderate,Millennials
32044,5.0,4.0,6.8,3.1,6.2,2.96,Moderate,Millennials
32045,6.9,1.7,8.2,4.0,5.9,3.0,Low,Millennials
32046,5.9,0.8,9.3,4.5,3.2,3.13,Moderate,Millennials
32047,3.6,2.0,8.4,3.7,5.9,2.39,Low,Millennials
32048,6.7,0.0,6.0,1.8,7.1,3.19,High,Millennials
32049,6.6,0.0,9.1,2.7,6.2,3.41,Moderate,Millennials
32050,5.8,3.1,6.9,1.4,5.9,3.38,Moderate,Millennials
32051,5.2,1.8,6.9,1.6,4.7,3.7,Low,Millennials
32052,4.8,2.1,9.1,1.4,6.3,3.18,Low,Millennials
32053,5.8,4.0,8.1,2.4,4.0,3.83,Low,Millennials
32054,5.8,2.9,8.5,2.4,5.6,2.77,High,Millennials
32055,7.4,2.2,8.4,3.2,1.9,2.68,Low,Millennials
32056,5.9,2.5,7.8,2.6,3.5,3.2,High,Millennials
32057,4.8,1.3,7.5,2.0,5.5,3.11,Low,Millennials
32058,3.5,2.3,6.7,1.2,2.9,2.36,High,Millennials
32059,7.7,4.0,8.3,2.4,2.0,3.52,High,Millennials
32060,7.2,3.0,7.7,3.4,4.6,3.06,Moderate,Millennials
32061,6.3,2.2,8.1,3.4,3.1,2.86,Low,Millennials
32062,8.1,1.0,8.0,4.2,4.8,3.41,Moderate,Millennials
32063,3.9,1.0,7.9,1.1,5.4,2.85,Low,Millennials
32064,8.2,2.9,9.6,0.5,6.6,3.59,Moderate,Millennials
32065,8.7,2.7,6.9,1.3,4.9,2.6,Moderate,Millennials
32066,6.5,2.5,8.5,2.3,3.9,2.97,High,Millennials
32067,6.5,3.3,7.9,2.1,5.7,2.83,Low,Millennials
32068,6.9,0.3,8.3,1.2,3.7,2.86,Low,Millennials
32069,6.7,2.5,7.8,1.0,4.7,2.63,Low,Millennials
32070,4.5,2.4,7.6,2.3,3.2,3.21,Moderate,Millennials
32071,5.7,3.2,8.5,2.6,3.9,3.01,Low,Millennials
32072,8.0,0.7,7.3,2.2,4.9,3.0,Moderate,Millennials
32073,7.5,2.8,7.5,2.6,4.8,3.06,Moderate,Millennials
32074,5.7,1.7,7.1,0.0,4.1,3.08,High,Millennials
32075,5.4,1.3,6.7,0.7,4.7,3.3,Moderate,Millennials
32076,6.6,0.7,7.2,1.7,4.9,3.37,Low,Millennials
32077,7.0,0.9,8.1,1.3,3.0,3.45,Moderate,Millennials
32078,5.3,3.6,7.8,2.9,3.4,3.33,Moderate,Millennials
32079,7.0,2.8,7.7,3.0,1.9,3.59,High,Millennials
32080,7.0,5.1,9.2,2.7,2.3,2.88,Low,Millennials
32081,7.1,2.1,7.1,1.1,4.5,2.79,Moderate,Millennials
32082,5.0,2.7,6.6,3.0,4.8,3.25,Moderate,Millennials
32083,6.0,2.5,9.0,2.3,3.5,3.5,Moderate,Millennials
32084,5.4,4.2,8.0,1.6,3.4,4.0,Moderate,Millennials
32085,5.5,2.5,7.2,2.1,3.9,3.19,Low,Millennials
32086,6.6,1.5,8.0,3.3,5.3,3.51,Low,Millennials
32087,5.9,3.2,7.6,2.3,3.9,2.43,Moderate,Millennials
32088,6.2,4.3,7.3,3.6,3.9,2.95,Low,Millennials
32089,6.8,2.1,7.4,3.9,3.7,2.7,Moderate,Millennials
32090,6.8,2.0,7.6,3.7,3.3,2.82,Moderate,Millennials
32091,5.7,1.2,7.0,1.1,2.9,3.28,Low,Millennials
32092,5.8,3.9,7.9,1.9,5.9,3.25,Moderate,Millennials
32093,6.6,2.4,7.3,4.0,2.8,3.44,High,Millennials
32094,4.1,2.3,7.9,2.2,3.6,3.32,Moderate,Millennials
32095,5.5,2.1,7.8,2.7,4.1,3.01,Low,Millennials
32096,5.5,2.8,7.2,2.7,3.4,3.28,Moderate,Millennials
32097,7.2,1.9,8.9,2.5,2.2,2.98,Moderate,Millennials
32098,5.6,0.0,7.6,0.9,7.9,3.3,Moderate,Millennials
32099,6.3,2.8,8.9,2.7,3.0,3.22,Low,Millennials
32100,5.7,4.0,7.5,1.9,6.2,2.86,Moderate,Millennials
32101,3.0,1.9,7.7,1.8,4.9,3.12,Low,Millennials
32102,7.2,0.0,8.1,0.9,3.1,3.14,Low,Millennials
32103,8.3,0.9,7.5,0.7,3.4,2.82,Moderate,Millennials
32104,9.1,2.1,10.0,1.7,4.2,3.02,High,Millennials
32105,4.6,3.0,6.2,2.9,3.2,2.94,Moderate,Millennials
32106,6.5,2.5,7.9,1.8,6.1,3.44,Low,Millennials
32107,6.5,3.3,7.9,1.0,5.2,2.83,Moderate,Millennials
32108,6.0,0.9,5.9,1.8,6.8,3.11,Low,Millennials
32109,5.5,3.6,8.0,1.5,2.8,2.89,Moderate,Millennials
32110,4.7,3.3,7.3,2.0,5.0,2.67,Moderate,Millennials
32111,4.6,1.6,7.6,2.2,1.1,3.07,Moderate,Millennials
32112,3.8,2.8,6.7,3.8,4.9,2.9,Low,Millennials
32113,6.5,1.1,8.1,2.8,5.1,3.26,Moderate,Millennials
32114,5.8,1.8,8.5,1.6,5.2,2.67,Moderate,Millennials
32115,7.3,3.2,8.9,1.6,5.0,3.21,Low,Millennials
32116,6.4,0.0,9.2,2.5,4.9,2.86,Low,Millennials
32117,5.2,3.8,8.0,2.2,6.6,3.26,Moderate,Millennials
32118,6.1,0.0,7.6,2.6,2.2,2.77,Low,Millennials
32119,6.6,2.7,7.3,2.3,3.5,3.1,Low,Millennials
32120,6.6,4.3,7.6,0.0,3.3,2.59,Moderate,Millennials
32121,6.9,2.9,7.7,2.6,5.3,3.13,Low,Millennials
32122,7.9,0.3,7.5,1.1,7.0,2.63,Moderate,Millennials
32123,6.3,1.1,6.7,2.1,5.2,3.38,High,Millennials
32124,6.9,1.2,8.1,0.5,5.7,2.83,Moderate,Millennials
32125,6.9,2.0,8.7,2.4,1.3,2.64,High,Millennials
32126,6.5,2.9,7.8,3.9,4.4,2.72,Low,Millennials
32127,6.1,3.9,8.4,1.5,2.0,2.88,Moderate,Millennials
32128,5.2,2.9,7.0,0.1,3.4,2.85,Moderate,Millennials
32129,5.5,2.4,7.1,1.4,6.1,2.82,Moderate,Millennials
32130,4.2,1.3,7.6,2.2,4.9,2.68,Moderate,Millennials
32131,6.3,1.2,8.0,4.1,4.2,3.31,Moderate,Millennials
32132,3.8,1.1,9.0,1.6,2.1,3.01,Low,Millennials
32133,4.7,0.6,8.3,2.5,6.0,2.86,Low,Millennials
32134,4.2,3.0,8.2,2.7,5.3,2.88,High,Millennials
32135,7.1,0.8,8.7,2.0,3.8,3.42,Low,Millennials
32136,6.7,1.6,7.2,1.3,3.4,2.41,Moderate,Millennials
32137,4.7,2.4,6.8,2.9,3.7,3.4,Low,Millennials
32138,5.2,0.8,9.0,2.7,4.3,3.28,Moderate,Millennials
32139,6.6,3.8,8.1,0.5,6.5,2.3,Moderate,Millennials
32140,6.0,0.4,6.9,0.2,4.6,2.88,Low,Millennials
32141,6.3,2.6,7.1,1.5,5.9,2.89,Low,Millennials
32142,7.7,1.3,8.4,1.1,3.4,3.04,Moderate,Millennials
32143,6.5,0.6,6.6,2.6,4.7,2.37,Low,Millennials
32144,5.9,2.5,8.5,2.4,3.2,2.86,Low,Millennials
32145,7.0,1.9,7.8,3.0,5.1,2.98,High,Millennials
32146,4.4,1.2,8.5,0.0,4.8,3.16,Low,Millennials
32147,6.0,2.1,7.5,5.9,1.4,3.52,Moderate,Millennials
32148,6.8,0.0,6.2,1.5,5.1,3.55,Low,Millennials
32149,4.0,1.2,7.1,1.9,3.3,3.05,Low,Millennials
32150,5.5,2.8,7.0,1.1,2.0,3.45,Moderate,Millennials
32151,5.2,1.8,9.3,0.6,2.7,3.48,High,Millennials
32152,5.6,2.8,7.7,3.0,5.3,2.92,Low,Millennials
32153,5.4,4.8,8.2,0.5,4.9,3.15,Moderate,Millennials
32154,5.4,1.4,8.9,0.5,4.0,3.24,Moderate,Millennials
32155,6.5,4.0,8.0,1.0,5.1,2.88,Low,Millennials
32156,7.4,2.2,8.3,2.7,5.5,2.82,Moderate,Millennials
32157,6.0,3.0,8.9,1.9,4.0,3.29,Low,Millennials
32158,5.5,1.1,7.4,0.0,6.4,2.96,Moderate,Millennials
32159,7.4,3.0,6.7,0.4,4.2,2.76,Moderate,Millennials
32160,5.7,2.8,5.8,1.1,6.7,3.37,Low,Millennials
32161,3.3,2.9,8.0,1.4,3.3,2.5,Moderate,Millennials
32162,8.3,1.0,7.1,2.9,2.5,3.39,Moderate,Millennials
32163,4.1,3.5,10.0,1.4,1.6,3.07,Moderate,Millennials
32164,5.1,1.8,8.1,2.2,2.9,3.02,Low,Millennials
32165,6.4,2.0,7.5,1.8,4.4,2.62,Low,Millennials
32166,6.5,2.3,7.8,0.0,2.1,3.21,Moderate,Millennials
32167,6.6,3.4,7.7,2.5,2.0,2.94,Low,Millennials
32168,4.1,0.0,7.2,2.3,5.1,2.52,Moderate,Millennials
32169,5.5,1.4,7.2,1.0,7.2,2.51,Moderate,Millennials
32170,5.6,3.2,7.1,3.1,5.8,3.47,Moderate,Millennials
32171,7.2,2.9,7.2,3.6,5.6,2.54,Moderate,Millennials
32172,5.4,2.6,7.6,0.6,4.7,3.36,High,Millennials
32173,6.2,0.9,8.3,1.8,1.9,3.12,Moderate,Millennials
32174,3.0,2.4,8.4,1.8,4.8,3.0,Low,Millennials
32175,7.6,1.6,7.7,2.8,6.0,3.07,High,Millennials
32176,6.7,1.6,6.5,1.2,3.5,3.07,Moderate,Millennials
32177,6.0,2.6,9.0,0.9,6.4,2.71,Low,Millennials
32178,7.0,0.7,8.4,1.7,2.9,3.02,Moderate,Millennials
32179,5.9,1.8,8.5,2.2,3.1,3.25,Low,Millennials
32180,6.3,3.4,7.2,1.1,3.3,2.64,Moderate,Millennials
32181,6.1,1.3,6.2,1.9,4.1,2.28,Low,Millennials
32182,4.0,3.0,7.1,1.6,4.3,2.86,Low,Millennials
32183,6.3,2.0,8.6,1.9,3.0,2.97,Moderate,Millennials
32184,6.6,2.9,7.6,2.7,4.2,2.99,Low,Millennials
32185,5.3,2.1,7.5,3.1,3.2,2.77,Low,Millennials
32186,6.1,2.5,7.2,0.9,4.9,3.11,Moderate,Millennials
32187,7.5,1.8,8.5,2.0,5.3,3.01,Low,Millennials
32188,5.2,2.5,8.2,3.0,6.5,2.49,Moderate,Millennials
32189,5.7,4.5,7.8,3.2,4.2,2.82,Moderate,Millennials
32190,3.8,3.4,7.4,3.7,5.8,2.97,Low,Millennials
32191,6.4,4.0,5.1,3.2,2.5,2.96,Low,Millennials
32192,5.8,0.6,8.0,2.5,7.4,2.91,Moderate,Millennials
32193,6.1,6.0,8.6,1.8,4.3,2.82,High,Millennials
32194,7.3,0.0,8.4,3.5,3.8,2.66,Moderate,Millennials
32195,6.0,3.5,6.9,1.9,4.3,3.15,Moderate,Millennials
32196,8.5,2.6,7.7,2.5,5.6,3.14,Moderate,Millennials
32197,6.2,1.2,7.8,2.7,6.2,3.85,Moderate,Millennials
32198,7.0,1.6,8.5,3.1,3.4,2.3,Moderate,Millennials
32199,6.0,2.5,7.8,0.0,0.8,3.16,Moderate,Millennials
32200,5.5,1.7,7.1,2.0,2.5,2.8,High,Millennials
32201,6.1,1.5,7.2,2.9,6.6,2.46,High,Millennials
32202,7.3,4.1,6.9,3.0,5.4,2.81,Low,Millennials
32203,8.1,0.1,8.3,2.7,5.2,2.71,Moderate,Millennials
32204,6.7,1.8,7.2,2.2,3.3,2.94,Low,Millennials
32205,5.1,1.4,7.2,0.2,6.4,2.6,Low,Millennials
32206,6.3,2.2,8.1,0.4,4.6,3.19,Moderate,Millennials
32207,4.7,3.0,7.6,1.9,3.1,3.23,Low,Millennials
32208,5.3,2.4,8.0,1.8,6.3,2.43,Low,Millennials
32209,4.7,2.1,8.2,0.0,2.5,2.72,Low,Millennials
32210,4.1,1.0,6.3,3.1,4.9,2.71,Moderate,Millennials
32211,9.0,1.1,9.6,1.5,5.2,2.78,Moderate,Millennials
32212,5.0,2.5,8.4,2.2,5.3,3.22,Moderate,Millennials
32213,3.4,0.2,6.4,0.3,2.3,3.0,High,Millennials
32214,7.5,2.7,5.7,3.4,3.1,3.26,Moderate,Millennials
32215,7.2,2.7,9.5,2.5,6.3,2.94,Moderate,Millennials
32216,3.2,1.5,6.6,2.3,4.7,3.01,Moderate,Millennials
32217,4.2,1.4,6.9,0.6,4.0,2.88,Moderate,Millennials
32218,5.6,2.9,7.3,0.8,4.7,2.93,Low,Millennials
32219,6.2,1.6,7.5,1.0,6.3,2.81,Moderate,Millennials
32220,6.2,1.7,9.7,2.6,5.9,3.22,Low,Millennials
32221,5.6,3.1,7.0,0.8,5.6,2.85,Low,Millennials
32222,6.5,1.3,7.3,0.7,3.8,3.38,Moderate,Millennials
32223,6.3,4.4,7.7,0.9,3.5,3.41,Moderate,Millennials
32224,7.6,3.3,6.4,1.5,4.7,2.51,Low,Millennials
32225,7.4,3.6,8.2,1.3,3.0,3.67,High,Millennials
32226,8.6,2.4,8.0,1.5,5.8,3.32,Low,Millennials
32227,8.5,1.4,10.0,1.1,3.3,2.76,Moderate,Millennials
32228,6.1,0.2,7.7,4.9,3.5,3.14,Low,Millennials
32229,5.7,2.0,7.0,3.0,7.2,2.79,Low,Millennials
32230,5.8,2.1,7.2,2.6,4.6,3.27,Moderate,Millennials
32231,5.0,2.8,6.9,0.3,3.9,3.57,Moderate,Millennials
32232,6.3,3.0,8.3,2.6,4.0,3.5,Moderate,Millennials
32233,5.5,2.8,7.5,1.3,3.2,2.42,Moderate,Millennials
32234,6.3,0.8,7.3,1.5,5.1,2.97,Low,Millennials
32235,5.3,2.8,9.3,2.7,3.5,3.07,Low,Millennials
32236,4.2,1.1,8.1,1.6,1.1,3.28,Moderate,Millennials
32237,3.9,2.0,7.6,1.9,4.1,2.69,Moderate,Millennials
32238,2.5,2.1,8.8,3.1,2.8,2.92,Low,Millennials
32239,6.6,3.2,7.3,0.7,4.5,2.97,Moderate,Millennials
32240,4.4,3.2,7.5,1.8,6.4,3.53,Moderate,Millennials
32241,7.5,3.1,9.4,3.2,4.3,2.89,High,Millennials
32242,4.6,3.2,9.1,4.3,4.6,3.27,High,Millennials
32243,5.6,2.4,5.9,2.6,5.7,3.5,Low,Millennials
32244,4.0,5.2,6.7,3.1,5.9,2.86,High,Millennials
32245,9.0,0.4,6.3,3.0,6.5,2.42,Moderate,Millennials
32246,3.9,2.7,7.4,2.7,5.2,3.39,Low,Millennials
32247,5.4,2.5,7.5,3.9,4.4,2.85,Moderate,Millennials
32248,6.4,4.4,8.7,2.7,5.2,2.26,Low,Millennials
32249,7.5,1.9,6.2,2.4,7.0,2.98,Moderate,Millennials
32250,5.1,3.6,8.7,1.0,4.5,3.18,Moderate,Millennials
32251,6.0,3.5,7.1,2.6,3.3,3.27,High,Millennials
32252,5.4,1.6,7.0,3.8,4.8,2.95,Moderate,Millennials
32253,6.8,0.7,8.5,1.0,1.4,2.74,Moderate,Millennials
32254,2.8,2.7,7.6,0.6,4.5,3.51,High,Millennials
32255,6.8,4.4,6.6,2.7,5.3,2.74,Low,Millennials
32256,6.9,1.1,8.2,0.6,3.2,2.78,High,Millennials
32257,6.3,3.9,6.5,1.2,5.4,3.21,Low,Millennials
32258,5.6,0.1,9.7,3.2,5.2,3.57,Moderate,Millennials
32259,6.7,0.3,9.4,1.1,1.9,2.85,Moderate,Millennials
32260,5.6,3.4,7.7,1.8,5.7,2.97,Moderate,Millennials
32261,6.0,2.4,6.8,0.0,7.3,2.87,Moderate,Millennials
32262,4.8,3.3,7.5,2.4,2.2,2.99,Low,Millennials
32263,5.5,2.7,9.4,2.2,4.4,3.02,High,Millennials
32264,5.6,1.2,6.6,4.8,2.0,2.54,Moderate,Millennials
32265,4.5,1.1,8.7,0.7,5.6,2.96,Moderate,Millennials
32266,3.2,3.3,9.2,2.1,2.9,3.14,Low,Millennials
32267,6.5,2.1,7.5,0.2,3.7,2.83,Moderate,Millennials
32268,4.6,3.1,6.4,2.3,2.8,3.14,Low,Millennials
32269,5.7,2.3,7.3,1.9,5.7,2.62,Moderate,Millennials
32270,4.2,1.6,7.7,3.9,5.0,3.06,High,Millennials
32271,6.4,1.3,8.9,2.8,3.4,2.67,Moderate,Millennials
32272,3.8,3.6,9.4,0.9,6.6,2.58,Moderate,Millennials
32273,2.5,1.7,8.1,1.6,0.3,2.93,Moderate,Millennials
32274,5.3,3.1,6.7,2.1,3.0,3.27,Moderate,Millennials
32275,8.7,0.4,7.3,1.1,2.3,3.6,Moderate,Millennials
32276,6.9,1.5,6.8,2.4,2.9,3.05,High,Millennials
32277,6.6,2.1,7.0,3.5,6.4,3.26,Moderate,Millennials
32278,6.6,1.6,8.3,2.1,4.3,2.79,Moderate,Millennials
32279,4.8,5.0,8.4,4.2,2.4,3.41,Moderate,Millennials
32280,4.7,2.2,7.5,1.7,3.9,2.9,High,Millennials
32281,7.0,0.5,8.2,0.4,3.7,3.25,High,Millennials
32282,3.1,2.5,8.7,1.5,7.0,2.71,High,Millennials
32283,7.0,3.3,6.0,1.2,6.4,3.19,Low,Millennials
32284,7.4,3.6,7.7,1.3,8.0,2.94,Low,Millennials
32285,3.5,1.1,8.5,2.5,4.3,3.1,Moderate,Millennials
32286,4.8,2.0,8.2,4.6,4.6,2.8,Moderate,Millennials
32287,5.8,2.4,6.5,1.3,3.2,2.53,Low,Millennials
32288,8.1,2.9,7.7,1.8,3.9,3.09,Moderate,Millennials
32289,6.1,2.0,7.7,1.4,2.1,2.58,Moderate,Millennials
32290,5.0,5.0,8.5,2.8,3.9,2.78,Moderate,Millennials
32291,4.9,2.0,8.1,3.0,4.5,2.99,Moderate,Millennials
32292,3.7,0.8,8.1,3.3,4.8,2.7,Moderate,Millennials
32293,5.6,2.6,8.6,2.0,4.5,2.54,Low,Millennials
32294,6.4,2.8,6.6,1.8,4.8,2.74,Moderate,Millennials
32295,5.4,0.8,8.4,2.8,3.1,2.85,Low,Millennials
32296,5.0,1.7,8.6,3.2,3.8,3.0,High,Millennials
32297,5.2,1.0,7.6,0.2,4.4,2.75,Low,Millennials
32298,3.8,2.1,7.3,0.8,4.8,3.65,High,Millennials
32299,4.9,3.4,8.3,3.5,2.1,3.61,Low,Millennials
32300,6.3,1.7,9.0,2.4,2.9,2.76,Low,Millennials
32301,4.3,3.3,8.1,0.0,5.9,3.49,Low,Millennials
32302,4.7,0.0,9.0,2.8,1.5,3.08,Moderate,Millennials
32303,6.5,2.1,7.6,2.3,3.6,2.91,Low,Millennials
32304,6.3,0.0,7.3,1.6,4.3,3.34,Low,Millennials
32305,6.2,2.6,7.7,3.6,2.2,2.72,High,Millennials
32306,6.2,0.0,8.1,3.1,5.3,3.3,Low,Millennials
32307,4.2,0.5,8.4,2.9,3.3,3.18,Moderate,Millennials
32308,4.9,2.0,8.2,2.7,4.7,2.89,Moderate,Millennials
32309,4.6,2.9,8.5,2.7,6.3,3.04,Moderate,Millennials
32310,4.0,1.4,6.7,0.6,4.5,3.55,Moderate,Millennials
32311,5.5,1.3,7.4,1.3,2.7,2.98,Low,Millennials
32312,5.3,2.2,8.2,3.9,1.7,3.0,High,Millennials
32313,6.7,2.9,8.0,1.3,5.6,3.11,Moderate,Millennials
32314,5.4,3.0,8.7,1.3,6.5,2.68,High,Millennials
32315,6.1,2.5,7.5,1.5,3.5,2.67,Moderate,Millennials
32316,6.1,4.5,9.0,2.5,5.8,2.88,Moderate,Millennials
32317,4.2,0.3,7.8,3.9,2.6,3.43,Moderate,Millennials
32318,6.6,3.5,5.8,2.2,5.2,2.92,Moderate,Millennials
32319,8.5,1.6,7.6,1.9,3.6,3.37,Moderate,Millennials
32320,6.7,2.1,7.6,2.6,2.7,3.02,Moderate,Millennials
32321,4.3,2.0,7.6,2.3,5.0,3.37,Moderate,Millennials
32322,7.1,1.2,7.5,1.5,4.4,3.24,Moderate,Millennials
32323,5.6,3.4,6.2,2.0,5.1,3.34,Moderate,Millennials
32324,7.1,3.0,7.7,0.4,4.9,3.04,Low,Millennials
32325,5.9,2.2,9.0,1.9,4.2,2.39,Low,Millennials
32326,6.8,2.2,8.1,2.7,4.9,3.42,Moderate,Millennials
32327,4.9,1.8,8.6,0.9,4.1,2.35,High,Millennials
32328,7.6,0.2,8.0,1.5,4.3,2.62,High,Millennials
32329,4.2,4.3,8.1,2.6,4.3,3.11,High,Millennials
32330,7.4,1.2,9.3,0.6,6.0,3.32,Moderate,Millennials
32331,7.0,3.5,7.9,0.5,6.1,2.86,Low,Millennials
32332,5.6,1.5,7.9,2.5,3.8,2.49,Low,Millennials
32333,2.8,2.8,8.6,1.2,4.0,3.24,Moderate,Millennials
32334,6.6,3.0,8.4,1.5,3.8,3.15,Moderate,Millennials
32335,5.0,2.1,7.7,0.3,7.0,3.09,High,Millennials
32336,6.5,2.4,7.6,2.1,4.3,3.18,Moderate,Millennials
32337,7.1,2.9,6.2,2.7,5.0,2.54,Low,Millennials
32338,7.5,2.3,7.4,2.6,2.9,3.52,Low,Millennials
32339,4.7,3.4,7.9,1.6,6.0,3.17,Moderate,Millennials
32340,5.5,1.6,8.9,2.9,2.0,3.02,Moderate,Millennials
32341,7.8,2.8,5.8,1.2,6.1,2.86,Moderate,Millennials
32342,5.8,2.7,8.1,1.1,6.2,3.23,Moderate,Millennials
32343,6.4,1.0,7.8,0.0,4.5,2.97,Moderate,Millennials
32344,6.6,2.1,7.4,3.9,3.0,3.13,Moderate,Millennials
32345,4.1,2.5,8.6,1.8,6.7,3.02,Moderate,Millennials
32346,5.9,0.8,7.7,2.8,4.8,2.98,Low,Millennials
32347,4.6,2.1,6.7,1.9,4.3,2.75,Moderate,Millennials
32348,6.7,2.3,7.9,3.2,4.0,2.95,Moderate,Millennials
32349,4.0,2.4,8.8,2.7,4.2,2.71,Moderate,Millennials
32350,4.9,1.6,9.0,2.1,2.3,2.96,Low,Millennials
32351,6.2,1.8,6.4,3.9,4.4,2.59,High,Millennials
32352,8.4,4.1,7.4,1.6,2.9,2.89,Moderate,Millennials
32353,3.6,0.3,7.7,1.9,4.2,3.71,Moderate,Millennials
32354,6.6,0.2,7.5,0.3,3.4,3.26,Moderate,Millennials
32355,5.3,2.6,8.5,0.0,6.6,2.38,Low,Millennials
32356,4.8,3.7,7.4,3.9,2.9,3.06,Low,Millennials
32357,5.7,3.5,7.4,2.3,5.0,2.77,Moderate,Millennials
32358,6.6,2.7,8.2,2.9,2.7,2.66,High,Millennials
32359,7.2,3.1,7.0,0.6,4.5,2.94,Moderate,Millennials
32360,5.3,3.8,7.7,2.1,5.5,2.87,Moderate,Millennials
32361,3.9,1.6,7.6,1.6,3.6,2.96,Low,Millennials
32362,7.0,4.2,8.7,2.3,1.9,3.17,Low,Millennials
32363,6.6,4.0,6.7,1.5,4.6,2.62,Moderate,Millennials
32364,6.3,2.3,9.6,3.0,3.9,3.08,Low,Millennials
32365,4.6,1.6,7.5,1.4,3.5,3.26,Moderate,Millennials
32366,5.6,3.1,6.9,2.4,2.7,3.25,Low,Millennials
32367,6.0,2.7,8.1,3.5,2.6,2.75,Low,Millennials
32368,6.7,2.9,8.2,2.0,4.6,2.94,Low,Millennials
32369,4.9,0.0,7.1,3.5,3.2,2.71,High,Millennials
32370,5.7,3.1,7.7,2.3,4.2,2.73,High,Millennials
32371,6.1,1.3,7.7,2.3,3.6,3.03,Moderate,Millennials
32372,7.5,3.6,8.0,2.3,5.9,2.82,Moderate,Millennials
32373,7.0,1.8,6.4,1.3,6.7,3.44,Moderate,Millennials
32374,6.2,1.0,8.3,2.4,3.6,3.06,Moderate,Millennials
32375,5.8,2.2,7.3,1.6,5.4,2.49,Moderate,Millennials
32376,4.4,2.4,9.3,1.5,2.4,2.89,Moderate,Millennials
32377,6.3,2.9,9.1,0.2,4.3,3.18,Moderate,Millennials
32378,6.9,2.0,8.2,2.5,6.8,3.29,Moderate,Millennials
32379,7.2,2.2,8.6,2.1,3.7,2.98,Low,Millennials
32380,5.6,1.5,7.7,2.0,3.4,2.9,Moderate,Millennials
32381,6.3,1.8,8.6,1.8,5.1,2.79,Low,Millennials
32382,6.3,2.7,7.8,1.8,3.7,3.22,Moderate,Millennials
32383,5.9,1.8,7.8,1.5,5.3,2.53,Moderate,Millennials
32384,7.3,0.3,6.8,4.8,6.5,3.17,Low,Millennials
32385,6.7,1.5,8.2,2.3,3.1,2.73,Moderate,Millennials
32386,2.8,2.1,8.7,3.2,5.2,3.04,Moderate,Millennials
32387,5.2,2.3,6.8,1.4,5.4,3.31,Moderate,Millennials
32388,8.3,2.6,6.7,3.5,3.8,2.89,Low,Millennials
32389,7.5,0.0,6.7,1.0,7.2,3.22,Low,Millennials
32390,6.6,2.7,7.2,1.9,2.0,3.1,Moderate,Millennials
32391,4.9,3.6,7.9,1.9,2.9,2.71,High,Millennials
32392,5.2,3.0,6.6,1.8,3.6,3.11,High,Millennials
32393,3.5,0.7,9.0,3.8,2.3,3.11,Low,Millennials
32394,8.3,1.9,8.4,3.3,4.6,3.63,High,Millennials
32395,2.6,1.4,8.7,1.6,3.1,3.37,Moderate,Millennials
32396,8.2,1.9,8.6,0.9,5.9,3.14,Moderate,Millennials
32397,4.6,4.0,6.9,0.4,6.7,2.76,Moderate,Millennials
32398,2.8,0.9,8.2,2.0,3.9,2.62,Moderate,Millennials
32399,4.7,2.8,9.0,1.6,1.9,2.63,High,Millennials
32400,7.2,3.0,8.7,1.0,2.6,2.79,Low,Millennials
32401,6.0,1.5,6.9,1.8,5.3,2.96,Low,Millennials
32402,3.5,2.9,8.6,1.9,4.7,2.69,High,Millennials
32403,5.6,1.5,8.3,1.4,5.8,3.13,High,Millennials
32404,3.8,2.8,5.8,0.5,5.9,2.94,Moderate,Millennials
32405,4.9,0.5,8.7,0.0,3.0,2.89,Low,Millennials
32406,7.9,1.7,7.6,1.9,5.4,3.19,Moderate,Millennials
32407,7.0,2.8,6.7,1.1,1.3,3.54,High,Millennials
32408,3.9,2.2,6.4,2.4,3.4,3.59,Moderate,Millennials
32409,6.7,2.5,8.8,2.0,4.3,2.69,High,Millennials
32410,6.1,2.1,8.4,0.9,5.6,2.52,Moderate,Millennials
32411,6.4,2.2,7.6,4.1,3.1,2.83,Moderate,Millennials
32412,6.6,2.0,6.3,2.0,2.4,3.02,Low,Millennials
32413,5.8,2.5,6.1,1.2,5.0,3.68,Low,Millennials
32414,5.1,4.1,9.0,2.1,3.4,3.18,Low,Millennials
32415,5.7,0.9,8.7,1.9,2.9,3.24,High,Millennials
32416,7.2,2.3,7.8,1.0,3.7,2.54,Low,Millennials
32417,7.6,2.2,7.7,2.0,5.7,2.87,Low,Millennials
32418,5.7,1.1,6.7,2.8,4.8,2.55,Low,Millennials
32419,3.4,2.4,8.2,2.6,1.7,2.32,Low,Millennials
32420,4.9,3.5,8.9,1.7,5.4,3.29,Moderate,Millennials
32421,5.0,2.1,7.6,2.1,4.0,3.14,Low,Millennials
32422,6.3,1.5,8.1,0.2,4.5,3.62,Moderate,Millennials
32423,6.2,2.3,10.0,1.6,6.0,2.94,Low,Millennials
32424,5.0,2.6,6.9,0.4,2.1,3.27,Moderate,Millennials
32425,4.8,2.8,8.9,1.2,3.8,2.95,Moderate,Millennials
32426,6.0,1.9,7.0,0.4,4.4,2.71,High,Millennials
32427,4.0,1.5,7.5,2.2,5.9,2.9,Low,Millennials
32428,4.4,2.0,7.2,1.7,6.1,3.3,High,Millennials
32429,3.0,1.7,6.2,2.8,5.5,2.57,Moderate,Millennials
32430,5.6,2.7,7.6,0.0,2.4,2.69,Moderate,Millennials
32431,4.7,2.2,7.8,4.7,3.8,3.58,Low,Millennials
32432,4.5,2.2,7.2,1.5,4.5,3.02,Low,Millennials
32433,7.8,1.8,8.5,3.7,5.6,2.73,Moderate,Millennials
32434,5.3,3.1,7.5,3.7,3.7,2.9,Moderate,Millennials
32435,6.0,1.6,8.4,2.0,4.7,2.78,Low,Millennials
32436,5.1,2.7,7.8,3.8,3.5,3.12,Low,Millennials
32437,6.3,1.8,6.6,3.6,3.1,3.28,Low,Millennials
32438,5.9,2.0,9.1,1.8,3.5,3.03,High,Millennials
32439,5.1,2.1,9.0,3.2,4.2,2.96,Moderate,Millennials
32440,2.8,3.0,8.3,0.0,3.7,2.75,Moderate,Millennials
32441,5.2,3.3,8.5,3.3,3.9,3.1,Moderate,Millennials
32442,6.4,1.0,9.0,1.5,6.3,3.29,Low,Millennials
32443,4.4,3.4,6.6,1.2,3.4,3.18,Moderate,Millennials
32444,5.3,3.1,7.9,1.9,5.2,2.57,Moderate,Millennials
32445,6.7,0.0,7.6,1.9,4.3,2.81,Moderate,Millennials
32446,8.7,1.7,8.0,2.2,4.4,2.49,High,Millennials
32447,5.4,3.7,9.3,4.0,6.9,3.05,Low,Millennials
32448,5.8,1.5,7.1,1.2,4.0,2.45,High,Millennials
32449,6.5,2.2,8.7,2.8,6.4,2.93,Moderate,Millennials
32450,6.3,3.6,7.6,4.1,3.6,2.6,Moderate,Millennials
32451,5.1,2.0,8.2,2.6,5.1,2.74,Low,Millennials
32452,5.0,1.6,8.1,3.0,4.8,2.55,Moderate,Millennials
32453,5.3,3.3,6.8,0.7,4.5,3.27,Moderate,Millennials
32454,6.7,1.5,7.9,0.7,4.1,3.45,Low,Millennials
32455,6.3,2.3,7.3,1.3,5.7,3.17,High,Millennials
32456,4.4,2.3,7.4,3.2,3.3,3.06,Low,Millennials
32457,3.8,2.4,7.9,0.3,1.4,3.67,Moderate,Millennials
32458,5.0,2.3,8.1,0.0,2.6,3.03,Moderate,Millennials
32459,3.0,2.7,6.8,2.5,3.7,2.91,Moderate,Millennials
32460,6.5,1.7,7.9,3.3,2.9,2.67,Low,Millennials
32461,7.0,1.3,7.5,0.0,5.9,3.22,Low,Millennials
32462,4.7,2.1,7.0,2.5,4.0,2.71,Low,Millennials
32463,5.1,1.2,8.6,2.6,2.9,3.11,Low,Millennials
32464,6.4,3.5,8.1,1.1,3.1,2.49,Moderate,Millennials
32465,6.5,2.9,7.4,3.0,4.0,3.0,Low,Millennials
32466,6.7,1.1,7.3,1.4,4.7,2.82,High,Millennials
32467,6.1,2.3,6.4,4.4,5.5,3.21,High,Millennials
32468,4.8,1.9,7.5,3.4,7.2,2.85,Moderate,Millennials
32469,4.3,3.6,6.5,2.4,3.1,3.2,Moderate,Millennials
32470,4.9,2.8,6.9,0.7,2.1,3.57,Moderate,Millennials
32471,5.8,1.5,7.2,1.4,5.3,2.79,Low,Millennials
32472,4.1,2.1,6.4,1.8,4.7,3.01,Low,Millennials
32473,6.8,1.8,6.8,0.6,4.7,2.99,Low,Millennials
32474,5.7,1.3,8.5,3.6,4.3,2.52,Low,Millennials
32475,4.9,1.7,6.7,2.4,4.7,2.81,Moderate,Millennials
32476,6.1,3.1,8.1,1.7,6.5,2.84,High,Millennials
32477,3.5,3.9,6.9,2.9,4.0,3.16,Moderate,Millennials
32478,6.5,1.4,7.9,3.7,1.2,3.06,Low,Millennials
32479,6.0,2.2,9.1,3.4,4.8,2.87,High,Millennials
32480,6.2,2.6,8.4,0.9,4.8,3.27,High,Millennials
32481,6.2,2.9,7.0,1.3,4.3,2.57,Low,Millennials
32482,7.1,4.0,7.6,3.2,6.2,3.33,Low,Millennials
32483,6.0,0.3,8.1,0.4,4.0,2.56,Moderate,Millennials
32484,5.2,0.8,7.8,2.0,6.0,2.72,Low,Millennials
32485,5.2,2.8,8.9,4.2,4.7,2.95,Low,Millennials
32486,5.3,2.4,8.9,0.3,4.0,2.85,Low,Millennials
32487,6.1,1.9,8.5,1.4,1.7,2.96,High,Millennials
32488,4.4,0.4,8.1,1.4,6.6,3.1,Low,Millennials
32489,4.3,3.2,7.9,0.1,3.9,3.45,Moderate,Millennials
32490,7.9,1.5,7.7,2.3,4.9,2.79,Low,Millennials
32491,6.4,2.2,7.6,0.8,1.9,2.44,High,Millennials
32492,6.1,1.4,7.4,2.3,4.8,3.46,Moderate,Millennials
32493,3.7,2.5,7.2,1.1,6.1,2.96,Low,Millennials
32494,6.2,1.0,8.5,0.2,2.1,3.56,Moderate,Millennials
32495,3.7,1.1,8.2,2.7,6.7,2.7,Moderate,Millennials
32496,8.2,2.9,9.0,2.4,4.3,3.35,Moderate,Millennials
32497,7.4,3.4,7.6,0.6,4.4,2.75,High,Millennials
32498,5.8,3.3,9.3,2.2,3.0,3.14,Moderate,Millennials
32499,5.0,2.6,7.4,0.9,3.7,2.85,Moderate,Millennials
32500,6.1,2.6,8.2,1.5,3.0,3.22,Moderate,Millennials
32501,7.1,2.1,8.4,1.0,4.3,3.43,Moderate,Millennials
32502,5.4,2.3,6.5,2.8,4.7,3.11,High,Millennials
32503,5.6,1.7,8.3,1.7,3.2,3.06,Low,Millennials
32504,4.5,2.0,9.0,3.7,7.1,2.74,High,Millennials
32505,7.6,1.8,7.7,0.0,4.4,2.9,Low,Millennials
32506,4.8,1.5,7.5,2.5,5.1,2.54,High,Millennials
32507,6.1,2.4,7.7,4.0,6.9,3.27,Moderate,Millennials
32508,5.2,3.4,8.3,3.0,3.3,2.77,Moderate,Millennials
32509,5.0,1.6,7.2,2.2,4.6,2.56,Moderate,Millennials
32510,5.6,1.9,8.9,2.1,4.3,3.15,Moderate,Millennials
32511,7.1,0.0,7.8,2.2,4.8,2.88,Moderate,Millennials
32512,5.9,1.3,7.0,3.3,6.2,3.26,Moderate,Millennials
32513,7.9,2.2,6.5,4.3,7.4,3.2,Low,Millennials
32514,4.5,1.4,7.6,3.2,5.1,3.43,High,Millennials
32515,4.7,3.0,8.2,2.6,4.4,2.46,High,Millennials
32516,6.0,1.3,6.6,3.5,5.5,3.01,Low,Millennials
32517,4.0,2.8,7.3,1.7,6.8,3.33,High,Millennials
32518,5.2,2.8,8.4,3.4,6.9,2.96,Moderate,Millennials
32519,4.9,2.1,7.6,3.1,3.4,3.26,High,Millennials
32520,6.1,0.9,6.2,2.0,4.2,3.43,High,Millennials
32521,3.3,0.0,8.7,2.7,6.3,3.38,Low,Millennials
32522,4.4,3.1,8.2,2.4,4.7,3.37,Moderate,Millennials
32523,6.2,1.8,7.0,0.7,3.7,3.24,Moderate,Millennials
32524,5.8,2.8,8.9,4.1,3.8,3.2,High,Millennials
32525,3.7,2.5,7.9,0.8,4.7,3.07,Moderate,Millennials
32526,5.8,2.9,8.6,1.5,5.7,2.92,Moderate,Millennials
32527,5.7,2.2,8.3,3.3,5.8,2.98,Moderate,Millennials
32528,7.5,3.7,8.5,1.7,5.3,3.37,Low,Millennials
32529,5.9,3.1,7.3,2.1,3.9,3.03,Moderate,Millennials
32530,8.9,3.9,8.2,3.4,1.8,3.07,Moderate,Millennials
32531,4.7,2.1,8.2,3.2,3.4,2.69,High,Millennials
32532,6.6,0.4,6.4,0.1,5.3,3.07,High,Millennials
32533,4.2,2.0,8.7,2.5,6.1,3.32,Low,Millennials
32534,5.6,1.4,10.0,2.2,4.5,3.03,Moderate,Millennials
32535,6.1,3.1,8.4,2.3,1.2,2.87,Low,Millennials
32536,5.9,1.3,10.0,1.9,3.8,3.06,Moderate,Millennials
32537,6.7,2.5,7.5,2.1,3.0,2.95,Low,Millennials
32538,6.0,2.4,6.4,3.8,6.0,3.08,Moderate,Millennials
32539,6.5,1.8,7.2,1.9,6.2,3.17,Low,Millennials
32540,4.1,1.8,6.6,1.7,4.3,2.58,Low,Millennials
32541,5.2,1.9,8.7,2.4,4.1,2.85,Low,Millennials
32542,5.4,2.0,7.2,3.2,3.9,3.08,Moderate,Millennials
32543,5.3,3.3,7.2,2.5,2.7,2.73,Low,Millennials
32544,6.9,3.1,7.0,0.9,3.1,2.95,High,Millennials
32545,5.2,3.2,7.0,0.7,1.8,3.26,Moderate,Millennials
32546,7.1,2.5,6.9,3.5,5.1,3.01,Low,Millennials
32547,9.4,3.3,7.6,1.1,3.5,3.25,Moderate,Millennials
32548,7.3,3.8,8.4,1.3,5.6,3.18,Low,Millennials
32549,5.4,2.4,8.2,3.0,5.0,2.61,High,Millennials
32550,7.0,2.0,7.7,2.1,6.2,3.45,Moderate,Millennials
32551,6.8,2.7,7.0,2.5,7.0,3.15,Low,Millennials
32552,4.7,2.5,8.3,3.1,6.0,2.93,Low,Millennials
32553,5.4,3.5,8.0,0.9,3.9,2.77,Low,Millennials
32554,5.5,1.5,7.3,2.0,4.7,2.72,High,Millennials
32555,4.7,0.0,7.6,1.0,6.1,3.39,High,Millennials
32556,6.5,0.8,6.7,1.2,1.8,3.23,Low,Millennials
32557,4.9,2.3,6.9,2.8,3.3,3.15,Moderate,Millennials
32558,6.9,1.2,7.9,3.5,3.0,3.11,Low,Millennials
32559,8.4,2.2,7.5,3.4,3.4,2.88,Low,Millennials
32560,6.6,3.2,7.7,2.7,2.6,2.76,Moderate,Millennials
32561,4.4,3.4,8.3,2.2,3.9,3.15,Moderate,Millennials
32562,5.3,4.4,7.6,3.2,4.8,3.07,Moderate,Millennials
32563,6.0,1.0,7.8,0.9,1.4,2.51,Moderate,Millennials
32564,6.8,1.6,6.6,2.5,1.4,2.61,Low,Millennials
32565,6.7,1.6,8.6,2.5,4.5,3.09,Low,Millennials
32566,5.4,3.3,7.7,2.8,3.7,2.97,Low,Millennials
32567,5.2,3.1,7.8,3.9,2.9,3.28,High,Millennials
32568,5.9,0.5,9.4,0.9,2.8,3.3,Low,Millennials
32569,6.7,2.0,7.5,2.7,4.0,3.19,Moderate,Millennials
32570,4.5,1.1,8.1,1.6,5.7,2.68,Moderate,Millennials
32571,5.2,1.9,7.4,3.8,2.8,2.62,Low,Millennials
32572,6.9,3.3,8.7,3.7,5.2,2.7,Low,Millennials
32573,7.0,2.6,8.4,1.3,4.6,2.49,High,Millennials
32574,6.4,0.4,7.8,0.5,3.8,2.79,High,Millennials
32575,8.4,3.5,7.1,1.7,6.0,3.27,Moderate,Millennials
32576,5.9,3.3,7.0,2.3,4.8,3.05,Moderate,Millennials
32577,8.2,3.7,9.6,2.6,3.5,3.16,Low,Millennials
32578,5.1,0.7,6.8,3.0,4.2,2.93,Moderate,Millennials
32579,6.4,1.3,6.1,2.5,4.6,2.78,Low,Millennials
32580,6.3,1.2,6.6,3.8,3.3,3.41,High,Millennials
32581,4.5,3.9,8.2,1.8,7.7,3.45,Moderate,Millennials
32582,5.8,0.9,7.6,3.6,4.6,2.78,Low,Millennials
32583,7.4,2.7,7.4,3.3,6.1,2.56,Moderate,Millennials
32584,3.6,1.4,8.7,0.6,4.9,3.16,Moderate,Millennials
32585,5.7,3.2,8.2,2.8,4.4,3.2,Low,Millennials
32586,5.1,4.7,7.6,2.3,3.8,3.09,Low,Millennials
32587,5.8,2.9,9.1,1.5,5.8,2.71,Low,Millennials
32588,4.1,3.2,8.6,0.2,3.3,3.27,Moderate,Millennials
32589,5.2,2.8,8.8,0.8,2.8,3.2,Low,Millennials
32590,7.0,3.6,7.3,0.4,2.6,3.18,Moderate,Millennials
32591,5.1,2.4,8.9,1.4,3.1,3.2,Moderate,Millennials
32592,5.9,2.5,10.0,2.2,7.4,2.86,Low,Millennials
32593,7.8,1.4,7.1,3.5,4.2,2.87,Low,Millennials
32594,4.5,3.8,9.4,0.7,4.3,2.43,Low,Millennials
32595,7.4,0.2,7.3,1.6,5.8,3.15,Low,Millennials
32596,4.0,0.8,8.6,2.4,5.8,3.12,Moderate,Millennials
32597,6.3,2.9,9.3,3.2,3.1,3.01,Moderate,Millennials
32598,4.5,2.7,7.7,3.8,3.5,2.59,Low,Millennials
32599,5.9,1.2,6.9,1.1,5.6,2.7,High,Millennials
32600,3.8,3.8,8.8,3.0,4.7,2.68,Moderate,Millennials
32601,5.2,1.0,7.3,0.7,8.0,2.27,Moderate,Millennials
32602,6.1,4.0,7.0,1.9,4.9,3.1,Moderate,Millennials
32603,8.6,4.1,8.4,2.5,3.0,2.43,Low,Millennials
32604,6.3,2.9,9.3,3.5,5.3,3.01,Low,Millennials
32605,4.8,1.2,7.3,1.1,3.8,3.08,Moderate,Millennials
32606,6.0,2.5,8.8,1.0,4.7,3.05,Moderate,Millennials
32607,7.1,2.0,7.3,2.6,1.2,3.11,Moderate,Millennials
32608,4.4,1.9,7.6,0.9,5.9,2.93,High,Millennials
32609,4.4,1.7,7.4,1.6,5.0,2.91,Moderate,Millennials
32610,5.7,2.4,5.9,3.6,5.6,3.68,Moderate,Millennials
32611,6.8,2.0,8.5,0.6,3.7,3.12,High,Millennials
32612,5.2,2.4,7.7,3.7,4.9,2.88,Low,Millennials
32613,5.4,1.7,6.9,3.7,4.6,2.36,Moderate,Millennials
32614,5.3,3.6,8.2,3.1,3.2,2.9,Moderate,Millennials
32615,8.1,1.9,7.3,1.5,4.1,3.34,Low,Millennials
32616,5.6,2.9,8.2,0.7,2.6,3.56,Moderate,Millennials
32617,4.9,1.7,7.3,2.1,4.8,2.78,High,Millennials
32618,6.4,0.0,7.8,3.5,2.2,2.8,High,Millennials
32619,5.5,2.2,8.1,2.4,4.8,3.4,Moderate,Millennials
32620,4.6,2.0,7.9,4.1,4.6,2.96,Moderate,Millennials
32621,7.2,3.4,6.6,0.5,2.7,3.36,Low,Millennials
32622,8.9,0.1,7.8,2.3,3.8,2.87,Moderate,Millennials
32623,5.8,3.0,8.3,2.8,2.9,2.4,Low,Millennials
32624,5.5,3.2,8.6,2.2,3.6,2.97,Low,Millennials
32625,4.3,4.4,6.5,2.0,4.2,3.17,Moderate,Millennials
32626,8.0,1.8,8.7,2.2,4.2,3.04,Moderate,Millennials
32627,5.9,3.1,8.1,2.0,4.1,3.52,Moderate,Millennials
32628,5.8,3.0,7.9,2.5,0.4,3.5,Moderate,Millennials
32629,5.8,0.9,6.6,3.3,6.9,2.91,Low,Millennials
32630,7.1,2.4,7.1,1.2,3.0,2.92,Moderate,Millennials
32631,6.8,0.0,7.1,0.8,3.4,3.44,Low,Millennials
32632,6.7,3.6,8.3,0.7,4.0,3.29,High,Millennials
32633,5.0,2.1,7.1,0.3,1.6,2.96,Moderate,Millennials
32634,6.1,0.6,7.5,2.6,4.3,2.86,Low,Millennials
32635,4.9,1.4,8.1,2.3,4.5,3.01,High,Millennials
32636,5.0,1.0,7.7,2.0,3.6,2.71,Moderate,Millennials
32637,5.6,2.8,7.0,3.5,3.6,3.19,Moderate,Millennials
32638,5.0,1.4,6.9,1.6,5.2,3.15,Low,Millennials
32639,5.6,1.0,8.3,1.6,1.7,2.97,Moderate,Millennials
32640,6.6,2.5,8.1,0.4,6.0,2.68,Moderate,Millennials
32641,5.3,4.0,7.2,2.1,4.8,3.17,Moderate,Millennials
32642,4.9,2.5,7.3,1.4,2.6,2.97,Moderate,Millennials
32643,6.7,2.4,9.1,1.1,3.0,3.38,Moderate,Millennials
32644,5.8,2.5,7.3,1.4,6.9,2.86,Low,Millennials
32645,6.0,2.7,8.2,0.0,4.6,2.93,Moderate,Millennials
32646,4.4,2.6,7.1,1.8,4.1,3.17,Low,Millennials
32647,3.9,3.4,6.9,1.5,4.1,3.29,Low,Millennials
32648,5.9,1.4,5.3,2.6,4.3,3.37,Low,Millennials
32649,4.6,2.9,9.1,0.8,5.5,2.87,Low,Millennials
32650,7.8,2.9,6.4,4.1,6.0,3.22,Moderate,Millennials
32651,6.1,2.4,7.7,2.1,3.4,2.61,Moderate,Millennials
32652,6.8,2.5,9.7,3.6,5.7,2.83,High,Millennials
32653,4.9,2.5,6.9,2.9,4.7,2.6,Moderate,Millennials
32654,3.1,3.5,7.9,1.1,3.6,3.38,Low,Millennials
32655,4.9,1.4,7.6,3.3,2.3,2.88,Moderate,Millennials
32656,4.9,2.1,7.6,2.0,4.5,3.55,Low,Millennials
32657,2.6,2.6,8.3,1.4,3.6,2.97,Moderate,Millennials
32658,4.1,2.8,9.1,0.9,4.4,2.95,Low,Millennials
32659,6.3,2.2,8.4,2.2,4.8,2.76,Low,Millennials
32660,6.2,2.6,9.1,2.3,5.4,3.19,Moderate,Millennials
32661,3.7,1.9,7.8,0.3,5.2,3.33,Moderate,Millennials
32662,6.3,3.9,5.5,2.3,3.6,2.86,Moderate,Millennials
32663,6.2,4.1,8.3,0.1,3.9,2.53,Moderate,Millennials
32664,3.0,1.7,9.1,4.0,4.5,3.0,Low,Millennials
32665,5.0,3.5,7.4,2.5,5.0,2.94,Moderate,Millennials
32666,5.3,0.9,8.7,3.1,6.0,3.07,Moderate,Millennials
32667,4.6,0.9,6.3,2.1,5.3,2.94,Moderate,Millennials
32668,6.8,1.5,5.4,4.2,7.2,2.86,High,Millennials
32669,5.6,2.7,7.9,3.2,6.1,2.23,Low,Millennials
32670,6.7,0.4,7.7,0.8,2.5,2.78,Moderate,Millennials
32671,9.2,1.4,8.0,1.7,6.5,3.25,Moderate,Millennials
32672,7.1,2.8,8.3,2.0,5.7,2.56,Moderate,Millennials
32673,5.7,2.5,7.9,1.8,3.5,3.08,Low,Millennials
32674,6.3,3.0,8.4,2.9,2.0,3.28,Low,Millennials
32675,3.2,2.0,8.7,3.0,4.9,2.98,Moderate,Millennials
32676,5.1,3.0,8.2,4.0,2.7,2.85,Low,Millennials
32677,8.6,2.0,7.5,3.8,5.3,2.8,Low,Millennials
32678,6.3,0.8,7.8,2.1,5.2,3.65,Moderate,Millennials
32679,6.9,2.3,8.8,2.7,5.8,2.98,Moderate,Millennials
32680,5.4,5.2,7.5,2.6,6.5,3.3,Moderate,Millennials
32681,5.2,2.1,5.3,2.1,5.0,2.89,Moderate,Millennials
32682,6.1,0.7,8.0,3.2,4.0,2.34,Low,Millennials
32683,5.4,1.3,7.7,2.2,4.5,2.81,Moderate,Millennials
32684,4.3,2.0,8.2,2.6,4.2,2.87,Moderate,Millennials
32685,5.1,3.4,7.7,3.0,2.8,3.21,Moderate,Millennials
32686,5.6,1.3,7.5,3.8,5.1,2.84,Moderate,Millennials
32687,7.9,1.9,7.1,2.4,4.3,2.74,High,Millennials
32688,7.8,1.6,7.0,1.1,3.8,2.96,Moderate,Millennials
32689,5.8,0.0,6.7,2.4,2.4,2.68,Moderate,Millennials
32690,5.1,0.2,6.5,0.9,6.5,2.49,High,Millennials
32691,5.0,1.5,9.2,0.4,3.5,3.08,Moderate,Millennials
32692,6.4,4.6,8.7,2.4,3.7,3.06,Moderate,Millennials
32693,6.8,1.9,7.7,1.8,3.3,3.11,Low,Millennials
32694,5.7,2.9,8.9,3.0,6.0,3.05,Moderate,Millennials
32695,5.2,1.9,7.5,2.9,4.8,2.86,Low,Millennials
32696,5.8,1.4,9.7,2.7,3.5,3.09,Low,Millennials
32697,7.0,0.3,7.6,2.1,4.2,2.99,Low,Millennials
32698,6.8,4.8,8.9,1.3,4.5,2.77,Moderate,Millennials
32699,7.5,3.1,7.6,2.3,2.7,2.97,Low,Millennials
32700,5.5,0.5,7.6,3.4,6.3,3.11,High,Millennials
32701,5.1,3.5,7.3,3.7,3.7,2.48,Low,Millennials
32702,5.1,2.5,8.5,3.3,6.7,2.87,Moderate,Millennials
32703,3.4,2.5,9.2,3.9,2.8,3.17,Moderate,Millennials
32704,5.5,0.5,6.1,2.9,1.9,2.5,Moderate,Millennials
32705,5.7,2.8,8.3,1.4,5.3,2.63,Low,Millennials
32706,5.2,2.0,9.2,2.2,5.9,3.05,Low,Millennials
32707,4.6,3.5,6.5,4.0,3.8,2.71,Low,Millennials
32708,4.0,3.2,7.9,2.2,5.4,2.69,Low,Millennials
32709,3.9,5.0,7.9,2.5,4.4,3.66,Moderate,Millennials
32710,6.4,2.9,7.4,2.9,3.7,3.53,High,Millennials
32711,6.7,2.1,7.6,1.8,4.7,2.6,Moderate,Millennials
32712,5.7,2.0,7.5,0.3,6.0,3.16,Moderate,Millennials
32713,6.1,2.8,8.2,2.4,4.4,2.57,Moderate,Millennials
32714,6.1,2.1,6.1,1.9,3.9,2.96,Moderate,Millennials
32715,7.0,2.7,7.3,1.4,4.0,2.64,Low,Millennials
32716,5.4,2.6,8.5,2.2,3.1,3.36,Moderate,Millennials
32717,5.7,2.1,7.8,0.5,1.3,2.61,Low,Millennials
32718,6.0,2.7,8.6,0.7,0.9,3.04,Moderate,Millennials
32719,5.2,2.9,7.7,2.8,3.9,2.59,Low,Millennials
32720,4.1,3.1,7.2,1.6,5.4,2.7,Low,Millennials
32721,7.8,2.7,8.1,2.6,3.6,2.93,Moderate,Millennials
32722,8.6,1.6,8.3,0.7,5.1,2.72,High,Millennials
32723,3.9,3.5,7.7,3.6,1.3,3.34,Low,Millennials
32724,4.9,2.9,7.4,2.6,2.6,2.89,Moderate,Millennials
32725,5.4,2.8,7.5,3.0,5.2,3.27,Moderate,Millennials
32726,5.8,1.6,8.7,1.2,1.0,3.01,Moderate,Millennials
32727,6.0,2.3,6.7,1.9,6.8,2.74,Low,Millennials
32728,7.1,3.2,10.0,1.6,4.3,2.9,Moderate,Millennials
32729,8.8,1.0,8.6,1.6,3.8,2.7,Moderate,Millennials
32730,6.8,1.6,6.1,0.6,2.0,3.16,Moderate,Millennials
32731,5.1,2.1,8.9,1.7,6.8,3.31,Moderate,Millennials
32732,6.0,2.0,6.3,1.7,3.9,3.14,High,Millennials
32733,5.4,3.8,6.5,1.2,4.5,2.77,Moderate,Millennials
32734,3.9,3.8,7.9,2.2,5.2,3.34,Moderate,Millennials
32735,3.8,0.2,8.1,0.2,2.9,3.54,Low,Millennials
32736,5.9,3.7,7.8,2.8,0.8,3.14,Moderate,Millennials
32737,4.9,1.0,9.5,2.6,2.9,2.82,High,Millennials
32738,4.4,0.2,8.4,2.1,3.0,2.39,Moderate,Millennials
32739,6.7,1.3,10.0,1.6,4.0,2.67,Moderate,Millennials
32740,8.2,2.3,8.0,0.3,4.6,3.01,Moderate,Millennials
32741,6.5,2.5,7.8,2.4,3.4,2.94,Moderate,Millennials
32742,6.9,0.2,8.1,0.0,4.3,3.24,Low,Millennials
32743,5.1,2.4,7.7,2.9,1.6,2.79,Moderate,Millennials
32744,5.2,2.3,10.0,3.5,4.1,3.52,Low,Millennials
32745,5.8,0.1,7.5,2.2,2.6,2.89,High,Millennials
32746,7.6,3.8,8.1,3.7,5.0,2.94,Low,Millennials
32747,6.2,2.1,8.7,2.1,3.5,2.93,High,Millennials
32748,5.6,1.8,8.8,2.5,5.2,2.71,Low,Millennials
32749,6.3,3.3,7.3,1.9,3.2,2.75,Moderate,Millennials
32750,5.8,2.5,9.3,1.3,1.8,2.81,High,Millennials
32751,7.1,1.4,9.1,1.8,3.0,2.7,Low,Millennials
32752,6.3,3.4,7.4,3.1,3.7,3.04,Moderate,Millennials
32753,5.2,1.5,6.9,2.0,3.6,3.05,Low,Millennials
32754,6.4,4.6,7.8,1.8,0.9,2.67,Moderate,Millennials
32755,5.3,3.9,8.5,2.7,5.0,2.3,Low,Millennials
32756,5.3,0.0,7.8,1.9,7.2,2.91,Moderate,Millennials
32757,6.4,3.2,8.3,2.6,4.2,3.15,Moderate,Millennials
32758,7.4,1.7,8.5,2.3,4.6,2.58,Low,Millennials
32759,5.5,3.0,7.8,3.6,6.0,2.99,Moderate,Millennials
32760,4.6,2.3,7.8,0.1,5.5,3.04,Low,Millennials
32761,6.2,1.9,7.2,3.9,4.4,2.72,High,Millennials
32762,5.0,1.6,8.7,2.3,3.5,3.23,Moderate,Millennials
32763,4.6,2.5,7.2,1.8,1.9,2.76,Low,Millennials
32764,5.7,3.0,7.1,2.3,4.1,2.59,Moderate,Millennials
32765,5.8,2.7,7.1,3.6,3.8,2.85,High,Millennials
32766,6.1,3.0,8.2,0.2,2.4,2.8,Low,Millennials
32767,5.0,2.9,7.6,0.5,4.9,2.48,Moderate,Millennials
32768,5.0,3.9,6.2,1.8,2.6,3.34,Moderate,Millennials
32769,6.7,1.4,7.1,0.6,4.0,2.78,Moderate,Millennials
32770,4.3,2.5,8.2,1.9,4.2,3.43,Low,Millennials
32771,3.3,3.2,7.8,3.2,7.5,3.13,High,Millennials
32772,6.7,2.7,8.0,1.5,3.3,3.25,High,Millennials
32773,5.7,0.8,7.4,0.8,5.0,2.85,Moderate,Millennials
32774,4.6,0.6,9.2,2.7,4.5,3.2,Moderate,Millennials
32775,6.3,5.0,9.1,2.2,4.7,2.79,Moderate,Millennials
32776,5.2,3.8,8.2,4.1,3.2,3.62,Low,Millennials
32777,4.2,1.5,7.2,2.7,3.8,3.16,High,Millennials
32778,5.4,2.6,9.6,4.5,3.8,2.93,Low,Millennials
32779,6.3,2.6,6.3,2.5,1.7,3.38,Moderate,Millennials
32780,4.1,2.2,8.4,3.6,5.4,2.51,Low,Millennials
32781,4.1,2.5,8.4,1.1,3.4,3.37,Moderate,Millennials
32782,4.1,1.7,8.0,1.1,5.0,3.79,Low,Millennials
32783,7.5,3.9,8.1,2.8,5.0,2.5,Low,Millennials
32784,4.6,2.5,8.4,1.0,5.7,3.42,Low,Millennials
32785,3.9,1.2,9.4,1.6,4.2,3.27,Low,Millennials
32786,7.1,2.4,8.0,1.8,6.0,3.4,Low,Millennials
32787,5.4,1.6,8.0,3.8,3.7,2.53,High,Millennials
32788,4.4,3.4,7.5,0.8,2.9,2.85,Moderate,Millennials
32789,5.6,2.9,9.0,2.4,3.7,3.11,Moderate,Millennials
32790,5.8,1.3,7.7,0.6,2.4,3.33,Low,Millennials
32791,5.5,2.5,7.5,2.8,5.2,3.01,Moderate,Millennials
32792,4.9,1.8,7.1,1.3,4.1,3.66,Moderate,Millennials
32793,7.2,2.4,8.1,3.1,4.6,2.88,Moderate,Millennials
32794,5.3,2.3,7.5,2.8,4.1,2.86,Moderate,Millennials
32795,6.1,2.5,9.0,1.3,2.3,2.54,Low,Millennials
32796,6.8,2.8,8.2,2.9,4.8,2.71,Moderate,Millennials
32797,6.5,2.4,8.0,3.4,3.0,2.92,Low,Millennials
32798,7.6,4.0,8.4,1.8,4.6,2.7,High,Millennials
32799,7.0,0.4,8.4,2.3,5.8,2.71,High,Millennials
32800,8.3,1.4,6.6,2.3,2.7,3.16,Moderate,Millennials
32801,6.2,1.3,7.6,1.2,3.3,2.53,High,Millennials
32802,6.3,3.1,7.7,3.4,5.4,2.98,Low,Millennials
32803,5.1,1.5,7.3,2.0,5.6,2.86,Low,Millennials
32804,3.7,2.1,6.4,2.8,5.6,3.46,Low,Millennials
32805,7.3,2.0,7.0,2.6,5.0,2.41,Moderate,Millennials
32806,5.4,1.7,8.6,2.4,3.6,3.12,Low,Millennials
32807,7.3,2.1,6.1,1.1,5.4,2.82,Moderate,Millennials
32808,3.6,3.1,7.2,2.6,3.4,2.86,Low,Millennials
32809,6.0,2.9,7.0,4.8,4.3,3.28,Low,Millennials
32810,2.2,2.3,8.9,2.3,6.0,3.23,Moderate,Millennials
32811,3.8,1.9,7.9,4.8,3.2,3.03,Moderate,Millennials
32812,8.6,2.4,8.8,1.9,3.5,3.2,Moderate,Millennials
32813,5.0,2.4,7.1,0.7,4.8,2.88,Low,Millennials
32814,7.1,3.9,8.8,1.8,1.9,2.88,High,Millennials
32815,7.0,1.3,7.1,3.4,7.1,2.76,Low,Millennials
32816,6.3,2.3,7.4,3.4,2.0,3.17,Low,Millennials
32817,6.3,3.4,8.3,0.0,3.9,3.01,Low,Millennials
32818,4.0,4.3,5.8,1.6,5.5,3.28,Moderate,Millennials
32819,6.1,2.6,7.2,0.0,2.9,2.49,Moderate,Millennials
32820,6.6,2.2,6.9,3.7,4.2,3.53,Low,Millennials
32821,8.2,1.3,7.4,0.5,3.3,2.53,High,Millennials
32822,6.5,1.8,7.8,0.1,3.9,3.01,Low,Millennials
32823,5.1,3.2,7.6,1.0,6.4,3.27,Low,Millennials
32824,5.0,1.3,7.7,2.5,5.7,3.46,Moderate,Millennials
32825,4.7,2.5,8.2,1.8,1.7,2.85,High,Millennials
32826,8.0,2.6,6.2,2.6,5.3,2.81,Moderate,Millennials
32827,5.0,3.2,7.5,1.2,2.2,2.79,Low,Millennials
32828,5.5,1.9,6.8,1.4,4.3,2.92,High,Millennials
32829,4.9,1.6,6.8,1.2,5.0,3.5,Moderate,Millennials
32830,4.4,2.2,8.3,2.7,5.4,3.02,Moderate,Millennials
32831,6.5,3.8,9.0,2.2,3.7,3.2,Moderate,Millennials
32832,5.1,2.2,9.1,1.3,3.2,3.14,Moderate,Millennials
32833,3.9,3.1,7.1,2.2,5.0,2.73,Moderate,Millennials
32834,6.2,0.0,6.4,3.6,5.0,2.79,Moderate,Millennials
32835,5.9,2.0,7.9,3.4,5.4,3.46,Low,Millennials
32836,7.0,0.4,8.7,2.3,3.6,3.12,High,Millennials
32837,2.2,0.5,6.2,0.7,2.0,3.63,Low,Millennials
32838,5.0,2.0,6.7,1.7,3.4,2.44,Low,Millennials
32839,6.7,2.5,9.8,1.7,4.6,3.53,Moderate,Millennials
32840,4.8,2.4,8.0,0.8,4.4,3.41,Moderate,Millennials
32841,4.1,1.8,7.9,3.2,3.1,3.32,Moderate,Millennials
32842,6.6,2.9,7.0,2.3,5.0,3.06,High,Millennials
32843,6.7,4.7,8.6,1.2,2.7,3.21,Low,Millennials
32844,6.5,2.9,6.7,1.2,4.6,3.03,Moderate,Millennials
32845,6.5,1.8,10.0,2.5,5.2,3.26,Moderate,Millennials
32846,6.4,2.8,7.8,1.1,4.1,2.75,Low,Millennials
32847,4.3,1.5,6.2,1.8,3.0,3.28,Low,Millennials
32848,7.6,2.8,6.3,4.0,5.4,3.03,Moderate,Millennials
32849,5.6,4.4,8.3,2.3,4.8,2.63,Moderate,Millennials
32850,4.3,2.1,7.8,1.8,1.8,3.24,Moderate,Millennials
32851,3.9,3.2,7.9,0.7,5.7,2.35,Moderate,Millennials
32852,4.8,0.4,7.5,1.1,4.7,3.13,Moderate,Millennials
32853,5.3,1.2,8.6,1.2,3.8,2.93,Low,Millennials
32854,3.3,1.9,7.8,1.2,4.1,3.06,High,Millennials
32855,7.0,1.0,7.9,3.0,4.0,3.3,High,Millennials
32856,7.3,1.6,6.5,1.2,3.7,3.13,Low,Millennials
32857,6.8,2.2,8.2,1.3,5.8,3.1,Moderate,Millennials
32858,5.3,4.8,7.3,0.8,5.1,3.28,Moderate,Millennials
32859,6.5,0.9,6.2,3.0,3.9,2.89,Moderate,Millennials
32860,4.9,2.9,8.7,1.6,6.6,2.75,Moderate,Millennials
32861,7.6,2.8,8.2,2.3,5.6,2.94,Low,Millennials
32862,4.4,3.3,7.3,4.4,6.9,3.82,Moderate,Millennials
32863,6.7,2.5,7.3,2.3,2.9,2.81,Moderate,Millennials
32864,6.1,0.0,8.4,2.3,8.0,2.56,Low,Millennials
32865,7.0,1.0,7.4,3.7,4.4,3.15,Moderate,Millennials
32866,7.3,1.4,7.7,3.2,6.1,3.2,Low,Millennials
32867,5.4,3.0,8.1,0.0,5.6,3.07,Low,Millennials
32868,5.0,1.1,8.4,2.6,6.9,3.2,Moderate,Millennials
32869,7.1,1.4,9.5,3.3,4.7,3.44,Moderate,Millennials
32870,6.1,2.8,8.3,1.7,3.6,3.17,High,Millennials
32871,5.8,1.4,7.0,3.2,4.6,3.14,High,Millennials
32872,6.3,3.5,7.6,2.9,2.7,2.78,Low,Millennials
32873,6.8,0.3,6.5,1.4,5.1,2.46,Low,Millennials
32874,5.9,3.6,7.3,3.0,5.4,3.43,Low,Millennials
32875,6.7,2.5,7.8,2.1,3.6,2.65,Moderate,Millennials
32876,6.1,0.2,6.3,1.2,2.6,3.36,Low,Millennials
32877,5.3,2.1,7.6,2.0,2.7,2.94,Low,Millennials
32878,6.2,2.2,8.2,3.7,3.1,2.79,Moderate,Millennials
32879,8.3,1.9,6.4,1.1,3.3,3.09,High,Millennials
32880,3.4,1.9,7.8,2.3,4.3,2.93,Moderate,Millennials
32881,5.0,2.2,8.4,0.9,3.9,3.45,Moderate,Millennials
32882,8.1,3.3,6.6,2.3,5.6,3.4,Moderate,Millennials
32883,5.9,2.9,7.6,2.0,4.3,2.96,Moderate,Millennials
32884,8.8,1.8,6.7,2.3,4.6,3.42,Moderate,Millennials
32885,3.8,3.2,7.3,2.8,3.2,2.57,Moderate,Millennials
32886,6.1,4.2,6.5,2.6,4.0,3.01,Moderate,Millennials
32887,5.0,0.8,6.4,4.0,5.9,3.58,Moderate,Millennials
32888,5.1,2.0,9.4,2.6,4.0,2.94,Low,Millennials
32889,6.2,2.6,8.5,2.1,3.4,2.45,Low,Millennials
32890,6.5,2.6,6.7,1.1,4.4,2.79,Low,Millennials
32891,4.6,2.9,6.8,3.2,3.6,3.21,Low,Millennials
32892,5.8,1.1,7.1,1.2,2.6,2.87,Moderate,Millennials
32893,7.4,3.3,7.8,1.3,4.7,2.88,Low,Millennials
32894,8.8,2.6,8.9,2.2,4.6,3.08,High,Millennials
32895,6.9,0.9,8.3,3.6,3.4,2.72,Moderate,Millennials
32896,7.0,3.2,8.4,2.9,5.9,3.48,Low,Millennials
32897,6.2,2.7,9.0,2.2,5.4,2.27,High,Millennials
32898,5.4,2.9,8.0,2.1,3.5,3.4,Low,Millennials
32899,5.0,3.3,9.0,4.0,3.8,3.17,Low,Millennials
32900,5.1,2.6,8.1,2.5,6.0,3.27,Low,Millennials
32901,5.5,1.6,7.0,2.1,5.9,2.54,Low,Millennials
32902,4.9,1.0,8.3,1.6,3.3,3.07,Moderate,Millennials
32903,6.0,2.1,7.5,2.3,2.8,2.78,Moderate,Millennials
32904,5.5,2.5,8.0,1.7,3.1,3.37,Moderate,Millennials
32905,5.8,3.3,9.0,1.1,3.9,3.38,High,Millennials
32906,6.0,2.8,8.0,1.0,4.5,2.59,Low,Millennials
32907,6.2,2.7,6.6,0.7,3.7,2.92,High,Millennials
32908,6.0,1.6,9.1,1.6,4.1,2.94,Low,Millennials
32909,3.2,3.0,8.6,2.5,2.6,3.06,Moderate,Millennials
32910,6.2,3.4,9.2,1.2,2.3,3.46,Low,Millennials
32911,5.9,0.8,7.2,1.7,4.1,2.94,Low,Millennials
32912,6.7,2.7,7.7,2.0,3.4,2.12,High,Millennials
32913,5.2,1.9,6.9,1.6,1.9,2.77,Low,Millennials
32914,5.7,2.5,7.5,2.8,5.0,3.09,High,Millennials
32915,4.5,1.1,7.3,1.8,2.3,2.84,Moderate,Millennials
32916,4.7,1.6,7.5,2.3,2.2,2.85,Low,Millennials
32917,5.2,4.9,8.0,1.8,4.8,3.03,Low,Millennials
32918,6.4,1.8,8.3,3.5,3.0,3.09,Moderate,Millennials
32919,5.1,2.0,7.7,3.3,3.8,2.63,Moderate,Millennials
32920,6.9,0.6,8.0,1.0,3.1,3.0,Moderate,Millennials
32921,7.2,2.9,8.3,2.2,5.2,2.94,Low,Millennials
32922,7.7,2.4,7.5,2.4,6.9,2.94,Moderate,Millennials
32923,7.3,2.9,7.6,1.7,6.3,2.91,High,Millennials
32924,6.1,1.1,6.0,1.1,3.1,2.77,High,Millennials
32925,6.9,0.8,7.6,2.2,6.9,2.33,Low,Millennials
32926,7.5,0.0,8.5,1.2,5.2,2.87,Low,Millennials
32927,6.4,2.1,7.7,0.4,3.0,2.7,High,Millennials
32928,6.1,4.7,7.2,3.1,3.1,3.17,Low,Millennials
32929,5.5,1.6,7.0,2.4,6.1,3.01,Moderate,Millennials
32930,4.7,3.3,7.4,1.0,5.0,2.53,Moderate,Millennials
32931,5.5,3.4,8.9,3.8,4.0,2.81,High,Millennials
32932,6.5,3.9,8.3,1.6,4.3,3.64,Moderate,Millennials
32933,6.8,2.7,6.7,1.1,4.4,3.13,Low,Millennials
32934,6.8,1.7,6.8,1.9,5.5,3.15,Low,Millennials
32935,5.8,2.9,5.0,3.5,3.3,2.97,Low,Millennials
32936,4.4,0.3,7.4,3.5,6.5,3.06,Moderate,Millennials
32937,5.6,3.8,7.8,1.8,3.5,3.09,Low,Millennials
32938,5.3,2.7,8.6,2.3,5.3,3.08,Moderate,Millennials
32939,7.1,4.5,8.6,1.3,5.4,2.84,Moderate,Millennials
32940,5.6,1.2,6.5,1.8,4.2,2.96,Low,Millennials
32941,7.5,1.7,10.0,2.9,5.1,3.2,Moderate,Millennials
32942,5.9,3.1,8.4,0.8,3.2,3.03,High,Millennials
32943,6.5,2.2,7.6,3.3,1.5,2.77,High,Millennials
32944,7.8,1.6,8.0,2.0,6.5,2.65,Moderate,Millennials
32945,4.8,0.8,8.3,1.6,4.8,2.99,Low,Millennials
32946,7.8,2.2,7.9,3.2,4.6,3.01,Low,Millennials
32947,6.6,3.0,9.0,0.9,5.7,3.17,Moderate,Millennials
32948,7.0,3.2,7.7,1.9,4.5,3.1,High,Millennials
32949,6.9,2.2,6.8,0.6,5.4,2.46,Moderate,Millennials
32950,6.7,2.1,8.2,1.9,4.4,3.16,Moderate,Millennials
32951,7.2,4.1,7.7,1.8,5.0,2.94,Moderate,Millennials
32952,4.3,3.7,8.4,3.3,3.0,3.22,Moderate,Millennials
32953,4.5,1.4,8.2,3.1,3.8,2.62,High,Millennials
32954,8.0,0.5,8.0,1.9,4.4,3.45,Low,Millennials
32955,7.4,3.1,6.9,3.3,3.0,3.32,Moderate,Millennials
32956,6.6,2.3,6.7,2.9,5.3,2.61,Moderate,Millennials
32957,6.9,2.5,6.8,3.0,5.6,2.98,Moderate,Millennials
32958,3.9,1.8,8.1,2.2,4.6,3.03,Moderate,Millennials
32959,9.0,1.1,8.0,2.2,4.0,2.24,High,Millennials
32960,6.4,1.6,6.9,1.7,4.5,2.62,Moderate,Millennials
32961,5.6,2.7,7.4,1.7,3.4,2.78,Moderate,Millennials
32962,7.5,2.8,9.0,0.5,3.6,3.1,Moderate,Millennials
32963,5.9,0.3,8.8,3.9,3.5,3.03,Low,Millennials
32964,5.4,2.4,7.0,3.8,6.3,3.29,Moderate,Millennials
32965,5.5,2.8,7.5,2.0,5.1,3.54,Low,Millennials
32966,7.1,0.0,9.2,3.5,2.9,3.48,Low,Millennials
32967,4.6,3.0,7.5,2.6,3.6,3.09,Moderate,Millennials
32968,4.0,1.4,7.2,3.5,2.9,3.04,Moderate,Millennials
32969,3.5,0.6,8.0,2.2,4.1,3.17,Moderate,Millennials
32970,7.0,1.7,7.6,2.1,6.3,2.74,Moderate,Millennials
32971,9.2,0.6,8.5,1.6,2.7,3.24,Low,Millennials
32972,7.3,4.5,6.2,4.3,5.3,2.66,Low,Millennials
32973,6.1,2.2,8.1,0.7,5.5,2.83,Moderate,Millennials
32974,6.5,2.4,9.9,3.0,5.2,2.62,Low,Millennials
32975,5.9,1.4,7.9,2.8,5.2,3.0,Low,Millennials
32976,5.7,2.9,7.4,1.2,5.1,2.93,Low,Millennials
32977,3.5,3.3,9.3,0.7,5.1,3.28,Low,Millennials
32978,5.8,1.7,8.7,1.5,4.6,3.71,Moderate,Millennials
32979,3.9,2.1,7.5,3.1,2.9,2.73,Low,Millennials
32980,7.9,1.2,7.3,3.9,3.6,3.4,Moderate,Millennials
32981,4.8,2.3,8.0,1.8,2.8,3.14,Moderate,Millennials
32982,6.5,2.6,8.3,1.9,5.4,2.94,Moderate,Millennials
32983,4.9,2.0,8.9,1.9,3.1,2.46,Low,Millennials
32984,6.3,3.0,8.3,2.7,5.4,3.02,Moderate,Millennials
32985,4.0,3.7,7.9,1.9,5.9,3.42,Low,Millennials
32986,4.0,0.1,9.3,2.5,4.4,2.22,High,Millennials
32987,5.0,0.6,7.8,4.7,4.0,3.24,Moderate,Millennials
32988,5.5,2.3,7.0,1.3,4.6,3.74,Moderate,Millennials
32989,6.6,3.6,7.9,1.0,3.5,3.55,Moderate,Millennials
32990,6.4,1.4,9.3,1.3,4.4,2.99,Moderate,Millennials
32991,6.8,1.1,8.3,1.7,4.9,2.83,Low,Millennials
32992,6.2,3.0,7.3,1.2,4.6,3.06,Moderate,Millennials
32993,4.7,3.8,7.0,2.0,6.8,3.35,Moderate,Millennials
32994,9.4,1.9,8.4,3.2,3.8,2.66,Moderate,Millennials
32995,5.9,0.7,7.9,2.1,5.7,2.77,High,Millennials
32996,6.2,0.3,8.1,1.8,4.2,3.25,Moderate,Millennials
32997,6.2,2.4,8.0,2.4,5.2,2.96,High,Millennials
32998,4.8,2.1,7.0,3.3,4.9,2.94,Moderate,Millennials
32999,6.3,1.5,5.8,4.0,5.4,2.86,Low,Millennials
33000,3.5,3.5,8.4,3.5,3.7,2.57,Low,Millennials
33001,7.3,1.9,7.7,2.9,1.0,2.95,Moderate,Millennials
33002,6.4,1.1,8.2,0.5,4.9,2.83,Moderate,Millennials
33003,6.7,3.4,7.2,1.9,4.8,2.97,Low,Millennials
33004,7.7,0.2,7.9,1.4,3.5,3.21,High,Millennials
33005,7.1,1.7,8.1,2.9,3.5,3.09,Low,Millennials
33006,3.6,1.7,9.1,2.0,5.2,3.29,Moderate,Millennials
33007,5.0,3.5,7.4,3.8,5.0,2.71,Low,Millennials
33008,7.2,1.5,8.9,0.6,3.7,2.59,Moderate,Millennials
33009,5.4,2.7,8.8,2.4,3.4,2.56,Moderate,Millennials
33010,3.9,1.3,8.9,2.5,5.3,3.35,Moderate,Millennials
33011,4.5,2.6,6.1,1.6,1.6,3.16,Low,Millennials
33012,6.0,1.9,6.6,3.1,3.7,2.6,Moderate,Millennials
33013,4.9,2.9,8.5,0.8,3.9,3.16,Moderate,Millennials
33014,4.3,1.2,7.9,3.4,4.7,3.18,High,Millennials
33015,5.3,2.6,8.4,2.3,2.1,3.48,Moderate,Millennials
33016,5.1,2.0,8.6,3.0,4.8,2.77,Low,Millennials
33017,5.9,3.3,8.3,1.1,4.4,3.17,Moderate,Millennials
33018,8.6,3.0,7.3,3.8,3.0,2.95,Moderate,Millennials
33019,6.4,3.3,7.2,4.2,3.5,3.33,Moderate,Millennials
33020,8.6,4.3,8.0,2.5,2.4,2.51,Low,Millennials
33021,5.5,2.6,6.7,2.6,1.2,2.79,Moderate,Millennials
33022,5.2,2.2,7.2,0.8,5.8,2.66,Low,Millennials
33023,5.3,2.9,7.9,2.8,3.9,3.02,Moderate,Millennials
33024,4.0,1.4,6.6,2.0,2.8,3.43,Moderate,Millennials
33025,5.1,2.1,8.9,3.0,2.8,2.29,Low,Millennials
33026,5.1,4.2,7.4,1.0,3.6,3.11,Low,Millennials
33027,6.8,1.1,7.1,0.6,3.8,2.65,Low,Millennials
33028,7.0,2.8,7.7,3.5,3.7,2.5,Low,Millennials
33029,9.0,2.6,7.7,1.6,3.2,3.01,Low,Millennials
33030,6.6,2.6,9.0,1.3,4.2,3.25,Low,Millennials
33031,5.4,4.0,8.1,1.5,3.7,2.78,Moderate,Millennials
33032,4.1,2.4,8.2,0.1,1.7,2.96,Moderate,Millennials
33033,5.6,0.2,8.1,1.0,5.2,2.89,Low,Millennials
33034,5.9,2.9,9.4,1.9,6.0,3.39,Low,Millennials
33035,5.8,2.5,7.5,2.0,2.2,2.77,Moderate,Millennials
33036,4.0,4.9,8.6,4.0,3.8,2.97,High,Millennials
33037,6.5,2.2,7.9,1.8,4.0,2.89,Moderate,Millennials
33038,3.1,1.6,6.8,2.0,5.6,3.01,Low,Millennials
33039,6.6,1.1,7.9,3.6,5.3,2.92,High,Millennials
33040,3.0,2.5,8.5,1.9,4.1,3.06,Moderate,Millennials
33041,7.4,0.9,7.9,2.9,5.8,2.91,High,Millennials
33042,6.3,2.4,7.8,1.2,4.8,2.73,Low,Millennials
33043,9.0,2.2,7.1,5.5,3.8,2.68,Moderate,Millennials
33044,4.7,2.1,7.1,2.4,4.6,3.34,Low,Millennials
33045,5.7,0.6,8.4,2.8,6.0,3.23,Moderate,Millennials
33046,4.9,0.5,7.8,2.8,4.3,3.16,Moderate,Millennials
33047,5.2,2.5,7.4,2.1,4.2,2.98,Moderate,Millennials
33048,8.7,3.1,8.1,1.4,2.8,3.47,High,Millennials
33049,5.9,3.4,8.0,3.8,7.8,2.89,High,Millennials
33050,7.5,2.2,7.3,3.6,3.4,3.05,High,Millennials
33051,6.8,3.4,7.3,2.7,2.8,3.28,Low,Millennials
33052,5.4,0.6,8.5,2.3,3.6,2.75,Low,Millennials
33053,3.8,1.3,8.0,2.3,3.3,2.85,Low,Millennials
33054,7.4,3.0,9.1,3.1,3.8,2.59,Moderate,Millennials
33055,6.7,0.5,8.9,0.9,3.5,2.94,High,Millennials
33056,5.9,0.4,8.4,1.2,5.0,3.26,High,Millennials
33057,6.0,3.6,7.2,1.2,6.1,3.31,Moderate,Millennials
33058,8.7,2.7,7.7,1.9,4.0,2.62,Moderate,Millennials
33059,6.8,2.8,7.4,2.7,3.1,3.19,Low,Millennials
33060,4.4,1.7,8.8,3.4,3.7,3.45,Moderate,Millennials
33061,4.2,1.1,8.6,2.1,3.5,2.84,Moderate,Millennials
33062,7.2,0.2,7.6,3.5,4.4,3.39,Moderate,Millennials
33063,5.3,2.2,7.7,2.2,6.0,2.84,Moderate,Millennials
33064,7.0,4.8,8.9,1.9,2.7,2.88,Low,Millennials
33065,5.1,0.7,9.3,3.1,2.0,2.72,Moderate,Millennials
33066,6.2,0.6,7.8,1.1,6.4,2.5,Moderate,Millennials
33067,6.7,2.5,7.7,1.5,4.5,3.49,Moderate,Millennials
33068,7.1,0.6,6.7,1.5,3.0,3.0,Moderate,Millennials
33069,7.1,2.1,7.6,2.7,5.3,2.91,Moderate,Millennials
33070,4.8,2.1,7.5,2.2,3.2,3.26,High,Millennials
33071,4.6,2.0,7.5,2.8,3.8,3.25,Moderate,Millennials
33072,4.6,1.9,8.3,1.0,4.1,3.0,Moderate,Millennials
33073,4.9,2.4,9.8,2.1,3.3,3.26,Moderate,Millennials
33074,6.1,1.6,7.6,2.0,1.2,3.13,Low,Millennials
33075,5.2,6.0,6.8,1.3,3.3,2.99,Moderate,Millennials
33076,7.7,3.0,7.7,3.7,5.4,2.98,Low,Millennials
33077,5.7,2.1,6.7,2.5,3.1,3.13,Moderate,Millennials
33078,4.4,2.1,7.8,2.2,3.6,2.59,Moderate,Millennials
33079,5.4,3.3,7.6,1.8,4.4,2.97,Moderate,Millennials
33080,6.3,0.9,8.9,0.8,3.3,3.29,Moderate,Millennials
33081,6.3,1.3,8.6,1.5,1.7,3.29,Low,Millennials
33082,6.7,3.5,7.5,2.8,5.2,2.66,Moderate,Millennials
33083,7.6,1.6,8.1,2.6,4.0,2.95,Low,Millennials
33084,7.3,3.4,6.7,2.3,3.0,3.06,Moderate,Millennials
33085,6.2,4.8,8.2,1.7,6.6,2.79,High,Millennials
33086,6.9,1.4,8.4,4.8,3.5,2.71,High,Millennials
33087,5.7,2.3,7.8,3.7,3.4,2.65,Moderate,Millennials
33088,7.1,0.0,6.8,2.8,4.4,3.26,Moderate,Millennials
33089,4.0,0.5,9.0,2.1,5.2,2.9,Moderate,Millennials
33090,5.8,1.5,6.7,2.1,3.8,2.87,Moderate,Millennials
33091,4.9,5.0,8.3,4.1,3.1,3.35,Low,Millennials
33092,4.5,3.1,7.8,4.2,2.6,3.02,Low,Millennials
33093,4.9,0.8,7.1,2.9,3.7,3.54,Low,Millennials
33094,5.6,1.8,6.6,2.8,3.4,3.28,Moderate,Millennials
33095,5.7,4.3,7.2,3.1,1.0,2.75,Low,Millennials
33096,7.5,1.7,8.6,1.6,5.9,2.99,Moderate,Millennials
33097,5.6,3.3,8.6,1.1,4.7,2.75,Moderate,Millennials
33098,6.0,2.3,8.6,3.2,5.0,3.41,Moderate,Millennials
33099,5.2,2.7,9.0,2.0,4.3,2.78,Moderate,Millennials
33100,5.9,1.1,8.8,3.4,6.2,2.39,Low,Millennials
33101,4.8,3.3,8.9,1.0,3.9,3.29,Low,Millennials
33102,3.5,2.1,6.8,2.0,4.9,2.6,Moderate,Millennials
33103,5.1,2.4,8.8,3.4,5.1,2.96,Moderate,Millennials
33104,5.6,0.0,6.4,3.0,4.1,3.36,Moderate,Millennials
33105,6.0,0.0,7.9,0.7,3.5,3.13,High,Millennials
33106,6.5,2.0,8.9,0.4,3.2,2.67,Moderate,Millennials
33107,6.0,3.5,7.1,1.9,3.6,3.13,Moderate,Millennials
33108,4.9,2.8,9.1,2.8,4.6,3.4,High,Millennials
33109,5.1,2.3,8.1,1.8,5.3,3.23,High,Millennials
33110,7.6,2.1,7.2,3.3,4.8,2.89,Moderate,Millennials
33111,4.6,4.1,8.7,2.0,4.1,3.75,Low,Millennials
33112,5.0,3.3,8.1,1.0,1.9,2.81,Moderate,Millennials
33113,4.5,2.9,7.2,1.9,4.1,3.26,Low,Millennials
33114,5.2,4.1,7.9,2.4,3.4,3.31,Moderate,Millennials
33115,3.2,2.2,7.8,1.1,3.2,3.04,Moderate,Millennials
33116,5.9,3.5,9.1,3.3,3.0,3.02,Low,Millennials
33117,6.6,3.5,7.6,4.0,3.7,3.38,Moderate,Millennials
33118,6.7,1.3,8.4,2.3,3.6,3.04,Low,Millennials
33119,6.0,2.0,7.5,1.2,3.7,2.77,Low,Millennials
33120,4.7,2.9,9.5,3.4,3.1,2.9,Low,Millennials
33121,5.8,1.7,6.3,2.2,6.5,2.86,Moderate,Millennials
33122,3.8,3.4,7.5,2.5,3.9,3.18,Low,Millennials
33123,5.4,1.6,5.8,1.8,1.9,2.97,Moderate,Millennials
33124,4.2,1.7,6.8,2.5,5.3,2.71,High,Millennials
33125,5.8,1.6,7.3,3.9,3.8,2.68,Low,Millennials
33126,7.4,3.7,8.4,1.3,4.2,2.93,Moderate,Millennials
33127,6.8,3.2,7.4,2.0,2.7,3.15,Moderate,Millennials
33128,5.8,1.9,7.7,2.7,4.3,3.62,Low,Millennials
33129,6.3,2.2,8.5,2.7,6.0,3.09,Moderate,Millennials
33130,7.4,1.3,8.3,0.0,4.8,3.34,Low,Millennials
33131,7.2,3.1,8.4,2.3,3.8,2.94,Moderate,Millennials
33132,5.4,2.0,7.4,1.6,4.1,2.63,Moderate,Millennials
33133,5.0,2.7,9.6,1.2,3.9,3.24,Moderate,Millennials
33134,3.4,1.4,6.0,2.1,5.5,2.79,Low,Millennials
33135,6.0,1.2,8.9,1.5,1.2,3.33,Moderate,Millennials
33136,8.5,2.2,6.8,0.8,2.8,2.4,Low,Millennials
33137,4.1,3.7,7.8,3.6,3.4,3.42,Moderate,Millennials
33138,7.2,2.8,9.4,3.2,2.5,3.36,Low,Millennials
33139,6.7,0.1,7.1,1.4,6.5,3.21,Low,Millennials
33140,3.3,3.4,6.3,2.1,3.5,2.85,Low,Millennials
33141,5.9,2.8,7.8,2.2,3.4,3.09,Low,Millennials
33142,5.4,2.0,7.7,2.5,2.3,2.86,Moderate,Millennials
33143,6.8,3.3,8.5,2.4,5.9,2.98,Low,Millennials
33144,6.2,3.9,8.3,2.8,6.3,2.84,Moderate,Millennials
33145,6.9,1.9,7.7,1.1,3.8,3.01,Moderate,Millennials
33146,7.1,0.5,6.6,1.5,5.5,2.98,Moderate,Millennials
33147,6.5,2.9,7.2,1.3,2.0,2.55,Low,Millennials
33148,7.4,0.5,6.0,1.8,4.7,3.29,Low,Millennials
33149,8.0,2.5,6.5,2.7,5.0,3.24,Moderate,Millennials
33150,3.3,3.6,7.1,2.9,4.0,3.12,Moderate,Millennials
33151,5.3,3.5,8.5,1.8,1.7,2.91,Moderate,Millennials
33152,5.8,2.6,9.6,3.8,6.3,3.09,Low,Millennials
33153,5.9,0.0,8.7,2.1,2.9,2.58,Moderate,Millennials
33154,5.1,2.9,6.9,0.1,3.6,2.68,Moderate,Millennials
33155,5.5,0.5,8.2,2.5,4.8,2.81,Moderate,Millennials
33156,7.3,1.8,7.6,1.1,4.2,2.98,Low,Millennials
33157,4.8,2.1,9.0,1.2,2.9,3.36,Moderate,Millennials
33158,6.2,0.5,8.2,1.0,2.9,3.68,Moderate,Millennials
33159,6.7,2.2,6.5,3.0,3.9,2.88,Moderate,Millennials
33160,7.1,1.8,8.6,0.6,3.3,2.73,High,Millennials
33161,6.9,1.2,6.9,1.7,3.5,3.15,High,Millennials
33162,4.3,3.8,8.5,1.7,3.8,2.95,Moderate,Millennials
33163,5.9,2.9,6.9,2.7,6.4,2.61,Moderate,Millennials
33164,7.2,2.0,8.7,4.0,2.6,2.92,Moderate,Millennials
33165,5.4,2.5,8.8,2.4,4.4,2.91,Low,Millennials
33166,5.1,4.4,7.6,2.6,5.3,2.61,Moderate,Millennials
33167,6.3,1.9,6.3,1.2,2.6,2.99,High,Millennials
33168,4.4,3.2,7.6,2.0,4.9,2.8,Moderate,Millennials
33169,5.4,2.0,7.5,2.7,3.5,3.07,Low,Millennials
33170,9.0,3.2,6.5,1.7,4.5,3.12,Low,Millennials
33171,6.3,1.2,7.6,2.4,3.8,2.98,High,Millennials
33172,3.9,2.1,7.9,2.7,4.2,3.31,Low,Millennials
33173,5.7,1.4,9.0,1.6,4.5,2.62,Low,Millennials
33174,6.0,0.8,8.0,2.3,5.0,2.76,Moderate,Millennials
33175,5.5,1.0,7.3,2.6,7.1,2.95,Low,Millennials
33176,3.3,0.5,9.5,2.2,4.6,2.94,Low,Millennials
33177,4.0,2.2,7.3,1.6,4.9,3.19,Low,Millennials
33178,7.6,0.7,6.5,2.8,5.5,3.03,Low,Millennials
33179,6.8,1.2,8.2,1.6,3.8,2.98,High,Millennials
33180,6.6,1.3,7.4,0.9,4.4,2.74,Moderate,Millennials
33181,6.9,1.2,7.7,3.8,3.6,3.45,Low,Millennials
33182,5.2,3.1,7.3,1.4,3.2,2.87,Moderate,Millennials
33183,6.5,1.8,7.1,2.5,3.0,2.9,Moderate,Millennials
33184,4.7,1.6,7.2,0.6,3.3,2.97,Moderate,Millennials
33185,3.2,1.2,6.3,3.0,3.9,3.1,Moderate,Millennials
33186,5.2,1.5,8.0,1.9,4.2,2.74,Low,Millennials
33187,4.2,3.6,9.3,2.3,6.8,3.42,Low,Millennials
33188,5.2,2.5,9.9,3.8,3.7,2.81,Moderate,Millennials
33189,5.4,2.3,7.7,1.4,6.7,2.44,Moderate,Millennials
33190,5.2,0.8,8.7,2.7,3.9,2.76,Low,Millennials
33191,5.4,0.5,6.7,0.1,6.0,2.53,Moderate,Millennials
33192,4.1,2.2,5.1,0.0,4.6,3.12,Moderate,Millennials
33193,3.9,3.0,7.3,1.0,5.1,3.13,High,Millennials
33194,5.5,1.8,6.5,0.7,3.3,2.99,Low,Millennials
33195,4.0,2.2,8.7,3.4,6.0,3.14,Moderate,Millennials
33196,4.7,2.9,6.5,3.3,4.7,3.09,Low,Millennials
33197,7.1,4.4,7.2,2.2,5.5,3.12,Low,Millennials
33198,4.9,1.8,9.9,2.6,6.1,2.83,Moderate,Millennials
33199,7.8,3.2,8.0,2.5,4.7,3.23,Moderate,Millennials
33200,8.3,2.6,5.2,4.3,5.5,2.98,Moderate,Millennials
33201,6.2,4.1,8.8,2.1,5.1,2.96,Low,Millennials
33202,6.4,2.6,8.0,1.3,5.4,2.62,Low,Millennials
33203,6.7,3.0,9.7,4.5,3.0,3.36,High,Millennials
33204,5.3,3.8,5.9,2.6,2.1,2.69,Moderate,Millennials
33205,7.8,2.9,6.9,2.9,4.9,2.76,Low,Millennials
33206,4.5,2.4,8.9,1.8,5.2,2.98,Moderate,Millennials
33207,6.3,3.3,8.4,3.3,5.7,3.44,Moderate,Millennials
33208,2.4,3.8,8.0,2.4,4.2,3.0,Low,Millennials
33209,5.1,2.5,7.5,2.7,2.7,3.29,High,Millennials
33210,7.0,1.1,8.3,3.4,4.2,2.97,Moderate,Millennials
33211,6.5,2.1,7.4,3.4,4.3,3.0,Low,Millennials
33212,3.5,1.6,9.0,2.9,5.6,2.4,Moderate,Millennials
33213,5.1,3.2,7.2,0.9,5.8,2.69,Low,Millennials
33214,6.1,2.3,8.8,3.7,6.5,2.98,Moderate,Millennials
33215,7.6,1.1,8.2,2.2,5.8,3.1,Moderate,Millennials
33216,6.3,1.7,8.2,2.1,3.2,3.33,High,Millennials
33217,6.9,0.9,8.5,4.1,3.2,3.06,Moderate,Millennials
33218,7.2,2.7,7.7,2.5,6.6,2.82,Moderate,Millennials
33219,2.9,3.5,8.3,2.4,5.3,2.97,Moderate,Millennials
33220,4.5,4.2,6.7,1.9,3.9,3.0,Low,Millennials
33221,5.4,1.7,7.7,1.9,2.8,2.46,Moderate,Millennials
33222,6.7,3.1,8.7,2.6,4.2,2.87,Moderate,Millennials
33223,5.1,0.4,7.9,1.3,3.6,3.03,Low,Millennials
33224,6.9,1.7,9.3,0.6,4.9,2.54,Low,Millennials
33225,3.8,2.6,7.1,3.5,3.8,2.87,Low,Millennials
33226,3.3,3.6,8.4,2.9,2.9,3.09,Moderate,Millennials
33227,5.4,1.6,8.3,1.5,4.0,3.15,Moderate,Millennials
33228,5.5,3.8,6.8,0.0,3.4,2.88,Low,Millennials
33229,6.8,2.4,8.3,2.4,4.3,2.93,Low,Millennials
33230,2.5,1.0,6.8,2.3,4.8,3.0,Moderate,Millennials
33231,7.0,2.3,7.8,2.6,2.4,3.25,Low,Millennials
33232,6.1,0.9,6.3,2.1,5.0,2.94,Low,Millennials
33233,5.8,3.4,5.8,0.6,6.0,3.44,High,Millennials
33234,5.3,3.4,6.8,5.0,5.6,3.36,Moderate,Millennials
33235,6.8,1.6,8.3,1.4,2.5,3.37,Moderate,Millennials
33236,7.0,2.1,8.1,3.3,2.7,2.61,Moderate,Millennials
33237,3.6,1.1,5.9,3.9,5.3,3.58,Moderate,Millennials
33238,6.3,2.6,8.4,1.7,6.0,3.41,Moderate,Millennials
33239,4.5,4.5,5.8,2.5,4.0,3.05,High,Millennials
33240,7.2,1.0,8.2,1.8,3.0,3.09,Low,Millennials
33241,6.3,2.9,7.1,1.8,1.8,3.2,Low,Millennials
33242,4.6,2.2,7.8,0.0,3.5,2.83,Moderate,Millennials
33243,5.6,1.6,7.9,3.1,4.8,3.19,Moderate,Millennials
33244,4.3,1.6,7.0,0.0,3.3,2.84,High,Millennials
33245,4.1,3.7,8.9,2.1,0.8,3.5,Moderate,Millennials
33246,4.9,1.8,8.4,2.2,2.1,2.76,Low,Millennials
33247,6.3,4.5,8.5,2.5,2.9,3.01,Low,Millennials
33248,5.8,2.3,8.6,1.1,3.8,3.22,Moderate,Millennials
33249,5.6,2.1,7.7,2.6,5.1,3.59,Moderate,Millennials
33250,4.7,0.9,9.0,2.6,4.6,3.01,Moderate,Millennials
33251,7.3,2.2,8.9,3.1,5.6,2.89,Moderate,Millennials
33252,6.5,3.5,7.1,2.2,4.3,2.62,High,Millennials
33253,5.5,2.8,7.6,2.3,4.0,2.86,Low,Millennials
33254,4.7,3.5,9.2,3.5,4.9,3.16,Moderate,Millennials
33255,3.4,3.0,8.7,1.1,4.2,3.11,High,Millennials
33256,5.6,1.5,8.8,2.3,3.8,3.63,Moderate,Millennials
33257,3.9,3.0,6.6,1.9,4.7,3.39,Moderate,Millennials
33258,5.1,2.0,7.0,1.2,6.5,3.5,Low,Millennials
33259,6.9,3.1,6.9,1.2,4.5,2.97,Low,Millennials
33260,6.5,3.8,7.9,2.5,6.1,2.75,Low,Millennials
33261,6.4,2.6,7.1,1.3,2.6,2.85,Moderate,Millennials
33262,6.8,1.7,8.0,1.7,4.8,2.57,Moderate,Millennials
33263,5.3,0.0,7.4,2.7,4.6,2.79,Moderate,Millennials
33264,4.5,1.0,8.0,1.8,6.3,3.18,Low,Millennials
33265,3.7,1.4,8.4,3.1,3.4,2.91,Low,Millennials
33266,5.4,2.7,7.8,1.8,4.8,3.35,Moderate,Millennials
33267,5.9,2.6,6.2,1.9,5.0,3.2,Moderate,Millennials
33268,6.4,2.9,8.3,2.1,2.8,2.76,High,Millennials
33269,6.4,2.8,8.9,1.4,4.9,3.14,High,Millennials
33270,5.8,1.1,8.7,5.3,3.4,2.95,Moderate,Millennials
33271,5.1,0.9,8.0,3.3,3.4,2.21,Low,Millennials
33272,6.2,2.4,7.0,0.0,5.1,2.88,Moderate,Millennials
33273,7.3,3.3,6.6,1.0,3.3,2.42,Low,Millennials
33274,6.5,1.6,7.4,1.9,3.8,2.64,Low,Millennials
33275,4.9,1.8,6.6,2.0,6.7,3.44,Low,Millennials
33276,7.0,2.8,7.0,2.8,4.8,2.9,High,Millennials
33277,6.2,2.6,5.6,3.0,5.8,3.36,Moderate,Millennials
33278,5.5,3.5,7.7,4.1,4.9,3.05,High,Millennials
33279,6.2,1.3,7.3,2.7,6.2,3.18,Low,Millennials
33280,5.7,3.1,7.7,1.4,4.5,2.77,Moderate,Millennials
33281,5.2,2.6,7.1,3.3,3.7,3.14,Low,Millennials
33282,4.0,3.1,8.0,2.6,5.4,3.07,Moderate,Millennials
33283,6.0,2.8,6.8,1.4,3.8,3.2,Moderate,Millennials
33284,5.8,3.5,7.0,2.3,4.3,3.36,Low,Millennials
33285,6.0,2.3,9.0,1.0,4.0,3.14,Low,Millennials
33286,5.4,1.2,8.5,1.9,5.3,3.04,Moderate,Millennials
33287,5.7,4.1,6.7,1.2,6.8,2.62,Low,Millennials
33288,4.7,4.9,9.0,2.8,4.6,3.51,Low,Millennials
33289,5.9,2.2,7.5,3.2,7.0,2.61,Low,Millennials
33290,5.4,3.9,7.4,2.5,2.9,2.72,Low,Millennials
33291,7.2,0.2,8.8,0.0,3.7,2.67,Moderate,Millennials
33292,5.1,3.2,6.2,2.2,3.8,3.11,Moderate,Millennials
33293,5.7,1.9,6.8,1.6,4.0,2.85,Moderate,Millennials
33294,6.1,2.7,7.0,1.8,5.3,3.5,Moderate,Millennials
33295,5.6,3.7,7.9,2.8,3.4,2.66,Low,Millennials
33296,5.1,0.6,9.4,2.9,5.5,2.94,Moderate,Millennials
33297,5.2,2.2,9.6,2.8,4.7,3.62,High,Millennials
33298,5.8,1.7,8.1,1.3,1.8,3.01,Low,Millennials
33299,5.6,3.3,6.4,0.7,4.7,2.93,High,Millennials
33300,5.2,2.2,8.6,3.4,4.5,2.52,Low,Millennials
33301,5.7,4.0,6.4,2.1,1.4,2.86,Low,Millennials
33302,4.2,2.1,5.8,2.3,5.1,2.83,Moderate,Millennials
33303,5.2,2.5,7.1,2.8,4.5,2.6,Low,Millennials
33304,7.8,2.5,8.5,3.0,3.2,2.96,Low,Millennials
33305,3.0,0.9,7.9,3.6,5.3,3.32,Low,Millennials
33306,4.9,1.9,6.8,0.4,0.6,3.25,High,Millennials
33307,4.2,1.1,7.7,2.5,5.0,3.34,Low,Millennials
33308,7.0,0.0,8.3,3.3,1.3,2.38,Moderate,Millennials
33309,5.7,3.3,8.5,1.5,5.1,2.53,Low,Millennials
33310,6.7,0.7,8.3,1.4,5.2,3.06,Moderate,Millennials
33311,5.8,3.4,6.5,1.9,0.5,2.98,Moderate,Millennials
33312,4.6,2.1,6.5,1.1,6.3,2.86,High,Millennials
33313,3.8,2.2,6.6,2.5,6.4,3.23,Low,Millennials
33314,6.3,0.7,7.4,2.0,6.3,2.47,Moderate,Millennials
33315,7.4,2.5,8.7,1.6,5.3,3.52,Low,Millennials
33316,6.4,2.5,7.7,1.3,4.6,3.06,Low,Millennials
33317,5.1,0.6,8.9,2.3,2.1,3.28,High,Millennials
33318,6.6,4.6,7.5,0.0,6.4,2.9,Moderate,Millennials
33319,5.5,1.0,8.1,0.7,3.7,3.21,Moderate,Millennials
33320,6.5,2.7,8.1,2.7,5.5,3.18,Moderate,Millennials
33321,5.1,2.1,7.1,1.5,5.4,3.18,Moderate,Millennials
33322,4.1,2.0,6.8,1.8,6.3,2.94,High,Millennials
33323,6.2,2.8,7.2,2.0,3.5,2.93,Low,Millennials
33324,3.3,3.0,8.8,1.8,3.8,2.85,Moderate,Millennials
33325,4.9,1.6,8.5,2.6,6.3,2.98,Moderate,Millennials
33326,6.0,1.9,8.0,3.2,2.5,2.88,Low,Millennials
33327,6.1,1.3,8.2,0.9,4.2,3.02,Low,Millennials
33328,5.3,2.1,9.1,2.7,4.3,3.15,Low,Millennials
33329,8.1,2.1,7.7,3.4,5.5,3.03,Moderate,Millennials
33330,5.3,2.4,7.3,2.5,3.3,3.1,High,Millennials
33331,5.7,1.5,7.6,3.8,4.1,3.01,Low,Millennials
33332,6.2,2.0,7.8,5.0,5.2,2.7,Moderate,Millennials
33333,5.0,1.5,9.3,0.5,4.6,2.49,Low,Millennials
33334,5.4,4.6,7.4,0.9,7.3,3.08,Low,Millennials
33335,4.0,4.3,8.8,0.0,6.1,3.09,Low,Millennials
33336,5.2,0.3,7.4,3.2,3.7,3.58,Moderate,Millennials
33337,3.6,0.0,7.5,1.6,5.4,2.7,Low,Millennials
33338,5.1,3.4,6.8,3.1,3.7,2.66,Moderate,Millennials
33339,5.4,2.2,8.1,1.9,4.7,2.72,High,Millennials
33340,5.3,1.2,9.8,0.9,4.7,3.25,Moderate,Millennials
33341,3.6,1.0,7.6,1.1,5.9,2.41,Low,Millennials
33342,7.0,2.7,6.5,1.4,4.3,2.83,Moderate,Millennials
33343,5.3,2.5,8.3,1.9,5.5,2.9,Moderate,Millennials
33344,5.4,1.3,7.2,1.7,3.4,2.71,Low,Millennials
33345,4.7,1.0,8.9,1.8,4.0,3.32,Low,Millennials
33346,7.3,1.0,8.3,3.8,2.6,2.45,Low,Millennials
33347,5.3,1.3,8.2,4.1,4.3,2.65,Moderate,Millennials
33348,5.0,2.4,6.9,2.6,5.0,3.0,Low,Millennials
33349,5.7,0.0,8.0,1.7,4.5,2.87,Moderate,Millennials
33350,6.8,3.2,8.5,3.0,4.9,3.19,Moderate,Millennials
33351,7.7,3.2,8.4,1.8,6.3,3.1,Moderate,Millennials
33352,7.7,3.4,8.9,3.2,2.6,3.38,Moderate,Millennials
33353,6.2,2.0,6.8,1.1,2.7,3.35,Low,Millennials
33354,7.3,1.9,7.6,2.6,6.2,3.09,High,Millennials
33355,5.0,2.5,6.9,3.6,2.3,2.96,Moderate,Millennials
33356,5.6,2.4,8.7,1.7,7.5,2.99,Moderate,Millennials
33357,5.7,2.1,7.2,2.9,4.4,2.89,Moderate,Millennials
33358,4.9,1.8,8.8,2.5,3.5,2.73,Moderate,Millennials
33359,6.3,2.7,7.6,2.1,3.4,3.25,Low,Millennials
33360,5.8,3.3,7.8,1.4,3.9,2.89,High,Millennials
33361,6.0,2.9,6.9,1.4,5.5,2.78,Low,Millennials
33362,7.0,2.4,8.5,2.3,5.6,2.8,Low,Millennials
33363,5.4,2.3,9.1,3.5,4.5,2.97,Moderate,Millennials
33364,7.0,1.8,8.2,2.5,4.4,3.38,Moderate,Millennials
33365,6.0,1.8,8.0,2.4,4.7,3.12,Low,Millennials
33366,6.8,4.9,8.3,4.1,5.3,3.16,Moderate,Millennials
33367,6.1,3.8,8.0,3.0,5.8,3.25,Low,Millennials
33368,6.1,0.7,7.6,1.6,5.0,3.36,Moderate,Millennials
33369,4.5,0.8,7.1,2.1,5.3,3.12,High,Millennials
33370,4.9,4.1,8.0,3.3,7.7,3.31,Moderate,Millennials
33371,5.5,0.0,7.2,2.0,4.3,3.39,Low,Millennials
33372,4.2,3.7,7.9,0.8,3.5,3.39,High,Millennials
33373,7.4,1.9,7.2,2.2,0.0,3.06,High,Millennials
33374,3.9,1.9,7.3,1.8,4.6,3.06,Low,Millennials
33375,4.6,0.0,6.9,1.8,5.1,2.83,Moderate,Millennials
33376,5.0,3.0,8.1,1.7,7.6,2.96,Low,Millennials
33377,6.7,1.2,8.2,2.2,5.3,2.55,Low,Millennials
33378,5.5,3.9,7.3,3.1,5.4,2.82,Low,Millennials
33379,5.1,1.2,7.8,2.7,4.5,2.79,Moderate,Millennials
33380,7.7,3.2,7.3,2.5,2.6,3.19,Low,Millennials
33381,4.5,1.9,8.7,0.8,5.0,3.15,Moderate,Millennials
33382,6.4,1.2,7.8,1.3,4.7,3.42,Moderate,Millennials
33383,6.5,0.7,6.9,2.3,3.3,3.01,Moderate,Millennials
33384,5.4,3.2,9.3,3.2,5.5,2.86,Low,Millennials
33385,5.8,2.2,8.5,2.5,5.0,2.99,Low,Millennials
33386,5.3,2.0,7.1,2.4,1.8,2.98,Moderate,Millennials
33387,5.3,2.7,9.4,3.6,5.4,3.3,Moderate,Millennials
33388,6.8,0.0,5.7,0.5,6.5,2.99,High,Millennials
33389,6.0,1.8,7.5,2.2,6.7,3.07,Low,Millennials
33390,5.7,2.5,7.2,0.0,3.5,3.5,Moderate,Millennials
33391,5.4,1.2,6.8,2.3,5.4,2.9,Low,Millennials
33392,5.2,0.9,8.5,3.1,2.9,3.21,Low,Millennials
33393,5.5,2.0,8.6,3.6,2.5,2.92,High,Millennials
33394,6.3,0.4,8.9,0.2,4.7,2.68,Moderate,Millennials
33395,4.4,3.6,7.0,2.7,4.4,3.47,High,Millennials
33396,4.9,3.0,7.9,2.9,6.1,2.96,High,Millennials
33397,6.4,3.0,8.0,0.7,1.8,2.57,Moderate,Millennials
33398,4.7,0.6,8.2,3.4,2.7,3.21,Moderate,Millennials
33399,3.2,1.2,8.0,2.0,3.9,2.86,High,Millennials
33400,5.3,0.5,6.0,0.9,3.2,2.53,Low,Millennials
33401,8.5,1.3,7.4,3.4,5.5,2.68,Low,Millennials
33402,7.9,2.7,6.7,1.3,5.0,3.15,Low,Millennials
33403,4.1,2.5,6.5,2.1,3.8,3.52,Low,Millennials
33404,8.5,2.6,6.8,2.7,5.8,2.92,Moderate,Millennials
33405,5.0,0.6,9.7,1.8,4.7,2.8,Low,Millennials
33406,6.7,1.4,7.6,1.3,5.1,3.44,Low,Millennials
33407,6.6,2.5,7.9,2.1,5.0,2.47,Moderate,Millennials
33408,4.0,3.2,8.1,0.4,4.4,3.14,Moderate,Millennials
33409,4.5,3.3,8.6,2.6,7.0,3.58,Moderate,Millennials
33410,5.0,3.3,8.0,1.4,6.7,2.92,Moderate,Millennials
33411,5.1,1.3,8.2,2.2,4.6,3.04,Moderate,Millennials
33412,5.2,1.6,7.2,4.3,4.8,3.54,Low,Millennials
33413,7.7,1.9,7.9,3.1,3.3,2.95,Moderate,Millennials
33414,5.5,0.4,6.3,3.1,3.8,3.13,Moderate,Millennials
33415,5.2,3.5,7.1,2.8,4.4,2.55,High,Millennials
33416,5.5,0.0,7.9,3.8,2.6,2.92,High,Millennials
33417,5.3,2.3,7.5,1.0,2.3,2.71,Moderate,Millennials
33418,4.8,3.9,8.3,1.4,3.5,2.87,Low,Millennials
33419,5.6,3.0,8.0,2.3,4.7,3.07,Moderate,Millennials
33420,6.7,0.3,9.6,1.9,4.8,3.02,High,Millennials
33421,7.0,3.7,8.6,0.4,5.1,3.49,Moderate,Millennials
33422,6.5,0.8,7.6,2.0,5.5,2.73,Low,Millennials
33423,6.7,2.3,7.8,1.5,5.8,2.65,Moderate,Millennials
33424,5.0,0.6,6.3,1.4,2.6,2.82,Low,Millennials
33425,6.4,0.8,6.2,2.4,4.9,2.62,Moderate,Millennials
33426,5.9,0.2,6.9,2.4,4.2,3.41,Low,Millennials
33427,5.1,3.5,7.4,1.8,3.2,2.78,Moderate,Millennials
33428,4.9,2.0,7.9,2.1,2.0,2.97,High,Millennials
33429,5.2,3.3,6.4,2.8,2.1,2.85,Moderate,Millennials
33430,6.9,2.3,6.3,2.2,2.8,2.91,Moderate,Millennials
33431,8.3,1.2,7.9,0.2,4.2,3.1,Low,Millennials
33432,4.3,1.2,7.2,2.4,3.3,3.16,Low,Millennials
33433,8.7,2.1,8.5,3.1,7.1,2.9,Moderate,Millennials
33434,6.8,1.3,9.3,3.3,5.5,2.76,Low,Millennials
33435,6.3,1.3,8.3,1.6,8.0,2.33,Moderate,Millennials
33436,5.9,3.1,7.3,1.8,4.4,3.03,Moderate,Millennials
33437,5.7,2.0,9.2,2.6,6.0,2.3,Low,Millennials
33438,5.8,3.0,8.7,1.8,5.9,3.27,Moderate,Millennials
33439,4.1,2.6,7.5,2.1,4.3,3.33,High,Millennials
33440,4.8,2.4,6.4,0.4,2.9,3.28,Moderate,Millennials
33441,5.5,0.3,8.2,1.4,6.5,2.55,Moderate,Millennials
33442,6.5,3.4,5.8,3.3,2.6,3.33,Moderate,Millennials
33443,4.3,2.2,8.2,2.0,5.7,3.25,Low,Millennials
33444,6.1,1.9,6.7,1.2,5.4,3.32,Low,Millennials
33445,4.1,2.2,9.2,2.6,4.4,3.01,Low,Millennials
33446,7.5,0.0,7.6,2.4,3.8,3.07,Moderate,Millennials
33447,3.4,2.1,7.9,1.0,4.9,3.07,High,Millennials
33448,5.0,1.8,5.4,3.4,3.0,3.22,Low,Millennials
33449,5.2,3.3,8.1,2.3,3.4,2.85,Low,Millennials
33450,6.0,0.0,7.2,2.7,6.2,2.63,Moderate,Millennials
33451,6.2,3.2,9.1,2.9,3.8,2.65,Low,Millennials
33452,5.7,4.0,7.3,2.0,4.9,2.73,Moderate,Millennials
33453,5.4,2.7,9.8,3.9,6.4,3.01,Low,Millennials
33454,5.5,4.2,7.2,2.1,4.6,3.12,Moderate,Millennials
33455,4.3,0.6,7.1,0.1,4.2,2.7,Moderate,Millennials
33456,5.1,2.8,9.2,2.6,3.6,3.5,Moderate,Millennials
33457,9.9,2.6,8.2,1.3,5.1,2.69,Low,Millennials
33458,5.5,2.5,8.3,2.6,4.1,2.98,Low,Millennials
33459,5.2,1.9,7.7,3.1,5.3,3.04,Moderate,Millennials
33460,5.8,2.3,6.8,1.6,6.0,2.87,High,Millennials
33461,7.4,0.0,9.5,2.1,4.6,2.86,Moderate,Millennials
33462,4.3,2.7,6.7,1.2,4.4,2.33,Low,Millennials
33463,6.4,1.4,7.1,2.4,4.3,2.93,Moderate,Millennials
33464,7.1,1.9,7.6,2.0,4.2,2.78,Moderate,Millennials
33465,5.0,2.6,8.0,0.0,5.9,2.85,Low,Millennials
33466,3.5,2.5,8.2,1.6,4.9,3.03,Low,Millennials
33467,5.4,2.9,6.3,1.9,7.1,3.18,Moderate,Millennials
33468,6.4,0.6,7.7,2.4,4.9,2.48,Moderate,Millennials
33469,4.8,2.2,7.6,3.3,5.0,3.27,High,Millennials
33470,4.4,3.0,8.8,3.7,3.2,3.09,Low,Millennials
33471,7.2,2.0,7.1,1.9,3.3,3.14,Moderate,Millennials
33472,5.6,0.5,7.6,4.2,4.7,2.93,High,Millennials
33473,4.0,3.1,8.1,2.5,4.6,2.91,High,Millennials
33474,4.9,2.4,8.1,2.3,4.5,3.21,High,Millennials
33475,6.7,2.4,8.9,1.9,5.5,2.72,Low,Millennials
33476,5.7,3.1,8.0,2.1,5.5,2.6,Moderate,Millennials
33477,6.4,3.2,9.9,0.1,5.9,3.14,Low,Millennials
33478,6.5,1.3,7.3,0.5,3.1,3.13,Moderate,Millennials
33479,5.0,1.0,6.4,1.6,2.9,2.75,Moderate,Millennials
33480,7.0,0.9,7.9,2.2,7.2,2.57,Low,Millennials
33481,5.1,0.5,7.0,1.8,4.0,3.48,High,Millennials
33482,5.0,1.2,7.1,1.1,7.4,2.79,Low,Millennials
33483,6.5,1.9,9.5,2.0,5.1,2.99,High,Millennials
33484,5.6,1.9,7.3,1.5,4.3,3.26,Low,Millennials
33485,4.1,0.0,6.8,1.1,6.4,3.25,Low,Millennials
33486,7.9,3.2,8.8,4.4,3.7,2.37,Moderate,Millennials
33487,5.8,0.6,7.3,2.2,0.7,3.67,Moderate,Millennials
33488,5.9,3.0,8.2,0.5,3.6,3.5,Moderate,Millennials
33489,7.9,2.8,8.3,2.3,4.0,2.82,Low,Millennials
33490,6.7,2.8,6.3,1.6,4.5,2.62,Low,Millennials
33491,5.4,2.6,8.6,3.3,3.4,3.12,Low,Millennials
33492,6.0,3.8,6.3,3.7,3.8,3.03,High,Millennials
33493,6.2,3.5,6.9,3.3,6.5,2.82,Moderate,Millennials
33494,4.4,2.6,8.4,1.1,6.3,3.48,Low,Millennials
33495,7.4,3.1,7.6,0.9,3.2,3.28,Low,Millennials
33496,4.0,0.3,5.6,2.8,4.5,3.08,Moderate,Millennials
33497,5.7,0.4,8.2,0.9,5.1,2.8,Moderate,Millennials
33498,8.4,0.1,7.5,3.0,5.9,3.3,Low,Millennials
33499,7.2,3.5,7.9,2.8,5.6,2.6,High,Millennials
33500,5.1,1.8,6.9,1.7,5.8,3.41,Low,Millennials
33501,7.9,0.8,8.9,1.2,2.9,2.84,Low,Millennials
33502,5.5,1.8,6.7,2.2,2.4,3.22,Low,Millennials
33503,5.4,3.0,7.2,3.0,1.8,2.78,Moderate,Millennials
33504,7.5,0.6,7.4,1.7,3.9,3.09,High,Millennials
33505,4.9,2.3,8.5,2.8,5.1,3.08,Low,Millennials
33506,6.3,2.8,7.1,1.9,4.1,2.95,Moderate,Millennials
33507,7.9,1.0,8.7,3.1,3.8,2.94,Low,Millennials
33508,5.2,1.7,9.0,2.1,4.5,3.0,Moderate,Millennials
33509,7.1,3.1,7.9,2.1,3.6,3.09,Moderate,Millennials
33510,4.8,2.4,7.4,3.6,2.6,3.15,Moderate,Millennials
33511,7.4,0.9,6.6,0.5,5.5,2.93,Low,Millennials
33512,4.3,1.3,7.8,4.2,2.8,2.82,Moderate,Millennials
33513,3.8,2.1,9.1,1.4,3.0,3.06,Moderate,Millennials
33514,3.7,0.8,9.0,1.7,4.2,2.94,Low,Millennials
33515,4.1,2.3,7.6,4.3,3.7,2.49,Moderate,Millennials
33516,6.1,1.9,8.0,3.5,4.0,3.04,Moderate,Millennials
33517,6.3,1.7,9.1,2.1,5.8,3.29,Moderate,Millennials
33518,6.5,2.9,9.5,1.9,4.9,3.07,Moderate,Millennials
33519,6.7,1.7,8.9,2.4,3.4,2.75,Moderate,Millennials
33520,7.4,2.6,8.5,1.9,2.5,3.43,High,Millennials
33521,5.4,2.6,7.4,3.1,2.9,2.76,Low,Millennials
33522,5.2,2.3,7.0,0.4,4.1,3.14,Moderate,Millennials
33523,3.6,3.9,7.6,1.6,4.0,3.28,Low,Millennials
33524,5.0,0.7,7.2,0.5,6.2,2.98,Moderate,Millennials
33525,5.9,1.6,7.7,2.4,4.3,3.13,Low,Millennials
33526,7.0,2.0,7.7,1.5,4.2,2.93,Low,Millennials
33527,5.8,2.5,9.6,0.0,3.3,2.81,Low,Millennials
33528,6.7,2.4,7.9,1.6,3.6,3.09,Moderate,Millennials
33529,6.0,2.6,7.0,2.0,4.0,3.22,Moderate,Millennials
33530,7.0,2.3,7.7,1.9,5.5,3.01,Moderate,Millennials
33531,4.7,4.2,7.8,3.1,2.1,3.33,Low,Millennials
33532,5.1,2.2,8.3,0.8,7.2,3.11,Low,Millennials
33533,4.3,1.3,6.2,3.4,4.1,3.07,Low,Millennials
33534,5.0,1.9,7.6,4.3,1.3,2.69,Low,Millennials
33535,5.2,1.3,8.6,1.4,4.1,2.78,Moderate,Millennials
33536,6.6,3.0,10.0,0.8,1.3,2.75,Low,Millennials
33537,6.5,4.7,8.2,1.8,7.6,2.83,High,Millennials
33538,5.0,1.9,7.9,2.6,4.9,3.08,Low,Millennials
33539,6.0,1.0,5.3,0.3,5.0,2.88,High,Millennials
33540,5.5,1.7,8.6,0.1,5.0,3.15,Low,Millennials
33541,7.5,1.7,6.4,1.9,5.7,3.01,Moderate,Millennials
33542,4.8,1.1,9.7,2.6,5.7,3.37,Moderate,Millennials
33543,6.8,2.2,7.3,0.0,4.9,2.68,Moderate,Millennials
33544,4.9,3.2,7.5,2.1,4.6,3.35,Low,Millennials
33545,5.4,0.6,9.0,0.9,4.6,3.66,Low,Millennials
33546,5.5,4.1,8.5,0.6,2.2,2.85,Low,Millennials
33547,4.6,2.3,6.8,2.2,3.8,3.26,Moderate,Millennials
33548,6.9,0.0,6.3,1.6,3.0,2.47,Moderate,Millennials
33549,4.4,2.4,9.9,2.2,2.3,3.08,High,Millennials
33550,6.2,2.6,7.4,3.5,7.3,3.14,High,Millennials
33551,4.9,1.0,6.5,2.2,4.7,3.07,Low,Millennials
33552,5.4,0.5,8.6,3.5,3.8,2.5,Moderate,Millennials
33553,5.1,3.0,9.3,1.2,3.9,3.16,Moderate,Millennials
33554,6.4,2.1,8.6,2.8,5.1,2.99,Low,Millennials
33555,5.1,2.7,6.9,3.1,3.6,2.95,High,Millennials
33556,6.3,0.1,8.2,2.6,4.2,3.4,Moderate,Millennials
33557,3.6,1.3,8.0,1.9,5.8,3.18,Moderate,Millennials
33558,6.1,0.0,7.4,0.0,3.1,3.17,Moderate,Millennials
33559,4.8,2.6,6.7,3.7,3.7,3.12,Low,Millennials
33560,4.1,3.6,8.5,1.6,3.3,3.38,Low,Millennials
33561,6.5,2.1,10.0,2.5,4.0,3.23,Moderate,Millennials
33562,4.2,2.0,8.5,1.7,5.3,3.01,Low,Millennials
33563,6.6,2.8,7.1,0.8,3.6,2.95,Moderate,Millennials
33564,6.2,4.7,8.6,1.2,4.2,2.9,Low,Millennials
33565,5.9,2.8,9.0,2.5,3.6,2.64,High,Millennials
33566,6.0,2.4,7.8,1.1,5.2,2.94,Moderate,Millennials
33567,4.3,1.4,10.0,3.0,4.4,2.58,Low,Millennials
33568,7.9,3.0,8.4,0.0,3.1,3.26,Moderate,Millennials
33569,6.0,3.0,9.1,1.0,0.9,3.78,Low,Millennials
33570,6.4,2.1,6.9,0.3,2.8,3.19,Low,Millennials
33571,6.0,1.1,8.8,0.3,4.1,2.55,Moderate,Millennials
33572,4.0,2.0,6.2,2.6,4.7,3.11,Moderate,Millennials
33573,5.0,4.6,8.9,2.1,5.8,2.71,Moderate,Millennials
33574,6.4,3.4,8.6,1.9,4.9,2.81,Moderate,Millennials
33575,5.3,0.8,8.7,3.3,5.0,2.52,Moderate,Millennials
33576,5.6,3.4,8.1,1.7,4.6,3.15,Moderate,Millennials
33577,4.2,1.9,9.4,0.0,1.5,2.88,Moderate,Millennials
33578,4.9,2.3,7.1,0.0,8.0,2.68,High,Millennials
33579,6.9,2.5,7.6,1.4,3.2,2.95,Moderate,Millennials
33580,7.3,1.4,6.2,2.7,4.5,2.73,Low,Millennials
33581,3.2,2.0,7.3,1.3,7.1,2.85,High,Millennials
33582,6.5,2.7,8.0,3.8,6.3,2.58,Moderate,Millennials
33583,5.4,2.5,7.3,2.0,1.8,3.0,Moderate,Millennials
33584,8.3,1.5,9.0,3.0,4.2,3.27,High,Millennials
33585,4.9,3.1,7.3,0.3,5.8,2.86,Moderate,Millennials
33586,6.4,0.5,6.5,2.4,2.8,3.02,Low,Millennials
33587,6.1,1.5,8.3,3.1,2.4,3.17,Low,Millennials
33588,7.4,3.4,9.1,0.3,4.1,2.86,Low,Millennials
33589,7.1,1.3,7.2,2.3,3.7,2.8,High,Millennials
33590,5.6,2.6,9.0,4.7,3.2,2.93,Moderate,Millennials
33591,8.1,3.0,6.1,3.0,7.0,3.17,Moderate,Millennials
33592,6.9,2.2,7.5,2.4,3.6,3.22,Low,Millennials
33593,6.4,2.6,6.0,2.3,5.8,2.28,Low,Millennials
33594,7.9,3.0,7.4,3.6,5.2,3.2,Moderate,Millennials
33595,6.2,2.8,8.1,1.5,3.0,3.59,Low,Millennials
33596,5.2,0.0,6.5,2.5,1.6,3.22,Moderate,Millennials
33597,5.9,0.2,7.7,2.7,1.7,2.83,Moderate,Millennials
33598,6.2,3.1,5.9,2.8,3.1,3.38,Low,Millennials
33599,6.3,3.5,9.0,1.0,1.9,3.1,Moderate,Millennials
33600,3.8,1.0,7.1,3.1,4.0,3.14,Moderate,Millennials
33601,7.2,0.2,9.3,2.4,5.7,2.79,Low,Millennials
33602,7.1,1.3,8.2,1.9,4.9,2.62,Low,Millennials
33603,6.9,2.7,6.3,2.2,4.6,3.12,High,Millennials
33604,5.8,3.0,6.4,0.0,5.0,3.02,Moderate,Millennials
33605,6.7,2.6,7.4,0.3,5.3,3.07,Moderate,Millennials
33606,7.3,2.2,7.3,2.8,4.1,3.27,Moderate,Millennials
33607,6.0,4.2,7.5,2.4,2.1,3.51,High,Millennials
33608,4.3,1.5,7.9,0.6,2.7,2.73,Low,Millennials
33609,5.9,2.3,8.5,3.8,4.1,2.88,Moderate,Millennials
33610,5.1,1.6,7.8,1.2,3.2,2.5,Moderate,Millennials
33611,4.0,0.1,9.1,1.9,3.8,3.1,High,Millennials
33612,6.6,2.3,6.2,2.3,3.5,2.97,Low,Millennials
33613,4.1,2.5,7.9,1.5,8.0,3.19,Low,Millennials
33614,3.4,1.9,7.9,3.6,3.1,3.34,Moderate,Millennials
33615,4.4,3.0,9.0,1.6,2.9,2.8,Moderate,Millennials
33616,5.5,1.6,8.7,3.0,3.6,3.61,High,Millennials
33617,5.6,2.9,8.5,1.7,4.9,3.09,High,Millennials
33618,6.2,1.3,6.9,1.1,4.4,2.75,Moderate,Millennials
33619,6.9,0.9,6.3,2.3,5.2,3.17,Moderate,Millennials
33620,6.0,4.8,6.9,3.1,3.9,2.93,Low,Millennials
33621,6.2,3.8,8.0,1.6,4.9,2.82,Moderate,Millennials
33622,5.8,3.2,7.4,2.5,5.0,3.25,Low,Millennials
33623,5.7,3.3,7.2,2.4,3.7,2.71,Moderate,Millennials
33624,4.0,2.4,6.9,1.6,4.1,3.23,Low,Millennials
33625,7.0,1.9,7.0,1.5,5.0,3.01,Moderate,Millennials
33626,6.8,3.4,7.1,3.0,2.2,3.45,Low,Millennials
33627,4.4,1.7,8.0,1.8,3.8,3.3,Low,Millennials
33628,4.9,2.5,8.3,1.9,4.4,3.08,High,Millennials
33629,4.4,0.6,6.0,3.1,4.8,2.99,Moderate,Millennials
33630,6.1,1.4,8.4,0.5,5.6,3.2,Low,Millennials
33631,7.4,1.1,8.2,1.7,3.0,3.15,Low,Millennials
33632,7.2,1.2,7.8,1.3,4.0,2.5,Low,Millennials
33633,4.5,2.9,6.8,2.3,3.4,3.22,Moderate,Millennials
33634,6.7,0.0,8.9,0.9,4.2,3.44,Moderate,Millennials
33635,6.6,4.1,9.4,3.0,6.9,3.1,Moderate,Millennials
33636,4.9,1.6,7.3,3.0,3.6,2.46,High,Millennials
33637,6.2,1.0,6.7,1.6,5.3,2.78,Moderate,Millennials
33638,5.6,1.4,8.4,2.2,5.1,2.48,Moderate,Millennials
33639,3.6,1.2,7.5,3.8,1.2,2.57,Moderate,Millennials
33640,5.0,3.0,7.1,2.7,1.6,2.67,High,Millennials
33641,6.5,3.1,6.9,1.9,3.2,2.62,Low,Millennials
33642,7.7,1.5,8.7,1.8,1.3,2.91,Low,Millennials
33643,6.0,3.0,7.9,2.9,2.0,2.73,Moderate,Millennials
33644,6.6,2.1,7.3,2.2,5.0,3.37,Moderate,Millennials
33645,6.3,1.5,9.4,2.6,4.1,2.78,Moderate,Millennials
33646,7.2,2.3,6.8,2.8,3.3,3.35,Moderate,Millennials
33647,6.2,2.5,8.8,3.0,3.9,3.34,Moderate,Millennials
33648,6.8,1.8,7.4,0.3,5.2,3.35,Moderate,Millennials
33649,7.4,1.5,7.1,2.5,3.5,3.02,Low,Millennials
33650,5.2,1.3,9.1,0.6,6.1,3.26,Moderate,Millennials
33651,4.9,2.5,7.3,3.5,4.1,3.31,Moderate,Millennials
33652,5.9,2.1,7.4,3.6,8.0,2.93,Moderate,Millennials
33653,6.4,1.0,7.4,4.0,3.5,3.01,Low,Millennials
33654,6.7,1.4,7.8,3.5,4.6,2.69,Moderate,Millennials
33655,5.4,0.9,8.9,1.8,4.9,3.36,Low,Millennials
33656,4.8,3.5,8.7,1.6,3.0,3.24,Moderate,Millennials
33657,6.1,3.6,8.9,3.6,2.7,3.34,Low,Millennials
33658,5.4,3.7,7.2,2.9,6.4,2.95,Moderate,Millennials
33659,4.3,1.8,6.8,2.2,4.8,2.84,Moderate,Millennials
33660,5.7,5.2,7.5,1.6,5.4,3.26,Moderate,Millennials
33661,6.4,3.6,6.9,1.6,4.9,3.17,Moderate,Millennials
33662,7.2,1.3,8.5,3.8,2.7,2.49,Moderate,Millennials
33663,7.1,3.9,7.6,2.8,5.1,3.44,High,Millennials
33664,5.4,1.5,7.5,2.0,4.6,3.3,Moderate,Millennials
33665,6.9,2.2,7.0,1.0,1.6,3.26,Low,Millennials
33666,5.4,2.0,6.7,2.8,4.4,2.86,Low,Millennials
33667,6.7,2.1,7.5,2.5,4.7,2.88,Moderate,Millennials
33668,6.5,2.6,6.3,3.4,3.9,2.33,Moderate,Millennials
33669,7.0,2.3,7.7,2.0,6.4,3.0,Moderate,Millennials
33670,5.6,0.7,7.9,0.6,4.1,2.82,Moderate,Millennials
33671,8.4,3.0,7.2,1.0,7.0,2.79,Low,Millennials
33672,5.3,1.8,8.1,2.5,2.9,3.29,Moderate,Millennials
33673,5.7,3.3,7.0,1.6,5.0,2.91,Moderate,Millennials
33674,7.3,2.0,6.8,2.3,6.4,3.26,Moderate,Millennials
33675,4.2,0.9,7.3,2.1,6.3,2.99,Low,Millennials
33676,7.8,3.6,7.8,3.1,2.3,2.65,Low,Millennials
33677,6.0,3.5,9.2,1.0,4.6,3.04,High,Millennials
33678,6.4,2.5,7.1,1.2,3.7,2.99,Moderate,Millennials
33679,4.1,3.0,7.6,2.7,5.2,2.9,Low,Millennials
33680,6.7,2.4,6.0,3.8,4.9,3.52,Low,Millennials
33681,5.2,2.7,8.1,1.3,4.9,3.27,Low,Millennials
33682,4.7,2.8,7.8,2.6,6.0,3.11,Moderate,Millennials
33683,7.7,2.4,6.7,1.2,5.6,2.12,Low,Millennials
33684,5.0,1.4,6.8,4.4,3.2,2.78,Moderate,Millennials
33685,6.2,1.7,7.1,3.3,3.3,2.85,Moderate,Millennials
33686,5.9,2.0,6.9,3.4,7.0,3.0,Low,Millennials
33687,4.9,4.1,7.5,4.5,5.3,3.17,High,Millennials
33688,6.7,3.5,8.8,0.0,4.0,2.79,Low,Millennials
33689,6.2,0.7,8.4,0.5,5.2,3.01,Low,Millennials
33690,7.7,1.9,8.9,1.2,5.4,2.96,Low,Millennials
33691,5.8,3.6,7.1,2.4,5.3,3.2,Low,Millennials
33692,7.8,2.4,9.2,2.5,5.4,3.09,Moderate,Millennials
33693,6.8,4.7,8.1,0.9,2.1,3.07,High,Millennials
33694,5.6,1.5,7.8,1.2,4.1,3.47,Low,Millennials
33695,6.3,2.6,7.5,2.5,1.7,2.84,Moderate,Millennials
33696,4.7,1.7,8.4,1.8,5.7,2.86,Low,Millennials
33697,4.2,3.2,7.5,3.4,2.8,3.44,Moderate,Millennials
33698,4.6,1.1,7.4,6.5,3.4,3.09,Low,Millennials
33699,6.0,2.6,7.9,3.4,4.1,3.7,Moderate,Millennials
33700,3.7,2.5,8.5,3.1,5.2,3.65,Low,Millennials
33701,6.2,4.5,8.4,4.3,4.4,2.97,Low,Millennials
33702,6.8,3.2,7.7,0.8,2.9,2.55,Moderate,Millennials
33703,7.5,3.2,7.9,0.0,6.2,3.45,Moderate,Millennials
33704,5.6,2.5,8.7,1.6,6.4,2.98,High,Millennials
33705,7.4,2.2,9.6,2.6,6.7,2.89,Low,Millennials
33706,4.4,1.8,8.7,3.2,4.5,3.42,High,Millennials
33707,5.1,3.4,9.9,3.4,5.8,2.57,Moderate,Millennials
33708,3.2,1.7,8.4,3.5,6.3,3.01,Moderate,Millennials
33709,6.2,1.6,7.5,1.6,5.4,2.75,Moderate,Millennials
33710,9.1,3.1,6.8,0.8,4.4,2.76,Moderate,Millennials
33711,5.6,4.2,7.8,3.0,3.3,2.91,High,Millennials
33712,3.5,2.8,7.7,0.1,3.7,2.51,Low,Millennials
33713,4.6,2.6,7.7,1.3,6.8,2.91,High,Millennials
33714,5.1,3.1,7.9,2.5,6.8,3.19,Moderate,Millennials
33715,5.7,2.5,9.7,2.1,4.7,3.18,Moderate,Millennials
33716,4.7,1.6,6.7,3.3,5.2,2.85,Moderate,Millennials
33717,3.0,1.9,6.8,0.9,5.6,3.34,High,Millennials
33718,5.6,1.4,9.0,2.6,4.7,2.66,Moderate,Millennials
33719,3.5,4.0,6.4,1.8,6.3,2.92,Moderate,Millennials
33720,5.4,1.7,8.0,2.2,3.9,2.93,Moderate,Millennials
33721,3.2,2.2,7.3,1.9,3.8,2.78,High,Millennials
33722,6.5,2.3,7.7,1.6,2.0,2.62,Moderate,Millennials
33723,5.4,3.8,8.5,3.3,4.1,3.24,Moderate,Millennials
33724,4.7,2.4,7.8,3.3,3.6,2.94,High,Millennials
33725,4.8,3.6,7.3,1.2,4.9,3.26,High,Millennials
33726,5.8,3.2,9.0,3.7,2.3,2.99,Moderate,Millennials
33727,4.8,1.5,8.4,2.2,5.0,2.87,Moderate,Millennials
33728,4.6,4.9,7.6,2.3,3.6,2.87,Moderate,Millennials
33729,5.7,1.1,8.5,1.9,2.1,3.09,Moderate,Millennials
33730,5.4,3.3,6.9,1.3,4.9,3.08,Low,Millennials
33731,7.1,1.5,7.7,2.3,6.0,3.08,Moderate,Millennials
33732,4.5,1.9,8.1,2.9,5.0,3.37,High,Millennials
33733,5.1,0.2,8.8,2.5,4.9,3.29,Moderate,Millennials
33734,6.4,3.4,7.8,0.3,5.3,2.79,Low,Millennials
33735,4.7,3.9,7.8,2.4,5.4,2.96,Moderate,Millennials
33736,4.3,1.6,7.2,1.3,3.2,3.01,Moderate,Millennials
33737,4.6,1.7,9.3,2.7,3.5,3.0,High,Millennials
33738,7.8,2.7,9.3,0.0,1.9,2.86,Low,Millennials
33739,5.1,0.1,6.6,1.9,5.6,2.9,Moderate,Millennials
33740,5.9,2.9,7.2,2.5,3.1,2.65,Moderate,Millennials
33741,3.6,2.5,6.7,1.2,5.7,3.19,High,Millennials
33742,5.3,1.5,8.1,2.9,3.9,3.39,Moderate,Millennials
33743,5.7,1.5,9.2,0.6,2.7,3.02,Moderate,Millennials
33744,6.7,1.9,6.8,2.2,2.3,2.79,High,Millennials
33745,5.3,1.3,7.8,3.0,4.5,2.62,Moderate,Millennials
33746,5.3,3.4,7.4,2.7,2.7,3.7,Moderate,Millennials
33747,8.5,2.5,9.2,1.4,3.5,2.73,Low,Millennials
33748,8.4,2.9,8.2,0.7,4.0,2.89,Low,Millennials
33749,4.8,0.2,7.2,4.1,4.7,2.75,Moderate,Millennials
33750,6.0,0.0,8.4,1.4,3.9,2.97,Low,Millennials
33751,5.3,2.2,6.0,1.7,3.6,3.01,Moderate,Millennials
33752,7.0,2.1,7.7,2.6,3.1,3.07,Moderate,Millennials
33753,4.1,1.0,8.5,2.2,3.7,3.02,Low,Millennials
33754,5.9,1.7,9.6,4.2,5.4,2.92,High,Millennials
33755,5.0,1.9,8.2,2.0,1.1,2.81,Moderate,Millennials
33756,6.8,1.8,6.9,2.0,3.7,2.87,High,Millennials
33757,5.5,2.8,6.3,6.7,5.0,2.93,Low,Millennials
33758,6.4,4.2,8.4,2.4,3.2,2.91,Moderate,Millennials
33759,4.3,2.5,8.2,2.7,4.1,2.99,Moderate,Millennials
33760,5.3,2.7,7.6,2.3,3.3,3.13,Moderate,Millennials
33761,5.1,3.3,6.6,2.9,5.8,2.6,Low,Millennials
33762,8.2,0.2,8.7,4.4,6.2,3.05,Moderate,Millennials
33763,7.3,3.4,6.3,0.8,3.7,3.18,Low,Millennials
33764,6.7,3.1,9.1,3.6,3.6,3.11,Moderate,Millennials
33765,5.3,3.0,8.4,1.1,6.6,3.04,Moderate,Millennials
33766,5.8,2.0,7.8,3.6,3.1,2.85,Moderate,Millennials
33767,8.8,2.5,7.2,2.1,1.4,3.29,Moderate,Millennials
33768,2.7,2.3,8.0,1.6,5.2,3.0,Moderate,Millennials
33769,5.3,1.1,8.0,2.2,3.5,2.92,Moderate,Millennials
33770,5.1,1.2,7.1,2.7,3.7,3.11,Low,Millennials
33771,6.8,1.7,8.6,2.7,4.0,3.43,Low,Millennials
33772,6.3,1.5,8.1,0.3,5.6,3.15,Moderate,Millennials
33773,4.7,1.6,6.3,3.2,4.8,2.96,Moderate,Millennials
33774,7.8,2.8,9.7,0.4,3.9,2.68,Moderate,Millennials
33775,4.0,2.6,8.0,1.9,5.0,2.57,Low,Millennials
33776,5.8,3.0,9.0,2.2,4.5,2.82,Low,Millennials
33777,4.0,2.9,7.2,2.5,5.6,2.93,Moderate,Millennials
33778,8.1,0.6,8.0,2.9,3.6,3.32,High,Millennials
33779,5.7,2.1,9.2,2.0,4.2,3.02,Moderate,Millennials
33780,3.3,1.2,8.7,4.0,4.4,3.29,Moderate,Millennials
33781,4.0,1.2,7.8,1.9,3.7,2.78,Moderate,Millennials
33782,4.1,3.7,7.3,4.1,5.3,3.05,Low,Millennials
33783,6.5,2.0,7.5,3.8,3.0,2.72,Moderate,Millennials
33784,4.9,0.0,6.8,3.6,5.3,3.44,Moderate,Millennials
33785,4.6,2.2,8.6,0.0,3.9,2.94,Moderate,Millennials
33786,5.3,2.9,7.7,2.0,3.2,2.59,Low,Millennials
33787,3.3,1.8,7.0,2.4,2.7,3.39,Low,Millennials
33788,4.9,2.1,9.0,1.2,5.8,2.97,Moderate,Millennials
33789,4.7,2.6,9.0,4.4,5.4,2.39,Moderate,Millennials
33790,5.7,3.8,8.3,3.2,6.8,3.14,Moderate,Millennials
33791,5.2,1.7,8.0,1.0,5.5,2.87,Low,Millennials
33792,5.5,1.4,9.8,2.5,2.2,2.84,Low,Millennials
33793,5.8,2.0,7.7,0.4,4.4,2.98,Low,Millennials
33794,7.1,1.9,8.3,2.6,1.1,3.38,High,Millennials
33795,6.0,3.8,6.9,2.2,3.9,2.88,Low,Millennials
33796,6.8,3.4,8.6,3.1,1.0,3.11,Low,Millennials
33797,9.2,1.7,7.2,1.1,6.1,2.81,Low,Millennials
33798,5.6,3.1,8.3,5.7,3.9,2.98,High,Millennials
33799,6.7,3.1,8.6,3.3,4.5,3.3,Moderate,Millennials
33800,3.8,1.3,8.7,1.2,1.0,3.18,Low,Millennials
33801,5.8,0.9,8.4,1.1,6.9,3.67,Low,Millennials
33802,4.6,1.7,6.6,0.7,5.7,3.36,Low,Millennials
33803,3.5,1.1,5.0,1.5,3.3,3.06,Moderate,Millennials
33804,7.1,0.0,7.4,2.0,5.6,3.2,Low,Millennials
33805,5.4,2.1,7.8,0.4,3.2,3.03,Moderate,Millennials
33806,4.1,3.2,7.4,1.1,2.9,2.6,Moderate,Millennials
33807,4.4,2.9,7.5,3.7,3.2,3.31,Moderate,Millennials
33808,5.4,2.3,8.5,1.3,5.4,2.83,Moderate,Millennials
33809,6.1,2.9,7.5,2.3,5.4,3.16,High,Millennials
33810,4.1,1.3,7.2,1.7,2.5,2.76,Moderate,Millennials
33811,6.8,2.6,8.5,2.1,4.8,3.18,Moderate,Millennials
33812,6.2,0.4,8.6,2.3,4.5,2.72,Moderate,Millennials
33813,4.5,1.2,7.9,3.0,3.5,2.97,Moderate,Millennials
33814,5.4,0.0,6.2,1.2,4.7,2.52,Low,Millennials
33815,5.4,0.9,8.9,2.3,2.6,3.26,Moderate,Millennials
33816,5.3,0.4,8.4,0.0,5.1,2.78,Moderate,Millennials
33817,6.7,1.5,7.9,2.1,4.8,2.89,High,Millennials
33818,4.7,1.3,7.5,3.4,4.0,3.0,High,Millennials
33819,6.8,2.7,8.3,4.2,4.6,3.06,Low,Millennials
33820,4.7,2.1,6.6,1.4,3.7,2.98,Low,Millennials
33821,7.0,2.0,8.2,2.9,1.8,2.83,Moderate,Millennials
33822,7.8,2.6,7.9,4.1,4.1,2.52,Moderate,Millennials
33823,2.5,2.9,6.7,3.6,4.7,3.78,High,Millennials
33824,5.6,1.4,8.7,1.9,3.7,3.01,Low,Millennials
33825,6.0,1.6,7.6,0.9,2.8,2.95,Moderate,Millennials
33826,3.9,1.0,8.7,0.3,4.0,2.97,Moderate,Millennials
33827,5.6,5.3,7.0,3.6,1.4,2.49,Low,Millennials
33828,6.6,1.4,7.1,1.6,6.4,3.11,Low,Millennials
33829,7.5,1.9,7.7,1.3,5.0,3.06,High,Millennials
33830,5.7,2.4,6.4,1.8,1.2,2.31,Low,Millennials
33831,8.4,2.0,6.9,2.8,3.4,3.03,Moderate,Millennials
33832,7.8,2.4,7.1,2.3,5.0,3.19,Moderate,Millennials
33833,6.4,3.2,6.6,0.9,2.3,2.93,Moderate,Millennials
33834,4.3,0.2,8.6,2.4,4.1,3.01,Low,Millennials
33835,6.1,1.8,7.0,3.6,2.5,2.59,Moderate,Millennials
33836,6.0,1.4,8.5,1.8,4.9,2.87,Moderate,Millennials
33837,6.2,2.3,8.8,2.7,5.9,2.92,Moderate,Millennials
33838,4.0,1.5,7.3,2.3,2.5,2.85,Moderate,Millennials
33839,7.2,1.8,6.5,3.0,5.6,2.16,Moderate,Millennials
33840,5.5,2.3,8.7,1.6,6.6,3.37,Low,Millennials
33841,4.7,2.9,8.1,1.1,4.3,3.03,Moderate,Millennials
33842,6.1,0.3,6.9,0.0,4.2,3.24,High,Millennials
33843,4.8,2.7,8.8,2.0,5.1,3.23,Low,Millennials
33844,7.8,2.0,7.0,2.2,4.2,3.21,Moderate,Millennials
33845,6.2,2.5,6.7,2.9,5.4,2.93,Moderate,Millennials
33846,5.1,3.5,8.2,4.3,6.3,3.16,Moderate,Millennials
33847,6.8,0.0,7.2,2.8,4.8,3.12,Low,Millennials
33848,6.0,0.9,7.3,4.6,3.9,3.72,Low,Millennials
33849,3.8,3.7,7.1,3.7,3.6,2.66,Low,Millennials
33850,6.6,1.9,8.0,1.6,7.5,2.74,Low,Millennials
33851,4.8,3.0,6.8,2.1,5.4,3.35,Moderate,Millennials
33852,5.1,1.8,7.4,1.0,4.6,2.88,Moderate,Millennials
33853,5.1,2.2,7.4,1.2,3.7,3.18,Moderate,Millennials
33854,6.9,2.0,7.3,2.4,3.7,2.8,Low,Millennials
33855,7.5,3.1,6.5,1.0,2.5,3.06,Low,Millennials
33856,6.2,3.6,6.7,3.6,4.6,2.07,Moderate,Millennials
33857,4.0,2.6,7.4,1.5,4.9,2.77,Low,Millennials
33858,6.8,1.0,7.1,0.4,4.5,3.45,Low,Millennials
33859,6.1,1.7,6.4,0.0,6.7,2.67,Moderate,Millennials
33860,6.4,2.9,5.6,4.2,6.3,2.8,Moderate,Millennials
33861,5.7,1.1,7.6,1.4,6.1,2.81,Moderate,Millennials
33862,6.8,3.0,8.8,1.3,4.2,2.62,High,Millennials
33863,6.6,1.5,6.3,1.3,2.7,3.16,Moderate,Millennials
33864,5.4,3.5,7.2,0.8,6.2,2.82,Low,Millennials
33865,5.6,2.5,7.8,1.5,5.1,3.04,Moderate,Millennials
33866,5.7,4.8,8.5,3.4,4.7,2.78,High,Millennials
33867,6.0,2.5,7.5,1.1,4.5,2.77,Low,Millennials
33868,7.3,1.4,8.7,1.8,3.9,3.23,Moderate,Millennials
33869,3.7,2.2,6.6,1.6,5.1,2.72,Moderate,Millennials
33870,8.2,2.4,8.0,1.6,4.5,3.29,Low,Millennials
33871,6.9,1.3,7.9,3.5,4.1,3.22,Moderate,Millennials
33872,8.3,2.5,7.4,3.0,4.8,2.65,Low,Millennials
33873,6.8,2.9,7.7,3.0,5.6,3.97,Moderate,Millennials
33874,1.6,4.9,7.9,2.0,4.6,2.86,Moderate,Millennials
33875,8.4,2.7,8.4,0.0,5.3,2.39,Moderate,Millennials
33876,4.4,1.7,8.0,2.7,4.8,2.97,Low,Millennials
33877,4.8,3.2,9.3,0.3,5.2,3.01,Moderate,Millennials
33878,7.4,4.5,8.0,1.6,3.9,3.1,Moderate,Millennials
33879,7.0,2.2,8.6,1.7,4.3,2.94,Moderate,Millennials
33880,5.9,3.0,8.1,2.8,5.2,3.06,Moderate,Millennials
33881,7.6,2.4,9.0,3.0,5.1,3.03,Low,Millennials
33882,7.3,3.8,6.2,1.5,3.5,3.29,Low,Millennials
33883,5.5,2.7,7.9,1.7,2.0,2.92,Moderate,Millennials
33884,6.9,1.6,9.3,0.8,4.0,3.01,Low,Millennials
33885,5.1,1.0,8.3,2.6,5.7,2.67,Low,Millennials
33886,5.3,0.0,6.3,1.4,4.5,3.02,Moderate,Millennials
33887,3.9,1.1,8.5,3.2,3.1,2.98,Low,Millennials
33888,6.3,1.4,7.3,2.9,3.1,3.11,Low,Millennials
33889,6.7,0.6,7.2,4.2,5.8,3.19,Moderate,Millennials
33890,6.4,1.1,7.5,1.7,3.7,2.39,Moderate,Millennials
33891,4.7,0.3,7.9,2.2,4.4,3.2,Moderate,Millennials
33892,5.7,2.3,9.4,1.2,3.6,3.26,High,Millennials
33893,5.3,3.9,8.2,1.9,5.2,2.63,High,Millennials
33894,3.5,1.6,9.3,0.7,2.0,2.84,High,Millennials
33895,4.4,4.2,5.7,1.3,4.2,3.41,Moderate,Millennials
33896,5.8,1.6,7.8,0.1,6.2,2.8,High,Millennials
33897,7.1,0.9,8.1,2.4,3.9,2.76,Moderate,Millennials
33898,7.9,1.8,7.6,2.5,4.4,2.76,Low,Millennials
33899,5.8,3.6,8.0,2.3,3.2,3.31,Moderate,Millennials
33900,8.7,1.7,7.3,2.1,5.1,3.09,Moderate,Millennials
33901,6.6,2.1,7.4,3.2,3.5,3.72,Moderate,Millennials
33902,7.6,0.8,8.3,0.8,3.1,3.11,Moderate,Millennials
33903,4.3,1.1,6.6,1.6,4.8,3.22,Moderate,Millennials
33904,4.8,1.4,7.1,2.5,2.6,2.84,Moderate,Millennials
33905,4.3,2.7,7.9,2.0,3.2,3.13,Moderate,Millennials
33906,5.7,2.5,8.7,1.0,3.0,3.0,Moderate,Millennials
33907,8.1,1.6,8.5,2.4,5.3,2.92,Low,Millennials
33908,4.8,2.5,6.5,1.0,4.0,3.14,Low,Millennials
33909,6.7,1.9,7.4,0.9,5.1,2.99,Moderate,Millennials
33910,7.0,1.9,7.7,0.2,1.1,3.25,Moderate,Millennials
33911,3.7,2.6,6.8,3.5,3.9,3.14,Moderate,Millennials
33912,5.6,2.7,8.9,3.6,2.0,2.94,High,Millennials
33913,5.5,2.4,7.9,2.3,4.9,3.44,Low,Millennials
33914,5.4,2.7,7.1,2.8,3.4,3.47,Moderate,Millennials
33915,4.7,2.2,7.4,2.4,5.8,2.83,Low,Millennials
33916,4.7,2.2,7.7,2.5,3.8,2.86,Moderate,Millennials
33917,6.7,2.3,7.2,0.4,2.9,3.21,Low,Millennials
33918,7.5,1.0,7.3,2.6,5.0,3.16,Moderate,Millennials
33919,6.5,1.2,8.7,1.6,4.6,2.66,High,Millennials
33920,4.4,2.5,7.5,1.5,4.4,3.1,Moderate,Millennials
33921,9.1,0.3,7.1,2.3,5.9,3.07,Low,Millennials
33922,3.4,2.6,6.4,3.4,4.6,3.14,High,Millennials
33923,7.3,2.8,8.1,0.4,5.0,3.03,High,Millennials
33924,8.0,2.9,6.9,3.1,7.4,3.38,Moderate,Millennials
33925,4.6,1.3,6.1,0.6,4.2,2.84,High,Millennials
33926,6.7,2.4,7.9,1.5,4.2,3.16,High,Millennials
33927,7.1,1.4,7.4,1.0,6.6,2.8,High,Millennials
33928,7.3,1.8,8.0,2.3,4.5,2.81,Moderate,Millennials
33929,5.9,2.9,5.9,1.6,2.7,3.33,Moderate,Millennials
33930,6.6,2.9,9.1,2.2,4.3,2.81,Low,Millennials
33931,5.6,3.0,7.6,3.1,3.3,3.22,Moderate,Millennials
33932,6.4,1.0,8.8,3.1,5.1,3.41,Low,Millennials
33933,5.5,0.9,8.0,1.3,6.2,2.81,Moderate,Millennials
33934,8.1,1.2,6.7,3.0,3.3,2.49,Moderate,Millennials
33935,4.9,2.7,6.8,2.7,3.6,2.9,High,Millennials
33936,5.8,2.9,8.1,0.9,2.9,2.88,Moderate,Millennials
33937,6.5,2.0,8.3,4.0,6.4,2.55,Moderate,Millennials
33938,2.8,3.5,8.5,3.1,3.8,2.67,Low,Millennials
33939,5.4,0.0,8.2,2.0,4.2,2.95,Low,Millennials
33940,6.7,3.3,8.0,1.1,3.8,2.95,Low,Millennials
33941,7.2,3.0,8.5,2.3,3.2,3.03,Moderate,Millennials
33942,6.9,0.9,6.7,1.3,3.9,3.29,High,Millennials
33943,7.5,2.8,8.4,2.1,3.0,3.26,High,Millennials
33944,4.6,0.0,8.0,1.0,4.4,3.07,Low,Millennials
33945,6.4,3.2,10.0,3.0,3.0,3.26,High,Millennials
33946,3.8,1.3,8.9,0.0,3.9,3.27,Low,Millennials
33947,3.2,0.0,7.7,1.2,3.5,3.09,Low,Millennials
33948,7.2,1.4,7.1,0.8,2.4,3.69,Moderate,Millennials
33949,6.6,0.6,6.8,1.6,3.7,3.01,Moderate,Millennials
33950,5.9,3.7,7.2,2.2,3.1,3.22,High,Millennials
33951,6.1,5.2,8.2,1.4,4.4,2.65,Moderate,Millennials
33952,8.0,0.7,7.4,2.7,1.1,3.57,Moderate,Millennials
33953,5.8,3.8,7.3,0.7,2.3,3.05,Moderate,Millennials
33954,5.2,2.0,8.3,1.8,3.9,3.02,Low,Millennials
33955,6.1,2.9,8.3,0.9,4.7,3.31,High,Millennials
33956,7.9,2.4,9.8,1.3,5.8,2.42,Low,Millennials
33957,8.3,2.0,8.2,1.8,2.7,3.39,Low,Millennials
33958,6.9,0.9,7.7,2.7,4.4,3.15,Low,Millennials
33959,7.5,2.9,7.2,2.9,5.1,3.1,High,Millennials
33960,5.9,2.0,7.8,2.8,5.5,2.93,Moderate,Millennials
33961,7.9,1.3,6.6,2.8,5.5,2.99,Low,Millennials
33962,7.1,3.3,7.0,1.8,4.7,3.02,Low,Millennials
33963,7.3,2.2,8.5,2.9,4.9,2.86,High,Millennials
33964,6.2,0.8,8.6,2.6,5.8,3.58,High,Millennials
33965,7.7,0.6,8.1,1.3,3.7,2.89,Moderate,Millennials
33966,7.1,2.8,7.4,2.5,2.8,3.08,Moderate,Millennials
33967,7.1,2.3,7.2,2.4,3.6,2.72,Moderate,Millennials
33968,6.6,4.0,9.3,3.7,3.1,2.91,Moderate,Millennials
33969,8.7,1.9,7.9,3.0,5.7,3.2,Moderate,Millennials
33970,4.6,2.0,7.4,4.6,3.6,3.18,Low,Millennials
33971,4.5,0.4,7.8,2.2,5.6,2.62,Low,Millennials
33972,7.2,2.6,8.3,2.5,3.7,2.51,Moderate,Millennials
33973,7.3,5.1,9.3,1.4,4.1,3.05,Moderate,Millennials
33974,5.0,0.2,8.7,0.7,2.8,3.14,Low,Millennials
33975,4.6,0.7,9.2,2.4,7.7,3.3,Low,Millennials
33976,6.1,2.1,8.5,2.1,3.4,2.61,Low,Millennials
33977,8.8,3.7,7.4,0.7,1.5,2.86,Moderate,Millennials
33978,4.8,1.4,6.9,2.5,4.4,3.21,Moderate,Millennials
33979,5.6,1.6,7.3,2.0,3.7,3.11,Moderate,Millennials
33980,8.3,0.0,8.3,0.0,4.7,3.08,Moderate,Millennials
33981,5.4,1.9,7.2,2.3,5.7,2.89,High,Millennials
33982,4.4,2.8,9.0,0.9,1.8,3.07,Moderate,Millennials
33983,4.3,3.3,5.9,1.5,6.1,3.38,Low,Millennials
33984,4.5,3.2,7.9,2.4,3.0,2.93,Moderate,Millennials
33985,7.0,1.7,7.1,2.4,4.4,3.66,Low,Millennials
33986,8.1,2.1,8.1,2.6,5.1,2.97,Moderate,Millennials
33987,3.2,4.1,8.7,2.5,5.5,3.46,Moderate,Millennials
33988,5.7,1.1,6.6,1.5,3.4,3.27,Moderate,Millennials
33989,6.3,4.2,8.0,1.5,5.3,3.06,Moderate,Millennials
33990,8.6,1.7,7.8,1.7,5.2,3.32,Moderate,Millennials
33991,5.3,0.0,9.3,2.1,3.2,2.94,Low,Millennials
33992,5.0,1.2,8.1,2.4,5.8,3.32,High,Millennials
33993,4.0,4.1,7.5,2.2,3.0,2.82,Low,Millennials
33994,5.2,1.9,8.0,2.4,4.9,2.43,Moderate,Millennials
33995,7.4,1.1,8.3,3.7,5.7,2.21,Low,Millennials
33996,6.0,2.4,8.9,0.2,3.8,2.93,High,Millennials
33997,4.5,3.4,7.9,1.6,4.6,2.88,Low,Millennials
33998,5.3,1.1,8.0,1.1,2.4,2.82,High,Millennials
33999,7.4,3.6,8.4,0.7,6.1,3.09,Moderate,Millennials
34000,5.1,0.0,8.3,2.0,7.1,3.08,Moderate,Millennials
34001,5.3,3.2,7.4,3.7,4.9,2.73,Low,Millennials
34002,7.0,1.7,5.9,3.6,2.3,2.89,Moderate,Millennials
34003,2.5,0.2,7.1,2.9,3.6,3.16,Low,Millennials
34004,7.1,0.7,8.2,1.4,5.3,3.3,Moderate,Millennials
34005,5.8,3.3,6.8,4.9,2.8,3.63,Low,Millennials
34006,6.0,0.7,8.0,2.5,4.0,3.64,Low,Millennials
34007,5.9,3.3,8.1,1.7,3.6,2.86,Moderate,Millennials
34008,5.2,2.1,6.7,1.9,0.5,2.64,Low,Millennials
34009,7.7,1.6,8.1,3.7,5.5,2.43,Low,Millennials
34010,6.3,2.8,8.0,1.2,6.3,2.86,High,Millennials
34011,6.7,3.1,7.3,4.0,3.2,2.9,Moderate,Millennials
34012,4.9,0.0,6.7,1.9,6.5,2.82,Moderate,Millennials
34013,7.6,3.5,6.9,1.3,6.1,3.07,High,Millennials
34014,6.6,2.8,8.6,0.3,5.1,3.21,Moderate,Millennials
34015,7.7,1.6,7.1,1.7,5.5,2.54,Moderate,Millennials
34016,5.8,1.5,7.7,1.7,5.1,3.34,Moderate,Millennials
34017,5.5,2.7,6.4,1.3,1.0,3.09,Moderate,Millennials
34018,5.5,1.6,6.0,2.5,2.2,3.04,Moderate,Millennials
34019,4.5,3.3,8.3,2.0,4.1,2.85,Moderate,Millennials
34020,7.8,4.8,7.3,1.2,4.9,2.93,High,Millennials
34021,5.2,2.4,6.7,2.1,5.3,2.83,Moderate,Millennials
34022,6.1,4.4,6.4,0.8,6.2,3.16,Low,Millennials
34023,5.9,1.1,8.0,3.7,8.0,2.67,Moderate,Millennials
34024,3.8,3.3,7.7,3.5,3.9,3.21,Low,Millennials
34025,5.4,1.9,8.3,1.2,2.2,2.91,High,Millennials
34026,7.6,2.3,8.0,3.1,5.3,3.35,High,Millennials
34027,7.1,3.5,8.2,1.6,4.3,3.01,Low,Millennials
34028,6.4,1.3,8.3,1.0,4.9,3.17,Moderate,Millennials
34029,6.3,2.4,6.8,1.6,1.8,3.07,Moderate,Millennials
34030,6.3,2.1,7.1,3.2,4.8,2.84,Moderate,Millennials
34031,7.0,4.5,7.8,2.4,4.6,2.76,Low,Millennials
34032,5.1,2.0,9.6,2.4,3.4,3.29,Moderate,Millennials
34033,6.5,2.7,7.3,2.5,4.6,3.15,Low,Millennials
34034,4.4,1.7,8.5,1.7,5.7,2.79,Low,Millennials
34035,7.6,0.8,8.8,2.3,6.9,3.08,Low,Millennials
34036,5.8,4.8,9.2,2.2,5.2,2.62,Low,Millennials
34037,5.3,0.9,7.2,1.4,5.6,3.43,Moderate,Millennials
34038,4.5,3.0,9.0,3.2,4.9,2.94,Moderate,Millennials
34039,2.1,1.8,8.5,2.4,4.4,2.95,Moderate,Millennials
34040,4.9,2.0,7.8,3.0,5.5,2.55,Moderate,Millennials
34041,6.6,1.7,8.7,2.9,1.8,2.95,Moderate,Millennials
34042,6.2,1.2,7.0,1.7,5.4,2.77,Moderate,Millennials
34043,4.9,3.4,5.6,2.0,4.8,3.51,High,Millennials
34044,7.6,2.8,8.0,1.5,7.5,3.27,Moderate,Millennials
34045,7.3,1.2,6.7,0.7,3.9,2.83,Moderate,Millennials
34046,6.2,1.5,7.9,1.3,4.7,3.31,Moderate,Millennials
34047,7.0,1.5,8.7,3.3,5.0,2.96,High,Millennials
34048,4.8,1.9,7.0,1.4,3.5,3.53,Moderate,Millennials
34049,5.9,2.0,7.2,0.0,3.6,3.44,Low,Millennials
34050,3.5,0.0,7.8,0.0,5.9,3.08,High,Millennials
34051,5.1,2.4,7.1,1.4,6.6,2.98,Low,Millennials
34052,6.9,2.4,6.4,0.0,4.8,2.51,Low,Millennials
34053,7.5,1.7,9.0,1.4,4.6,2.87,Low,Millennials
34054,7.2,2.7,7.3,2.5,4.9,2.85,Low,Millennials
34055,6.5,2.5,8.8,2.6,2.8,3.47,Moderate,Millennials
34056,5.3,2.4,7.5,2.0,2.1,3.24,High,Millennials
34057,5.4,3.6,6.6,3.3,4.0,3.06,Moderate,Millennials
34058,6.6,1.9,9.6,2.1,4.5,3.25,Moderate,Millennials
34059,3.2,2.5,7.3,0.6,5.2,3.35,Low,Millennials
34060,5.2,0.9,8.7,0.3,3.9,3.36,Moderate,Millennials
34061,4.7,1.1,7.5,1.4,3.8,3.36,Moderate,Millennials
34062,4.5,0.1,8.2,1.0,2.9,3.21,Moderate,Millennials
34063,3.3,3.2,7.9,2.0,1.6,2.84,High,Millennials
34064,4.8,0.0,8.1,2.6,2.6,3.04,Low,Millennials
34065,4.6,2.4,6.4,0.4,3.7,3.1,Low,Millennials
34066,3.4,1.0,8.3,0.7,3.2,2.9,Moderate,Millennials
34067,3.9,4.5,9.1,1.0,2.4,2.63,Moderate,Millennials
34068,5.5,3.1,9.2,1.0,7.3,3.12,Moderate,Millennials
34069,5.9,2.6,7.8,2.8,5.8,3.08,Low,Millennials
34070,7.6,1.4,8.2,2.7,6.8,3.13,High,Millennials
34071,5.9,2.3,5.6,0.3,6.3,2.79,Moderate,Millennials
34072,6.2,2.4,8.6,1.6,3.6,3.63,High,Millennials
34073,6.3,1.8,8.0,3.4,3.5,3.41,Moderate,Millennials
34074,6.1,1.7,8.6,0.2,3.9,3.38,Moderate,Millennials
34075,6.4,2.8,8.4,0.8,3.9,2.71,Moderate,Millennials
34076,5.2,1.3,9.7,2.3,4.0,3.13,Low,Millennials
34077,3.9,3.5,8.0,1.8,2.7,2.84,Low,Millennials
34078,6.1,3.0,8.6,3.5,6.1,2.88,High,Millennials
34079,4.1,2.9,7.5,2.2,6.2,2.8,Low,Millennials
34080,7.7,2.2,7.4,1.0,3.8,2.76,Moderate,Millennials
34081,5.9,3.2,6.9,1.0,7.7,2.39,Moderate,Millennials
34082,5.2,2.3,7.5,3.8,4.5,2.56,Moderate,Millennials
34083,6.0,1.3,8.7,4.1,5.0,2.86,Low,Millennials
34084,4.2,0.9,6.2,1.7,5.2,2.89,Low,Millennials
34085,5.8,0.6,9.3,4.0,2.8,3.15,Moderate,Millennials
34086,6.4,3.2,7.5,2.2,3.5,2.61,Low,Millennials
34087,4.4,2.1,8.5,1.6,4.1,2.14,Moderate,Millennials
34088,5.7,0.4,9.1,4.1,5.4,2.82,Low,Millennials
34089,5.4,2.9,8.5,0.8,4.2,3.09,Moderate,Millennials
34090,5.6,0.0,6.6,0.8,4.8,3.13,High,Millennials
34091,6.9,3.8,6.9,3.4,3.1,3.26,Moderate,Millennials
34092,7.8,2.7,9.7,2.2,3.4,3.38,High,Millennials
34093,4.4,4.4,8.3,1.8,5.5,2.79,Moderate,Millennials
34094,5.3,1.6,7.7,2.5,6.3,3.05,Low,Millennials
34095,7.5,2.2,7.6,2.6,5.2,2.75,Moderate,Millennials
34096,5.8,4.5,8.8,0.7,2.3,2.54,Low,Millennials
34097,4.4,4.5,7.6,3.5,5.7,3.27,Moderate,Millennials
34098,7.9,2.6,7.6,3.2,5.2,3.26,Moderate,Millennials
34099,6.6,1.2,6.4,0.5,5.0,2.86,Moderate,Millennials
34100,5.6,0.9,8.2,0.7,6.0,2.49,Moderate,Millennials
34101,4.0,0.7,6.9,1.9,5.0,3.31,Low,Millennials
34102,2.7,4.2,8.6,3.0,5.9,2.86,Low,Millennials
34103,4.0,2.2,9.4,3.4,6.0,3.0,Low,Millennials
34104,4.8,1.5,8.1,0.0,4.8,2.74,Moderate,Millennials
34105,5.8,1.2,8.5,3.6,2.7,3.06,Low,Millennials
34106,6.5,3.0,7.9,0.3,6.4,3.28,Moderate,Millennials
34107,7.7,4.3,7.5,2.4,3.9,3.45,Moderate,Millennials
34108,7.8,2.2,6.5,3.1,4.4,2.81,Moderate,Millennials
34109,4.5,1.2,7.6,1.2,5.1,2.84,Moderate,Millennials
34110,5.9,2.4,8.4,2.4,5.6,2.73,Moderate,Millennials
34111,4.6,0.6,8.9,2.9,4.0,3.23,High,Millennials
34112,6.1,0.4,9.0,2.7,3.9,3.06,Low,Millennials
34113,8.9,3.2,9.7,2.9,3.7,2.83,Moderate,Millennials
34114,7.4,3.3,7.8,2.1,4.1,2.81,Low,Millennials
34115,5.5,0.7,7.5,1.8,4.5,3.04,Moderate,Millennials
34116,6.3,3.1,8.5,2.3,4.8,3.31,Moderate,Millennials
34117,6.3,2.7,7.9,1.0,4.1,3.05,Moderate,Millennials
34118,6.7,1.6,7.5,1.7,5.3,2.67,Low,Millennials
34119,6.2,2.5,7.7,4.0,4.2,3.03,Moderate,Millennials
34120,6.3,2.8,6.5,0.4,3.2,2.81,Moderate,Millennials
34121,6.2,3.0,7.7,2.8,2.9,3.16,High,Millennials
34122,3.6,0.4,7.5,1.2,5.3,3.26,Low,Millennials
34123,7.6,2.9,7.7,2.3,4.1,3.03,Moderate,Millennials
34124,8.4,0.0,6.7,1.8,2.6,3.28,High,Millennials
34125,5.7,2.1,7.1,2.4,5.9,2.7,Moderate,Millennials
34126,5.7,0.8,6.8,2.5,5.9,3.1,Moderate,Millennials
34127,7.7,2.3,7.5,1.7,4.4,2.41,Low,Millennials
34128,4.9,1.7,6.4,1.6,3.8,2.98,Low,Millennials
34129,5.1,1.9,7.0,2.7,3.2,2.86,Moderate,Millennials
34130,3.7,2.2,8.4,2.9,2.6,3.03,Moderate,Millennials
34131,6.4,2.5,8.1,0.9,5.2,2.76,Moderate,Millennials
34132,5.6,3.3,6.9,1.6,4.6,2.58,Low,Millennials
34133,3.4,2.8,8.7,3.3,4.0,2.84,Low,Millennials
34134,6.1,0.7,8.2,2.9,4.2,2.58,Moderate,Millennials
34135,8.8,1.3,8.4,1.2,3.8,3.19,Low,Millennials
34136,6.8,2.7,7.6,1.2,4.0,2.77,Moderate,Millennials
34137,6.7,3.4,6.2,2.3,3.8,2.53,Moderate,Millennials
34138,4.3,3.3,6.3,4.1,2.5,3.13,Moderate,Millennials
34139,6.1,2.5,9.0,0.0,4.7,3.04,Low,Millennials
34140,5.6,2.3,7.5,0.0,3.4,3.0,Moderate,Millennials
34141,6.5,2.2,7.5,2.6,6.3,2.39,Low,Millennials
34142,5.9,2.7,7.3,2.9,5.8,2.94,High,Millennials
34143,4.0,1.8,7.7,2.9,4.1,2.96,Moderate,Millennials
34144,4.0,2.3,7.1,2.5,4.5,2.71,Moderate,Millennials
34145,4.3,3.1,7.6,2.1,5.3,2.44,Low,Millennials
34146,7.2,3.2,6.9,2.5,1.9,3.11,Moderate,Millennials
34147,7.9,2.0,7.2,3.6,5.9,3.14,High,Millennials
34148,6.7,3.2,7.4,1.0,3.9,3.0,Moderate,Millennials
34149,7.9,1.2,7.4,1.3,4.9,3.39,High,Millennials
34150,5.0,2.2,7.9,1.0,2.3,2.98,Moderate,Millennials
34151,6.2,3.9,8.5,3.0,3.9,2.92,Moderate,Millennials
34152,4.6,2.6,7.5,3.4,4.4,2.87,Low,Millennials
34153,8.3,3.7,8.4,0.5,5.1,2.74,Moderate,Millennials
34154,4.7,3.8,7.7,0.5,4.1,3.57,Moderate,Millennials
34155,6.2,4.3,8.0,0.9,6.7,3.08,Low,Millennials
34156,5.5,3.6,7.8,3.9,3.4,2.98,High,Millennials
34157,6.1,2.0,7.8,0.7,4.0,2.67,Moderate,Millennials
34158,4.4,3.3,7.3,0.7,6.0,2.98,Moderate,Millennials
34159,7.2,3.5,7.7,3.2,4.1,3.78,Moderate,Millennials
34160,6.3,2.9,8.3,3.5,4.5,3.09,High,Millennials
34161,7.3,0.8,6.6,0.7,1.8,2.78,Low,Millennials
34162,5.0,0.9,9.3,4.1,4.6,2.38,Low,Millennials
34163,6.0,4.4,9.5,2.0,4.5,3.06,Low,Millennials
34164,3.0,2.4,8.9,1.5,2.0,2.92,Moderate,Millennials
34165,6.7,1.7,9.2,0.0,6.0,3.15,Moderate,Millennials
34166,6.3,2.6,6.9,3.4,4.8,2.67,Low,Millennials
34167,6.3,1.2,6.9,0.9,2.2,3.13,Moderate,Millennials
34168,6.8,2.4,8.6,0.0,0.7,2.68,Moderate,Millennials
34169,3.6,2.0,8.1,1.6,6.2,3.01,Moderate,Millennials
34170,4.9,3.6,9.6,2.1,4.7,3.47,High,Millennials
34171,3.7,1.9,9.5,0.5,2.5,2.96,Moderate,Millennials
34172,4.7,2.2,6.8,1.9,5.0,3.42,Moderate,Millennials
34173,6.6,2.6,6.7,2.9,3.9,2.78,Low,Millennials
34174,6.8,1.0,8.3,1.6,6.3,2.37,Low,Millennials
34175,4.0,3.4,6.9,2.2,5.0,2.65,Low,Millennials
34176,3.8,0.5,8.4,2.8,3.9,2.88,Moderate,Millennials
34177,8.1,2.7,7.1,1.6,4.2,3.12,High,Millennials
34178,7.3,4.0,8.7,2.9,6.3,2.97,Moderate,Millennials
34179,6.2,2.2,7.9,2.2,4.0,3.05,Low,Millennials
34180,7.0,1.4,9.1,2.4,5.8,2.44,Moderate,Millennials
34181,7.0,2.4,7.4,2.5,6.5,3.0,Low,Millennials
34182,5.2,1.8,7.4,1.1,5.8,3.08,Moderate,Millennials
34183,4.0,1.0,8.2,2.6,4.0,3.07,Moderate,Millennials
34184,5.7,2.6,7.2,1.9,3.7,2.73,Moderate,Millennials
34185,5.6,0.0,7.6,3.6,4.6,2.97,Low,Millennials
34186,6.9,0.0,8.7,3.1,4.5,3.6,Moderate,Millennials
34187,6.1,1.4,9.0,2.7,3.5,3.14,Low,Millennials
34188,6.1,2.2,9.7,1.1,2.2,2.95,Moderate,Millennials
34189,6.4,3.3,7.7,2.1,3.0,3.06,Low,Millennials
34190,4.1,1.3,7.4,3.1,3.6,2.47,Low,Millennials
34191,7.3,1.1,9.5,2.6,6.0,2.74,Low,Millennials
34192,6.4,1.2,7.9,2.0,4.0,2.58,Low,Millennials
34193,5.9,2.9,6.6,1.1,2.7,3.22,Low,Millennials
34194,5.8,1.0,8.2,2.8,3.6,3.5,Moderate,Millennials
34195,6.5,2.7,8.3,1.9,5.9,2.82,Moderate,Millennials
34196,8.5,1.9,9.0,1.2,4.2,3.24,Moderate,Millennials
34197,5.5,1.2,6.7,4.2,5.0,3.5,Moderate,Millennials
34198,7.2,2.7,7.1,2.7,3.6,2.9,Moderate,Millennials
34199,8.5,3.0,7.8,2.0,5.6,3.04,High,Millennials
34200,3.4,3.4,8.0,1.8,3.5,2.66,Moderate,Millennials
34201,6.3,2.0,6.6,3.8,5.0,3.03,High,Millennials
34202,6.3,1.6,7.6,1.2,4.4,3.13,High,Millennials
34203,5.9,3.4,6.9,2.6,3.9,3.33,High,Millennials
34204,2.4,2.0,6.9,2.9,4.0,2.41,Moderate,Millennials
34205,6.7,1.5,7.0,1.2,5.0,3.01,Moderate,Millennials
34206,4.3,2.4,7.6,3.2,2.6,2.9,Moderate,Millennials
34207,6.8,0.6,6.5,3.3,1.4,3.29,High,Millennials
34208,4.6,3.4,8.8,1.6,3.9,2.87,Low,Millennials
34209,7.3,0.6,7.1,2.8,3.4,2.69,Moderate,Millennials
34210,8.1,2.7,7.4,2.1,4.8,2.9,Moderate,Millennials
34211,6.5,4.4,7.7,2.0,3.2,2.57,Moderate,Millennials
34212,5.5,1.9,8.4,1.1,3.2,3.46,Low,Millennials
34213,5.7,2.0,9.5,1.1,2.5,2.98,Moderate,Millennials
34214,5.8,4.1,9.2,1.2,3.6,3.56,Moderate,Millennials
34215,6.1,3.6,7.4,2.1,4.1,3.22,Moderate,Millennials
34216,7.4,2.0,8.4,2.4,4.5,2.95,Moderate,Millennials
34217,8.3,1.1,7.0,1.9,4.4,3.06,Low,Millennials
34218,5.3,2.2,7.1,1.6,2.6,3.42,Moderate,Millennials
34219,9.0,2.0,6.7,1.1,4.9,2.85,High,Millennials
34220,5.0,2.9,8.4,0.9,6.3,3.38,Moderate,Millennials
34221,6.4,2.9,7.5,1.9,2.6,2.83,High,Millennials
34222,5.4,0.6,7.2,1.0,5.5,2.73,High,Millennials
34223,7.0,0.0,7.4,2.3,3.3,3.36,Moderate,Millennials
34224,5.5,2.7,8.9,1.1,1.2,3.0,Moderate,Millennials
34225,4.2,1.0,8.2,1.6,6.1,3.21,Low,Millennials
34226,6.6,3.4,6.4,0.4,5.4,3.5,Moderate,Millennials
34227,5.5,3.8,8.6,1.9,0.1,3.45,Low,Millennials
34228,5.8,3.5,8.4,1.1,2.4,3.13,Moderate,Millennials
34229,5.6,0.9,7.4,1.7,3.0,2.51,Moderate,Millennials
34230,5.5,1.9,7.4,0.1,2.7,2.98,Moderate,Millennials
34231,6.3,3.0,6.7,0.2,2.4,3.25,Moderate,Millennials
34232,4.8,0.9,8.4,2.0,5.9,3.18,Moderate,Millennials
34233,5.5,0.4,8.8,1.4,1.5,2.97,Moderate,Millennials
34234,6.6,2.5,6.8,2.7,4.0,2.95,Moderate,Millennials
34235,4.4,2.9,8.1,1.4,4.1,3.47,High,Millennials
34236,8.1,2.2,7.1,2.9,5.8,2.31,Moderate,Millennials
34237,4.4,3.2,7.7,2.4,4.9,2.78,Moderate,Millennials
34238,5.5,0.9,7.1,2.3,5.0,2.34,Low,Millennials
34239,5.5,2.1,7.5,4.2,5.3,2.87,Moderate,Millennials
34240,4.7,2.3,8.0,1.5,2.2,2.9,Moderate,Millennials
34241,5.5,0.3,6.8,1.7,3.6,3.1,Low,Millennials
34242,6.0,2.7,8.2,2.6,3.6,3.07,High,Millennials
34243,7.2,3.1,7.8,2.7,4.6,3.37,Low,Millennials
34244,8.1,2.7,8.0,2.0,2.0,3.07,Moderate,Millennials
34245,5.8,3.4,6.7,1.6,3.1,3.66,Low,Millennials
34246,7.1,0.6,7.9,1.6,4.4,2.91,High,Millennials
34247,4.0,1.4,8.1,0.2,3.2,3.11,Low,Millennials
34248,6.6,2.3,8.8,4.0,5.7,2.95,High,Millennials
34249,2.6,2.2,8.9,1.8,2.3,2.74,Moderate,Millennials
34250,6.2,1.3,7.7,1.4,2.9,3.19,High,Millennials
34251,7.4,2.9,8.0,1.3,7.6,2.92,Moderate,Millennials
34252,5.5,1.0,5.4,2.1,2.8,2.66,Low,Millennials
34253,5.0,3.3,8.8,2.8,5.4,3.28,Moderate,Millennials
34254,2.7,2.1,8.1,4.8,5.5,3.11,Low,Millennials
34255,5.3,2.5,7.5,0.9,5.5,2.42,Moderate,Millennials
34256,4.9,2.7,7.3,4.5,4.6,2.64,Low,Millennials
34257,5.8,2.5,10.0,3.7,4.2,3.45,Moderate,Millennials
34258,6.2,1.9,7.9,2.9,3.3,2.97,Moderate,Millennials
34259,5.9,0.0,8.1,0.4,5.5,2.9,Low,Millennials
34260,5.7,1.4,8.6,2.4,6.5,2.7,Low,Millennials
34261,4.3,1.9,6.8,2.5,1.4,3.06,Low,Millennials
34262,6.6,3.2,7.1,1.9,2.6,2.87,High,Millennials
34263,5.1,0.8,7.7,0.7,4.5,2.91,Moderate,Millennials
34264,6.3,3.3,7.4,1.0,5.5,3.09,High,Millennials
34265,5.6,2.1,7.0,2.6,3.8,3.0,Low,Millennials
34266,6.1,1.3,7.7,0.9,4.2,2.87,Moderate,Millennials
34267,7.2,2.3,8.3,2.2,4.0,3.15,Low,Millennials
34268,5.6,4.2,8.3,3.9,3.4,3.25,Low,Millennials
34269,6.7,4.0,8.3,1.1,6.9,3.22,Moderate,Millennials
34270,6.1,1.0,6.7,3.6,3.0,3.34,Moderate,Millennials
34271,6.3,3.3,8.6,2.4,2.1,3.56,Low,Millennials
34272,7.2,2.5,8.6,1.7,6.2,2.82,High,Millennials
34273,3.4,2.5,7.5,0.0,5.0,2.45,Moderate,Millennials
34274,5.3,2.5,7.6,2.0,4.9,3.35,High,Millennials
34275,6.4,1.1,8.4,1.4,5.7,3.1,Moderate,Millennials
34276,6.1,2.0,9.1,1.5,7.4,3.45,Moderate,Millennials
34277,6.6,5.4,7.2,0.8,3.7,2.88,High,Millennials
34278,6.0,1.9,7.3,2.9,4.4,2.72,Moderate,Millennials
34279,8.0,2.7,7.4,1.1,3.7,2.57,Moderate,Millennials
34280,1.3,5.0,8.6,2.8,6.8,2.8,Moderate,Millennials
34281,5.9,3.7,8.4,3.2,3.7,3.57,Moderate,Millennials
34282,5.9,2.4,7.0,1.4,2.7,3.1,Moderate,Millennials
34283,3.4,2.3,8.0,3.5,4.2,3.3,Moderate,Millennials
34284,5.9,2.3,7.5,3.8,5.0,2.77,High,Millennials
34285,6.2,2.5,6.1,0.5,6.2,2.98,Moderate,Millennials
34286,6.1,3.3,7.9,1.6,3.0,3.06,Moderate,Millennials
34287,4.4,1.4,8.3,2.5,4.1,3.84,Moderate,Millennials
34288,7.4,2.5,7.3,1.2,6.7,3.4,Moderate,Millennials
34289,4.0,1.7,7.9,3.1,5.0,2.99,High,Millennials
34290,5.7,2.4,8.9,2.3,5.1,3.1,Moderate,Millennials
34291,6.1,1.5,6.9,3.2,3.5,3.09,Low,Millennials
34292,4.2,1.7,8.5,1.3,5.5,2.58,Low,Millennials
34293,5.3,3.2,7.9,0.7,6.0,2.73,Low,Millennials
34294,6.0,2.0,5.9,2.5,0.0,2.81,High,Millennials
34295,7.9,2.1,7.7,3.7,1.4,2.79,Moderate,Millennials
34296,5.2,2.1,7.2,2.7,3.7,3.09,Moderate,Millennials
34297,4.4,1.8,8.0,1.3,3.4,3.06,Moderate,Millennials
34298,2.3,0.1,9.5,0.0,5.7,2.59,Moderate,Millennials
34299,6.7,3.9,8.9,1.2,2.7,2.81,High,Millennials
34300,6.2,3.6,8.1,1.0,5.1,3.08,Low,Millennials
34301,8.7,2.4,7.8,1.5,6.2,2.72,Moderate,Millennials
34302,6.6,2.4,7.8,1.0,4.0,3.22,Low,Millennials
34303,6.5,1.0,6.5,2.9,3.9,3.01,Low,Millennials
34304,8.8,5.3,9.4,2.5,1.9,2.99,Moderate,Millennials
34305,6.5,3.8,7.0,4.2,6.3,3.25,Moderate,Millennials
34306,6.8,1.9,8.3,2.3,6.8,2.93,Moderate,Millennials
34307,6.1,2.1,7.1,1.4,1.5,3.28,Low,Millennials
34308,6.6,2.7,5.9,3.7,2.8,2.97,Moderate,Millennials
34309,5.3,1.5,7.7,0.1,3.0,3.22,Moderate,Millennials
34310,5.7,2.5,8.4,2.1,4.9,2.82,Low,Millennials
34311,6.1,1.1,7.2,1.6,3.2,3.09,Moderate,Millennials
34312,7.0,1.3,8.6,3.7,6.7,2.95,Low,Millennials
34313,5.0,2.6,8.1,0.9,6.1,2.99,Moderate,Millennials
34314,7.3,3.8,7.6,1.9,3.3,2.75,Moderate,Millennials
34315,2.5,1.3,7.2,3.2,1.8,3.03,High,Millennials
34316,5.7,3.2,7.6,2.5,3.3,2.58,Moderate,Millennials
34317,5.3,1.3,7.1,0.7,5.4,3.15,Low,Millennials
34318,5.6,3.6,7.8,0.0,4.7,3.06,Moderate,Millennials
34319,2.2,2.7,8.0,1.7,5.8,3.05,Low,Millennials
34320,6.2,3.2,7.5,3.0,2.9,2.91,Low,Millennials
34321,5.0,3.0,8.0,2.6,3.9,3.24,Moderate,Millennials
34322,6.1,1.9,7.0,2.0,3.5,3.24,Moderate,Millennials
34323,6.4,3.8,7.8,1.3,7.3,3.01,Moderate,Millennials
34324,6.1,0.4,6.6,1.6,4.3,2.81,High,Millennials
34325,6.0,0.3,7.0,3.6,5.2,3.04,Low,Millennials
34326,4.8,0.3,7.5,2.1,4.7,3.08,Moderate,Millennials
34327,6.7,1.8,7.6,3.1,3.5,2.99,Moderate,Millennials
34328,7.2,2.8,8.8,2.2,3.4,2.87,Moderate,Millennials
34329,4.9,3.6,7.1,2.5,2.3,3.13,Moderate,Millennials
34330,4.8,1.3,9.1,0.0,4.5,2.89,Low,Millennials
34331,5.0,4.5,7.3,1.1,3.3,2.82,Moderate,Millennials
34332,6.1,2.8,8.8,2.3,4.1,3.65,High,Millennials
34333,4.1,2.4,8.7,0.2,3.8,3.21,Moderate,Millennials
34334,5.3,1.9,9.4,1.8,6.1,2.49,Moderate,Millennials
34335,5.4,2.7,8.7,0.7,8.0,3.09,Moderate,Millennials
34336,4.8,2.0,7.7,2.2,4.3,3.07,Low,Millennials
34337,4.7,2.8,8.6,2.3,3.8,2.56,Low,Millennials
34338,6.1,2.8,8.0,1.9,3.3,3.32,Moderate,Millennials
34339,5.7,1.3,8.3,2.2,2.3,3.18,High,Millennials
34340,1.5,2.1,8.2,3.7,4.0,3.21,Low,Millennials
34341,3.8,4.1,7.9,0.2,5.4,2.89,Low,Millennials
34342,7.1,3.3,8.9,1.7,3.2,3.0,Moderate,Millennials
34343,3.8,2.7,8.2,1.6,7.0,3.08,Moderate,Millennials
34344,5.8,2.1,6.4,1.3,6.1,2.93,Low,Millennials
34345,3.4,0.0,7.2,3.3,2.7,3.27,Moderate,Millennials
34346,5.9,3.2,7.9,3.1,5.1,2.95,Low,Millennials
34347,6.3,1.8,7.1,3.3,7.1,3.24,Moderate,Millennials
34348,6.8,3.5,7.2,1.3,6.0,3.03,Low,Millennials
34349,6.4,1.7,6.1,0.8,3.0,2.96,Low,Millennials
34350,6.8,0.6,8.4,3.7,2.7,2.71,High,Millennials
34351,5.9,3.8,7.9,2.7,5.7,2.99,Moderate,Millennials
34352,5.3,1.8,6.5,2.2,4.3,3.16,Low,Millennials
34353,7.3,2.4,8.4,1.6,4.1,2.62,Low,Millennials
34354,5.7,3.0,9.2,0.7,3.9,2.78,Low,Millennials
34355,7.4,2.5,8.3,3.6,5.9,2.98,Moderate,Millennials
34356,6.9,0.5,9.1,2.3,4.6,2.38,Low,Millennials
34357,5.1,1.7,8.0,3.7,4.0,3.8,Moderate,Millennials
34358,4.5,3.3,8.1,1.4,3.3,2.97,Low,Millennials
34359,4.9,2.9,6.9,2.8,3.4,2.79,Moderate,Millennials
34360,6.2,2.1,7.8,2.2,2.9,3.01,Moderate,Millennials
34361,5.8,2.4,8.2,3.3,3.2,3.07,Moderate,Millennials
34362,4.1,2.9,8.3,3.8,5.8,2.93,Moderate,Millennials
34363,3.3,1.4,6.9,3.5,5.5,2.46,Moderate,Millennials
34364,6.6,2.7,7.2,2.1,4.1,3.32,High,Millennials
34365,6.5,3.0,7.6,3.7,6.7,3.0,Moderate,Millennials
34366,5.4,2.2,7.5,2.5,4.6,3.01,Low,Millennials
34367,7.9,1.6,8.3,2.6,4.1,3.53,Low,Millennials
34368,5.9,1.7,7.7,3.0,4.5,2.77,Moderate,Millennials
34369,5.8,2.6,9.3,1.4,6.1,2.91,High,Millennials
34370,5.5,3.0,6.2,2.3,4.0,3.1,Low,Millennials
34371,7.5,3.0,6.5,2.9,4.7,3.02,Low,Millennials
34372,5.5,4.2,5.8,0.6,6.3,2.9,High,Millennials
34373,5.9,1.8,6.9,0.8,5.5,3.58,Moderate,Millennials
34374,5.0,1.3,8.4,1.4,1.6,2.81,Moderate,Millennials
34375,6.1,3.5,8.5,1.1,5.0,3.12,Low,Millennials
34376,5.6,1.2,8.3,2.3,4.3,3.18,Moderate,Millennials
34377,4.4,3.8,7.7,2.1,5.3,2.68,Low,Millennials
34378,5.2,2.2,7.4,1.6,5.4,2.89,Moderate,Millennials
34379,5.2,1.3,8.4,1.7,4.4,2.71,High,Millennials
34380,6.8,1.7,8.0,0.9,6.1,2.76,Low,Millennials
34381,6.0,2.3,7.6,1.2,1.5,3.24,Low,Millennials
34382,4.0,2.3,6.8,1.4,4.3,3.16,Moderate,Millennials
34383,7.1,3.5,7.1,2.7,5.6,3.43,Low,Millennials
34384,3.8,1.3,5.8,2.4,5.4,3.54,Low,Millennials
34385,7.6,2.4,7.2,3.0,5.5,2.25,Moderate,Millennials
34386,6.7,2.5,8.6,2.2,5.7,2.84,High,Millennials
34387,5.6,1.9,7.6,1.3,2.7,2.95,High,Millennials
34388,5.9,0.0,6.8,1.3,3.6,2.78,Moderate,Millennials
34389,6.2,1.9,7.3,2.6,4.7,2.8,High,Millennials
34390,5.8,4.4,7.9,2.7,4.2,2.69,Low,Millennials
34391,5.9,1.5,8.3,1.0,4.4,3.24,Low,Millennials
34392,6.3,1.0,9.6,1.7,4.0,2.94,Low,Millennials
34393,1.8,2.3,8.5,1.8,3.6,3.01,Low,Millennials
34394,5.2,3.1,7.5,0.9,6.6,2.58,Low,Millennials
34395,5.6,2.1,7.6,1.6,7.7,3.26,Low,Millennials
34396,6.2,2.0,8.7,1.6,2.9,2.96,High,Millennials
34397,5.4,2.1,6.7,3.2,0.4,3.11,Low,Millennials
34398,5.5,1.9,6.9,0.4,5.8,2.87,Low,Millennials
34399,8.3,1.9,7.5,2.3,6.4,3.45,Low,Millennials
34400,5.8,2.4,8.4,2.3,3.4,2.86,Moderate,Millennials
34401,6.5,4.5,6.7,1.4,4.9,3.12,High,Millennials
34402,6.5,3.4,6.4,1.2,1.7,3.27,Low,Millennials
34403,3.0,3.5,8.7,1.3,3.0,3.0,Moderate,Millennials
34404,4.0,1.1,7.6,4.2,3.1,2.71,Moderate,Millennials
34405,4.4,1.9,7.1,1.7,2.7,2.83,Moderate,Millennials
34406,6.0,1.3,8.3,2.2,2.9,2.88,Moderate,Millennials
34407,2.6,1.6,8.2,1.5,5.5,3.27,Low,Millennials
34408,6.9,1.3,9.8,2.2,3.5,3.12,Low,Millennials
34409,5.6,1.9,9.6,3.0,4.6,3.01,Low,Millennials
34410,6.4,2.5,7.0,2.1,4.1,3.05,Low,Millennials
34411,6.2,1.5,6.5,2.5,3.8,3.01,Low,Millennials
34412,6.9,3.3,5.4,0.5,5.4,3.37,High,Millennials
34413,10.0,0.6,6.4,2.7,7.2,2.59,Low,Millennials
34414,3.2,2.4,10.0,5.3,4.6,2.57,Moderate,Millennials
34415,4.5,0.5,6.6,1.0,5.9,3.05,High,Millennials
34416,5.0,1.1,7.3,3.1,4.5,3.21,Low,Millennials
34417,4.5,3.4,7.8,2.6,4.0,2.94,Low,Millennials
34418,3.8,2.1,7.2,2.5,5.3,3.2,Moderate,Millennials
34419,6.0,2.8,7.9,1.9,4.6,3.19,Low,Millennials
34420,4.0,3.6,7.9,1.0,5.0,2.85,Moderate,Millennials
34421,3.0,0.6,7.2,1.2,6.6,2.98,Low,Millennials
34422,6.3,1.3,7.0,2.1,2.8,2.51,High,Millennials
34423,6.3,1.0,7.8,3.2,4.0,3.04,Low,Millennials
34424,4.9,1.5,7.3,1.6,4.4,3.31,Low,Millennials
34425,3.4,4.3,7.8,0.9,5.4,2.93,Low,Millennials
34426,5.3,2.3,8.4,0.1,5.3,2.96,Low,Millennials
34427,5.8,2.4,8.3,1.7,4.1,2.9,Moderate,Millennials
34428,8.9,4.5,9.6,0.0,7.0,3.25,Moderate,Millennials
34429,8.0,2.9,6.6,3.7,5.2,3.13,Low,Millennials
34430,6.4,3.8,9.1,2.0,3.2,3.36,High,Millennials
34431,7.4,3.9,6.5,0.6,1.5,2.84,Low,Millennials
34432,6.1,2.1,7.3,2.7,2.6,2.89,Low,Millennials
34433,5.1,2.2,5.9,2.8,2.7,2.88,Moderate,Millennials
34434,8.8,1.9,9.4,3.0,1.1,2.46,Low,Millennials
34435,7.1,3.6,6.3,1.3,2.4,3.32,Moderate,Millennials
34436,6.9,2.6,9.0,0.8,6.6,3.37,Moderate,Millennials
34437,8.4,2.7,8.7,0.8,4.8,2.94,Low,Millennials
34438,4.8,0.0,7.4,3.5,2.9,2.81,Low,Millennials
34439,6.5,2.5,6.8,1.9,5.1,2.75,Moderate,Millennials
34440,6.0,0.3,7.2,2.5,5.7,2.86,Low,Millennials
34441,6.2,3.2,7.0,1.4,6.0,3.36,High,Millennials
34442,5.0,4.4,7.0,1.1,3.3,2.8,High,Millennials
34443,7.2,1.2,7.3,0.6,4.4,2.68,Low,Millennials
34444,6.8,0.9,7.6,1.9,6.6,3.45,Low,Millennials
34445,4.3,2.1,6.3,0.9,4.7,3.21,Low,Millennials
34446,4.2,2.1,6.0,1.9,5.0,3.09,Moderate,Millennials
34447,4.1,3.6,7.4,1.2,7.0,3.51,High,Millennials
34448,4.5,0.9,8.5,0.9,5.2,3.36,Moderate,Millennials
34449,6.0,1.9,8.3,1.9,5.0,3.09,High,Millennials
34450,6.1,0.0,9.2,2.4,5.3,3.17,Moderate,Millennials
34451,4.2,0.7,8.6,1.7,3.2,3.46,Moderate,Millennials
34452,6.3,1.7,6.8,3.1,3.9,2.6,Low,Millennials
34453,5.5,1.8,7.2,1.8,1.6,3.82,Moderate,Millennials
34454,6.7,2.4,6.4,0.2,4.9,3.22,Low,Millennials
34455,6.0,2.4,6.6,1.2,3.2,3.16,Moderate,Millennials
34456,3.8,4.6,7.4,0.2,3.7,2.71,Moderate,Millennials
34457,5.5,1.2,8.5,3.8,3.4,3.45,Low,Millennials
34458,5.2,2.1,7.3,4.1,5.5,3.03,Moderate,Millennials
34459,6.5,3.7,7.7,1.5,6.0,2.77,High,Millennials
34460,5.0,1.1,7.4,3.3,1.4,2.99,Moderate,Millennials
34461,4.3,3.0,8.3,3.3,3.4,2.65,Moderate,Millennials
34462,5.8,3.8,7.4,1.7,3.2,2.85,Low,Millennials
34463,3.3,2.5,6.8,4.2,6.3,3.08,High,Millennials
34464,4.0,1.4,8.6,3.2,2.5,2.78,Low,Millennials
34465,4.8,3.7,8.0,2.1,4.4,2.92,Moderate,Millennials
34466,9.5,2.5,8.6,1.8,5.0,2.71,Moderate,Millennials
34467,5.1,1.5,5.9,0.6,2.3,2.96,High,Millennials
34468,6.4,0.7,7.6,0.0,1.8,2.79,Low,Millennials
34469,7.0,2.0,6.7,0.0,4.5,2.44,Moderate,Millennials
34470,7.0,2.4,6.0,2.8,1.5,2.21,Low,Millennials
34471,5.0,4.1,7.0,1.0,5.2,2.65,Moderate,Millennials
34472,3.0,4.0,7.2,2.9,2.6,2.67,Low,Millennials
34473,6.1,3.0,7.9,1.6,1.6,3.02,Low,Millennials
34474,7.6,1.8,8.9,3.4,6.0,2.88,Low,Millennials
34475,4.4,1.9,7.1,0.9,3.5,3.16,High,Millennials
34476,7.0,2.6,9.4,2.6,4.9,2.86,Low,Millennials
34477,4.5,1.5,9.5,3.9,4.0,2.71,High,Millennials
34478,5.6,2.3,8.8,3.1,4.8,2.76,Low,Millennials
34479,8.4,1.8,6.7,3.2,1.4,3.2,Moderate,Millennials
34480,7.5,1.3,7.6,1.3,5.1,3.33,Low,Millennials
34481,8.2,5.5,9.3,0.4,6.4,2.81,High,Millennials
34482,8.0,1.8,9.6,1.4,5.0,3.02,High,Millennials
34483,4.8,5.0,8.1,2.4,4.2,3.23,Moderate,Millennials
34484,5.8,0.7,6.6,0.5,6.3,3.13,Low,Millennials
34485,4.4,4.7,6.4,3.8,2.7,3.58,Low,Millennials
34486,4.7,1.0,7.8,0.9,4.1,2.75,Moderate,Millennials
34487,7.9,3.2,6.7,1.7,5.7,2.9,Low,Millennials
34488,5.9,1.4,8.3,1.1,3.0,2.62,Low,Millennials
34489,3.7,1.2,8.2,2.0,5.1,3.27,Low,Millennials
34490,5.4,2.8,7.9,2.6,2.4,3.43,Moderate,Millennials
34491,5.2,2.1,7.8,1.8,6.3,2.85,Moderate,Millennials
34492,5.2,2.3,8.1,1.1,3.1,3.61,Moderate,Millennials
34493,7.0,1.6,6.8,1.2,2.0,2.43,Low,Millennials
34494,5.9,2.8,9.4,0.4,3.7,3.53,Low,Millennials
34495,4.9,1.7,7.2,3.2,3.0,3.43,Moderate,Millennials
34496,4.5,0.7,7.6,2.5,3.4,3.0,Moderate,Millennials
34497,5.1,1.2,8.0,2.7,5.4,2.33,Low,Millennials
34498,5.4,4.3,9.5,3.7,3.0,2.76,High,Millennials
34499,8.8,2.6,7.3,1.4,4.9,2.75,Low,Millennials
34500,5.4,1.6,7.3,0.7,5.0,3.32,Moderate,Millennials
34501,7.3,2.6,8.4,1.6,6.6,2.78,Moderate,Millennials
34502,6.4,2.5,7.1,3.1,3.5,2.46,Low,Millennials
34503,4.0,2.6,6.0,2.7,1.4,3.42,Moderate,Millennials
34504,6.6,1.8,8.0,1.1,3.8,2.94,Moderate,Millennials
34505,7.8,2.9,7.3,1.9,3.3,3.05,High,Millennials
34506,6.8,2.7,7.5,2.4,5.8,2.77,Moderate,Millennials
34507,6.3,3.6,8.1,4.0,5.2,3.25,Moderate,Millennials
34508,3.9,3.1,7.8,1.7,6.4,2.45,Moderate,Millennials
34509,6.1,0.6,8.0,2.9,3.7,3.33,Moderate,Millennials
34510,5.7,1.6,9.2,1.8,2.3,3.36,Low,Millennials
34511,4.6,1.8,8.2,0.1,1.2,3.15,Moderate,Millennials
34512,5.2,2.4,8.4,3.3,4.2,3.34,Low,Millennials
34513,8.3,2.4,6.4,0.5,4.2,3.44,High,Millennials
34514,5.8,1.8,8.2,0.0,5.2,3.02,High,Millennials
34515,5.5,3.2,9.0,2.5,1.3,2.9,Low,Millennials
34516,5.7,1.5,9.1,0.3,3.5,3.03,Moderate,Millennials
34517,8.4,1.8,9.6,0.5,5.5,3.23,Moderate,Millennials
34518,7.3,1.3,8.7,1.4,1.7,2.7,Moderate,Millennials
34519,6.3,3.7,7.0,2.4,3.2,3.18,Low,Millennials
34520,5.0,2.8,7.1,2.0,3.7,2.93,Low,Millennials
34521,6.1,2.3,7.2,0.3,3.1,3.43,Low,Millennials
34522,5.2,0.7,8.3,2.0,3.8,2.97,Moderate,Millennials
34523,5.2,0.6,7.1,2.2,6.7,3.11,Moderate,Millennials
34524,8.7,2.6,7.5,0.8,4.4,3.29,Moderate,Millennials
34525,6.0,3.5,9.5,0.4,2.8,3.37,Moderate,Millennials
34526,5.4,1.1,8.5,2.7,5.1,3.22,High,Millennials
34527,6.7,0.5,6.1,3.1,4.2,3.12,Moderate,Millennials
34528,5.5,1.1,9.4,2.2,3.4,3.27,Low,Millennials
34529,8.7,1.4,9.1,2.2,2.8,2.75,High,Millennials
34530,4.2,2.8,7.1,2.4,4.4,3.21,Moderate,Millennials
34531,7.3,1.6,7.0,1.3,4.5,3.05,High,Millennials
34532,5.0,2.0,7.9,2.9,3.0,2.84,Moderate,Millennials
34533,5.5,2.6,6.8,1.4,3.0,2.81,Low,Millennials
34534,6.2,1.2,6.2,0.9,6.0,2.54,Moderate,Millennials
34535,4.8,2.1,7.1,2.6,4.4,3.1,Moderate,Millennials
34536,5.0,2.7,8.1,2.0,3.2,2.92,High,Millennials
34537,6.7,1.5,6.6,1.5,3.3,3.08,High,Millennials
34538,5.6,1.4,8.0,1.9,5.1,3.22,Moderate,Millennials
34539,4.2,2.2,8.9,0.6,4.4,2.71,Low,Millennials
34540,5.5,3.0,8.8,0.5,3.7,3.0,High,Millennials
34541,5.1,0.0,7.9,1.8,3.1,3.19,Moderate,Millennials
34542,6.6,3.8,8.1,2.0,4.4,2.97,Low,Millennials
34543,5.1,2.1,8.0,1.4,5.9,2.42,Moderate,Millennials
34544,5.3,3.0,7.9,3.0,3.7,2.99,Low,Millennials
34545,7.1,2.3,8.1,3.2,3.6,2.7,Moderate,Millennials
34546,5.4,1.6,9.2,3.2,2.6,3.06,Low,Millennials
34547,7.4,1.9,7.7,2.9,6.5,3.13,High,Millennials
34548,5.4,2.6,8.3,0.5,3.7,2.79,Moderate,Millennials
34549,5.5,1.6,7.4,1.6,5.2,3.38,Moderate,Millennials
34550,5.8,2.1,8.2,1.1,4.0,3.25,Low,Millennials
34551,4.8,4.0,8.2,2.2,5.2,3.47,Moderate,Millennials
34552,8.8,1.5,6.7,2.8,2.0,2.83,Low,Millennials
34553,7.0,3.2,7.4,1.0,4.1,2.85,Moderate,Millennials
34554,5.3,1.5,7.5,2.0,4.5,3.25,High,Millennials
34555,5.9,3.0,8.3,3.8,5.9,2.44,Low,Millennials
34556,5.4,0.3,9.5,1.4,5.5,2.83,High,Millennials
34557,6.5,1.7,7.9,2.8,4.5,2.97,Low,Millennials
34558,6.5,1.8,8.4,1.4,7.6,2.95,Low,Millennials
34559,4.8,1.9,6.3,3.7,2.5,3.2,Moderate,Millennials
34560,5.7,3.1,7.9,2.1,4.5,3.22,Moderate,Millennials
34561,5.9,3.6,7.8,0.0,4.7,2.58,Low,Millennials
34562,5.9,1.9,8.3,0.3,3.6,3.4,Low,Millennials
34563,7.2,2.0,7.0,2.9,2.3,3.03,Low,Millennials
34564,4.7,2.0,6.6,2.5,1.6,2.83,Moderate,Millennials
34565,5.3,1.6,8.7,1.9,4.9,3.19,Moderate,Millennials
34566,6.4,1.4,8.2,2.8,5.6,2.91,Moderate,Millennials
34567,5.0,1.8,7.8,2.8,4.0,3.3,Low,Millennials
34568,4.9,0.0,6.5,0.9,3.0,3.49,Low,Millennials
34569,7.1,0.8,7.8,1.6,3.2,3.26,Low,Millennials
34570,7.0,3.1,7.5,3.5,6.3,3.16,Low,Millennials
34571,5.1,1.9,6.9,2.8,3.3,2.88,Low,Millennials
34572,5.9,2.1,7.9,2.8,3.4,2.71,Moderate,Millennials
34573,4.8,3.1,7.7,1.4,0.9,3.51,Low,Millennials
34574,4.8,0.7,8.1,2.7,2.2,3.12,Moderate,Millennials
34575,1.9,0.6,7.8,1.0,2.8,3.0,High,Millennials
34576,4.6,3.2,8.3,1.6,3.1,3.16,High,Millennials
34577,5.4,3.4,7.2,1.2,3.6,3.39,Low,Millennials
34578,6.0,2.3,8.6,2.7,4.4,2.67,Moderate,Millennials
34579,8.5,3.6,7.6,1.9,5.2,2.67,Low,Millennials
34580,4.5,1.4,8.1,1.0,3.3,2.85,High,Millennials
34581,5.0,2.9,7.8,0.9,5.2,2.19,Moderate,Millennials
34582,7.1,3.7,7.7,2.6,5.1,2.84,Moderate,Millennials
34583,4.8,0.3,8.1,5.0,6.7,2.93,Low,Millennials
34584,5.6,3.3,7.2,1.3,2.8,2.9,Moderate,Millennials
34585,7.6,2.2,7.6,1.5,6.7,2.7,Low,Millennials
34586,6.3,1.7,8.0,2.4,6.3,3.32,Moderate,Millennials
34587,5.9,2.0,7.1,1.7,3.7,3.06,Moderate,Millennials
34588,3.1,0.5,7.7,0.4,4.9,2.54,High,Millennials
34589,5.4,1.9,9.3,1.9,3.9,3.28,Moderate,Millennials
34590,6.2,4.0,6.8,3.5,2.5,2.97,Low,Millennials
34591,5.1,1.5,7.6,2.2,5.3,3.07,Low,Millennials
34592,4.6,1.9,7.7,3.3,3.3,2.84,High,Millennials
34593,5.5,0.2,8.7,4.8,5.3,2.86,Moderate,Millennials
34594,4.4,3.6,7.4,1.5,4.0,2.47,High,Millennials
34595,4.6,3.6,7.4,3.0,6.3,3.14,Moderate,Millennials
34596,4.4,2.9,7.2,1.4,4.2,2.75,Low,Millennials
34597,4.0,2.3,7.5,3.9,5.8,2.75,Moderate,Millennials
34598,6.3,1.2,7.0,3.5,2.8,2.85,High,Millennials
34599,6.1,2.7,7.7,3.1,2.5,3.47,Moderate,Millennials
34600,6.1,2.5,9.1,0.8,5.5,2.74,Low,Millennials
34601,4.9,2.1,6.3,2.5,5.8,3.25,High,Millennials
34602,4.7,3.6,8.3,2.9,5.9,3.41,Moderate,Millennials
34603,6.1,2.5,9.1,2.0,3.2,2.97,Moderate,Millennials
34604,6.3,2.9,8.5,2.3,5.8,3.3,Moderate,Millennials
34605,8.2,2.7,8.9,2.7,4.8,2.76,Moderate,Millennials
34606,5.6,3.5,9.3,2.1,5.5,3.06,Low,Millennials
34607,4.1,0.5,8.9,1.8,3.3,2.91,High,Millennials
34608,3.7,0.9,6.9,1.4,5.5,2.94,Low,Millennials
34609,7.0,1.9,8.0,3.2,3.9,2.98,Moderate,Millennials
34610,6.7,3.0,7.4,1.7,3.5,3.36,Moderate,Millennials
34611,3.4,1.0,6.1,0.5,3.9,3.23,Moderate,Millennials
34612,2.2,1.5,6.7,3.2,5.3,2.43,Moderate,Millennials
34613,4.7,1.3,6.3,1.6,3.7,3.65,Low,Millennials
34614,7.3,1.4,7.4,3.3,3.5,3.05,Moderate,Millennials
34615,7.0,4.1,7.4,2.3,3.3,3.04,Low,Millennials
34616,5.2,4.0,8.4,2.8,4.1,3.47,High,Millennials
34617,5.8,1.5,8.2,1.8,3.8,2.32,Moderate,Millennials
34618,5.3,2.9,8.4,0.9,2.5,2.93,Moderate,Millennials
34619,5.8,2.9,8.0,3.5,6.7,3.32,Low,Millennials
34620,5.5,4.4,8.7,2.8,4.7,3.2,Moderate,Millennials
34621,4.8,0.9,7.3,2.5,3.7,2.97,High,Millennials
34622,5.8,2.4,7.7,2.8,5.2,3.33,High,Millennials
34623,8.0,2.1,7.7,3.3,3.0,2.88,Moderate,Millennials
34624,7.3,4.1,7.8,1.6,3.2,3.04,Low,Millennials
34625,4.2,3.6,8.0,2.4,5.1,3.0,Moderate,Millennials
34626,6.0,1.2,8.3,1.8,6.4,3.36,Moderate,Millennials
34627,5.5,2.0,9.0,3.7,5.2,3.6,Low,Millennials
34628,4.4,1.7,7.0,3.0,3.6,3.19,Low,Millennials
34629,6.1,2.2,6.3,2.5,1.4,3.37,Moderate,Millennials
34630,4.8,1.9,6.6,2.7,3.7,2.75,Low,Millennials
34631,4.9,2.4,7.6,1.2,5.4,2.94,High,Millennials
34632,7.6,1.8,7.6,2.9,3.0,2.53,Low,Millennials
34633,7.7,0.3,9.9,1.8,3.1,2.74,Moderate,Millennials
34634,4.7,2.1,9.2,4.2,4.1,3.08,Moderate,Millennials
34635,3.6,1.8,6.4,2.3,3.9,3.31,Moderate,Millennials
34636,5.3,2.4,8.2,2.3,4.2,2.48,High,Millennials
34637,6.2,2.3,6.3,1.5,3.6,2.81,Low,Millennials
34638,2.7,1.8,9.1,1.5,6.2,2.95,Moderate,Millennials
34639,4.3,2.5,9.0,2.7,4.0,3.16,High,Millennials
34640,6.6,3.7,8.3,3.7,3.8,2.6,Moderate,Millennials
34641,7.0,1.7,7.4,2.3,2.5,2.49,Moderate,Millennials
34642,5.2,2.0,8.5,0.0,4.5,3.2,Low,Millennials
34643,5.2,3.3,8.0,0.8,6.7,3.06,Low,Millennials
34644,8.5,0.6,7.7,2.6,3.6,3.04,Low,Millennials
34645,7.9,1.2,7.4,3.7,3.7,3.06,Moderate,Millennials
34646,6.4,3.2,8.6,3.8,4.0,2.92,Moderate,Millennials
34647,4.4,3.1,7.9,1.3,4.8,2.93,Low,Millennials
34648,6.5,1.0,8.3,3.1,1.4,3.18,Low,Millennials
34649,3.4,2.3,7.9,3.3,4.5,3.36,Low,Millennials
34650,6.8,2.6,8.7,2.1,4.4,3.23,Moderate,Millennials
34651,3.3,2.1,6.7,3.2,5.0,3.32,Moderate,Millennials
34652,8.3,2.0,9.3,0.0,6.0,3.02,Low,Millennials
34653,4.6,2.5,6.6,2.2,4.7,2.55,High,Millennials
34654,5.2,1.4,7.6,2.2,6.0,2.56,Moderate,Millennials
34655,5.7,1.7,7.1,1.8,4.0,3.19,Moderate,Millennials
34656,4.7,0.9,7.6,1.1,1.3,2.62,Moderate,Millennials
34657,5.9,3.6,7.7,1.5,6.8,3.47,High,Millennials
34658,3.8,1.7,7.1,2.2,3.3,2.99,High,Millennials
34659,5.2,1.5,7.4,2.0,2.3,2.96,High,Millennials
34660,6.7,1.6,6.3,0.9,4.3,3.13,Moderate,Millennials
34661,5.6,2.8,8.0,2.0,7.4,2.63,Low,Millennials
34662,7.9,2.3,7.4,1.8,3.1,2.69,Low,Millennials
34663,3.2,1.6,7.1,2.0,6.2,3.57,High,Millennials
34664,7.8,3.0,8.9,3.1,2.5,3.37,Low,Millennials
34665,6.7,1.6,7.1,1.6,4.4,2.77,Moderate,Millennials
34666,4.4,1.8,8.0,3.6,4.1,2.86,Moderate,Millennials
34667,5.9,1.7,8.4,1.8,5.1,3.58,Moderate,Millennials
34668,5.3,3.2,7.9,0.8,6.7,2.63,Moderate,Millennials
34669,7.0,3.0,5.9,2.5,6.1,3.29,Low,Millennials
34670,4.8,1.2,7.7,4.5,3.0,2.81,Moderate,Millennials
34671,4.9,2.2,6.3,1.5,3.7,3.2,Moderate,Millennials
34672,6.2,3.4,7.3,2.9,2.3,2.81,Low,Millennials
34673,7.9,2.5,5.9,2.6,4.2,3.21,Moderate,Millennials
34674,6.5,2.3,8.5,0.6,3.4,2.8,Low,Millennials
34675,6.6,3.3,6.9,3.5,3.1,2.84,High,Millennials
34676,6.0,3.6,6.6,1.6,3.7,3.3,High,Millennials
34677,5.9,2.6,7.6,1.6,3.6,2.56,High,Millennials
34678,8.8,3.9,6.6,1.5,5.2,3.16,High,Millennials
34679,4.3,2.7,8.1,2.9,4.4,2.9,Moderate,Millennials
34680,6.6,0.8,8.6,3.7,4.0,3.23,High,Millennials
34681,5.5,4.8,5.8,3.7,5.8,2.53,Low,Millennials
34682,6.8,2.1,8.1,2.0,2.0,2.44,Low,Millennials
34683,7.2,3.2,8.8,1.7,2.7,3.11,Moderate,Millennials
34684,6.3,2.6,10.0,2.0,6.5,2.88,Low,Millennials
34685,7.3,1.0,7.5,2.9,2.2,2.98,Moderate,Millennials
34686,6.4,3.2,7.2,3.3,4.5,3.12,Moderate,Millennials
34687,5.2,2.7,7.3,1.7,6.2,3.27,Moderate,Millennials
34688,6.0,2.3,8.7,1.3,1.5,2.56,Moderate,Millennials
34689,4.9,2.0,6.7,4.7,4.8,2.76,Low,Millennials
34690,6.3,1.9,7.6,2.2,3.0,3.19,Low,Millennials
34691,4.8,2.6,7.3,2.4,4.6,3.23,Low,Millennials
34692,6.0,2.8,7.5,0.7,2.6,3.34,Low,Millennials
34693,3.8,2.9,8.3,2.0,5.4,3.04,Moderate,Millennials
34694,5.7,3.4,8.2,0.0,6.5,2.62,Moderate,Millennials
34695,7.2,1.8,7.6,0.6,6.0,3.12,Moderate,Millennials
34696,8.5,2.7,7.7,0.7,5.7,2.87,Moderate,Millennials
34697,8.6,2.8,7.0,0.6,4.5,3.07,Moderate,Millennials
34698,8.2,1.7,7.9,2.4,3.4,2.76,Moderate,Millennials
34699,5.7,0.6,8.4,3.9,5.5,3.37,Low,Millennials
34700,5.7,0.2,6.4,2.3,4.7,3.15,Moderate,Millennials
34701,5.0,1.6,7.6,3.2,6.6,3.01,Low,Millennials
34702,5.2,2.0,8.1,1.6,4.2,2.8,Low,Millennials
34703,5.3,1.9,9.0,2.4,5.7,2.82,Low,Millennials
34704,5.9,0.8,6.5,0.0,3.7,2.67,High,Millennials
34705,6.4,4.1,8.4,1.6,5.5,3.13,Low,Millennials
34706,6.0,2.6,7.4,3.3,3.3,2.93,Moderate,Millennials
34707,5.0,3.4,9.8,3.1,4.1,3.36,High,Millennials
34708,4.4,1.9,7.4,3.4,5.3,2.83,Moderate,Millennials
34709,5.4,3.7,7.4,3.4,5.8,2.76,High,Millennials
34710,5.5,2.8,8.0,4.8,3.8,2.57,Moderate,Millennials
34711,7.2,2.6,7.4,2.7,3.2,2.82,Low,Millennials
34712,7.4,5.3,7.9,2.3,5.5,2.62,Low,Millennials
34713,3.6,1.7,9.0,0.0,6.3,2.52,Low,Millennials
34714,6.2,2.6,9.3,0.8,2.2,3.34,Moderate,Millennials
34715,5.4,3.4,7.3,3.0,3.2,2.16,Moderate,Millennials
34716,5.4,3.3,7.2,2.9,2.4,2.48,High,Millennials
34717,4.1,1.2,7.1,2.4,4.5,2.83,High,Millennials
34718,6.5,3.3,7.6,1.7,4.0,3.16,Low,Millennials
34719,6.5,2.1,7.3,3.1,1.8,3.06,Low,Millennials
34720,5.9,0.4,8.1,2.4,3.9,3.2,High,Millennials
34721,6.1,2.1,9.5,2.0,2.2,3.42,Low,Millennials
34722,6.7,2.2,8.0,2.9,4.2,3.55,Low,Millennials
34723,2.7,0.9,7.1,0.0,3.7,3.36,Moderate,Millennials
34724,7.8,3.4,10.0,2.2,1.7,2.99,Moderate,Millennials
34725,6.4,3.3,8.5,2.9,5.5,3.33,Low,Millennials
34726,6.5,2.8,6.7,2.7,3.0,2.72,Moderate,Millennials
34727,5.9,0.7,7.7,3.2,2.1,2.88,Low,Millennials
34728,4.6,0.8,8.2,1.2,4.7,2.72,Low,Millennials
34729,6.8,2.7,9.5,1.1,4.7,2.95,Low,Millennials
34730,4.7,2.0,8.1,0.0,0.8,3.22,Moderate,Millennials
34731,5.5,1.5,7.4,2.9,4.9,2.79,High,Millennials
34732,6.9,4.3,8.8,3.1,5.9,3.57,Moderate,Millennials
34733,6.5,1.6,6.4,1.5,6.4,2.65,Moderate,Millennials
34734,5.0,2.6,7.4,0.5,3.7,3.31,Moderate,Millennials
34735,4.7,3.3,6.8,3.1,6.5,2.93,Moderate,Millennials
34736,5.9,3.7,6.9,0.7,6.3,2.45,Low,Millennials
34737,4.0,3.8,6.5,2.4,3.4,2.76,Low,Millennials
34738,3.7,3.0,8.3,3.1,5.3,2.79,Low,Millennials
34739,6.1,2.5,7.8,2.7,5.5,2.79,Low,Millennials
34740,6.0,3.6,6.1,2.4,4.5,2.66,Moderate,Millennials
34741,6.5,2.0,8.0,0.1,3.5,2.8,Low,Millennials
34742,5.5,1.8,7.0,1.3,4.2,3.41,Moderate,Millennials
34743,6.1,2.2,7.5,2.7,3.6,3.02,Low,Millennials
34744,4.4,4.1,6.7,1.5,2.8,3.06,High,Millennials
34745,4.6,4.2,8.5,3.1,5.2,3.45,Moderate,Millennials
34746,5.9,2.1,8.1,3.0,4.0,2.81,Moderate,Millennials
34747,6.6,2.9,9.1,1.2,2.8,2.62,Low,Millennials
34748,5.8,3.0,8.3,2.5,2.3,3.24,Moderate,Millennials
34749,6.1,2.7,8.8,4.5,5.3,3.1,High,Millennials
34750,6.8,1.5,8.4,0.3,4.5,2.97,Low,Millennials
34751,5.6,2.2,6.9,3.4,5.7,3.14,Low,Millennials
34752,6.9,2.7,8.0,1.9,4.7,3.35,Low,Millennials
34753,5.9,0.6,7.7,3.4,4.9,3.14,Moderate,Millennials
34754,5.9,1.1,7.5,0.4,4.7,3.08,Moderate,Millennials
34755,5.3,1.2,8.0,3.4,1.9,2.84,Moderate,Millennials
34756,6.4,2.0,8.7,4.1,4.1,3.14,Low,Millennials
34757,4.4,3.3,7.6,0.0,5.7,2.48,Low,Millennials
34758,4.8,1.0,7.1,2.8,2.9,2.8,Moderate,Millennials
34759,8.4,3.1,7.5,3.4,4.8,3.12,Moderate,Millennials
34760,5.0,1.5,9.1,0.0,4.4,3.22,Moderate,Millennials
34761,5.2,2.7,8.6,2.6,6.4,2.87,High,Millennials
34762,6.0,2.9,9.1,1.8,4.6,3.07,Low,Millennials
34763,5.2,2.8,6.3,3.0,4.3,3.01,Low,Millennials
34764,3.1,1.4,8.5,1.1,1.9,3.53,Moderate,Millennials
34765,6.2,2.2,7.7,0.3,3.1,2.74,Moderate,Millennials
34766,6.4,2.8,7.4,2.4,3.9,2.98,Moderate,Millennials
34767,5.6,2.9,7.8,3.7,3.8,3.18,Moderate,Millennials
34768,4.5,1.6,7.6,3.0,3.3,3.75,High,Millennials
34769,5.6,0.8,7.7,3.9,5.5,2.73,High,Millennials
34770,7.5,1.3,8.0,1.6,4.3,3.19,Moderate,Millennials
34771,5.7,3.1,9.3,4.6,6.5,3.06,Low,Millennials
34772,5.3,2.4,8.7,0.1,1.0,2.87,Low,Millennials
34773,6.0,1.9,8.4,0.5,4.5,2.88,High,Millennials
34774,7.0,1.3,8.5,0.8,6.2,3.23,Low,Millennials
34775,6.4,1.5,7.5,3.2,5.4,2.64,Moderate,Millennials
34776,6.4,4.6,7.9,0.6,5.4,3.08,Moderate,Millennials
34777,5.4,3.7,7.5,2.3,3.2,3.07,Low,Millennials
34778,2.7,1.3,9.0,3.0,6.0,3.03,Low,Millennials
34779,9.0,1.9,6.9,2.1,5.2,2.51,Low,Millennials
34780,7.0,2.4,9.6,2.3,3.8,2.85,Low,Millennials
34781,5.5,3.3,6.4,0.8,3.6,2.93,High,Millennials
34782,5.4,3.3,8.2,2.7,3.1,3.15,High,Millennials
34783,7.1,2.1,6.8,0.0,5.3,2.54,Low,Millennials
34784,5.5,1.2,8.8,0.9,6.7,3.13,Low,Millennials
34785,4.6,2.1,8.6,2.1,3.6,2.84,High,Millennials
34786,5.4,1.9,8.9,1.7,3.9,2.98,Low,Millennials
34787,6.3,1.4,8.1,1.2,4.2,3.27,High,Millennials
34788,5.3,2.8,7.2,2.1,6.3,3.18,Moderate,Millennials
34789,5.1,2.2,8.9,1.2,4.2,2.73,Low,Millennials
34790,5.7,1.9,8.1,2.3,3.8,2.6,Moderate,Millennials
34791,7.0,2.9,7.9,3.0,2.9,2.73,Moderate,Millennials
34792,5.2,3.4,8.3,1.3,4.5,3.09,Moderate,Millennials
34793,5.6,3.0,6.0,1.4,6.2,2.87,Moderate,Millennials
34794,6.1,2.1,7.4,2.5,4.0,2.79,Low,Millennials
34795,6.1,3.2,8.8,1.5,3.3,3.01,Low,Millennials
34796,5.2,2.4,6.2,1.4,5.6,3.25,Low,Millennials
34797,7.5,3.1,6.3,0.6,4.2,2.47,High,Millennials
34798,3.7,1.7,6.9,3.5,6.5,2.74,Moderate,Millennials
34799,6.4,4.4,8.2,3.2,3.8,3.38,Low,Millennials
34800,6.6,2.9,6.5,1.8,4.8,3.39,Moderate,Millennials
34801,7.9,2.0,9.2,1.7,5.2,2.98,Low,Millennials
34802,6.1,2.8,6.9,1.4,3.6,3.67,Low,Millennials
34803,5.5,1.8,8.6,2.4,5.6,2.82,Moderate,Millennials
34804,2.7,0.6,7.5,1.5,4.5,2.72,High,Millennials
34805,7.2,2.7,7.8,1.6,4.2,2.7,Moderate,Millennials
34806,7.4,4.0,7.6,2.2,5.6,2.91,Low,Millennials
34807,5.8,2.3,8.2,3.3,3.5,3.39,Low,Millennials
34808,3.6,1.3,8.0,2.4,3.5,3.09,Low,Millennials
34809,5.5,2.6,7.5,2.7,4.3,3.46,Low,Millennials
34810,5.5,2.4,7.1,2.8,6.5,3.09,Moderate,Millennials
34811,4.0,2.2,8.1,3.4,5.2,3.59,Moderate,Millennials
34812,5.0,3.7,7.7,2.0,6.6,2.85,Moderate,Millennials
34813,4.3,1.0,5.5,3.0,4.5,3.09,High,Millennials
34814,4.5,2.3,7.9,4.6,4.3,3.19,High,Millennials
34815,6.3,1.5,8.0,3.1,6.1,2.85,Moderate,Millennials
34816,7.5,2.9,8.0,1.5,6.5,3.65,Low,Millennials
34817,5.2,1.8,7.7,1.1,5.1,2.63,Low,Millennials
34818,3.2,1.4,8.4,0.6,4.1,2.97,Moderate,Millennials
34819,5.5,1.1,8.0,3.4,3.7,2.62,Moderate,Millennials
34820,4.1,3.1,6.3,2.7,4.5,2.89,High,Millennials
34821,4.7,2.1,7.0,1.9,3.7,3.17,Low,Millennials
34822,6.1,3.2,6.5,2.3,5.3,3.26,Low,Millennials
34823,5.4,4.0,7.0,2.1,2.6,3.0,High,Millennials
34824,5.7,1.4,8.9,1.0,3.6,3.15,High,Millennials
34825,4.8,2.9,7.6,3.1,4.2,2.91,Low,Millennials
34826,7.4,2.0,7.3,0.0,4.1,3.3,Low,Millennials
34827,3.1,1.2,6.9,2.0,4.7,3.23,Moderate,Millennials
34828,5.6,1.8,8.8,0.0,5.1,2.89,Moderate,Millennials
34829,6.0,0.9,8.3,1.0,5.0,3.3,Moderate,Millennials
34830,6.8,3.5,7.8,3.0,3.8,3.05,Moderate,Millennials
34831,7.3,2.9,9.2,1.2,4.9,2.73,Moderate,Millennials
34832,5.3,2.8,8.5,1.2,4.1,2.58,Moderate,Millennials
34833,4.1,1.2,8.7,2.1,5.9,3.35,Moderate,Millennials
34834,6.6,0.6,7.3,1.7,4.7,3.37,Moderate,Millennials
34835,6.3,1.7,7.7,3.0,4.2,3.2,High,Millennials
34836,6.2,3.4,7.3,4.0,2.3,3.06,Moderate,Millennials
34837,7.3,2.6,7.9,3.4,5.4,2.96,High,Millennials
34838,3.5,2.4,7.4,0.9,2.1,2.62,Moderate,Millennials
34839,6.0,1.0,6.4,0.2,3.9,3.24,Moderate,Millennials
34840,5.8,2.0,7.0,3.8,5.7,3.01,Moderate,Millennials
34841,6.1,1.6,6.5,1.3,7.2,2.89,Low,Millennials
34842,8.2,1.6,7.5,0.8,4.9,3.08,Moderate,Millennials
34843,4.4,0.8,6.7,1.8,3.1,3.44,Moderate,Millennials
34844,6.5,2.7,8.2,2.5,2.7,2.92,Moderate,Millennials
34845,5.2,2.4,8.9,1.6,2.2,3.06,Moderate,Millennials
34846,6.3,2.5,7.7,2.0,6.7,2.92,Moderate,Millennials
34847,5.9,1.4,8.0,1.8,6.1,2.59,Low,Millennials
34848,6.9,4.2,8.0,3.7,3.7,2.68,Moderate,Millennials
34849,8.2,2.7,7.8,2.5,5.1,3.07,Moderate,Millennials
34850,6.2,2.1,6.6,3.0,4.0,3.04,Moderate,Millennials
34851,8.2,2.4,6.6,3.4,3.0,2.94,Low,Millennials
34852,5.8,0.7,7.6,2.8,5.4,2.78,Moderate,Millennials
34853,7.0,1.4,5.8,0.9,3.8,3.26,Moderate,Millennials
34854,4.2,2.3,8.3,2.3,5.6,2.61,Moderate,Millennials
34855,8.3,4.4,6.5,2.0,4.9,3.44,Moderate,Millennials
34856,6.8,3.3,6.8,1.3,3.9,2.92,Low,Millennials
34857,5.4,2.1,9.0,2.9,4.0,3.47,Low,Millennials
34858,5.4,3.4,8.0,1.7,5.0,3.42,Low,Millennials
34859,6.1,3.7,8.4,0.8,2.0,3.03,Moderate,Millennials
34860,6.1,0.9,7.3,1.7,2.9,2.85,Low,Millennials
34861,6.2,3.0,8.9,0.3,3.2,3.34,Moderate,Millennials
34862,6.8,2.7,6.6,0.8,7.2,3.22,Low,Millennials
34863,6.2,1.9,7.8,2.7,5.8,3.08,Low,Millennials
34864,5.9,2.2,6.9,1.5,4.4,3.23,Moderate,Millennials
34865,4.4,1.5,7.0,3.8,2.0,3.07,Moderate,Millennials
34866,5.2,1.4,7.9,0.8,4.9,3.4,Moderate,Millennials
34867,5.4,2.8,8.5,2.7,6.0,2.9,Low,Millennials
34868,6.1,1.4,8.3,1.3,5.3,2.91,Moderate,Millennials
34869,6.4,2.3,6.8,1.8,4.0,2.95,Moderate,Millennials
34870,5.6,1.1,9.3,1.9,1.7,3.33,Low,Millennials
34871,8.3,3.6,8.6,0.4,3.0,3.65,Low,Millennials
34872,7.3,2.5,7.3,1.1,6.1,2.92,Moderate,Millennials
34873,4.5,2.9,6.9,2.4,3.7,3.41,Moderate,Millennials
34874,6.1,0.6,10.0,1.5,5.3,3.3,Low,Millennials
34875,4.2,2.6,7.4,2.0,3.3,3.26,High,Millennials
34876,6.0,2.4,7.4,0.6,3.3,2.43,High,Millennials
34877,6.8,2.3,8.1,1.9,6.2,2.99,Low,Millennials
34878,7.4,1.8,8.2,0.1,5.7,3.14,Moderate,Millennials
34879,2.7,2.2,7.6,2.2,3.6,2.8,Moderate,Millennials
34880,4.6,2.6,7.4,1.2,5.3,3.54,Moderate,Millennials
34881,6.3,1.4,8.8,2.1,5.4,3.22,Moderate,Millennials
34882,5.0,0.9,9.0,1.4,3.9,3.31,Moderate,Millennials
34883,4.3,1.3,6.6,2.3,3.8,2.37,Moderate,Millennials
34884,5.7,3.1,7.8,3.1,1.8,3.3,High,Millennials
34885,5.6,2.6,8.4,3.2,4.6,3.16,Low,Millennials
34886,7.1,0.9,8.6,2.8,2.5,2.75,High,Millennials
34887,6.6,2.0,8.6,0.6,4.7,2.8,High,Millennials
34888,5.8,2.7,7.1,2.7,6.8,3.05,Moderate,Millennials
34889,3.3,1.6,7.3,4.2,4.6,2.77,Low,Millennials
34890,6.0,3.1,8.8,0.9,5.2,3.12,High,Millennials
34891,5.6,1.0,6.1,1.5,3.9,3.3,Moderate,Millennials
34892,4.8,2.6,7.5,2.0,3.9,3.49,Low,Millennials
34893,5.4,1.6,7.7,0.9,4.2,2.9,High,Millennials
34894,5.8,3.4,8.1,1.8,5.9,3.65,Moderate,Millennials
34895,4.4,0.9,7.5,2.3,3.0,3.12,Low,Millennials
34896,6.4,2.6,8.1,3.0,4.1,3.39,Low,Millennials
34897,5.1,4.3,9.1,2.7,6.2,3.2,Moderate,Millennials
34898,5.4,3.4,7.0,2.0,6.0,3.15,Moderate,Millennials
34899,6.2,1.9,7.0,3.2,5.1,3.11,Low,Millennials
34900,8.5,2.4,8.8,2.4,3.0,3.09,Moderate,Millennials
34901,7.9,1.5,7.4,1.4,1.7,3.32,High,Millennials
34902,4.9,1.7,7.0,2.8,3.9,2.69,Moderate,Millennials
34903,5.9,1.9,5.5,4.4,4.4,3.57,Low,Millennials
34904,5.3,0.7,7.7,2.2,5.7,2.8,Low,Millennials
34905,6.7,2.2,8.1,1.8,5.9,3.23,Moderate,Millennials
34906,7.0,4.7,7.4,1.3,1.9,2.89,Moderate,Millennials
34907,6.6,4.3,8.1,0.9,5.7,2.24,High,Millennials
34908,9.8,4.5,8.4,1.5,3.4,3.21,Low,Millennials
34909,8.2,0.7,6.9,3.6,5.5,3.15,Moderate,Millennials
34910,3.9,2.4,7.4,0.8,2.5,3.39,Low,Millennials
34911,6.2,3.3,7.9,2.0,4.4,2.59,Moderate,Millennials
34912,4.3,2.0,9.9,3.1,7.1,3.4,Moderate,Millennials
34913,8.0,2.8,9.3,2.1,5.3,3.04,High,Millennials
34914,6.0,1.3,8.4,1.0,3.2,3.04,Moderate,Millennials
34915,6.0,1.6,7.3,2.0,3.9,2.85,High,Millennials
34916,3.8,2.6,6.7,0.9,5.2,2.49,Low,Millennials
34917,8.7,1.7,8.3,3.4,5.4,2.97,Moderate,Millennials
34918,5.7,3.8,7.8,4.6,5.9,3.47,Moderate,Millennials
34919,6.9,1.5,6.9,2.8,2.7,2.48,Low,Millennials
34920,3.6,2.3,7.4,2.2,4.5,2.89,Low,Millennials
34921,6.4,2.2,8.4,2.4,5.4,2.72,Moderate,Millennials
34922,4.7,2.6,7.9,2.1,4.5,3.13,Low,Millennials
34923,7.0,3.3,7.3,3.6,0.6,3.38,Moderate,Millennials
34924,4.2,2.7,7.9,2.1,5.5,3.06,Low,Millennials
34925,6.1,0.4,7.9,2.1,4.6,3.17,Low,Millennials
34926,4.5,3.0,7.7,1.7,6.3,2.78,Moderate,Millennials
34927,5.3,1.8,6.3,1.2,4.5,2.43,Moderate,Millennials
34928,7.3,1.9,8.3,0.6,3.7,2.56,Moderate,Millennials
34929,6.5,2.9,7.9,3.2,4.4,2.32,Moderate,Millennials
34930,4.6,2.3,7.1,1.4,3.2,2.84,Low,Millennials
34931,5.6,2.8,7.1,1.5,3.6,2.76,Moderate,Millennials
34932,6.1,2.4,6.1,0.8,5.0,3.41,Moderate,Millennials
34933,5.0,3.1,7.5,0.1,5.0,2.88,Low,Millennials
34934,7.6,1.3,6.4,0.2,2.7,2.92,Low,Millennials
34935,6.1,3.2,7.5,2.4,4.8,2.79,Low,Millennials
34936,5.4,1.1,7.4,1.6,6.8,2.73,Moderate,Millennials
34937,6.0,2.5,7.4,3.5,4.5,3.13,Moderate,Millennials
34938,6.4,0.1,7.0,2.2,2.9,3.0,High,Millennials
34939,4.9,1.4,5.8,2.5,3.9,3.39,Low,Millennials
34940,5.4,3.0,7.4,1.6,5.1,3.21,Moderate,Millennials
34941,3.5,1.7,9.4,2.8,3.7,3.66,Moderate,Millennials
34942,5.4,2.1,9.1,0.6,4.9,2.86,High,Millennials
34943,6.8,3.3,8.7,0.0,1.7,3.01,High,Millennials
34944,5.2,3.1,8.4,3.9,7.3,3.18,Moderate,Millennials
34945,6.9,2.8,8.1,1.8,3.0,2.95,Moderate,Millennials
34946,4.5,1.2,6.3,3.6,5.4,2.82,Moderate,Millennials
34947,4.2,3.0,6.8,2.9,5.5,3.81,High,Millennials
34948,4.8,0.5,5.9,2.9,2.1,3.05,Moderate,Millennials
34949,7.6,2.2,7.1,1.1,2.5,2.89,Moderate,Millennials
34950,5.8,4.2,7.2,3.9,6.6,2.59,Moderate,Millennials
34951,7.0,2.0,7.0,2.9,5.0,2.2,High,Millennials
34952,4.6,3.5,8.1,4.4,5.9,3.03,Moderate,Millennials
34953,4.6,1.3,7.2,0.0,3.7,3.49,Moderate,Millennials
34954,6.9,0.3,7.0,1.9,3.1,2.85,Low,Millennials
34955,7.5,2.8,8.4,2.1,2.5,3.53,Low,Millennials
34956,5.0,1.5,8.2,1.2,1.3,3.26,Low,Millennials
34957,5.8,3.4,7.3,1.5,6.7,2.75,Moderate,Millennials
34958,7.9,0.9,5.0,2.7,1.1,3.52,Moderate,Millennials
34959,2.9,3.8,7.7,1.7,4.9,3.18,Moderate,Millennials
34960,8.7,2.9,8.6,2.6,3.7,3.32,Low,Millennials
34961,5.5,3.3,6.9,2.8,6.0,3.37,Moderate,Millennials
34962,4.1,3.9,7.5,1.8,5.3,3.12,Low,Millennials
34963,7.0,3.4,9.4,0.8,3.9,3.22,Moderate,Millennials
34964,6.8,3.3,9.0,3.2,4.4,3.2,High,Millennials
34965,5.2,0.6,7.7,2.4,5.3,2.79,Low,Millennials
34966,6.7,2.1,8.5,1.7,6.3,3.02,Moderate,Millennials
34967,6.8,2.0,7.9,3.4,3.5,2.75,High,Millennials
34968,6.6,2.7,8.7,1.4,5.0,3.35,Low,Millennials
34969,5.3,3.0,8.6,1.9,4.3,2.92,Moderate,Millennials
34970,8.5,2.4,7.1,1.5,3.9,3.43,Moderate,Millennials
34971,6.4,2.2,7.2,1.5,4.0,2.92,Moderate,Millennials
34972,7.2,3.6,6.9,2.2,1.5,3.5,Low,Millennials
34973,7.3,0.8,7.9,4.1,3.5,3.25,Moderate,Millennials
34974,5.8,2.4,8.9,0.2,3.9,3.06,Moderate,Millennials
34975,5.6,2.3,8.3,2.5,3.5,3.05,High,Millennials
34976,5.4,2.6,8.3,4.7,5.3,2.86,Moderate,Millennials
34977,4.2,1.8,6.7,1.9,3.1,3.17,Moderate,Millennials
34978,2.7,1.0,8.4,3.2,4.1,3.05,High,Millennials
34979,6.6,3.4,7.2,2.6,5.3,3.11,Moderate,Millennials
34980,6.5,2.7,7.5,1.8,4.7,2.98,Moderate,Millennials
34981,5.9,3.5,8.2,1.5,5.8,2.96,Low,Millennials
34982,6.5,4.1,8.4,1.3,4.1,3.5,Low,Millennials
34983,6.9,2.3,8.5,1.1,4.8,3.11,Low,Millennials
34984,5.4,0.2,7.1,2.7,3.4,2.97,Moderate,Millennials
34985,6.3,4.3,7.1,0.5,5.1,3.34,Low,Millennials
34986,4.6,1.2,8.0,3.4,3.0,3.4,Low,Millennials
34987,6.5,1.6,6.8,1.4,6.1,3.08,Moderate,Millennials
34988,4.9,0.0,7.9,0.9,7.7,3.45,Moderate,Millennials
34989,7.5,2.4,7.9,2.1,4.9,2.74,Low,Millennials
34990,5.6,2.2,6.9,3.3,4.8,2.52,Moderate,Millennials
34991,6.1,2.8,8.4,1.1,4.7,3.07,Low,Millennials
34992,6.3,2.0,8.0,2.7,4.9,3.34,Low,Millennials
34993,4.6,3.2,7.4,1.0,1.2,3.22,Low,Millennials
34994,3.1,1.4,8.4,2.1,2.9,2.78,Moderate,Millennials
34995,5.6,2.7,6.4,2.2,4.9,2.57,Low,Millennials
34996,6.2,1.7,6.1,3.8,3.4,3.01,Moderate,Millennials
34997,5.5,1.1,7.6,0.7,6.2,3.14,High,Millennials
34998,5.0,1.0,7.6,2.6,4.2,2.76,High,Millennials
34999,5.9,2.3,6.8,2.6,5.8,2.7,Moderate,Millennials
35000,3.7,4.5,7.8,0.9,4.7,3.35,Moderate,Millennials
35001,5.9,0.2,7.6,1.1,4.6,2.68,Moderate,Millennials
35002,5.1,2.9,7.7,0.3,3.3,2.96,Moderate,Millennials
35003,7.1,2.0,7.0,2.8,4.4,3.82,Moderate,Millennials
35004,4.2,2.8,8.8,1.0,3.9,3.09,Moderate,Millennials
35005,6.2,2.4,7.4,3.2,4.9,3.19,Moderate,Millennials
35006,5.8,1.1,5.9,1.9,3.6,2.84,Low,Millennials
35007,5.9,2.7,6.8,1.4,5.5,3.26,Moderate,Millennials
35008,4.8,1.0,8.7,2.0,3.6,3.28,Moderate,Millennials
35009,5.0,3.7,8.5,1.3,3.1,2.61,Moderate,Millennials
35010,6.0,2.1,6.6,2.2,3.9,2.91,Moderate,Millennials
35011,6.4,2.4,8.0,0.0,5.5,2.78,High,Millennials
35012,6.8,3.3,8.2,1.8,6.9,2.61,Low,Millennials
35013,5.6,1.6,7.9,4.6,6.1,3.45,Moderate,Millennials
35014,7.2,0.0,7.2,1.3,4.3,2.71,Low,Millennials
35015,6.0,1.8,7.7,3.2,4.0,2.73,Low,Millennials
35016,7.4,2.5,7.7,1.2,4.0,3.16,Moderate,Millennials
35017,4.2,3.1,7.7,0.0,4.0,2.91,High,Millennials
35018,5.8,2.0,8.8,4.4,4.4,3.71,Low,Millennials
35019,6.4,3.7,7.9,2.8,3.5,2.63,Moderate,Millennials
35020,6.5,2.2,8.1,1.8,4.2,2.82,Low,Millennials
35021,5.7,2.6,7.5,0.0,8.0,2.48,Low,Millennials
35022,7.7,2.5,6.6,2.1,0.6,2.96,Moderate,Millennials
35023,8.7,1.4,6.7,2.9,4.6,3.01,High,Millennials
35024,5.4,3.0,8.7,3.7,5.5,3.07,High,Millennials
35025,4.5,3.4,7.6,2.3,2.3,3.31,High,Millennials
35026,5.2,1.9,8.5,1.7,4.1,3.31,High,Millennials
35027,6.1,4.4,7.1,3.7,4.6,2.92,Moderate,Millennials
35028,7.6,1.0,8.2,0.8,5.2,2.65,Moderate,Millennials
35029,4.0,1.8,8.8,1.6,4.4,2.69,Moderate,Millennials
35030,5.3,3.3,6.9,3.1,3.6,2.87,Moderate,Millennials
35031,5.8,2.4,7.8,3.5,6.4,2.74,High,Millennials
35032,4.9,3.7,6.6,1.5,1.5,3.05,Low,Millennials
35033,5.5,3.8,8.5,4.8,4.1,3.01,Low,Millennials
35034,8.9,3.7,8.7,2.6,3.9,3.1,Low,Millennials
35035,6.8,3.8,7.6,2.2,3.3,2.97,Moderate,Millennials
35036,6.6,1.2,10.0,0.0,3.9,2.96,Low,Millennials
35037,4.6,3.2,8.3,0.8,3.4,3.0,Low,Millennials
35038,5.9,1.7,7.9,1.4,4.3,2.71,Low,Millennials
35039,7.9,0.0,8.6,1.5,3.3,3.04,Low,Millennials
35040,6.2,3.0,6.5,2.0,0.9,2.92,Moderate,Millennials
35041,6.0,1.3,8.1,2.4,3.7,2.92,High,Millennials
35042,7.2,1.4,8.5,2.2,3.9,2.95,Low,Millennials
35043,9.5,1.6,8.2,1.8,4.1,2.78,Low,Millennials
35044,5.1,1.7,6.8,3.7,3.1,3.08,Moderate,Millennials
35045,6.1,1.8,7.6,3.3,1.6,2.95,Low,Millennials
35046,6.3,2.0,8.7,0.7,1.6,2.74,Moderate,Millennials
35047,3.2,3.9,7.0,0.9,5.5,3.22,Moderate,Millennials
35048,6.9,0.0,9.2,3.5,5.5,3.24,Moderate,Millennials
35049,4.4,2.8,8.4,1.7,6.0,3.02,Moderate,Millennials
35050,10.0,1.3,5.7,2.8,4.3,2.7,Low,Millennials
35051,4.7,1.7,7.7,4.3,4.9,3.27,Moderate,Millennials
35052,5.7,2.5,6.9,2.4,4.1,3.34,Moderate,Millennials
35053,4.6,2.8,9.3,2.9,5.9,3.04,Moderate,Millennials
35054,7.1,4.1,7.2,1.3,3.4,3.16,Low,Millennials
35055,6.0,2.2,9.2,4.2,5.2,3.31,Moderate,Millennials
35056,5.9,2.3,8.4,4.6,4.6,3.11,Low,Millennials
35057,5.9,2.7,7.6,0.2,3.8,3.07,Moderate,Millennials
35058,3.0,1.9,8.2,0.3,4.8,3.34,Moderate,Millennials
35059,8.1,2.6,6.5,0.0,4.6,2.67,Moderate,Millennials
35060,6.5,1.8,8.3,1.8,6.8,3.07,Low,Millennials
35061,7.1,2.3,8.0,2.0,3.8,2.61,Moderate,Millennials
35062,8.2,3.6,8.0,1.1,4.7,2.73,Low,Millennials
35063,6.8,2.9,7.9,2.0,3.3,2.96,Moderate,Millennials
35064,7.1,0.2,7.8,2.8,4.1,3.25,Low,Millennials
35065,4.3,2.3,8.4,1.0,4.5,2.68,Moderate,Millennials
35066,6.7,1.4,6.2,0.8,5.6,3.28,Moderate,Millennials
35067,4.5,4.1,6.7,2.5,3.5,3.4,Moderate,Millennials
35068,3.7,3.0,9.0,3.3,4.3,2.94,High,Millennials
35069,5.8,2.2,9.4,2.9,2.3,3.27,High,Millennials
35070,6.1,5.2,7.9,3.0,3.2,3.0,Moderate,Millennials
35071,5.4,1.2,6.0,0.7,4.7,3.34,Moderate,Millennials
35072,3.2,1.4,7.6,1.2,3.1,2.62,High,Millennials
35073,5.4,1.7,5.1,1.9,5.7,2.68,Low,Millennials
35074,6.5,2.3,8.3,0.5,4.7,3.24,Low,Millennials
35075,4.1,2.3,8.8,2.1,0.6,2.9,Low,Millennials
35076,6.1,1.3,8.2,2.4,4.2,2.65,Moderate,Millennials
35077,3.9,4.0,7.1,1.7,3.3,3.06,Moderate,Millennials
35078,7.2,2.4,7.5,2.0,3.7,3.11,Moderate,Millennials
35079,4.9,1.1,7.7,0.9,3.5,2.95,Moderate,Millennials
35080,3.4,1.1,8.6,2.9,8.0,2.72,Low,Millennials
35081,3.4,3.4,7.4,3.2,2.3,3.09,Low,Millennials
35082,6.8,1.8,8.0,2.3,2.3,3.05,Moderate,Millennials
35083,7.1,0.1,8.2,2.0,5.8,3.22,Low,Millennials
35084,4.7,2.6,7.0,1.2,2.4,3.05,Moderate,Millennials
35085,8.4,2.5,7.1,3.7,5.0,3.87,High,Millennials
35086,5.3,1.4,7.7,2.1,2.5,3.12,Low,Millennials
35087,4.5,2.3,8.2,1.9,6.3,2.46,Low,Millennials
35088,7.2,1.4,8.3,1.8,4.0,3.23,Moderate,Millennials
35089,4.7,0.0,8.5,2.7,4.0,3.06,Low,Millennials
35090,5.5,1.5,8.2,3.3,3.9,3.19,Moderate,Millennials
35091,5.5,3.1,7.0,3.7,3.5,2.93,Low,Millennials
35092,6.8,3.0,8.8,1.9,3.8,2.95,Moderate,Millennials
35093,4.2,1.2,6.4,1.7,4.2,2.85,High,Millennials
35094,5.4,2.2,8.3,1.3,3.0,3.17,Low,Millennials
35095,7.7,2.0,8.2,1.7,4.2,3.66,High,Millennials
35096,5.3,1.0,7.4,4.5,5.1,2.44,Low,Millennials
35097,6.7,1.7,7.9,3.7,6.6,3.25,Moderate,Millennials
35098,6.8,2.1,8.4,2.7,3.2,3.42,Moderate,Millennials
35099,5.6,3.1,8.5,3.5,2.8,3.12,Low,Millennials
35100,6.2,0.6,7.7,0.5,4.8,2.67,Low,Millennials
35101,6.7,1.7,6.3,2.3,4.2,2.78,Moderate,Millennials
35102,5.7,2.1,7.5,0.0,4.9,3.24,Moderate,Millennials
35103,5.7,2.7,8.0,1.2,4.5,2.82,High,Millennials
35104,7.0,3.8,6.1,3.3,5.9,3.09,Low,Millennials
35105,7.1,1.4,9.2,2.0,4.3,3.41,Moderate,Millennials
35106,6.8,0.2,7.1,1.8,3.8,3.16,Moderate,Millennials
35107,2.9,0.8,7.7,2.6,6.8,3.0,High,Millennials
35108,5.8,0.3,6.4,1.4,5.2,3.04,High,Millennials
35109,4.8,2.0,8.6,2.8,3.7,3.18,Moderate,Millennials
35110,5.2,2.0,7.6,4.0,4.9,3.16,High,Millennials
35111,6.4,1.7,7.0,2.5,4.6,3.34,Moderate,Millennials
35112,3.4,0.1,9.0,1.2,6.1,2.61,Moderate,Millennials
35113,7.7,2.2,7.9,2.6,4.7,2.31,Low,Millennials
35114,7.5,1.7,7.5,2.3,2.9,2.88,Moderate,Millennials
35115,4.7,1.5,7.1,0.3,4.9,3.0,High,Millennials
35116,5.6,1.6,7.2,1.0,8.0,3.17,High,Millennials
35117,4.3,1.6,8.2,1.0,3.1,2.73,Moderate,Millennials
35118,5.8,3.5,6.9,1.7,4.9,3.11,Moderate,Millennials
35119,5.9,3.0,6.6,2.6,2.6,3.19,Moderate,Millennials
35120,5.6,3.4,7.8,3.7,4.0,3.12,Moderate,Millennials
35121,5.0,2.2,7.5,5.2,3.3,2.36,High,Millennials
35122,6.6,1.7,8.5,3.6,2.4,3.06,Moderate,Millennials
35123,5.0,4.0,7.7,3.0,5.5,2.73,Low,Millennials
35124,8.1,2.3,9.5,3.5,3.1,2.94,Low,Millennials
35125,6.0,0.0,8.2,3.6,4.8,2.87,Moderate,Millennials
35126,6.1,1.8,8.2,0.8,5.0,2.84,High,Millennials
35127,5.6,3.2,7.4,1.6,4.1,2.82,High,Millennials
35128,4.9,1.9,7.2,1.6,5.7,3.02,High,Millennials
35129,6.0,3.1,8.3,2.3,3.5,3.46,Low,Millennials
35130,5.8,2.0,8.0,3.3,3.5,2.94,Moderate,Millennials
35131,5.0,0.4,5.4,4.8,4.5,2.91,High,Millennials
35132,6.6,4.2,8.1,3.6,5.1,3.2,Moderate,Millennials
35133,2.9,3.7,8.2,3.4,4.3,2.33,Moderate,Millennials
35134,5.6,2.5,8.6,4.7,5.1,3.05,Moderate,Millennials
35135,5.6,1.7,8.9,3.1,3.8,3.27,Moderate,Millennials
35136,4.9,2.8,9.8,1.2,4.7,3.06,Moderate,Millennials
35137,4.6,1.0,6.5,3.1,2.0,3.03,High,Millennials
35138,4.9,4.2,9.6,3.0,2.2,2.38,Low,Millennials
35139,7.3,1.9,8.0,0.9,5.0,3.19,High,Millennials
35140,5.4,2.4,9.2,3.7,4.8,2.61,Moderate,Millennials
35141,5.5,3.3,8.8,2.2,2.7,3.24,Low,Millennials
35142,7.4,0.8,6.7,0.0,5.5,3.14,Moderate,Millennials
35143,4.7,2.0,6.3,1.8,6.2,2.94,High,Millennials
35144,6.9,2.6,8.8,4.7,2.7,3.54,Moderate,Millennials
35145,7.7,2.5,8.8,1.0,5.2,3.21,Moderate,Millennials
35146,4.4,2.3,6.4,2.9,4.1,3.06,Low,Millennials
35147,3.9,2.1,7.3,4.6,2.7,3.25,Low,Millennials
35148,7.3,2.5,8.6,2.2,4.4,3.12,Moderate,Millennials
35149,6.2,2.1,7.6,2.7,3.9,3.1,Moderate,Millennials
35150,2.4,1.9,6.0,2.2,3.6,3.33,Low,Millennials
35151,3.6,2.1,8.1,0.3,4.3,3.79,Moderate,Millennials
35152,4.7,2.2,9.7,2.1,2.4,2.98,High,Millennials
35153,3.6,3.5,7.5,2.3,6.3,3.67,Moderate,Millennials
35154,6.8,1.6,6.6,2.0,3.0,2.97,Low,Millennials
35155,5.8,2.3,8.4,2.9,4.1,3.48,Low,Millennials
35156,3.9,3.1,8.0,2.4,7.6,3.21,Moderate,Millennials
35157,7.8,1.8,6.9,0.8,4.1,3.05,Low,Millennials
35158,3.7,3.7,8.0,4.7,4.2,3.55,Moderate,Millennials
35159,3.4,3.0,7.0,2.4,5.5,3.26,Low,Millennials
35160,5.4,3.8,8.0,2.8,3.3,2.96,Moderate,Millennials
35161,4.0,1.9,8.0,0.5,3.6,3.04,High,Millennials
35162,5.9,1.0,8.9,1.3,4.3,2.87,Low,Millennials
35163,7.1,2.6,8.9,2.5,2.8,3.46,High,Millennials
35164,4.6,2.8,7.9,0.9,4.9,3.06,Moderate,Millennials
35165,4.9,2.8,7.0,1.7,5.6,2.76,Moderate,Millennials
35166,4.9,2.9,8.4,1.0,3.8,2.85,High,Millennials
35167,6.7,3.0,8.6,3.5,4.5,2.94,Low,Millennials
35168,7.5,2.0,8.8,0.9,5.1,2.64,High,Millennials
35169,4.4,2.8,8.5,2.0,4.6,2.69,Moderate,Millennials
35170,6.5,1.7,7.1,4.2,2.6,2.92,Moderate,Millennials
35171,6.4,0.2,7.6,3.3,3.3,2.92,Moderate,Millennials
35172,3.6,1.9,7.4,2.8,4.9,2.89,Moderate,Millennials
35173,4.2,3.3,6.1,2.2,3.1,3.12,Moderate,Millennials
35174,5.6,1.2,6.0,4.2,4.3,2.77,High,Millennials
35175,5.4,4.3,9.2,3.4,5.0,2.83,Low,Millennials
35176,8.1,1.3,8.5,4.7,5.8,3.05,Moderate,Millennials
35177,5.4,3.6,6.0,3.0,5.2,2.9,Low,Millennials
35178,6.7,3.6,7.5,1.7,3.5,3.39,High,Millennials
35179,7.9,4.3,7.2,3.2,5.1,3.15,High,Millennials
35180,7.9,1.8,7.5,3.9,4.9,2.49,Moderate,Millennials
35181,5.2,2.9,7.7,1.1,3.2,2.98,Moderate,Millennials
35182,4.7,2.6,8.1,3.7,6.4,2.57,Low,Millennials
35183,5.0,2.3,7.8,3.0,4.1,3.49,Moderate,Millennials
35184,4.8,1.9,7.9,1.1,2.9,2.88,Moderate,Millennials
35185,5.2,1.9,8.4,1.2,4.4,3.17,Moderate,Millennials
35186,6.5,4.7,8.5,1.5,3.0,3.01,Moderate,Millennials
35187,8.4,2.8,8.4,0.9,4.0,2.81,Moderate,Millennials
35188,6.2,1.3,6.9,1.8,4.9,3.11,Low,Millennials
35189,4.4,3.9,8.7,2.1,2.6,3.18,Low,Millennials
35190,4.9,3.8,8.1,3.4,1.6,3.01,Low,Millennials
35191,7.3,0.9,9.5,2.5,5.3,2.7,Moderate,Millennials
35192,6.7,2.9,8.5,1.9,4.6,2.8,Moderate,Millennials
35193,4.4,1.3,8.3,1.9,3.9,2.89,Moderate,Millennials
35194,7.0,2.3,8.1,0.5,5.4,2.82,High,Millennials
35195,8.3,2.8,7.4,1.7,1.1,2.99,Moderate,Millennials
35196,4.5,0.0,8.3,3.2,1.7,2.45,Moderate,Millennials
35197,8.0,0.0,7.6,1.9,4.3,3.13,Moderate,Millennials
35198,5.8,4.2,6.8,0.8,6.1,3.01,Moderate,Millennials
35199,7.4,0.6,7.6,4.3,4.3,2.93,Moderate,Millennials
35200,2.3,0.8,7.5,0.6,5.4,2.69,High,Millennials
35201,4.6,0.0,7.4,2.4,3.2,2.78,Low,Millennials
35202,6.6,4.3,5.5,3.9,2.4,3.12,High,Millennials
35203,7.1,2.2,7.6,0.9,3.6,3.07,Moderate,Millennials
35204,4.7,3.2,7.3,1.8,2.5,2.5,Low,Millennials
35205,6.9,2.4,9.5,2.3,4.0,3.07,Low,Millennials
35206,3.6,3.2,6.2,2.8,4.6,2.65,Low,Millennials
35207,5.3,0.9,6.5,3.9,3.8,2.61,Moderate,Millennials
35208,5.4,4.2,8.2,1.8,4.9,3.04,Moderate,Millennials
35209,5.0,2.1,8.7,1.6,4.6,3.13,Moderate,Millennials
35210,4.7,1.4,7.9,3.8,3.8,2.83,Moderate,Millennials
35211,4.3,3.0,7.0,2.6,6.2,2.82,Low,Millennials
35212,5.3,4.2,7.4,0.8,4.1,3.13,Moderate,Millennials
35213,7.5,2.2,8.6,0.6,6.0,2.82,Low,Millennials
35214,8.4,3.7,8.0,2.2,4.1,3.11,Low,Millennials
35215,4.9,2.9,6.7,1.4,5.4,3.14,Low,Millennials
35216,6.3,3.9,7.5,0.7,5.2,3.07,Moderate,Millennials
35217,6.5,0.0,8.2,1.4,5.1,3.56,Moderate,Millennials
35218,5.2,1.4,7.1,3.2,4.4,3.22,Low,Millennials
35219,5.1,2.2,6.7,3.5,5.7,3.36,Moderate,Millennials
35220,4.7,3.3,8.8,3.0,3.9,3.11,Moderate,Millennials
35221,4.5,2.1,7.3,3.7,5.3,3.14,Moderate,Millennials
35222,7.0,1.2,9.0,1.8,3.2,3.31,Moderate,Millennials
35223,6.6,3.2,5.9,2.8,4.5,2.45,High,Millennials
35224,7.0,1.9,7.9,0.0,6.4,3.03,Low,Millennials
35225,7.0,2.6,8.5,3.7,3.7,3.05,Low,Millennials
35226,3.7,1.8,6.9,2.8,1.1,2.96,Moderate,Millennials
35227,6.3,0.8,8.7,2.8,3.9,2.79,Moderate,Millennials
35228,3.1,3.0,9.9,5.0,6.0,2.85,Low,Millennials
35229,6.2,3.5,8.3,2.8,3.9,2.78,Moderate,Millennials
35230,5.0,0.0,8.9,0.9,4.3,3.12,Low,Millennials
35231,6.2,3.1,7.1,2.0,4.6,2.38,Low,Millennials
35232,4.3,0.3,7.7,2.2,3.6,3.33,Moderate,Millennials
35233,7.6,1.9,7.8,0.5,5.5,2.63,Moderate,Millennials
35234,5.2,5.0,8.0,3.1,2.4,2.29,Moderate,Millennials
35235,5.9,4.3,7.2,2.1,3.7,2.95,High,Millennials
35236,5.1,3.2,7.2,2.0,0.9,2.73,Moderate,Millennials
35237,7.6,1.2,9.1,2.8,3.0,2.86,Low,Millennials
35238,6.4,2.1,8.4,1.0,4.6,2.88,Moderate,Millennials
35239,5.6,1.1,8.8,1.0,3.9,2.62,Moderate,Millennials
35240,7.2,0.8,7.6,1.6,3.7,3.01,Moderate,Millennials
35241,7.3,1.5,8.5,2.7,5.1,2.68,Moderate,Millennials
35242,5.2,0.5,7.1,3.0,3.6,2.74,Low,Millennials
35243,5.7,2.5,7.9,0.0,5.9,3.16,Moderate,Millennials
35244,7.1,2.7,9.6,1.9,5.1,3.28,Moderate,Millennials
35245,6.2,4.2,7.9,5.1,3.9,2.66,Low,Millennials
35246,5.2,2.2,8.7,3.5,5.9,3.5,Moderate,Millennials
35247,6.8,3.0,8.4,0.0,4.9,2.66,Moderate,Millennials
35248,4.9,2.9,7.7,1.7,2.1,3.31,Low,Millennials
35249,6.7,2.5,7.5,0.4,3.6,2.58,Low,Millennials
35250,3.0,3.1,8.2,0.0,5.4,2.79,Low,Millennials
35251,4.3,1.0,6.7,3.5,4.3,2.23,Low,Millennials
35252,7.5,2.5,7.8,2.2,4.0,2.8,Low,Millennials
35253,6.5,0.2,7.3,1.8,3.0,3.0,Low,Millennials
35254,6.7,1.7,8.8,3.5,1.4,2.93,Moderate,Millennials
35255,6.2,2.8,9.6,1.9,4.1,2.56,Moderate,Millennials
35256,5.9,1.5,6.3,1.6,4.9,2.93,Moderate,Millennials
35257,6.7,2.7,6.8,1.5,6.1,2.68,Moderate,Millennials
35258,5.5,2.6,6.6,1.5,5.5,2.38,Low,Millennials
35259,5.4,2.2,7.0,1.2,4.7,3.71,Moderate,Millennials
35260,6.1,1.5,7.3,1.6,2.8,2.58,Low,Millennials
35261,10.0,3.6,8.7,2.7,6.6,3.0,Low,Millennials
35262,4.3,1.5,9.4,1.0,2.0,2.75,Low,Millennials
35263,5.3,2.1,8.8,1.2,4.0,2.68,Moderate,Millennials
35264,8.9,3.3,8.4,3.8,6.7,2.57,Moderate,Millennials
35265,6.4,2.7,9.0,4.2,3.5,3.04,Moderate,Millennials
35266,6.8,0.2,7.4,2.9,5.4,2.72,Moderate,Millennials
35267,3.9,4.3,7.0,2.5,8.0,3.0,Low,Millennials
35268,4.5,2.1,7.1,2.7,3.9,3.26,Moderate,Millennials
35269,6.4,3.6,8.1,2.9,3.7,3.02,Low,Millennials
35270,6.2,2.7,8.3,2.7,6.1,2.87,Moderate,Millennials
35271,9.7,1.3,7.2,2.5,6.2,2.79,Low,Millennials
35272,5.9,0.8,7.6,1.7,3.2,2.72,Low,Millennials
35273,5.8,1.1,9.4,1.3,4.2,2.84,Low,Millennials
35274,6.1,2.0,8.1,2.5,5.5,3.0,Moderate,Millennials
35275,6.0,2.6,8.0,2.6,5.8,2.65,Moderate,Millennials
35276,6.2,2.5,8.6,2.7,2.4,3.38,Low,Millennials
35277,6.9,3.3,7.9,0.6,1.8,2.7,Low,Millennials
35278,3.8,2.4,8.3,2.7,5.9,2.94,Low,Millennials
35279,6.8,1.7,8.5,1.1,2.9,3.18,Moderate,Millennials
35280,5.0,2.4,8.0,2.4,5.4,2.69,Moderate,Millennials
35281,5.6,0.0,7.6,3.4,3.5,3.07,Moderate,Millennials
35282,5.0,3.3,8.5,1.0,5.6,2.74,Moderate,Millennials
35283,4.6,0.4,8.1,3.7,3.4,2.99,Moderate,Millennials
35284,6.8,5.2,7.5,3.6,4.0,2.68,Moderate,Millennials
35285,5.4,4.7,7.7,2.9,3.3,2.96,Low,Millennials
35286,6.2,2.4,7.6,2.3,2.4,2.76,Moderate,Millennials
35287,5.4,2.2,6.4,4.0,5.5,3.03,High,Millennials
35288,6.5,2.8,9.3,3.0,3.9,3.29,Low,Millennials
35289,7.0,2.6,9.0,2.2,5.8,3.15,Moderate,Millennials
35290,5.0,2.7,7.0,1.7,4.4,2.6,Moderate,Millennials
35291,4.9,1.0,7.7,4.8,3.0,2.79,Moderate,Millennials
35292,4.9,2.5,10.0,0.0,1.7,2.85,Moderate,Millennials
35293,5.7,0.6,6.8,2.9,2.6,2.54,Moderate,Millennials
35294,5.9,2.5,9.4,2.8,3.0,3.18,Moderate,Millennials
35295,4.2,2.2,7.6,0.8,5.2,3.23,Low,Millennials
35296,3.3,2.3,6.7,3.5,2.2,2.8,High,Millennials
35297,4.8,1.3,7.2,0.0,3.2,2.73,Low,Millennials
35298,5.3,3.1,8.0,2.3,6.1,2.86,Moderate,Millennials
35299,5.4,1.8,7.5,2.5,5.8,3.01,High,Millennials
35300,5.4,4.5,8.1,3.7,4.6,2.63,Low,Millennials
35301,6.5,2.1,6.1,1.8,5.8,3.31,Moderate,Millennials
35302,6.8,2.2,8.0,2.2,3.8,3.03,High,Millennials
35303,4.2,1.7,8.3,0.7,5.3,3.41,Moderate,Millennials
35304,5.0,0.2,8.6,2.7,3.7,3.54,Low,Millennials
35305,7.3,1.5,6.7,3.5,2.9,3.51,Low,Millennials
35306,4.5,1.6,6.0,3.1,2.8,3.34,Moderate,Millennials
35307,5.8,1.4,7.9,2.6,2.4,3.12,Low,Millennials
35308,5.7,3.1,7.5,3.3,2.4,3.43,Moderate,Millennials
35309,6.8,1.1,8.1,2.2,4.7,2.83,Low,Millennials
35310,7.2,1.4,6.7,2.4,6.5,3.12,Moderate,Millennials
35311,4.9,1.8,7.1,2.8,0.5,2.95,Moderate,Millennials
35312,5.8,4.3,8.2,3.7,2.7,2.58,Moderate,Millennials
35313,4.4,2.1,6.9,1.9,3.4,2.9,Low,Millennials
35314,6.9,2.6,8.4,4.6,3.3,2.26,High,Millennials
35315,5.1,3.2,8.7,0.6,5.8,3.13,Moderate,Millennials
35316,6.0,1.4,7.6,3.7,5.2,3.04,Low,Millennials
35317,7.4,2.8,7.3,1.1,5.0,3.08,Low,Millennials
35318,8.5,2.1,7.7,1.1,3.1,2.71,Moderate,Millennials
35319,4.4,2.9,8.7,1.8,4.3,3.01,Moderate,Millennials
35320,2.5,4.8,7.1,2.2,1.9,3.06,Low,Millennials
35321,7.3,1.4,8.8,1.6,5.6,2.71,Moderate,Millennials
35322,4.1,0.9,7.7,3.0,5.2,2.88,Low,Millennials
35323,6.2,2.7,7.7,2.9,4.6,3.14,Moderate,Millennials
35324,7.2,2.9,7.8,1.7,5.9,3.01,Low,Millennials
35325,5.8,4.9,6.5,2.7,4.4,2.99,Low,Millennials
35326,3.1,1.5,6.6,2.6,3.8,3.34,Moderate,Millennials
35327,7.3,2.0,8.8,2.4,3.6,2.7,Low,Millennials
35328,5.8,2.7,8.0,0.6,4.8,2.59,Low,Millennials
35329,5.8,3.3,6.7,2.0,2.0,2.54,Moderate,Millennials
35330,5.2,2.4,7.9,1.4,6.3,3.43,Moderate,Millennials
35331,4.3,1.6,7.9,1.3,5.6,2.71,Moderate,Millennials
35332,5.4,1.3,9.2,1.5,2.4,2.82,Moderate,Millennials
35333,5.0,1.1,8.7,1.2,5.3,2.76,Moderate,Millennials
35334,7.3,0.9,7.8,2.0,2.8,3.01,Moderate,Millennials
35335,4.6,2.5,7.5,1.9,4.4,2.94,Moderate,Millennials
35336,6.0,2.0,7.8,1.3,5.1,3.59,Moderate,Millennials
35337,4.9,1.8,7.9,3.3,2.7,3.33,Low,Millennials
35338,6.8,2.4,9.6,2.4,6.1,3.26,Low,Millennials
35339,6.7,3.6,5.3,3.4,3.1,2.64,Moderate,Millennials
35340,6.1,2.4,7.9,3.0,3.5,3.13,Low,Millennials
35341,6.1,2.2,8.7,3.6,5.8,2.63,Moderate,Millennials
35342,5.1,1.0,8.6,0.2,3.0,2.94,Low,Millennials
35343,6.3,2.0,6.8,1.9,5.0,3.71,High,Millennials
35344,4.9,3.3,8.2,1.1,3.8,2.97,Moderate,Millennials
35345,5.2,3.5,8.5,1.1,2.7,2.93,High,Millennials
35346,5.6,1.3,6.9,3.8,1.0,3.38,Low,Millennials
35347,5.7,3.1,8.3,1.5,4.4,3.02,Low,Millennials
35348,7.1,1.7,8.6,0.8,5.9,2.94,High,Millennials
35349,7.2,1.2,8.5,4.5,4.3,2.23,Low,Millennials
35350,4.7,0.4,5.2,2.4,5.5,2.95,Low,Millennials
35351,4.3,4.4,8.7,2.0,5.5,2.99,Moderate,Millennials
35352,5.8,1.2,8.8,2.6,4.1,2.86,Low,Millennials
35353,7.5,0.6,7.6,3.0,3.4,2.67,Low,Millennials
35354,6.0,2.8,6.3,1.2,4.7,3.04,Moderate,Millennials
35355,7.0,1.1,6.7,1.7,6.2,2.78,Moderate,Millennials
35356,6.4,3.5,5.8,2.6,3.7,2.7,Moderate,Millennials
35357,6.1,2.2,7.9,3.5,2.4,3.56,High,Millennials
35358,7.8,0.5,7.6,1.6,3.2,3.05,Low,Millennials
35359,5.2,2.5,8.3,2.2,5.2,2.81,Low,Millennials
35360,6.0,2.7,7.4,4.1,2.6,2.74,Moderate,Millennials
35361,6.9,2.6,7.3,3.9,1.9,3.06,Low,Millennials
35362,6.1,3.6,7.0,1.0,3.6,3.15,Moderate,Millennials
35363,4.6,1.7,7.5,0.0,4.7,3.08,Low,Millennials
35364,7.2,1.4,7.5,1.9,4.5,3.09,Moderate,Millennials
35365,5.9,0.8,6.3,3.6,4.1,2.86,Low,Millennials
35366,5.2,2.1,7.6,3.0,2.3,3.35,High,Millennials
35367,6.4,1.6,6.9,1.2,5.5,2.93,High,Millennials
35368,3.9,3.0,7.6,2.7,5.9,3.05,Moderate,Millennials
35369,6.0,0.7,7.1,0.7,2.3,3.22,Moderate,Millennials
35370,5.3,1.4,6.9,2.6,3.1,2.9,High,Millennials
35371,4.9,0.5,7.9,2.5,3.6,2.75,Low,Millennials
35372,7.0,2.2,8.4,1.6,3.9,2.82,Moderate,Millennials
35373,5.1,1.3,6.7,2.0,4.1,3.05,Moderate,Millennials
35374,5.7,3.1,8.3,2.2,4.2,3.13,High,Millennials
35375,4.7,0.8,8.4,2.8,2.5,2.79,Low,Millennials
35376,6.4,2.8,8.0,4.7,5.7,2.52,High,Millennials
35377,6.7,2.1,6.3,1.2,3.5,3.56,Low,Millennials
35378,5.7,3.4,5.8,2.0,4.1,3.03,Low,Millennials
35379,7.0,0.9,7.0,3.2,3.0,3.04,Moderate,Millennials
35380,5.6,1.1,8.1,2.7,5.9,3.24,Moderate,Millennials
35381,6.3,3.4,7.9,3.6,2.4,3.51,Moderate,Millennials
35382,5.2,1.6,9.0,2.6,4.1,3.02,Moderate,Millennials
35383,5.1,3.2,7.4,1.8,6.2,2.91,Low,Millennials
35384,7.2,2.4,8.9,1.2,6.4,3.01,Low,Millennials
35385,7.1,2.7,7.9,4.0,3.8,3.18,Low,Millennials
35386,7.3,1.7,7.9,2.3,6.1,2.55,Moderate,Millennials
35387,6.4,3.3,7.6,2.7,4.4,2.27,Low,Millennials
35388,7.2,4.0,10.0,0.0,3.6,3.28,Low,Millennials
35389,3.4,2.5,8.3,3.2,4.5,3.08,Moderate,Millennials
35390,5.5,3.6,6.4,2.6,4.2,2.92,Low,Millennials
35391,2.6,4.3,8.5,1.8,4.3,2.87,Moderate,Millennials
35392,6.2,2.1,8.9,1.0,4.1,3.28,Moderate,Millennials
35393,5.2,3.7,8.7,2.6,4.0,3.22,Low,Millennials
35394,6.0,1.3,8.5,3.0,5.0,3.33,High,Millennials
35395,4.8,3.2,7.8,3.3,5.3,3.53,Moderate,Millennials
35396,3.2,0.4,8.7,3.4,3.2,2.63,Moderate,Millennials
35397,4.4,3.1,8.3,0.5,6.7,2.34,Moderate,Millennials
35398,3.0,1.1,7.9,1.7,2.8,2.88,Low,Millennials
35399,3.2,2.6,8.4,3.0,5.1,3.32,Moderate,Millennials
35400,5.5,0.3,8.0,0.5,4.4,3.21,Low,Millennials
35401,5.0,2.8,6.0,0.7,4.3,3.22,Low,Millennials
35402,3.6,1.7,8.6,2.6,4.6,2.99,Low,Millennials
35403,5.2,0.7,8.0,4.6,1.9,2.83,Low,Millennials
35404,5.7,2.8,7.5,1.0,4.2,2.97,Low,Millennials
35405,8.8,2.0,8.4,0.8,2.5,2.97,Moderate,Millennials
35406,7.1,3.4,7.2,2.2,4.7,2.81,Moderate,Millennials
35407,5.2,1.6,6.9,3.4,6.4,3.12,Low,Millennials
35408,6.1,0.7,8.2,4.4,4.2,3.12,High,Millennials
35409,4.4,0.8,7.5,3.2,6.6,2.4,Low,Millennials
35410,4.2,2.1,7.4,3.5,2.2,3.35,Low,Millennials
35411,6.4,0.7,7.6,1.7,4.6,3.31,Moderate,Millennials
35412,3.9,2.4,9.2,3.5,1.2,3.14,Low,Millennials
35413,4.7,3.6,8.1,2.0,5.0,3.21,Low,Millennials
35414,4.3,3.4,8.4,2.6,2.9,3.18,Low,Millennials
35415,5.6,2.0,9.2,0.0,3.7,2.69,Low,Millennials
35416,6.6,2.5,7.9,2.5,3.6,3.57,Moderate,Millennials
35417,4.2,0.2,8.3,2.6,2.4,3.43,Moderate,Millennials
35418,4.8,1.1,7.2,1.0,5.1,2.81,Moderate,Millennials
35419,5.8,2.3,7.4,0.7,5.6,2.99,Moderate,Millennials
35420,5.0,2.0,6.9,1.7,5.6,3.38,Moderate,Millennials
35421,4.6,1.6,7.2,4.4,3.0,2.69,Low,Millennials
35422,5.9,1.4,8.3,1.0,3.7,2.97,Moderate,Millennials
35423,6.3,0.8,7.7,2.9,4.5,2.35,Low,Millennials
35424,5.2,3.6,8.0,2.2,5.4,2.9,Moderate,Millennials
35425,6.0,3.9,7.5,2.2,4.8,2.97,Low,Millennials
35426,6.2,2.3,7.0,0.0,2.8,3.08,Moderate,Millennials
35427,5.4,2.6,8.4,1.8,4.2,2.95,Moderate,Millennials
35428,6.9,1.2,8.3,2.6,4.8,3.01,Moderate,Millennials
35429,6.1,2.2,8.0,2.9,5.3,3.37,Moderate,Millennials
35430,4.5,2.1,7.1,1.9,5.5,2.81,Low,Millennials
35431,4.5,1.8,5.2,1.6,3.8,2.74,Moderate,Millennials
35432,5.2,2.1,8.8,4.2,4.0,2.77,High,Millennials
35433,4.4,4.8,7.4,1.2,4.0,3.24,Moderate,Millennials
35434,4.4,1.9,7.8,2.6,4.6,3.02,High,Millennials
35435,8.0,0.9,9.2,1.9,6.6,3.09,Low,Millennials
35436,4.7,3.1,7.5,2.8,5.3,2.97,Low,Millennials
35437,5.9,2.0,6.8,2.7,3.4,2.91,Low,Millennials
35438,5.2,1.4,8.2,1.4,7.3,2.55,Moderate,Millennials
35439,5.6,4.2,8.4,4.4,6.6,3.4,Low,Millennials
35440,8.0,0.9,8.8,2.8,3.9,3.09,High,Millennials
35441,5.1,1.5,7.7,2.3,6.2,3.22,Low,Millennials
35442,4.9,3.1,6.9,0.0,5.8,2.54,Moderate,Millennials
35443,4.5,1.1,7.0,1.6,3.0,3.25,Moderate,Millennials
35444,4.6,3.1,8.4,3.1,6.7,3.28,Moderate,Millennials
35445,6.0,1.5,7.5,2.5,3.6,2.32,High,Millennials
35446,5.6,1.8,7.6,3.2,1.8,2.65,Moderate,Millennials
35447,5.0,2.6,8.7,2.0,5.4,2.37,Moderate,Millennials
35448,4.2,2.1,7.5,3.9,4.9,3.09,Low,Millennials
35449,5.3,3.3,7.5,0.7,1.1,3.55,Moderate,Millennials
35450,6.6,4.3,6.6,2.2,2.8,3.18,Moderate,Millennials
35451,6.8,1.0,8.4,2.1,4.3,3.14,Low,Millennials
35452,6.1,1.2,8.1,0.8,2.4,3.04,Moderate,Millennials
35453,5.0,2.7,7.8,2.1,3.6,2.83,Low,Millennials
35454,3.0,3.2,7.5,3.3,3.0,3.21,High,Millennials
35455,3.7,3.2,7.8,0.9,5.7,3.39,High,Millennials
35456,3.5,1.8,8.0,2.7,4.1,3.0,High,Millennials
35457,8.1,2.3,9.3,2.5,6.6,2.83,Moderate,Millennials
35458,6.7,3.9,7.4,1.7,2.2,3.21,Low,Millennials
35459,4.6,3.2,8.9,3.0,5.0,2.82,Moderate,Millennials
35460,6.8,4.1,8.3,2.7,3.9,2.66,Moderate,Millennials
35461,8.5,3.2,8.3,2.5,3.5,3.1,Low,Millennials
35462,6.8,1.4,7.8,2.8,3.3,2.68,Moderate,Millennials
35463,5.9,2.3,8.4,0.8,1.6,3.41,High,Millennials
35464,4.7,3.1,7.2,2.7,5.4,2.9,Moderate,Millennials
35465,4.6,1.1,7.2,1.6,4.3,3.03,Low,Millennials
35466,3.6,1.4,7.6,0.4,4.1,2.65,Moderate,Millennials
35467,8.6,2.7,6.8,1.1,1.4,3.12,Moderate,Millennials
35468,7.0,2.1,8.5,3.7,8.0,3.17,Moderate,Millennials
35469,7.5,2.6,6.5,2.6,2.2,2.89,Low,Millennials
35470,3.1,0.7,7.8,1.1,4.3,3.07,High,Millennials
35471,3.9,3.3,6.2,3.0,4.0,2.98,Moderate,Millennials
35472,5.4,0.2,7.1,3.5,5.2,3.24,Moderate,Millennials
35473,5.9,0.0,7.7,4.0,4.4,2.88,High,Millennials
35474,8.5,2.4,9.1,1.4,6.7,3.14,Low,Millennials
35475,6.5,1.8,7.9,0.5,3.1,2.93,Low,Millennials
35476,3.6,1.9,9.1,1.6,4.0,3.4,Moderate,Millennials
35477,7.0,0.7,7.9,1.3,5.9,2.66,Moderate,Millennials
35478,5.3,2.3,7.5,0.6,7.7,2.75,Low,Millennials
35479,5.4,2.2,7.2,2.6,6.3,2.92,Low,Millennials
35480,5.3,2.5,8.1,3.5,4.9,2.6,Moderate,Millennials
35481,5.3,2.8,7.3,1.3,3.8,2.52,Moderate,Millennials
35482,3.4,1.3,7.3,3.6,3.8,2.88,Low,Millennials
35483,8.2,3.5,7.5,1.6,3.5,2.58,Low,Millennials
35484,4.3,3.7,7.1,3.3,5.3,2.85,Moderate,Millennials
35485,4.6,0.8,5.3,4.2,5.7,3.2,Low,Millennials
35486,5.3,2.6,7.3,0.8,4.5,3.11,Moderate,Millennials
35487,7.1,1.4,8.4,2.9,2.8,3.14,Moderate,Millennials
35488,6.0,0.6,7.8,2.3,4.6,2.95,Moderate,Millennials
35489,4.1,0.0,8.1,2.4,4.2,3.45,Low,Millennials
35490,2.2,4.6,7.7,2.6,4.0,3.17,Moderate,Millennials
35491,6.7,2.2,6.8,2.8,3.8,2.38,Moderate,Millennials
35492,4.8,1.9,7.0,0.9,4.5,3.25,Moderate,Millennials
35493,5.8,1.9,6.4,4.3,2.1,2.94,Moderate,Millennials
35494,6.1,2.1,7.8,2.2,7.9,2.5,Low,Millennials
35495,4.2,4.3,6.4,2.2,4.4,3.59,Low,Millennials
35496,5.0,3.0,8.2,2.4,4.9,2.89,Low,Millennials
35497,6.2,2.4,7.2,3.7,5.5,2.94,Low,Millennials
35498,5.3,2.6,9.5,2.4,6.4,3.08,Low,Millennials
35499,4.3,1.6,7.9,2.2,5.0,3.14,Moderate,Millennials
35500,3.4,1.4,7.0,2.4,5.2,3.2,Low,Millennials
35501,6.3,1.0,7.7,1.5,5.5,3.17,Low,Millennials
35502,5.3,0.9,7.0,2.4,4.3,3.11,High,Millennials
35503,4.4,0.4,8.5,0.5,4.0,2.87,Moderate,Millennials
35504,6.2,3.3,6.5,3.0,4.6,2.77,High,Millennials
35505,3.9,2.8,9.2,0.8,4.8,3.01,High,Millennials
35506,4.7,2.8,8.7,2.1,5.2,3.4,Moderate,Millennials
35507,3.8,3.7,7.8,2.8,5.1,3.16,Moderate,Millennials
35508,3.5,0.7,7.7,2.8,2.4,3.46,Low,Millennials
35509,4.4,2.3,9.4,1.6,4.4,3.05,Moderate,Millennials
35510,5.6,1.5,8.9,2.1,4.4,2.96,Low,Millennials
35511,5.3,3.9,7.2,1.1,3.3,3.06,Low,Millennials
35512,6.4,3.0,6.8,2.6,5.2,2.4,Moderate,Millennials
35513,4.9,3.5,5.7,1.9,2.6,3.33,Low,Millennials
35514,6.9,3.3,7.6,0.6,3.6,2.74,Moderate,Millennials
35515,4.6,2.4,7.9,1.2,4.9,3.36,Low,Millennials
35516,5.9,3.3,6.5,1.2,6.6,3.15,Low,Millennials
35517,4.8,3.6,8.5,1.9,3.6,3.64,Moderate,Millennials
35518,4.3,2.6,8.2,0.4,5.1,3.23,Moderate,Millennials
35519,7.0,3.2,7.7,3.8,3.9,2.96,Moderate,Millennials
35520,3.3,0.3,8.8,1.6,6.2,3.1,Moderate,Millennials
35521,5.4,3.4,7.5,0.5,3.9,3.44,Moderate,Millennials
35522,6.3,0.2,8.1,2.1,4.9,3.29,Low,Millennials
35523,4.7,1.9,6.0,0.4,4.4,2.75,Moderate,Millennials
35524,6.3,3.3,7.8,2.8,4.3,2.36,Low,Millennials
35525,8.0,0.0,7.1,3.5,4.4,2.78,Low,Millennials
35526,6.8,2.7,8.3,3.8,4.3,3.53,Moderate,Millennials
35527,4.1,3.0,6.1,3.1,2.8,2.45,Low,Millennials
35528,5.5,3.8,8.9,1.3,5.5,2.62,Moderate,Millennials
35529,5.9,1.7,6.4,2.4,4.9,2.82,Moderate,Millennials
35530,3.2,2.5,6.6,1.2,5.9,3.37,High,Millennials
35531,3.8,1.8,7.6,2.9,2.3,3.32,Moderate,Millennials
35532,6.7,2.3,7.8,2.8,2.8,2.84,Moderate,Millennials
35533,5.0,5.1,6.5,1.5,2.4,3.14,Low,Millennials
35534,6.1,1.3,6.6,0.1,4.5,3.22,Moderate,Millennials
35535,7.4,2.5,8.3,0.3,4.7,2.96,Low,Millennials
35536,8.5,1.4,7.0,2.4,8.0,2.95,Low,Millennials
35537,5.7,2.4,7.0,0.9,4.2,2.82,Moderate,Millennials
35538,5.5,2.1,7.6,0.3,3.0,3.03,High,Millennials
35539,4.9,1.4,8.8,1.2,4.4,3.25,Low,Millennials
35540,6.7,3.0,8.5,3.8,2.0,3.08,Low,Millennials
35541,7.4,1.9,6.5,2.4,3.9,2.9,High,Millennials
35542,6.5,1.6,8.1,2.0,3.9,2.95,Moderate,Millennials
35543,7.0,2.9,8.7,2.0,3.5,3.52,Moderate,Millennials
35544,4.4,3.9,8.8,2.6,5.5,2.6,Moderate,Millennials
35545,7.7,3.6,7.8,1.9,3.4,2.88,Low,Millennials
35546,5.0,1.6,8.3,2.0,4.7,3.59,Low,Millennials
35547,7.1,1.2,7.0,2.6,6.0,3.2,Moderate,Millennials
35548,4.4,2.2,8.6,2.0,5.3,2.96,Moderate,Millennials
35549,6.4,4.6,7.7,1.3,5.3,3.0,Moderate,Millennials
35550,4.8,3.3,8.7,1.2,2.9,3.11,Low,Millennials
35551,4.7,1.5,7.2,1.3,4.2,2.52,Low,Millennials
35552,4.2,1.5,7.8,2.6,7.5,2.64,Moderate,Millennials
35553,7.7,3.5,7.3,1.7,4.5,2.77,Low,Millennials
35554,3.9,2.6,7.9,3.6,5.6,2.56,Low,Millennials
35555,5.9,2.4,6.7,1.4,3.0,2.86,Low,Millennials
35556,6.7,3.0,8.4,1.7,2.4,2.96,Low,Millennials
35557,4.4,3.1,7.8,2.0,4.1,2.69,Moderate,Millennials
35558,6.9,3.3,8.2,1.4,3.2,3.17,Moderate,Millennials
35559,5.6,0.0,8.7,1.3,5.0,2.79,High,Millennials
35560,5.4,3.1,8.8,2.6,3.4,3.02,Low,Millennials
35561,6.3,2.5,6.9,2.4,6.1,3.23,Low,Millennials
35562,7.4,0.8,8.1,2.6,5.5,2.69,High,Millennials
35563,7.0,1.8,6.5,0.9,5.9,3.01,Moderate,Millennials
35564,7.6,2.1,8.0,2.3,3.9,3.22,Moderate,Millennials
35565,5.4,3.2,7.6,4.2,5.6,2.7,Moderate,Millennials
35566,5.5,1.9,8.6,2.4,3.7,3.51,Low,Millennials
35567,6.4,2.2,8.5,3.0,3.1,2.77,Moderate,Millennials
35568,5.1,1.2,7.9,1.7,7.0,2.53,Low,Millennials
35569,6.2,1.9,6.7,2.3,2.1,2.99,Moderate,Millennials
35570,5.3,1.9,7.4,2.7,4.5,2.53,Moderate,Millennials
35571,5.4,1.2,8.5,2.5,2.9,2.91,Moderate,Millennials
35572,5.2,4.5,6.7,2.1,4.9,2.98,Moderate,Millennials
35573,6.0,0.8,8.8,1.3,4.8,3.2,Low,Millennials
35574,5.2,1.6,8.3,2.6,4.2,3.09,High,Millennials
35575,7.8,0.9,7.0,1.9,4.9,2.86,Low,Millennials
35576,6.9,1.2,7.7,0.8,3.2,2.75,Moderate,Millennials
35577,6.6,2.9,7.0,1.0,4.3,3.26,Moderate,Millennials
35578,5.8,2.1,7.4,1.6,4.3,2.66,Low,Millennials
35579,7.0,2.0,6.3,2.6,1.7,2.46,Low,Millennials
35580,4.0,2.4,9.2,3.5,4.7,2.26,Moderate,Millennials
35581,5.3,1.2,7.2,2.3,6.5,2.65,Low,Millennials
35582,7.7,0.7,8.5,3.9,5.3,2.77,Moderate,Millennials
35583,7.1,1.0,7.6,1.1,3.2,3.26,Moderate,Millennials
35584,5.8,4.6,7.9,2.2,5.5,2.79,Moderate,Millennials
35585,5.8,3.5,7.8,3.1,4.6,3.22,Low,Millennials
35586,6.6,0.8,6.5,2.8,5.9,3.17,Low,Millennials
35587,7.5,1.8,8.3,1.7,1.4,3.03,Low,Millennials
35588,5.7,3.5,8.2,0.6,3.9,2.95,Low,Millennials
35589,2.1,2.5,7.2,0.2,6.5,2.87,Low,Millennials
35590,7.5,2.1,7.6,2.7,3.0,3.27,Moderate,Millennials
35591,2.8,3.9,7.5,1.4,4.3,2.93,High,Millennials
35592,6.5,1.3,9.0,3.3,4.4,3.0,Moderate,Millennials
35593,6.7,2.8,8.7,2.0,2.9,2.85,Moderate,Millennials
35594,5.0,3.1,7.8,3.1,3.6,2.58,High,Millennials
35595,4.7,1.2,8.2,3.9,3.4,2.75,Moderate,Millennials
35596,4.0,1.4,8.1,1.2,5.2,3.09,Moderate,Millennials
35597,5.4,1.3,8.4,1.3,7.0,2.73,Low,Millennials
35598,5.8,3.0,6.8,3.0,5.8,3.17,Low,Millennials
35599,4.6,3.5,8.6,1.5,4.2,2.94,Moderate,Millennials
35600,6.6,1.5,7.5,2.4,4.3,2.5,Moderate,Millennials
35601,6.4,2.1,7.5,2.0,5.2,2.67,Low,Millennials
35602,4.5,2.9,6.8,2.9,6.0,3.92,High,Millennials
35603,5.4,0.6,7.9,1.6,5.2,2.22,Low,Millennials
35604,4.7,1.7,9.8,3.0,3.1,2.73,Moderate,Millennials
35605,6.4,1.4,8.8,3.0,4.3,3.02,Low,Millennials
35606,6.8,1.7,7.3,3.4,5.5,3.42,High,Millennials
35607,5.4,3.7,9.5,2.5,4.1,2.96,Low,Millennials
35608,6.5,0.2,5.7,2.4,5.7,3.0,Moderate,Millennials
35609,5.4,1.8,9.0,4.4,5.5,2.99,Low,Millennials
35610,5.5,0.1,7.8,1.6,2.6,3.41,Low,Millennials
35611,7.1,5.3,9.1,2.7,6.0,2.95,Moderate,Millennials
35612,3.8,2.5,8.4,3.0,3.9,2.91,High,Millennials
35613,4.9,2.5,8.8,3.0,3.0,3.4,High,Millennials
35614,5.5,3.5,7.4,0.4,3.2,3.3,Moderate,Millennials
35615,5.7,1.8,5.9,2.3,2.5,3.21,Moderate,Millennials
35616,5.8,3.4,9.4,0.3,4.0,2.53,High,Millennials
35617,5.3,1.3,7.8,4.2,4.0,3.2,Moderate,Millennials
35618,5.8,2.2,9.3,1.6,2.0,3.39,Low,Millennials
35619,4.1,0.3,8.5,1.2,3.7,3.13,Moderate,Millennials
35620,5.0,2.2,8.1,2.4,4.3,3.18,High,Millennials
35621,6.2,2.6,7.8,2.0,2.7,3.33,High,Millennials
35622,7.8,1.9,6.5,2.8,4.4,2.57,Moderate,Millennials
35623,7.9,0.0,7.1,3.6,5.3,3.1,Moderate,Millennials
35624,6.5,4.2,7.5,0.2,4.4,3.09,Low,Millennials
35625,7.1,2.3,7.7,1.8,1.0,2.73,Moderate,Millennials
35626,3.2,4.0,8.7,3.6,4.0,2.59,Low,Millennials
35627,4.9,2.5,8.6,0.7,4.6,2.88,High,Millennials
35628,6.5,1.3,7.4,2.3,6.1,2.56,Low,Millennials
35629,3.2,2.4,8.1,1.8,5.2,3.08,Moderate,Millennials
35630,6.7,1.1,6.7,2.7,5.9,2.9,Moderate,Millennials
35631,7.0,2.6,6.9,2.9,6.0,2.53,Low,Millennials
35632,7.2,2.6,8.6,2.1,4.7,2.52,Moderate,Millennials
35633,4.4,2.8,9.0,1.3,3.7,3.05,Moderate,Millennials
35634,5.8,1.7,8.5,2.9,5.2,3.21,Moderate,Millennials
35635,5.7,3.6,7.5,0.7,6.3,3.48,Low,Millennials
35636,7.3,3.5,6.9,2.0,6.5,2.79,Moderate,Millennials
35637,4.6,1.9,7.5,2.4,1.6,3.0,Moderate,Millennials
35638,5.1,1.8,8.9,1.8,2.9,3.12,Low,Millennials
35639,4.1,1.9,7.7,1.0,5.1,2.81,Moderate,Millennials
35640,5.8,3.2,6.3,1.3,3.6,3.06,Moderate,Millennials
35641,4.7,5.0,9.1,1.4,4.5,2.75,Moderate,Millennials
35642,4.1,5.3,9.2,2.1,4.3,2.94,High,Millennials
35643,6.6,2.2,8.5,3.2,5.1,2.9,Moderate,Millennials
35644,4.2,3.1,7.7,1.6,5.3,2.67,Moderate,Millennials
35645,6.1,2.2,8.9,2.0,4.7,2.61,Moderate,Millennials
35646,8.0,1.6,7.9,1.8,3.4,3.03,Moderate,Millennials
35647,6.7,1.8,7.4,2.9,3.2,3.34,Moderate,Millennials
35648,4.5,0.7,5.4,2.2,5.5,2.85,Moderate,Millennials
35649,5.7,2.3,9.2,0.9,3.9,2.75,Moderate,Millennials
35650,5.8,3.1,6.5,0.4,3.7,3.23,Moderate,Millennials
35651,6.3,3.3,6.0,2.4,7.2,2.59,Moderate,Millennials
35652,5.6,2.3,7.1,2.0,7.5,2.7,Moderate,Millennials
35653,3.1,1.5,6.8,0.8,4.1,2.94,Moderate,Millennials
35654,4.9,2.4,6.8,1.8,4.4,2.8,Low,Millennials
35655,5.4,3.2,7.9,2.1,5.0,2.94,Low,Millennials
35656,6.0,2.8,6.7,3.5,4.5,2.66,Moderate,Millennials
35657,6.6,2.0,7.3,2.9,3.5,3.17,High,Millennials
35658,6.0,3.7,8.1,1.7,4.7,2.68,Moderate,Millennials
35659,6.4,1.1,8.1,4.4,4.0,3.55,Low,Millennials
35660,4.3,2.0,7.3,0.7,4.4,3.28,Low,Millennials
35661,6.2,2.6,8.2,1.2,1.5,3.16,Low,Millennials
35662,6.1,1.3,6.2,1.9,3.9,3.31,Moderate,Millennials
35663,6.7,3.7,7.9,2.4,2.0,2.89,Moderate,Millennials
35664,4.8,1.4,8.3,2.1,3.9,3.53,Moderate,Millennials
35665,5.6,1.1,8.5,1.1,3.4,2.85,Moderate,Millennials
35666,7.4,2.2,7.9,3.0,3.1,3.34,Low,Millennials
35667,4.9,3.0,6.5,1.3,4.6,2.61,Low,Millennials
35668,3.4,0.8,7.1,3.2,2.6,2.93,Moderate,Millennials
35669,5.6,3.6,8.6,0.8,3.4,3.09,Low,Millennials
35670,5.7,2.8,8.9,3.3,3.5,2.87,Moderate,Millennials
35671,7.1,2.1,8.9,2.5,4.8,3.17,Low,Millennials
35672,5.6,0.0,8.9,0.8,5.1,3.24,Moderate,Millennials
35673,4.6,1.8,8.0,2.0,7.7,2.53,Low,Millennials
35674,7.0,1.5,6.7,3.4,5.0,2.54,Moderate,Millennials
35675,5.2,2.3,8.1,3.6,6.4,2.51,High,Millennials
35676,7.0,0.8,7.5,2.1,3.2,3.16,Moderate,Millennials
35677,5.0,0.7,5.9,2.0,3.0,2.67,Low,Millennials
35678,3.9,1.7,7.7,1.2,4.1,3.22,Moderate,Millennials
35679,6.0,4.4,8.2,2.1,3.2,3.01,Moderate,Millennials
35680,4.4,2.8,7.6,2.4,4.2,3.55,Moderate,Millennials
35681,5.6,2.1,8.7,3.2,1.8,2.95,High,Millennials
35682,4.6,2.5,9.2,1.6,2.5,3.66,Moderate,Millennials
35683,6.4,2.7,8.8,3.1,5.4,3.32,Moderate,Millennials
35684,6.5,3.2,8.7,2.0,4.1,3.38,Moderate,Millennials
35685,3.8,1.7,8.1,2.3,4.2,2.59,Low,Millennials
35686,7.9,2.7,8.1,1.7,3.2,3.42,Moderate,Millennials
35687,6.1,0.9,8.2,2.0,4.7,2.91,High,Millennials
35688,6.2,1.7,7.7,2.5,3.2,3.19,Moderate,Millennials
35689,7.3,2.6,8.4,3.3,3.6,3.29,Moderate,Millennials
35690,4.8,2.7,7.9,3.7,4.8,3.01,Low,Millennials
35691,8.2,2.2,7.1,2.8,5.7,2.96,Moderate,Millennials
35692,5.9,0.9,7.5,0.4,2.7,2.88,Low,Millennials
35693,5.6,1.8,7.5,2.3,6.3,2.75,High,Millennials
35694,4.8,0.0,7.9,2.4,5.0,3.14,High,Millennials
35695,5.6,4.2,8.5,0.8,5.5,2.73,Low,Millennials
35696,7.2,1.3,6.7,0.9,2.9,2.92,Moderate,Millennials
35697,5.5,1.5,6.6,1.9,4.1,3.09,Low,Millennials
35698,6.8,2.4,8.2,2.8,4.2,2.87,Moderate,Millennials
35699,6.6,1.6,7.6,2.1,4.6,2.97,Moderate,Millennials
35700,3.9,2.5,8.6,1.5,3.5,2.85,Moderate,Millennials
35701,5.9,3.2,9.1,4.7,2.2,2.92,High,Millennials
35702,6.3,1.1,8.2,1.4,3.1,3.05,Moderate,Millennials
35703,8.0,1.3,8.2,2.0,5.5,2.59,Moderate,Millennials
35704,6.3,0.0,8.2,3.4,4.1,2.77,Moderate,Millennials
35705,4.9,2.2,7.8,3.1,3.6,2.92,High,Millennials
35706,6.5,1.1,7.6,3.1,5.5,2.5,Low,Millennials
35707,6.2,3.9,7.3,3.9,4.5,2.69,Moderate,Millennials
35708,5.2,4.1,8.4,1.1,4.2,2.72,Low,Millennials
35709,4.4,1.1,8.7,1.6,4.1,3.06,High,Millennials
35710,5.7,1.4,8.3,2.6,2.4,3.08,Moderate,Millennials
35711,6.9,4.1,7.2,2.5,3.4,2.45,Low,Millennials
35712,4.7,4.1,7.2,2.6,2.9,3.14,Moderate,Millennials
35713,6.9,2.3,9.0,1.3,4.6,2.95,Moderate,Millennials
35714,5.9,2.6,7.9,4.0,5.6,2.92,Moderate,Millennials
35715,5.2,2.7,7.9,0.6,5.4,2.79,Moderate,Millennials
35716,5.7,1.8,6.8,2.3,4.1,3.25,Moderate,Millennials
35717,3.4,4.0,8.4,0.5,4.6,2.91,Low,Millennials
35718,4.8,1.9,7.8,3.8,4.5,3.14,Low,Millennials
35719,8.1,1.0,7.1,0.0,4.6,3.08,High,Millennials
35720,6.4,2.5,8.4,1.2,5.3,2.8,Low,Millennials
35721,5.7,1.4,8.5,4.0,1.4,3.04,Moderate,Millennials
35722,3.9,1.9,8.4,1.9,2.6,3.38,Moderate,Millennials
35723,4.7,0.6,7.9,2.4,4.4,2.94,Moderate,Millennials
35724,5.2,3.0,9.1,1.8,4.6,3.36,Moderate,Millennials
35725,3.9,1.6,6.8,4.7,3.2,3.28,Moderate,Millennials
35726,4.1,2.5,7.0,2.9,2.7,2.7,Moderate,Millennials
35727,5.0,0.0,8.3,0.6,4.1,3.16,Moderate,Millennials
35728,5.6,2.3,9.5,1.8,1.8,2.75,Low,Millennials
35729,3.2,1.2,7.7,0.7,4.1,2.88,Low,Millennials
35730,6.7,2.3,7.2,2.5,4.4,3.35,High,Millennials
35731,5.2,1.2,7.6,1.9,4.6,2.89,Low,Millennials
35732,7.4,2.3,6.2,2.6,2.9,4.0,Low,Millennials
35733,4.9,4.2,7.4,2.9,5.4,3.12,Moderate,Millennials
35734,5.6,0.6,8.0,2.6,4.2,2.83,Moderate,Millennials
35735,5.5,3.4,8.5,2.6,4.9,2.81,High,Millennials
35736,5.1,1.2,8.9,2.5,3.7,2.9,Moderate,Millennials
35737,4.8,1.0,7.2,0.9,1.9,2.68,Moderate,Millennials
35738,6.4,1.8,8.4,3.1,5.3,3.21,Low,Millennials
35739,7.0,2.6,8.0,3.4,5.9,2.96,Low,Millennials
35740,5.1,2.7,6.0,1.8,2.2,3.29,Moderate,Millennials
35741,5.2,1.8,8.6,1.9,3.9,2.92,Moderate,Millennials
35742,5.0,1.5,7.8,1.5,3.9,3.22,High,Millennials
35743,4.9,1.8,7.7,3.6,5.8,3.1,Moderate,Millennials
35744,2.3,2.3,8.0,1.2,4.3,3.19,Low,Millennials
35745,5.9,1.4,7.5,1.8,3.2,2.82,Moderate,Millennials
35746,6.3,0.4,7.7,2.5,6.2,2.9,Low,Millennials
35747,7.2,1.6,7.8,1.7,5.3,3.59,Moderate,Millennials
35748,7.2,1.0,7.6,2.2,5.5,3.18,Low,Millennials
35749,5.7,4.0,9.1,1.5,5.2,2.82,Moderate,Millennials
35750,4.2,1.6,6.2,1.0,5.1,3.15,Moderate,Millennials
35751,5.4,3.0,9.7,1.9,6.0,3.22,Low,Millennials
35752,6.4,1.9,7.3,1.5,3.8,2.59,Moderate,Millennials
35753,5.6,4.0,5.6,5.2,3.2,3.23,Low,Millennials
35754,7.9,2.0,7.6,2.8,2.5,3.1,High,Millennials
35755,6.6,2.3,7.7,3.6,4.3,2.77,Moderate,Millennials
35756,5.0,2.3,8.7,0.8,4.2,2.7,Moderate,Millennials
35757,5.4,3.1,6.5,1.1,5.0,3.34,High,Millennials
35758,4.1,1.2,7.8,2.3,3.8,2.74,Moderate,Millennials
35759,5.9,1.1,7.1,2.1,3.7,3.52,Low,Millennials
35760,8.8,2.0,9.1,1.2,2.9,2.95,Moderate,Millennials
35761,4.7,0.7,6.5,2.5,3.9,3.22,Moderate,Millennials
35762,6.3,0.9,7.5,2.7,4.7,3.07,Moderate,Millennials
35763,4.6,0.8,7.8,2.9,3.1,2.42,Moderate,Millennials
35764,4.1,3.5,7.3,4.1,1.5,2.39,Moderate,Millennials
35765,9.0,1.4,5.0,3.8,6.9,2.97,Low,Millennials
35766,6.2,2.0,7.7,2.9,4.2,2.9,High,Millennials
35767,5.7,2.0,7.5,1.6,4.3,2.78,Low,Millennials
35768,5.2,3.0,8.0,2.5,3.4,2.93,Low,Millennials
35769,6.0,2.0,6.7,2.4,4.0,3.4,Moderate,Millennials
35770,3.4,3.7,8.6,1.3,3.4,2.91,Moderate,Millennials
35771,5.3,3.5,7.6,2.1,6.1,2.84,Low,Millennials
35772,5.5,3.2,7.5,1.6,6.4,2.75,Moderate,Millennials
35773,4.6,1.8,7.7,2.6,5.3,3.01,Low,Millennials
35774,6.4,0.8,8.7,3.4,5.9,2.69,High,Millennials
35775,5.7,3.2,5.4,2.2,2.8,2.84,Moderate,Millennials
35776,5.1,3.4,7.9,4.4,5.7,3.31,Moderate,Millennials
35777,7.8,2.0,6.9,2.7,1.4,3.07,Low,Millennials
35778,5.0,1.3,7.9,0.3,3.1,2.75,Moderate,Millennials
35779,5.4,2.6,7.8,1.7,5.7,3.33,Moderate,Millennials
35780,5.1,0.6,8.2,1.8,3.6,2.97,Low,Millennials
35781,8.0,1.2,7.6,2.8,4.6,3.27,Low,Millennials
35782,6.6,3.9,6.7,2.3,3.8,3.05,Low,Millennials
35783,5.8,2.3,9.6,2.4,6.1,3.25,Low,Millennials
35784,5.0,2.4,5.0,3.1,4.8,3.07,High,Millennials
35785,5.8,1.9,8.6,2.8,2.1,2.82,Low,Millennials
35786,7.4,1.6,8.3,1.8,3.1,3.25,Low,Millennials
35787,6.9,2.3,7.7,1.0,5.3,2.75,Moderate,Millennials
35788,6.5,1.5,8.1,4.0,5.0,3.44,Moderate,Millennials
35789,4.8,0.8,8.3,1.3,6.5,2.94,Low,Millennials
35790,4.5,2.0,7.2,2.7,6.5,2.96,Low,Millennials
35791,5.2,1.4,6.4,1.1,2.6,2.5,Moderate,Millennials
35792,8.9,2.9,8.5,2.9,4.0,2.86,Moderate,Millennials
35793,3.6,2.0,7.2,3.0,0.1,3.19,Moderate,Millennials
35794,6.8,3.2,6.7,0.9,3.3,2.62,Low,Millennials
35795,5.2,3.8,8.1,0.0,4.5,2.63,Moderate,Millennials
35796,7.1,1.7,10.0,4.2,3.5,2.71,Low,Millennials
35797,4.2,2.1,8.9,1.7,7.2,2.83,Moderate,Millennials
35798,5.4,2.8,8.7,2.8,4.1,2.86,Moderate,Millennials
35799,8.0,0.0,8.4,2.0,4.8,2.77,High,Millennials
35800,6.2,2.9,7.6,4.5,5.3,2.94,High,Millennials
35801,4.7,1.4,7.3,2.1,5.6,3.09,Low,Millennials
35802,4.9,3.0,7.6,0.5,4.9,3.07,Low,Millennials
35803,5.3,2.0,7.7,0.6,3.0,3.36,Moderate,Millennials
35804,3.8,1.8,9.4,1.3,3.5,3.1,Low,Millennials
35805,5.5,1.8,7.9,2.6,8.0,2.56,Moderate,Millennials
35806,5.0,2.0,7.9,1.0,4.0,2.95,Moderate,Millennials
35807,6.5,2.1,8.3,0.9,3.2,2.77,Moderate,Millennials
35808,6.9,2.0,8.0,1.0,5.1,2.87,Low,Millennials
35809,7.1,2.8,7.9,2.9,2.6,2.35,Moderate,Millennials
35810,4.8,3.6,8.3,0.0,3.1,2.93,Low,Millennials
35811,8.0,1.3,6.6,2.2,3.3,3.14,Low,Millennials
35812,3.7,0.2,7.5,3.1,4.6,3.35,Moderate,Millennials
35813,5.9,2.2,8.9,3.0,3.4,2.83,Moderate,Millennials
35814,5.9,0.3,8.6,3.9,5.5,2.56,Moderate,Millennials
35815,7.5,3.6,8.7,3.2,3.9,2.89,Moderate,Millennials
35816,4.8,2.7,7.0,1.3,5.0,2.5,Low,Millennials
35817,4.4,3.0,9.2,1.4,3.0,2.73,Low,Millennials
35818,4.8,1.5,7.5,2.6,4.2,2.68,Low,Millennials
35819,4.8,3.4,7.8,1.5,5.3,2.64,Moderate,Millennials
35820,4.6,1.5,7.5,3.4,2.3,2.8,Moderate,Millennials
35821,6.5,3.7,8.5,3.3,5.6,2.46,Moderate,Millennials
35822,5.1,0.9,8.1,2.9,7.2,2.87,Moderate,Millennials
35823,4.8,0.7,7.7,1.5,4.1,3.33,Moderate,Millennials
35824,4.5,0.0,6.0,2.2,3.5,3.31,Moderate,Millennials
35825,5.9,2.7,8.4,1.7,5.1,2.71,Moderate,Millennials
35826,6.8,1.7,7.8,2.3,3.1,2.8,Moderate,Millennials
35827,8.5,3.2,8.7,2.3,5.2,3.38,Low,Millennials
35828,7.4,4.8,7.4,2.4,4.2,2.99,Moderate,Millennials
35829,5.8,2.6,9.4,1.2,2.9,3.39,Low,Millennials
35830,4.5,1.2,7.4,3.3,4.7,3.26,Low,Millennials
35831,7.4,2.9,6.8,1.7,4.4,3.57,Moderate,Millennials
35832,5.7,2.3,7.9,1.1,4.5,3.07,Low,Millennials
35833,5.1,3.1,7.9,2.0,3.8,3.05,Low,Millennials
35834,5.0,3.8,8.5,2.3,3.3,3.14,High,Millennials
35835,4.5,0.6,8.2,3.5,5.1,3.14,Low,Millennials
35836,5.6,1.4,6.6,2.9,2.4,3.33,High,Millennials
35837,7.3,1.7,7.1,0.5,4.3,2.93,Moderate,Millennials
35838,6.0,2.1,7.0,1.3,5.1,2.61,Moderate,Millennials
35839,6.1,1.8,7.9,0.0,6.9,3.05,Low,Millennials
35840,5.4,0.9,9.0,0.9,3.1,2.7,Moderate,Millennials
35841,6.0,2.5,8.0,2.7,4.3,3.22,Moderate,Millennials
35842,5.3,2.1,6.1,2.3,4.9,2.67,Moderate,Millennials
35843,6.4,2.6,8.8,2.1,8.0,3.3,Low,Millennials
35844,3.7,1.7,7.8,2.3,5.5,3.06,Moderate,Millennials
35845,5.0,3.5,9.5,2.9,5.7,3.26,Moderate,Millennials
35846,6.3,1.3,6.9,0.0,6.7,2.84,Low,Millennials
35847,4.5,2.5,7.2,4.0,4.3,3.43,Moderate,Millennials
35848,6.2,3.2,8.4,3.7,4.3,2.69,High,Millennials
35849,5.4,1.9,7.7,0.9,1.7,3.08,Moderate,Millennials
35850,8.0,3.2,6.1,2.9,4.5,2.85,Low,Millennials
35851,7.6,2.1,8.3,1.9,4.8,2.82,Moderate,Millennials
35852,7.2,6.0,7.2,2.5,5.1,2.97,Low,Millennials
35853,5.2,0.0,7.5,0.8,3.8,3.12,Moderate,Millennials
35854,7.0,2.8,7.8,2.4,3.2,3.45,High,Millennials
35855,6.9,3.6,8.6,1.9,5.9,3.05,Moderate,Millennials
35856,6.3,2.8,8.9,2.1,3.6,3.67,Moderate,Millennials
35857,7.2,2.3,8.6,2.4,1.3,2.17,Moderate,Millennials
35858,3.3,2.7,7.3,3.9,5.7,3.29,Low,Millennials
35859,7.6,1.0,9.1,1.1,0.1,3.16,High,Millennials
35860,2.4,2.9,9.0,3.2,3.3,3.03,Moderate,Millennials
35861,5.5,1.2,7.6,1.6,3.5,2.94,Low,Millennials
35862,7.8,3.5,7.9,2.7,2.8,3.09,Low,Millennials
35863,4.9,2.7,6.2,1.4,4.2,2.93,High,Millennials
35864,5.7,1.6,7.0,1.0,2.2,2.46,Moderate,Millennials
35865,8.2,2.8,8.2,2.1,3.5,2.94,Low,Millennials
35866,5.1,0.3,6.9,4.3,2.9,3.15,Low,Millennials
35867,8.0,2.7,7.6,1.2,2.7,3.09,Moderate,Millennials
35868,7.0,1.5,6.8,1.7,5.8,2.42,Low,Millennials
35869,7.0,3.3,7.3,0.5,5.1,3.26,Moderate,Millennials
35870,5.0,2.7,7.7,2.8,4.3,2.71,Moderate,Millennials
35871,6.8,2.4,8.7,2.3,4.3,3.81,Moderate,Millennials
35872,6.6,3.1,9.6,1.4,3.4,2.88,Moderate,Millennials
35873,6.5,1.9,7.7,3.5,5.2,3.63,Moderate,Millennials
35874,7.8,3.1,7.7,0.4,4.8,2.93,Low,Millennials
35875,4.0,2.5,8.5,4.7,5.2,2.87,Moderate,Millennials
35876,3.8,4.5,6.9,0.8,5.2,2.99,High,Millennials
35877,5.4,3.3,8.6,0.7,4.7,3.78,High,Millennials
35878,6.4,1.8,6.4,2.3,4.9,2.96,Moderate,Millennials
35879,6.6,2.3,8.5,3.9,3.8,3.3,Low,Millennials
35880,5.5,0.0,7.4,3.0,6.7,2.94,High,Millennials
35881,3.2,2.3,8.2,1.1,5.8,2.49,Moderate,Millennials
35882,5.5,2.1,9.0,3.7,3.8,3.11,High,Millennials
35883,3.5,0.0,8.0,2.8,0.3,3.14,High,Millennials
35884,5.0,3.4,7.2,2.1,3.9,2.98,Moderate,Millennials
35885,5.8,0.8,7.9,3.0,4.5,3.11,High,Millennials
35886,5.0,2.7,8.4,1.9,5.1,3.2,Low,Millennials
35887,4.8,0.3,8.2,1.0,7.8,2.98,Moderate,Millennials
35888,6.4,0.0,8.5,1.6,5.0,2.67,Moderate,Millennials
35889,5.4,2.3,8.0,2.1,2.7,3.1,Low,Millennials
35890,6.8,2.7,7.5,1.4,4.8,2.89,Low,Millennials
35891,5.5,4.0,6.5,2.1,6.2,2.69,Low,Millennials
35892,4.5,3.6,8.8,1.6,5.5,3.02,Moderate,Millennials
35893,5.3,2.1,7.4,1.9,6.9,3.21,Moderate,Millennials
35894,5.1,0.1,7.4,3.6,1.6,2.42,Moderate,Millennials
35895,4.7,3.3,9.8,0.0,5.5,3.37,High,Millennials
35896,5.0,1.5,9.2,0.0,3.9,3.02,Moderate,Millennials
35897,6.7,1.5,8.3,2.9,4.7,2.89,Low,Millennials
35898,2.9,3.9,9.3,3.1,5.0,2.99,Moderate,Millennials
35899,5.4,1.3,7.1,0.7,5.8,3.05,Moderate,Millennials
35900,5.3,0.1,7.5,2.4,2.7,3.36,High,Millennials
35901,6.0,2.1,7.6,1.0,5.3,2.39,Low,Millennials
35902,6.5,0.6,8.5,1.9,3.3,2.6,Moderate,Millennials
35903,4.0,1.9,6.4,0.8,4.2,2.67,Moderate,Millennials
35904,5.7,2.2,5.9,1.6,1.7,2.72,Moderate,Millennials
35905,5.5,2.7,8.5,0.0,3.5,3.24,Low,Millennials
35906,5.6,0.2,9.7,1.0,4.2,3.07,Low,Millennials
35907,6.0,2.7,6.3,2.2,4.7,2.95,High,Millennials
35908,6.3,1.4,7.8,2.5,4.4,3.1,Low,Millennials
35909,4.0,3.5,8.5,3.5,1.9,3.34,Moderate,Millennials
35910,6.6,4.8,8.6,2.4,4.2,2.53,Moderate,Millennials
35911,5.1,3.4,8.1,1.8,6.4,3.02,Low,Millennials
35912,4.8,0.4,9.1,3.2,2.9,2.99,Moderate,Millennials
35913,5.8,0.0,9.0,2.2,3.8,3.36,Moderate,Millennials
35914,3.5,4.0,7.6,2.0,3.5,3.16,Moderate,Millennials
35915,4.3,1.7,8.7,2.0,4.4,3.61,Moderate,Millennials
35916,4.8,4.8,8.2,3.6,5.3,3.08,Moderate,Millennials
35917,4.8,2.8,7.4,0.7,4.5,2.9,Moderate,Millennials
35918,5.9,1.9,7.5,1.9,5.2,2.8,High,Millennials
35919,9.0,3.1,7.4,0.6,2.6,3.11,Low,Millennials
35920,6.7,1.7,7.2,3.2,3.6,3.45,Low,Millennials
35921,6.3,2.3,6.4,2.1,3.7,2.59,Moderate,Millennials
35922,4.1,2.6,9.1,1.4,3.7,3.41,Low,Millennials
35923,5.5,3.0,10.0,2.1,3.3,3.59,Low,Millennials
35924,5.6,2.4,9.0,2.8,4.3,2.89,Low,Millennials
35925,6.3,3.0,6.3,2.5,6.2,2.65,Moderate,Millennials
35926,6.7,2.4,7.2,2.1,4.2,2.91,Moderate,Millennials
35927,7.6,2.3,7.4,2.4,3.0,2.83,Moderate,Millennials
35928,6.4,3.2,9.3,1.9,3.9,3.22,Moderate,Millennials
35929,3.9,5.5,8.3,3.2,7.4,3.2,Moderate,Millennials
35930,4.9,2.1,7.3,0.9,4.8,2.89,Moderate,Millennials
35931,6.2,0.8,8.3,1.3,3.5,2.91,Moderate,Millennials
35932,5.6,2.2,8.2,2.3,6.6,3.22,Moderate,Millennials
35933,8.2,0.9,7.5,4.1,3.4,3.05,Moderate,Millennials
35934,2.7,3.2,7.6,2.8,3.8,3.25,Low,Millennials
35935,3.8,2.9,7.5,1.4,4.7,3.08,Low,Millennials
35936,6.8,2.8,7.9,2.4,2.6,2.75,Moderate,Millennials
35937,5.7,1.8,7.0,2.0,4.9,2.75,Low,Millennials
35938,5.9,0.9,7.2,0.7,3.7,2.79,Low,Millennials
35939,5.7,2.1,7.1,3.3,5.1,3.67,Moderate,Millennials
35940,5.6,1.8,8.2,1.5,3.9,2.72,Low,Millennials
35941,7.8,2.5,7.5,0.2,6.8,3.18,Low,Millennials
35942,6.6,4.9,5.8,2.1,4.5,2.7,Moderate,Millennials
35943,8.3,3.6,7.4,2.4,5.1,3.44,High,Millennials
35944,4.5,1.4,6.9,1.4,5.2,3.63,Moderate,Millennials
35945,7.9,0.0,7.0,3.2,2.9,2.97,Moderate,Millennials
35946,5.3,2.4,7.8,0.5,1.8,3.11,High,Millennials
35947,5.4,2.5,6.9,2.9,4.7,3.24,Low,Millennials
35948,5.7,1.7,6.7,1.5,5.8,2.69,Low,Millennials
35949,7.4,1.7,8.1,2.0,6.6,2.94,Low,Millennials
35950,7.0,2.0,7.8,0.8,3.8,3.43,High,Millennials
35951,5.5,3.0,7.0,0.8,4.2,3.42,Low,Millennials
35952,6.9,2.6,7.9,0.8,4.9,2.82,Low,Millennials
35953,4.6,1.3,7.8,2.9,3.1,3.62,Moderate,Millennials
35954,6.0,3.6,8.9,0.0,5.3,3.21,Moderate,Millennials
35955,7.9,1.8,6.0,1.2,4.1,2.78,Low,Millennials
35956,6.1,3.2,6.4,2.3,5.4,2.87,Low,Millennials
35957,4.2,4.1,7.5,3.9,3.1,2.8,Low,Millennials
35958,7.0,3.0,7.7,2.9,5.5,2.63,Moderate,Millennials
35959,6.9,3.2,8.0,0.7,4.2,3.1,Moderate,Millennials
35960,5.4,3.0,6.8,1.9,7.0,2.83,High,Millennials
35961,4.5,1.8,8.3,2.6,3.4,2.5,Moderate,Millennials
35962,6.3,2.1,6.7,2.3,4.3,2.56,Moderate,Millennials
35963,4.1,2.2,8.4,1.0,4.4,2.9,Moderate,Millennials
35964,6.7,1.7,6.5,1.1,2.6,3.5,Low,Millennials
35965,5.5,2.7,7.8,0.7,4.1,3.04,Low,Millennials
35966,5.5,2.0,7.9,3.0,2.6,3.51,Low,Millennials
35967,3.9,2.5,7.0,1.0,2.3,3.11,Moderate,Millennials
35968,6.1,1.7,8.4,0.4,5.4,3.07,Low,Millennials
35969,4.5,4.0,6.8,1.2,1.7,3.06,Moderate,Millennials
35970,5.8,3.0,8.6,1.2,5.5,3.09,Moderate,Millennials
35971,3.9,2.2,8.4,1.3,3.9,2.89,High,Millennials
35972,7.8,0.0,7.5,4.1,2.5,2.7,Moderate,Millennials
35973,5.2,1.2,8.7,1.4,3.9,3.29,Low,Millennials
35974,6.3,0.7,7.2,3.6,2.7,2.57,Moderate,Millennials
35975,5.1,1.2,9.1,1.8,6.3,2.51,Moderate,Millennials
35976,7.9,2.3,8.1,1.0,5.7,2.95,Moderate,Millennials
35977,8.4,3.6,8.8,3.5,3.7,3.04,Moderate,Millennials
35978,5.2,1.7,9.2,3.6,5.1,2.6,High,Millennials
35979,5.7,4.4,8.0,0.2,2.6,3.2,Moderate,Millennials
35980,5.1,3.0,9.1,2.3,5.2,3.43,Low,Millennials
35981,5.1,1.4,10.0,1.3,3.2,3.4,Moderate,Millennials
35982,6.0,0.3,5.9,1.5,6.2,2.29,Moderate,Millennials
35983,4.5,1.7,7.5,1.5,5.7,3.33,Moderate,Millennials
35984,5.3,2.2,8.5,2.8,4.5,3.68,Moderate,Millennials
35985,7.0,3.3,7.4,0.1,2.6,2.85,Moderate,Millennials
35986,5.5,3.7,8.5,2.7,4.7,2.94,Moderate,Millennials
35987,5.0,1.6,8.0,1.3,4.1,2.92,High,Millennials
35988,5.5,1.4,7.0,2.8,5.9,3.56,Low,Millennials
35989,3.5,3.8,8.2,2.6,2.7,3.42,Low,Millennials
35990,6.6,3.1,6.4,3.6,3.6,3.07,Moderate,Millennials
35991,6.5,2.0,8.5,1.6,5.6,3.03,Low,Millennials
35992,4.2,3.2,7.2,1.4,3.1,3.18,Low,Millennials
35993,6.5,0.6,8.1,2.7,2.2,3.08,Moderate,Millennials
35994,3.2,1.8,8.0,2.0,4.1,3.35,Low,Millennials
35995,6.6,2.6,7.7,2.2,4.4,2.86,Moderate,Millennials
35996,5.2,0.4,8.7,3.4,2.2,3.17,Moderate,Millennials
35997,5.9,3.1,6.5,2.1,4.2,2.56,Moderate,Millennials
35998,5.0,2.2,6.9,2.5,5.4,3.15,Low,Millennials
35999,4.5,2.4,9.1,3.4,5.0,2.92,Moderate,Millennials
36000,6.2,3.3,8.4,2.7,4.7,3.17,Moderate,Millennials
